presentation_scope,model_route,run_index,source_result_path,event_id,ground_truth_species,ground_truth_class,country,country_code,prediction_species,prediction_genus,prediction_family,prediction_order,prediction_class,confidence,tis_points,adjusted_tis_points,hallucinated,invalid_taxa_levels
speciesnet_v403b_geo_supported_overlap,SpeciesNet v4.0.3b geo ensemble,1,not_redistributed_public_staging_speciesnet_overlap_only,WBGBIF2026_E0001,Accipiter nisus,Aves,Belgium,BEL,,,,,,,0.0,,,
speciesnet_v403b_geo_supported_overlap,SpeciesNet v4.0.3b geo ensemble,1,not_redistributed_public_staging_speciesnet_overlap_only,WBGBIF2026_E0002,Accipiter nisus,Aves,Luxembourg,LUX,,,,,,,0.0,,,
speciesnet_v403b_geo_supported_overlap,SpeciesNet v4.0.3b geo ensemble,1,not_redistributed_public_staging_speciesnet_overlap_only,WBGBIF2026_E0003,Accipiter nisus,Aves,Luxembourg,LUX,,,,,,,0.0,,,
speciesnet_v403b_geo_supported_overlap,SpeciesNet v4.0.3b geo ensemble,1,not_redistributed_public_staging_speciesnet_overlap_only,WBGBIF2026_E0007,Alopochen aegyptiaca,Aves,Belgium,BEL,,,,,,,0.0,,,
speciesnet_v403b_geo_supported_overlap,SpeciesNet v4.0.3b geo ensemble,1,not_redistributed_public_staging_speciesnet_overlap_only,WBGBIF2026_E0008,Alopochen aegyptiaca,Aves,Belgium,BEL,Phasianus colchicus,Phasianus,Phasianidae,Galliformes,Aves,,0.5,,,
speciesnet_v403b_geo_supported_overlap,SpeciesNet v4.0.3b geo ensemble,1,not_redistributed_public_staging_speciesnet_overlap_only,WBGBIF2026_E0009,Alopochen aegyptiaca,Aves,Belgium,BEL,,,,,,,0.0,,,
speciesnet_v403b_geo_supported_overlap,SpeciesNet v4.0.3b geo ensemble,1,not_redistributed_public_staging_speciesnet_overlap_only,WBGBIF2026_E0010,Anas platyrhynchos,Aves,Belgium,BEL,,,,,,,0.0,,,
speciesnet_v403b_geo_supported_overlap,SpeciesNet v4.0.3b geo ensemble,1,not_redistributed_public_staging_speciesnet_overlap_only,WBGBIF2026_E0011,Anas platyrhynchos,Aves,Belgium,BEL,,,,,,,0.0,,,
speciesnet_v403b_geo_supported_overlap,SpeciesNet v4.0.3b geo ensemble,1,not_redistributed_public_staging_speciesnet_overlap_only,WBGBIF2026_E0012,Anas platyrhynchos,Aves,Belgium,BEL,,,,,Aves,,0.5,,,
speciesnet_v403b_geo_supported_overlap,SpeciesNet v4.0.3b geo ensemble,1,not_redistributed_public_staging_speciesnet_overlap_only,WBGBIF2026_E0013,Apodemus sylvaticus,Mammalia,Belgium,BEL,,,,,,,0.0,,,
speciesnet_v403b_geo_supported_overlap,SpeciesNet v4.0.3b geo ensemble,1,not_redistributed_public_staging_speciesnet_overlap_only,WBGBIF2026_E0014,Apodemus sylvaticus,Mammalia,Belgium,BEL,,,,,Mammalia,,0.5,,,
speciesnet_v403b_geo_supported_overlap,SpeciesNet v4.0.3b geo ensemble,1,not_redistributed_public_staging_speciesnet_overlap_only,WBGBIF2026_E0015,Apodemus sylvaticus,Mammalia,Belgium,BEL,,,,,,,0.0,,,
speciesnet_v403b_geo_supported_overlap,SpeciesNet v4.0.3b geo ensemble,1,not_redistributed_public_staging_speciesnet_overlap_only,WBGBIF2026_E0016,Ardea cinerea,Aves,Belgium,BEL,,,,,Aves,,0.5,,,
speciesnet_v403b_geo_supported_overlap,SpeciesNet v4.0.3b geo ensemble,1,not_redistributed_public_staging_speciesnet_overlap_only,WBGBIF2026_E0017,Ardea cinerea,Aves,Belgium,BEL,,,,,,,0.0,,,
speciesnet_v403b_geo_supported_overlap,SpeciesNet v4.0.3b geo ensemble,1,not_redistributed_public_staging_speciesnet_overlap_only,WBGBIF2026_E0018,Ardea cinerea,Aves,Belgium,BEL,,,,,Aves,,0.5,,,
speciesnet_v403b_geo_supported_overlap,SpeciesNet v4.0.3b geo ensemble,1,not_redistributed_public_staging_speciesnet_overlap_only,WBGBIF2026_E0019,Atelocynus microtis,Mammalia,Ecuador,ECU,Atelocynus microtis,Atelocynus,Canidae,Carnivora,Mammalia,,5.0,,,
speciesnet_v403b_geo_supported_overlap,SpeciesNet v4.0.3b geo ensemble,1,not_redistributed_public_staging_speciesnet_overlap_only,WBGBIF2026_E0020,Atelocynus microtis,Mammalia,Ecuador,ECU,Atelocynus microtis,Atelocynus,Canidae,Carnivora,Mammalia,,5.0,,,
speciesnet_v403b_geo_supported_overlap,SpeciesNet v4.0.3b geo ensemble,1,not_redistributed_public_staging_speciesnet_overlap_only,WBGBIF2026_E0021,Atelocynus microtis,Mammalia,Ecuador,ECU,Atelocynus microtis,Atelocynus,Canidae,Carnivora,Mammalia,,5.0,,,
speciesnet_v403b_geo_supported_overlap,SpeciesNet v4.0.3b geo ensemble,1,not_redistributed_public_staging_speciesnet_overlap_only,WBGBIF2026_E0022,Bos taurus,Mammalia,Belgium,BEL,Bos taurus,Bos,Bovidae,Artiodactyla,Mammalia,,5.0,,,
speciesnet_v403b_geo_supported_overlap,SpeciesNet v4.0.3b geo ensemble,1,not_redistributed_public_staging_speciesnet_overlap_only,WBGBIF2026_E0023,Bos taurus,Mammalia,Ecuador,ECU,Bos taurus,Bos,Bovidae,Artiodactyla,Mammalia,,5.0,,,
speciesnet_v403b_geo_supported_overlap,SpeciesNet v4.0.3b geo ensemble,1,not_redistributed_public_staging_speciesnet_overlap_only,WBGBIF2026_E0024,Bos taurus,Mammalia,Ecuador,ECU,,,,,Mammalia,,0.5,,,
speciesnet_v403b_geo_supported_overlap,SpeciesNet v4.0.3b geo ensemble,1,not_redistributed_public_staging_speciesnet_overlap_only,WBGBIF2026_E0028,Buteo buteo,Aves,Belgium,BEL,,,,,,,0.0,,,
speciesnet_v403b_geo_supported_overlap,SpeciesNet v4.0.3b geo ensemble,1,not_redistributed_public_staging_speciesnet_overlap_only,WBGBIF2026_E0029,Buteo buteo,Aves,Luxembourg,LUX,,,,,Aves,,0.5,,,
speciesnet_v403b_geo_supported_overlap,SpeciesNet v4.0.3b geo ensemble,1,not_redistributed_public_staging_speciesnet_overlap_only,WBGBIF2026_E0030,Buteo buteo,Aves,Belgium,BEL,,,,,Aves,,0.5,,,
speciesnet_v403b_geo_supported_overlap,SpeciesNet v4.0.3b geo ensemble,1,not_redistributed_public_staging_speciesnet_overlap_only,WBGBIF2026_E0034,Capreolus capreolus,Mammalia,Luxembourg,LUX,,,,,,,0.0,,,
speciesnet_v403b_geo_supported_overlap,SpeciesNet v4.0.3b geo ensemble,1,not_redistributed_public_staging_speciesnet_overlap_only,WBGBIF2026_E0035,Capreolus capreolus,Mammalia,Luxembourg,LUX,Capreolus capreolus,Capreolus,Cervidae,Artiodactyla,Mammalia,,5.0,,,
speciesnet_v403b_geo_supported_overlap,SpeciesNet v4.0.3b geo ensemble,1,not_redistributed_public_staging_speciesnet_overlap_only,WBGBIF2026_E0036,Capreolus capreolus,Mammalia,Luxembourg,LUX,Capreolus capreolus,Capreolus,Cervidae,Artiodactyla,Mammalia,,5.0,,,
speciesnet_v403b_geo_supported_overlap,SpeciesNet v4.0.3b geo ensemble,1,not_redistributed_public_staging_speciesnet_overlap_only,WBGBIF2026_E0037,Castor fiber,Mammalia,Belgium,BEL,,,,,Mammalia,,0.5,,,
speciesnet_v403b_geo_supported_overlap,SpeciesNet v4.0.3b geo ensemble,1,not_redistributed_public_staging_speciesnet_overlap_only,WBGBIF2026_E0038,Castor fiber,Mammalia,Belgium,BEL,,,,,,,0.0,,,
speciesnet_v403b_geo_supported_overlap,SpeciesNet v4.0.3b geo ensemble,1,not_redistributed_public_staging_speciesnet_overlap_only,WBGBIF2026_E0039,Castor fiber,Mammalia,Belgium,BEL,,,,,Mammalia,,0.5,,,
speciesnet_v403b_geo_supported_overlap,SpeciesNet v4.0.3b geo ensemble,1,not_redistributed_public_staging_speciesnet_overlap_only,WBGBIF2026_E0040,Cervus elaphus,Mammalia,Luxembourg,LUX,,,Cervidae,Artiodactyla,Mammalia,,2.0,,,
speciesnet_v403b_geo_supported_overlap,SpeciesNet v4.0.3b geo ensemble,1,not_redistributed_public_staging_speciesnet_overlap_only,WBGBIF2026_E0041,Cervus elaphus,Mammalia,Luxembourg,LUX,,,Cervidae,Artiodactyla,Mammalia,,2.0,,,
speciesnet_v403b_geo_supported_overlap,SpeciesNet v4.0.3b geo ensemble,1,not_redistributed_public_staging_speciesnet_overlap_only,WBGBIF2026_E0042,Cervus elaphus,Mammalia,Luxembourg,LUX,,,Cervidae,Artiodactyla,Mammalia,,2.0,,,
speciesnet_v403b_geo_supported_overlap,SpeciesNet v4.0.3b geo ensemble,1,not_redistributed_public_staging_speciesnet_overlap_only,WBGBIF2026_E0055,Columba palumbus,Aves,Belgium,BEL,Columba palumbus,Columba,Columbidae,Columbiformes,Aves,,5.0,,,
speciesnet_v403b_geo_supported_overlap,SpeciesNet v4.0.3b geo ensemble,1,not_redistributed_public_staging_speciesnet_overlap_only,WBGBIF2026_E0056,Columba palumbus,Aves,Belgium,BEL,,,,,,,0.0,,,
speciesnet_v403b_geo_supported_overlap,SpeciesNet v4.0.3b geo ensemble,1,not_redistributed_public_staging_speciesnet_overlap_only,WBGBIF2026_E0057,Columba palumbus,Aves,Belgium,BEL,,,,,Aves,,0.5,,,
speciesnet_v403b_geo_supported_overlap,SpeciesNet v4.0.3b geo ensemble,1,not_redistributed_public_staging_speciesnet_overlap_only,WBGBIF2026_E0058,Corvus corone,Aves,Belgium,BEL,,,,,Aves,,0.5,,,
speciesnet_v403b_geo_supported_overlap,SpeciesNet v4.0.3b geo ensemble,1,not_redistributed_public_staging_speciesnet_overlap_only,WBGBIF2026_E0059,Corvus corone,Aves,Luxembourg,LUX,,,,,,,0.0,,,
speciesnet_v403b_geo_supported_overlap,SpeciesNet v4.0.3b geo ensemble,1,not_redistributed_public_staging_speciesnet_overlap_only,WBGBIF2026_E0060,Corvus corone,Aves,Belgium,BEL,,,,,,,0.0,,,
speciesnet_v403b_geo_supported_overlap,SpeciesNet v4.0.3b geo ensemble,1,not_redistributed_public_staging_speciesnet_overlap_only,WBGBIF2026_E0061,Corvus frugilegus,Aves,Luxembourg,LUX,,,,,Aves,,0.5,,,
speciesnet_v403b_geo_supported_overlap,SpeciesNet v4.0.3b geo ensemble,1,not_redistributed_public_staging_speciesnet_overlap_only,WBGBIF2026_E0062,Corvus frugilegus,Aves,Luxembourg,LUX,Corvus corax,Corvus,Corvidae,Passeriformes,Aves,,3.0,,,
speciesnet_v403b_geo_supported_overlap,SpeciesNet v4.0.3b geo ensemble,1,not_redistributed_public_staging_speciesnet_overlap_only,WBGBIF2026_E0063,Corvus frugilegus,Aves,Luxembourg,LUX,,,,,Aves,,0.5,,,
speciesnet_v403b_geo_supported_overlap,SpeciesNet v4.0.3b geo ensemble,1,not_redistributed_public_staging_speciesnet_overlap_only,WBGBIF2026_E0064,Cuniculus paca,Mammalia,Ecuador,ECU,Cuniculus paca,Cuniculus,Cuniculidae,Rodentia,Mammalia,,5.0,,,
speciesnet_v403b_geo_supported_overlap,SpeciesNet v4.0.3b geo ensemble,1,not_redistributed_public_staging_speciesnet_overlap_only,WBGBIF2026_E0065,Cuniculus paca,Mammalia,Ecuador,ECU,Cuniculus paca,Cuniculus,Cuniculidae,Rodentia,Mammalia,,5.0,,,
speciesnet_v403b_geo_supported_overlap,SpeciesNet v4.0.3b geo ensemble,1,not_redistributed_public_staging_speciesnet_overlap_only,WBGBIF2026_E0066,Cuniculus paca,Mammalia,Ecuador,ECU,Cuniculus paca,Cuniculus,Cuniculidae,Rodentia,Mammalia,,5.0,,,
speciesnet_v403b_geo_supported_overlap,SpeciesNet v4.0.3b geo ensemble,1,not_redistributed_public_staging_speciesnet_overlap_only,WBGBIF2026_E0070,Dama dama,Mammalia,Belgium,BEL,,,Cervidae,Artiodactyla,Mammalia,,2.0,,,
speciesnet_v403b_geo_supported_overlap,SpeciesNet v4.0.3b geo ensemble,1,not_redistributed_public_staging_speciesnet_overlap_only,WBGBIF2026_E0071,Dama dama,Mammalia,Belgium,BEL,,,,,,,0.0,,,
speciesnet_v403b_geo_supported_overlap,SpeciesNet v4.0.3b geo ensemble,1,not_redistributed_public_staging_speciesnet_overlap_only,WBGBIF2026_E0072,Dama dama,Mammalia,Belgium,BEL,,,,,,,0.0,,,
speciesnet_v403b_geo_supported_overlap,SpeciesNet v4.0.3b geo ensemble,1,not_redistributed_public_staging_speciesnet_overlap_only,WBGBIF2026_E0073,Dasyprocta fuliginosa,Mammalia,Ecuador,ECU,Dasyprocta fuliginosa,Dasyprocta,Dasyproctidae,Rodentia,Mammalia,,5.0,,,
speciesnet_v403b_geo_supported_overlap,SpeciesNet v4.0.3b geo ensemble,1,not_redistributed_public_staging_speciesnet_overlap_only,WBGBIF2026_E0074,Dasyprocta fuliginosa,Mammalia,Ecuador,ECU,,,,,Mammalia,,0.5,,,
speciesnet_v403b_geo_supported_overlap,SpeciesNet v4.0.3b geo ensemble,1,not_redistributed_public_staging_speciesnet_overlap_only,WBGBIF2026_E0075,Dasyprocta fuliginosa,Mammalia,Ecuador,ECU,Dasyprocta fuliginosa,Dasyprocta,Dasyproctidae,Rodentia,Mammalia,,5.0,,,
speciesnet_v403b_geo_supported_overlap,SpeciesNet v4.0.3b geo ensemble,1,not_redistributed_public_staging_speciesnet_overlap_only,WBGBIF2026_E0076,Dasyprocta punctata,Mammalia,Ecuador,ECU,Dasyprocta punctata,Dasyprocta,Dasyproctidae,Rodentia,Mammalia,,5.0,,,
speciesnet_v403b_geo_supported_overlap,SpeciesNet v4.0.3b geo ensemble,1,not_redistributed_public_staging_speciesnet_overlap_only,WBGBIF2026_E0077,Dasyprocta punctata,Mammalia,Ecuador,ECU,Dasyprocta punctata,Dasyprocta,Dasyproctidae,Rodentia,Mammalia,,5.0,,,
speciesnet_v403b_geo_supported_overlap,SpeciesNet v4.0.3b geo ensemble,1,not_redistributed_public_staging_speciesnet_overlap_only,WBGBIF2026_E0078,Dasyprocta punctata,Mammalia,Ecuador,ECU,Dasyprocta punctata,Dasyprocta,Dasyproctidae,Rodentia,Mammalia,,5.0,,,
speciesnet_v403b_geo_supported_overlap,SpeciesNet v4.0.3b geo ensemble,1,not_redistributed_public_staging_speciesnet_overlap_only,WBGBIF2026_E0079,Dasypus novemcinctus,Mammalia,Ecuador,ECU,,,,,Mammalia,,0.5,,,
speciesnet_v403b_geo_supported_overlap,SpeciesNet v4.0.3b geo ensemble,1,not_redistributed_public_staging_speciesnet_overlap_only,WBGBIF2026_E0080,Dasypus novemcinctus,Mammalia,Ecuador,ECU,Dasypus novemcinctus,Dasypus,Dasypodidae,Cingulata,Mammalia,,5.0,,,
speciesnet_v403b_geo_supported_overlap,SpeciesNet v4.0.3b geo ensemble,1,not_redistributed_public_staging_speciesnet_overlap_only,WBGBIF2026_E0081,Dasypus novemcinctus,Mammalia,Ecuador,ECU,Dasypus novemcinctus,Dasypus,Dasypodidae,Cingulata,Mammalia,,5.0,,,
speciesnet_v403b_geo_supported_overlap,SpeciesNet v4.0.3b geo ensemble,1,not_redistributed_public_staging_speciesnet_overlap_only,WBGBIF2026_E0082,Dendrocopos major,Aves,Belgium,BEL,,,,,,,0.0,,,
speciesnet_v403b_geo_supported_overlap,SpeciesNet v4.0.3b geo ensemble,1,not_redistributed_public_staging_speciesnet_overlap_only,WBGBIF2026_E0083,Dendrocopos major,Aves,Belgium,BEL,,,,,Aves,,0.5,,,
speciesnet_v403b_geo_supported_overlap,SpeciesNet v4.0.3b geo ensemble,1,not_redistributed_public_staging_speciesnet_overlap_only,WBGBIF2026_E0084,Dendrocopos major,Aves,Belgium,BEL,,,,,,,0.0,,,
speciesnet_v403b_geo_supported_overlap,SpeciesNet v4.0.3b geo ensemble,1,not_redistributed_public_staging_speciesnet_overlap_only,WBGBIF2026_E0088,Didelphis marsupialis,Mammalia,Ecuador,ECU,Didelphis marsupialis,Didelphis,Didelphidae,Didelphimorphia,Mammalia,,5.0,,,
speciesnet_v403b_geo_supported_overlap,SpeciesNet v4.0.3b geo ensemble,1,not_redistributed_public_staging_speciesnet_overlap_only,WBGBIF2026_E0089,Didelphis marsupialis,Mammalia,Ecuador,ECU,,,,,,,0.0,,,
speciesnet_v403b_geo_supported_overlap,SpeciesNet v4.0.3b geo ensemble,1,not_redistributed_public_staging_speciesnet_overlap_only,WBGBIF2026_E0090,Didelphis marsupialis,Mammalia,Ecuador,ECU,Didelphis marsupialis,Didelphis,Didelphidae,Didelphimorphia,Mammalia,,5.0,,,
speciesnet_v403b_geo_supported_overlap,SpeciesNet v4.0.3b geo ensemble,1,not_redistributed_public_staging_speciesnet_overlap_only,WBGBIF2026_E0091,Dryocopus martius,Aves,Belgium,BEL,,,,,Aves,,0.5,,,
speciesnet_v403b_geo_supported_overlap,SpeciesNet v4.0.3b geo ensemble,1,not_redistributed_public_staging_speciesnet_overlap_only,WBGBIF2026_E0092,Dryocopus martius,Aves,Belgium,BEL,,,,,Aves,,0.5,,,
speciesnet_v403b_geo_supported_overlap,SpeciesNet v4.0.3b geo ensemble,1,not_redistributed_public_staging_speciesnet_overlap_only,WBGBIF2026_E0093,Dryocopus martius,Aves,Luxembourg,LUX,,,,,,,0.0,,,
speciesnet_v403b_geo_supported_overlap,SpeciesNet v4.0.3b geo ensemble,1,not_redistributed_public_staging_speciesnet_overlap_only,WBGBIF2026_E0094,Eira barbara,Mammalia,Ecuador,ECU,,,,Carnivora,Mammalia,,1.0,,,
speciesnet_v403b_geo_supported_overlap,SpeciesNet v4.0.3b geo ensemble,1,not_redistributed_public_staging_speciesnet_overlap_only,WBGBIF2026_E0095,Eira barbara,Mammalia,Ecuador,ECU,Eira barbara,Eira,Mustelidae,Carnivora,Mammalia,,5.0,,,
speciesnet_v403b_geo_supported_overlap,SpeciesNet v4.0.3b geo ensemble,1,not_redistributed_public_staging_speciesnet_overlap_only,WBGBIF2026_E0096,Eira barbara,Mammalia,Ecuador,ECU,Eira barbara,Eira,Mustelidae,Carnivora,Mammalia,,5.0,,,
speciesnet_v403b_geo_supported_overlap,SpeciesNet v4.0.3b geo ensemble,1,not_redistributed_public_staging_speciesnet_overlap_only,WBGBIF2026_E0103,Erinaceus europaeus,Mammalia,Belgium,BEL,,,,,,,0.0,,,
speciesnet_v403b_geo_supported_overlap,SpeciesNet v4.0.3b geo ensemble,1,not_redistributed_public_staging_speciesnet_overlap_only,WBGBIF2026_E0104,Erinaceus europaeus,Mammalia,Belgium,BEL,Erinaceus europaeus,Erinaceus,Erinaceidae,Eulipotyphla,Mammalia,,5.0,,,
speciesnet_v403b_geo_supported_overlap,SpeciesNet v4.0.3b geo ensemble,1,not_redistributed_public_staging_speciesnet_overlap_only,WBGBIF2026_E0105,Erinaceus europaeus,Mammalia,Belgium,BEL,,,,,,,0.0,,,
speciesnet_v403b_geo_supported_overlap,SpeciesNet v4.0.3b geo ensemble,1,not_redistributed_public_staging_speciesnet_overlap_only,WBGBIF2026_E0106,Erithacus rubecula,Aves,Germany,DEU,,,,,Aves,,0.5,,,
speciesnet_v403b_geo_supported_overlap,SpeciesNet v4.0.3b geo ensemble,1,not_redistributed_public_staging_speciesnet_overlap_only,WBGBIF2026_E0107,Erithacus rubecula,Aves,Belgium,BEL,,,,,,,0.0,,,
speciesnet_v403b_geo_supported_overlap,SpeciesNet v4.0.3b geo ensemble,1,not_redistributed_public_staging_speciesnet_overlap_only,WBGBIF2026_E0108,Erithacus rubecula,Aves,Belgium,BEL,,,,,Aves,,0.5,,,
speciesnet_v403b_geo_supported_overlap,SpeciesNet v4.0.3b geo ensemble,1,not_redistributed_public_staging_speciesnet_overlap_only,WBGBIF2026_E0109,Falco tinnunculus,Aves,Luxembourg,LUX,,,,,Aves,,0.5,,,
speciesnet_v403b_geo_supported_overlap,SpeciesNet v4.0.3b geo ensemble,1,not_redistributed_public_staging_speciesnet_overlap_only,WBGBIF2026_E0110,Falco tinnunculus,Aves,Luxembourg,LUX,,,,,Aves,,0.5,,,
speciesnet_v403b_geo_supported_overlap,SpeciesNet v4.0.3b geo ensemble,1,not_redistributed_public_staging_speciesnet_overlap_only,WBGBIF2026_E0111,Falco tinnunculus,Aves,Luxembourg,LUX,,,,,Aves,,0.5,,,
speciesnet_v403b_geo_supported_overlap,SpeciesNet v4.0.3b geo ensemble,1,not_redistributed_public_staging_speciesnet_overlap_only,WBGBIF2026_E0112,Felis catus,Mammalia,Belgium,BEL,Felis catus,Felis,Felidae,Carnivora,Mammalia,,5.0,,,
speciesnet_v403b_geo_supported_overlap,SpeciesNet v4.0.3b geo ensemble,1,not_redistributed_public_staging_speciesnet_overlap_only,WBGBIF2026_E0113,Felis catus,Mammalia,Belgium,BEL,,,,,Mammalia,,0.5,,,
speciesnet_v403b_geo_supported_overlap,SpeciesNet v4.0.3b geo ensemble,1,not_redistributed_public_staging_speciesnet_overlap_only,WBGBIF2026_E0114,Felis catus,Mammalia,Belgium,BEL,Felis catus,Felis,Felidae,Carnivora,Mammalia,,5.0,,,
speciesnet_v403b_geo_supported_overlap,SpeciesNet v4.0.3b geo ensemble,1,not_redistributed_public_staging_speciesnet_overlap_only,WBGBIF2026_E0115,Felis silvestris,Mammalia,Luxembourg,LUX,,,,Carnivora,Mammalia,,1.0,,,
speciesnet_v403b_geo_supported_overlap,SpeciesNet v4.0.3b geo ensemble,1,not_redistributed_public_staging_speciesnet_overlap_only,WBGBIF2026_E0116,Felis silvestris,Mammalia,Luxembourg,LUX,,,Felidae,Carnivora,Mammalia,,2.0,,,
speciesnet_v403b_geo_supported_overlap,SpeciesNet v4.0.3b geo ensemble,1,not_redistributed_public_staging_speciesnet_overlap_only,WBGBIF2026_E0117,Felis silvestris,Mammalia,Luxembourg,LUX,,,,Carnivora,Mammalia,,1.0,,,
speciesnet_v403b_geo_supported_overlap,SpeciesNet v4.0.3b geo ensemble,1,not_redistributed_public_staging_speciesnet_overlap_only,WBGBIF2026_E0118,Fringilla coelebs,Aves,Germany,DEU,,,,,,,0.0,,,
speciesnet_v403b_geo_supported_overlap,SpeciesNet v4.0.3b geo ensemble,1,not_redistributed_public_staging_speciesnet_overlap_only,WBGBIF2026_E0119,Fringilla coelebs,Aves,Luxembourg,LUX,,,,,,,0.0,,,
speciesnet_v403b_geo_supported_overlap,SpeciesNet v4.0.3b geo ensemble,1,not_redistributed_public_staging_speciesnet_overlap_only,WBGBIF2026_E0120,Fringilla coelebs,Aves,Luxembourg,LUX,,,,,Aves,,0.5,,,
speciesnet_v403b_geo_supported_overlap,SpeciesNet v4.0.3b geo ensemble,1,not_redistributed_public_staging_speciesnet_overlap_only,WBGBIF2026_E0127,Gallinula chloropus,Aves,Luxembourg,LUX,Phasianus colchicus,Phasianus,Phasianidae,Galliformes,Aves,,0.5,,,
speciesnet_v403b_geo_supported_overlap,SpeciesNet v4.0.3b geo ensemble,1,not_redistributed_public_staging_speciesnet_overlap_only,WBGBIF2026_E0128,Gallinula chloropus,Aves,Luxembourg,LUX,,,,,Aves,,0.5,,,
speciesnet_v403b_geo_supported_overlap,SpeciesNet v4.0.3b geo ensemble,1,not_redistributed_public_staging_speciesnet_overlap_only,WBGBIF2026_E0129,Gallinula chloropus,Aves,Luxembourg,LUX,,,,,Aves,,0.5,,,
speciesnet_v403b_geo_supported_overlap,SpeciesNet v4.0.3b geo ensemble,1,not_redistributed_public_staging_speciesnet_overlap_only,WBGBIF2026_E0130,Garrulus glandarius,Aves,Luxembourg,LUX,,,,,Aves,,0.5,,,
speciesnet_v403b_geo_supported_overlap,SpeciesNet v4.0.3b geo ensemble,1,not_redistributed_public_staging_speciesnet_overlap_only,WBGBIF2026_E0131,Garrulus glandarius,Aves,Luxembourg,LUX,Garrulus glandarius,Garrulus,Corvidae,Passeriformes,Aves,,5.0,,,
speciesnet_v403b_geo_supported_overlap,SpeciesNet v4.0.3b geo ensemble,1,not_redistributed_public_staging_speciesnet_overlap_only,WBGBIF2026_E0132,Garrulus glandarius,Aves,Belgium,BEL,,,,,,,0.0,,,
speciesnet_v403b_geo_supported_overlap,SpeciesNet v4.0.3b geo ensemble,1,not_redistributed_public_staging_speciesnet_overlap_only,WBGBIF2026_E0136,Leopardus pardalis,Mammalia,Ecuador,ECU,,,Felidae,Carnivora,Mammalia,,2.0,,,
speciesnet_v403b_geo_supported_overlap,SpeciesNet v4.0.3b geo ensemble,1,not_redistributed_public_staging_speciesnet_overlap_only,WBGBIF2026_E0137,Leopardus pardalis,Mammalia,Ecuador,ECU,Leopardus pardalis,Leopardus,Felidae,Carnivora,Mammalia,,5.0,,,
speciesnet_v403b_geo_supported_overlap,SpeciesNet v4.0.3b geo ensemble,1,not_redistributed_public_staging_speciesnet_overlap_only,WBGBIF2026_E0138,Leopardus pardalis,Mammalia,Ecuador,ECU,Leopardus pardalis,Leopardus,Felidae,Carnivora,Mammalia,,5.0,,,
speciesnet_v403b_geo_supported_overlap,SpeciesNet v4.0.3b geo ensemble,1,not_redistributed_public_staging_speciesnet_overlap_only,WBGBIF2026_E0139,Leopardus wiedii,Mammalia,Ecuador,ECU,,,Felidae,Carnivora,Mammalia,,2.0,,,
speciesnet_v403b_geo_supported_overlap,SpeciesNet v4.0.3b geo ensemble,1,not_redistributed_public_staging_speciesnet_overlap_only,WBGBIF2026_E0140,Leopardus wiedii,Mammalia,Ecuador,ECU,Leopardus pardalis,Leopardus,Felidae,Carnivora,Mammalia,,3.0,,,
speciesnet_v403b_geo_supported_overlap,SpeciesNet v4.0.3b geo ensemble,1,not_redistributed_public_staging_speciesnet_overlap_only,WBGBIF2026_E0141,Leopardus wiedii,Mammalia,Ecuador,ECU,,,,Carnivora,Mammalia,,1.0,,,
speciesnet_v403b_geo_supported_overlap,SpeciesNet v4.0.3b geo ensemble,1,not_redistributed_public_staging_speciesnet_overlap_only,WBGBIF2026_E0142,Lepus europaeus,Mammalia,Belgium,BEL,,,Leporidae,Lagomorpha,Mammalia,,2.0,,,
speciesnet_v403b_geo_supported_overlap,SpeciesNet v4.0.3b geo ensemble,1,not_redistributed_public_staging_speciesnet_overlap_only,WBGBIF2026_E0143,Lepus europaeus,Mammalia,Luxembourg,LUX,Lepus europaeus,Lepus,Leporidae,Lagomorpha,Mammalia,,5.0,,,
speciesnet_v403b_geo_supported_overlap,SpeciesNet v4.0.3b geo ensemble,1,not_redistributed_public_staging_speciesnet_overlap_only,WBGBIF2026_E0144,Lepus europaeus,Mammalia,Belgium,BEL,,,,,Mammalia,,0.5,,,
speciesnet_v403b_geo_supported_overlap,SpeciesNet v4.0.3b geo ensemble,1,not_redistributed_public_staging_speciesnet_overlap_only,WBGBIF2026_E0151,Martes foina,Mammalia,Luxembourg,LUX,,,Mustelidae,Carnivora,Mammalia,,2.0,,,
speciesnet_v403b_geo_supported_overlap,SpeciesNet v4.0.3b geo ensemble,1,not_redistributed_public_staging_speciesnet_overlap_only,WBGBIF2026_E0152,Martes foina,Mammalia,Belgium,BEL,,,,Carnivora,Mammalia,,1.0,,,
speciesnet_v403b_geo_supported_overlap,SpeciesNet v4.0.3b geo ensemble,1,not_redistributed_public_staging_speciesnet_overlap_only,WBGBIF2026_E0153,Martes foina,Mammalia,Belgium,BEL,,,Didelphidae,Didelphimorphia,Mammalia,,0.5,,,
speciesnet_v403b_geo_supported_overlap,SpeciesNet v4.0.3b geo ensemble,1,not_redistributed_public_staging_speciesnet_overlap_only,WBGBIF2026_E0154,Martes martes,Mammalia,Luxembourg,LUX,,,,Carnivora,Mammalia,,1.0,,,
speciesnet_v403b_geo_supported_overlap,SpeciesNet v4.0.3b geo ensemble,1,not_redistributed_public_staging_speciesnet_overlap_only,WBGBIF2026_E0155,Martes martes,Mammalia,Luxembourg,LUX,,,Mustelidae,Carnivora,Mammalia,,2.0,,,
speciesnet_v403b_geo_supported_overlap,SpeciesNet v4.0.3b geo ensemble,1,not_redistributed_public_staging_speciesnet_overlap_only,WBGBIF2026_E0156,Martes martes,Mammalia,Luxembourg,LUX,,,,,,,0.0,,,
speciesnet_v403b_geo_supported_overlap,SpeciesNet v4.0.3b geo ensemble,1,not_redistributed_public_staging_speciesnet_overlap_only,WBGBIF2026_E0157,Mazama americana,Mammalia,Ecuador,ECU,Mazama americana,Mazama,Cervidae,Artiodactyla,Mammalia,,5.0,,,
speciesnet_v403b_geo_supported_overlap,SpeciesNet v4.0.3b geo ensemble,1,not_redistributed_public_staging_speciesnet_overlap_only,WBGBIF2026_E0158,Mazama americana,Mammalia,Ecuador,ECU,Mazama americana,Mazama,Cervidae,Artiodactyla,Mammalia,,5.0,,,
speciesnet_v403b_geo_supported_overlap,SpeciesNet v4.0.3b geo ensemble,1,not_redistributed_public_staging_speciesnet_overlap_only,WBGBIF2026_E0159,Mazama americana,Mammalia,Ecuador,ECU,Mazama americana,Mazama,Cervidae,Artiodactyla,Mammalia,,5.0,,,
speciesnet_v403b_geo_supported_overlap,SpeciesNet v4.0.3b geo ensemble,1,not_redistributed_public_staging_speciesnet_overlap_only,WBGBIF2026_E0160,Mazama gouazoubira,Mammalia,Ecuador,ECU,Mazama americana,Mazama,Cervidae,Artiodactyla,Mammalia,,3.0,,,
speciesnet_v403b_geo_supported_overlap,SpeciesNet v4.0.3b geo ensemble,1,not_redistributed_public_staging_speciesnet_overlap_only,WBGBIF2026_E0161,Mazama gouazoubira,Mammalia,Ecuador,ECU,Mazama americana,Mazama,Cervidae,Artiodactyla,Mammalia,,3.0,,,
speciesnet_v403b_geo_supported_overlap,SpeciesNet v4.0.3b geo ensemble,1,not_redistributed_public_staging_speciesnet_overlap_only,WBGBIF2026_E0162,Mazama gouazoubira,Mammalia,Ecuador,ECU,,,,,,,0.0,,,
speciesnet_v403b_geo_supported_overlap,SpeciesNet v4.0.3b geo ensemble,1,not_redistributed_public_staging_speciesnet_overlap_only,WBGBIF2026_E0163,Meles meles,Mammalia,Luxembourg,LUX,,,Procyonidae,Carnivora,Mammalia,,1.0,,,
speciesnet_v403b_geo_supported_overlap,SpeciesNet v4.0.3b geo ensemble,1,not_redistributed_public_staging_speciesnet_overlap_only,WBGBIF2026_E0164,Meles meles,Mammalia,Luxembourg,LUX,,,Mustelidae,Carnivora,Mammalia,,2.0,,,
speciesnet_v403b_geo_supported_overlap,SpeciesNet v4.0.3b geo ensemble,1,not_redistributed_public_staging_speciesnet_overlap_only,WBGBIF2026_E0165,Meles meles,Mammalia,Belgium,BEL,Meles meles,Meles,Mustelidae,Carnivora,Mammalia,,5.0,,,
speciesnet_v403b_geo_supported_overlap,SpeciesNet v4.0.3b geo ensemble,1,not_redistributed_public_staging_speciesnet_overlap_only,WBGBIF2026_E0166,Metachirus nudicaudatus,Mammalia,Ecuador,ECU,,,,,Mammalia,,0.5,,,
speciesnet_v403b_geo_supported_overlap,SpeciesNet v4.0.3b geo ensemble,1,not_redistributed_public_staging_speciesnet_overlap_only,WBGBIF2026_E0167,Metachirus nudicaudatus,Mammalia,Ecuador,ECU,,Rattus,Muridae,Rodentia,Mammalia,,0.5,,,
speciesnet_v403b_geo_supported_overlap,SpeciesNet v4.0.3b geo ensemble,1,not_redistributed_public_staging_speciesnet_overlap_only,WBGBIF2026_E0168,Metachirus nudicaudatus,Mammalia,Ecuador,ECU,,,,,Mammalia,,0.5,,,
speciesnet_v403b_geo_supported_overlap,SpeciesNet v4.0.3b geo ensemble,1,not_redistributed_public_staging_speciesnet_overlap_only,WBGBIF2026_E0169,Mitu salvini,Aves,Ecuador,ECU,Mitu salvini,Mitu,Cracidae,Galliformes,Aves,,5.0,,,
speciesnet_v403b_geo_supported_overlap,SpeciesNet v4.0.3b geo ensemble,1,not_redistributed_public_staging_speciesnet_overlap_only,WBGBIF2026_E0170,Mitu salvini,Aves,Ecuador,ECU,Mitu salvini,Mitu,Cracidae,Galliformes,Aves,,5.0,,,
speciesnet_v403b_geo_supported_overlap,SpeciesNet v4.0.3b geo ensemble,1,not_redistributed_public_staging_speciesnet_overlap_only,WBGBIF2026_E0171,Mitu salvini,Aves,Ecuador,ECU,Mitu salvini,Mitu,Cracidae,Galliformes,Aves,,5.0,,,
speciesnet_v403b_geo_supported_overlap,SpeciesNet v4.0.3b geo ensemble,1,not_redistributed_public_staging_speciesnet_overlap_only,WBGBIF2026_E0175,Motacilla flava,Aves,Luxembourg,LUX,,,,,,,0.0,,,
speciesnet_v403b_geo_supported_overlap,SpeciesNet v4.0.3b geo ensemble,1,not_redistributed_public_staging_speciesnet_overlap_only,WBGBIF2026_E0176,Motacilla flava,Aves,Luxembourg,LUX,,,,,,,0.0,,,
speciesnet_v403b_geo_supported_overlap,SpeciesNet v4.0.3b geo ensemble,1,not_redistributed_public_staging_speciesnet_overlap_only,WBGBIF2026_E0177,Motacilla flava,Aves,Luxembourg,LUX,,,,,,,0.0,,,
speciesnet_v403b_geo_supported_overlap,SpeciesNet v4.0.3b geo ensemble,1,not_redistributed_public_staging_speciesnet_overlap_only,WBGBIF2026_E0178,Mustela erminea,Mammalia,Belgium,BEL,,,,,,,0.0,,,
speciesnet_v403b_geo_supported_overlap,SpeciesNet v4.0.3b geo ensemble,1,not_redistributed_public_staging_speciesnet_overlap_only,WBGBIF2026_E0179,Mustela erminea,Mammalia,Luxembourg,LUX,,,Mustelidae,Carnivora,Mammalia,,2.0,,,
speciesnet_v403b_geo_supported_overlap,SpeciesNet v4.0.3b geo ensemble,1,not_redistributed_public_staging_speciesnet_overlap_only,WBGBIF2026_E0180,Mustela erminea,Mammalia,Luxembourg,LUX,,,,,Mammalia,,0.5,,,
speciesnet_v403b_geo_supported_overlap,SpeciesNet v4.0.3b geo ensemble,1,not_redistributed_public_staging_speciesnet_overlap_only,WBGBIF2026_E0181,Mustela putorius,Mammalia,Luxembourg,LUX,,,,,Mammalia,,0.5,,,
speciesnet_v403b_geo_supported_overlap,SpeciesNet v4.0.3b geo ensemble,1,not_redistributed_public_staging_speciesnet_overlap_only,WBGBIF2026_E0182,Mustela putorius,Mammalia,Belgium,BEL,,,Didelphidae,Didelphimorphia,Mammalia,,0.5,,,
speciesnet_v403b_geo_supported_overlap,SpeciesNet v4.0.3b geo ensemble,1,not_redistributed_public_staging_speciesnet_overlap_only,WBGBIF2026_E0183,Mustela putorius,Mammalia,Luxembourg,LUX,,,,Rodentia,Mammalia,,0.5,,,
speciesnet_v403b_geo_supported_overlap,SpeciesNet v4.0.3b geo ensemble,1,not_redistributed_public_staging_speciesnet_overlap_only,WBGBIF2026_E0184,Myoprocta pratti,Mammalia,Ecuador,ECU,,,,Rodentia,Mammalia,,1.0,,,
speciesnet_v403b_geo_supported_overlap,SpeciesNet v4.0.3b geo ensemble,1,not_redistributed_public_staging_speciesnet_overlap_only,WBGBIF2026_E0185,Myoprocta pratti,Mammalia,Ecuador,ECU,Myoprocta pratti,Myoprocta,Dasyproctidae,Rodentia,Mammalia,,5.0,,,
speciesnet_v403b_geo_supported_overlap,SpeciesNet v4.0.3b geo ensemble,1,not_redistributed_public_staging_speciesnet_overlap_only,WBGBIF2026_E0186,Myoprocta pratti,Mammalia,Ecuador,ECU,Dasyprocta fuliginosa,Dasyprocta,Dasyproctidae,Rodentia,Mammalia,,2.0,,,
speciesnet_v403b_geo_supported_overlap,SpeciesNet v4.0.3b geo ensemble,1,not_redistributed_public_staging_speciesnet_overlap_only,WBGBIF2026_E0187,Myrmecophaga tridactyla,Mammalia,Ecuador,ECU,Myrmecophaga tridactyla,Myrmecophaga,Myrmecophagidae,Pilosa,Mammalia,,5.0,,,
speciesnet_v403b_geo_supported_overlap,SpeciesNet v4.0.3b geo ensemble,1,not_redistributed_public_staging_speciesnet_overlap_only,WBGBIF2026_E0188,Myrmecophaga tridactyla,Mammalia,Ecuador,ECU,Myrmecophaga tridactyla,Myrmecophaga,Myrmecophagidae,Pilosa,Mammalia,,5.0,,,
speciesnet_v403b_geo_supported_overlap,SpeciesNet v4.0.3b geo ensemble,1,not_redistributed_public_staging_speciesnet_overlap_only,WBGBIF2026_E0189,Myrmecophaga tridactyla,Mammalia,Ecuador,ECU,Myrmecophaga tridactyla,Myrmecophaga,Myrmecophagidae,Pilosa,Mammalia,,5.0,,,
speciesnet_v403b_geo_supported_overlap,SpeciesNet v4.0.3b geo ensemble,1,not_redistributed_public_staging_speciesnet_overlap_only,WBGBIF2026_E0190,Nothocrax urumutum,Aves,Ecuador,ECU,Nothocrax urumutum,Nothocrax,Cracidae,Galliformes,Aves,,5.0,,,
speciesnet_v403b_geo_supported_overlap,SpeciesNet v4.0.3b geo ensemble,1,not_redistributed_public_staging_speciesnet_overlap_only,WBGBIF2026_E0191,Nothocrax urumutum,Aves,Ecuador,ECU,,,,,Mammalia,,0.0,,,
speciesnet_v403b_geo_supported_overlap,SpeciesNet v4.0.3b geo ensemble,1,not_redistributed_public_staging_speciesnet_overlap_only,WBGBIF2026_E0192,Nothocrax urumutum,Aves,Ecuador,ECU,,,,,,,0.0,,,
speciesnet_v403b_geo_supported_overlap,SpeciesNet v4.0.3b geo ensemble,1,not_redistributed_public_staging_speciesnet_overlap_only,WBGBIF2026_E0193,Oryctolagus cuniculus,Mammalia,Belgium,BEL,,,Leporidae,Lagomorpha,Mammalia,,2.0,,,
speciesnet_v403b_geo_supported_overlap,SpeciesNet v4.0.3b geo ensemble,1,not_redistributed_public_staging_speciesnet_overlap_only,WBGBIF2026_E0194,Oryctolagus cuniculus,Mammalia,Belgium,BEL,,,,,,,0.0,,,
speciesnet_v403b_geo_supported_overlap,SpeciesNet v4.0.3b geo ensemble,1,not_redistributed_public_staging_speciesnet_overlap_only,WBGBIF2026_E0195,Oryctolagus cuniculus,Mammalia,Luxembourg,LUX,,,,,Mammalia,,0.5,,,
speciesnet_v403b_geo_supported_overlap,SpeciesNet v4.0.3b geo ensemble,1,not_redistributed_public_staging_speciesnet_overlap_only,WBGBIF2026_E0196,Ovis aries,Mammalia,Belgium,BEL,Canis familiaris,Canis,Canidae,Carnivora,Mammalia,,0.5,,,
speciesnet_v403b_geo_supported_overlap,SpeciesNet v4.0.3b geo ensemble,1,not_redistributed_public_staging_speciesnet_overlap_only,WBGBIF2026_E0197,Ovis aries,Mammalia,Belgium,BEL,Canis familiaris,Canis,Canidae,Carnivora,Mammalia,,0.5,,,
speciesnet_v403b_geo_supported_overlap,SpeciesNet v4.0.3b geo ensemble,1,not_redistributed_public_staging_speciesnet_overlap_only,WBGBIF2026_E0198,Ovis aries,Mammalia,Belgium,BEL,Bos taurus,Bos,Bovidae,Artiodactyla,Mammalia,,2.0,,,
speciesnet_v403b_geo_supported_overlap,SpeciesNet v4.0.3b geo ensemble,1,not_redistributed_public_staging_speciesnet_overlap_only,WBGBIF2026_E0199,Panthera onca,Mammalia,Ecuador,ECU,Panthera onca,Panthera,Felidae,Carnivora,Mammalia,,5.0,,,
speciesnet_v403b_geo_supported_overlap,SpeciesNet v4.0.3b geo ensemble,1,not_redistributed_public_staging_speciesnet_overlap_only,WBGBIF2026_E0200,Panthera onca,Mammalia,Ecuador,ECU,Panthera onca,Panthera,Felidae,Carnivora,Mammalia,,5.0,,,
speciesnet_v403b_geo_supported_overlap,SpeciesNet v4.0.3b geo ensemble,1,not_redistributed_public_staging_speciesnet_overlap_only,WBGBIF2026_E0201,Panthera onca,Mammalia,Ecuador,ECU,Panthera onca,Panthera,Felidae,Carnivora,Mammalia,,5.0,,,
speciesnet_v403b_geo_supported_overlap,SpeciesNet v4.0.3b geo ensemble,1,not_redistributed_public_staging_speciesnet_overlap_only,WBGBIF2026_E0205,Passer domesticus,Aves,Luxembourg,LUX,,,,,,,0.0,,,
speciesnet_v403b_geo_supported_overlap,SpeciesNet v4.0.3b geo ensemble,1,not_redistributed_public_staging_speciesnet_overlap_only,WBGBIF2026_E0206,Passer domesticus,Aves,Luxembourg,LUX,,,,,,,0.0,,,
speciesnet_v403b_geo_supported_overlap,SpeciesNet v4.0.3b geo ensemble,1,not_redistributed_public_staging_speciesnet_overlap_only,WBGBIF2026_E0207,Passer domesticus,Aves,Luxembourg,LUX,,,,,Aves,,0.5,,,
speciesnet_v403b_geo_supported_overlap,SpeciesNet v4.0.3b geo ensemble,1,not_redistributed_public_staging_speciesnet_overlap_only,WBGBIF2026_E0208,Pecari tajacu,Mammalia,Ecuador,ECU,Pecari tajacu,Pecari,Tayassuidae,Artiodactyla,Mammalia,,5.0,,,
speciesnet_v403b_geo_supported_overlap,SpeciesNet v4.0.3b geo ensemble,1,not_redistributed_public_staging_speciesnet_overlap_only,WBGBIF2026_E0209,Pecari tajacu,Mammalia,Ecuador,ECU,Pecari tajacu,Pecari,Tayassuidae,Artiodactyla,Mammalia,,5.0,,,
speciesnet_v403b_geo_supported_overlap,SpeciesNet v4.0.3b geo ensemble,1,not_redistributed_public_staging_speciesnet_overlap_only,WBGBIF2026_E0210,Pecari tajacu,Mammalia,Ecuador,ECU,Pecari tajacu,Pecari,Tayassuidae,Artiodactyla,Mammalia,,5.0,,,
speciesnet_v403b_geo_supported_overlap,SpeciesNet v4.0.3b geo ensemble,1,not_redistributed_public_staging_speciesnet_overlap_only,WBGBIF2026_E0211,Penelope purpurascens,Aves,Ecuador,ECU,Homo sapiens,Homo,Hominidae,Primates,Mammalia,,0.0,,,
speciesnet_v403b_geo_supported_overlap,SpeciesNet v4.0.3b geo ensemble,1,not_redistributed_public_staging_speciesnet_overlap_only,WBGBIF2026_E0212,Penelope purpurascens,Aves,Ecuador,ECU,,,Cracidae,Galliformes,Aves,,2.0,,,
speciesnet_v403b_geo_supported_overlap,SpeciesNet v4.0.3b geo ensemble,1,not_redistributed_public_staging_speciesnet_overlap_only,WBGBIF2026_E0213,Penelope purpurascens,Aves,Ecuador,ECU,Penelope jacquacu,Penelope,Cracidae,Galliformes,Aves,,3.0,,,
speciesnet_v403b_geo_supported_overlap,SpeciesNet v4.0.3b geo ensemble,1,not_redistributed_public_staging_speciesnet_overlap_only,WBGBIF2026_E0214,Phasianus colchicus,Aves,Belgium,BEL,,,,,,,0.0,,,
speciesnet_v403b_geo_supported_overlap,SpeciesNet v4.0.3b geo ensemble,1,not_redistributed_public_staging_speciesnet_overlap_only,WBGBIF2026_E0215,Phasianus colchicus,Aves,Belgium,BEL,Phasianus colchicus,Phasianus,Phasianidae,Galliformes,Aves,,5.0,,,
speciesnet_v403b_geo_supported_overlap,SpeciesNet v4.0.3b geo ensemble,1,not_redistributed_public_staging_speciesnet_overlap_only,WBGBIF2026_E0216,Phasianus colchicus,Aves,Belgium,BEL,,,,,Aves,,0.5,,,
speciesnet_v403b_geo_supported_overlap,SpeciesNet v4.0.3b geo ensemble,1,not_redistributed_public_staging_speciesnet_overlap_only,WBGBIF2026_E0217,Phoenicurus ochruros,Aves,Luxembourg,LUX,,,,,Aves,,0.5,,,
speciesnet_v403b_geo_supported_overlap,SpeciesNet v4.0.3b geo ensemble,1,not_redistributed_public_staging_speciesnet_overlap_only,WBGBIF2026_E0218,Phoenicurus ochruros,Aves,Luxembourg,LUX,,,,,Aves,,0.5,,,
speciesnet_v403b_geo_supported_overlap,SpeciesNet v4.0.3b geo ensemble,1,not_redistributed_public_staging_speciesnet_overlap_only,WBGBIF2026_E0219,Phoenicurus ochruros,Aves,Luxembourg,LUX,,,,,,,0.0,,,
speciesnet_v403b_geo_supported_overlap,SpeciesNet v4.0.3b geo ensemble,1,not_redistributed_public_staging_speciesnet_overlap_only,WBGBIF2026_E0220,Phoenicurus phoenicurus,Aves,Luxembourg,LUX,,,Turdidae,Passeriformes,Aves,,1.0,,,
speciesnet_v403b_geo_supported_overlap,SpeciesNet v4.0.3b geo ensemble,1,not_redistributed_public_staging_speciesnet_overlap_only,WBGBIF2026_E0221,Phoenicurus phoenicurus,Aves,Luxembourg,LUX,,,,,Aves,,0.5,,,
speciesnet_v403b_geo_supported_overlap,SpeciesNet v4.0.3b geo ensemble,1,not_redistributed_public_staging_speciesnet_overlap_only,WBGBIF2026_E0222,Phoenicurus phoenicurus,Aves,Luxembourg,LUX,,,,,,,0.0,,,
speciesnet_v403b_geo_supported_overlap,SpeciesNet v4.0.3b geo ensemble,1,not_redistributed_public_staging_speciesnet_overlap_only,WBGBIF2026_E0226,Pica pica,Aves,Belgium,BEL,,,,,Aves,,0.5,,,
speciesnet_v403b_geo_supported_overlap,SpeciesNet v4.0.3b geo ensemble,1,not_redistributed_public_staging_speciesnet_overlap_only,WBGBIF2026_E0227,Pica pica,Aves,Belgium,BEL,,,,,Aves,,0.5,,,
speciesnet_v403b_geo_supported_overlap,SpeciesNet v4.0.3b geo ensemble,1,not_redistributed_public_staging_speciesnet_overlap_only,WBGBIF2026_E0228,Pica pica,Aves,Belgium,BEL,,,,,,,0.0,,,
speciesnet_v403b_geo_supported_overlap,SpeciesNet v4.0.3b geo ensemble,1,not_redistributed_public_staging_speciesnet_overlap_only,WBGBIF2026_E0229,Picus viridis,Aves,Belgium,BEL,,,,,Aves,,0.5,,,
speciesnet_v403b_geo_supported_overlap,SpeciesNet v4.0.3b geo ensemble,1,not_redistributed_public_staging_speciesnet_overlap_only,WBGBIF2026_E0230,Picus viridis,Aves,Luxembourg,LUX,,,,,,,0.0,,,
speciesnet_v403b_geo_supported_overlap,SpeciesNet v4.0.3b geo ensemble,1,not_redistributed_public_staging_speciesnet_overlap_only,WBGBIF2026_E0231,Picus viridis,Aves,Luxembourg,LUX,,,,,,,0.0,,,
speciesnet_v403b_geo_supported_overlap,SpeciesNet v4.0.3b geo ensemble,1,not_redistributed_public_staging_speciesnet_overlap_only,WBGBIF2026_E0238,Proechimys semispinosus,Mammalia,Ecuador,ECU,,,,,Mammalia,,0.5,,,
speciesnet_v403b_geo_supported_overlap,SpeciesNet v4.0.3b geo ensemble,1,not_redistributed_public_staging_speciesnet_overlap_only,WBGBIF2026_E0239,Proechimys semispinosus,Mammalia,Ecuador,ECU,,,Muridae,Rodentia,Mammalia,,1.0,,,
speciesnet_v403b_geo_supported_overlap,SpeciesNet v4.0.3b geo ensemble,1,not_redistributed_public_staging_speciesnet_overlap_only,WBGBIF2026_E0240,Proechimys semispinosus,Mammalia,Ecuador,ECU,,Rattus,Muridae,Rodentia,Mammalia,,1.0,,,
speciesnet_v403b_geo_supported_overlap,SpeciesNet v4.0.3b geo ensemble,1,not_redistributed_public_staging_speciesnet_overlap_only,WBGBIF2026_E0244,Psophia crepitans,Aves,Ecuador,ECU,Psophia crepitans,Psophia,Psophiidae,Gruiformes,Aves,,5.0,,,
speciesnet_v403b_geo_supported_overlap,SpeciesNet v4.0.3b geo ensemble,1,not_redistributed_public_staging_speciesnet_overlap_only,WBGBIF2026_E0245,Psophia crepitans,Aves,Ecuador,ECU,,,Psophiidae,Gruiformes,Aves,,2.0,,,
speciesnet_v403b_geo_supported_overlap,SpeciesNet v4.0.3b geo ensemble,1,not_redistributed_public_staging_speciesnet_overlap_only,WBGBIF2026_E0246,Psophia crepitans,Aves,Ecuador,ECU,,,,,,,0.0,,,
speciesnet_v403b_geo_supported_overlap,SpeciesNet v4.0.3b geo ensemble,1,not_redistributed_public_staging_speciesnet_overlap_only,WBGBIF2026_E0247,Puma concolor,Mammalia,Ecuador,ECU,Puma concolor,Puma,Felidae,Carnivora,Mammalia,,5.0,,,
speciesnet_v403b_geo_supported_overlap,SpeciesNet v4.0.3b geo ensemble,1,not_redistributed_public_staging_speciesnet_overlap_only,WBGBIF2026_E0248,Puma concolor,Mammalia,Ecuador,ECU,Puma concolor,Puma,Felidae,Carnivora,Mammalia,,5.0,,,
speciesnet_v403b_geo_supported_overlap,SpeciesNet v4.0.3b geo ensemble,1,not_redistributed_public_staging_speciesnet_overlap_only,WBGBIF2026_E0249,Puma concolor,Mammalia,Ecuador,ECU,,Homo,Hominidae,Primates,Mammalia,,0.5,,,
speciesnet_v403b_geo_supported_overlap,SpeciesNet v4.0.3b geo ensemble,1,not_redistributed_public_staging_speciesnet_overlap_only,WBGBIF2026_E0253,Rattus norvegicus,Mammalia,Belgium,BEL,,,,,Mammalia,,0.5,,,
speciesnet_v403b_geo_supported_overlap,SpeciesNet v4.0.3b geo ensemble,1,not_redistributed_public_staging_speciesnet_overlap_only,WBGBIF2026_E0254,Rattus norvegicus,Mammalia,Belgium,BEL,,,,,Mammalia,,0.5,,,
speciesnet_v403b_geo_supported_overlap,SpeciesNet v4.0.3b geo ensemble,1,not_redistributed_public_staging_speciesnet_overlap_only,WBGBIF2026_E0255,Rattus norvegicus,Mammalia,Belgium,BEL,,,,,Mammalia,,0.5,,,
speciesnet_v403b_geo_supported_overlap,SpeciesNet v4.0.3b geo ensemble,1,not_redistributed_public_staging_speciesnet_overlap_only,WBGBIF2026_E0259,Saxicola rubicola,Aves,Luxembourg,LUX,,,,,,,0.0,,,
speciesnet_v403b_geo_supported_overlap,SpeciesNet v4.0.3b geo ensemble,1,not_redistributed_public_staging_speciesnet_overlap_only,WBGBIF2026_E0260,Saxicola rubicola,Aves,Luxembourg,LUX,,,,,Aves,,0.5,,,
speciesnet_v403b_geo_supported_overlap,SpeciesNet v4.0.3b geo ensemble,1,not_redistributed_public_staging_speciesnet_overlap_only,WBGBIF2026_E0261,Saxicola rubicola,Aves,Luxembourg,LUX,,,,,Aves,,0.5,,,
speciesnet_v403b_geo_supported_overlap,SpeciesNet v4.0.3b geo ensemble,1,not_redistributed_public_staging_speciesnet_overlap_only,WBGBIF2026_E0262,Sciurus vulgaris,Mammalia,Luxembourg,LUX,,,,,,,0.0,,,
speciesnet_v403b_geo_supported_overlap,SpeciesNet v4.0.3b geo ensemble,1,not_redistributed_public_staging_speciesnet_overlap_only,WBGBIF2026_E0263,Sciurus vulgaris,Mammalia,Luxembourg,LUX,,,,,,,0.0,,,
speciesnet_v403b_geo_supported_overlap,SpeciesNet v4.0.3b geo ensemble,1,not_redistributed_public_staging_speciesnet_overlap_only,WBGBIF2026_E0264,Sciurus vulgaris,Mammalia,Luxembourg,LUX,Sciurus vulgaris,Sciurus,Sciuridae,Rodentia,Mammalia,,5.0,,,
speciesnet_v403b_geo_supported_overlap,SpeciesNet v4.0.3b geo ensemble,1,not_redistributed_public_staging_speciesnet_overlap_only,WBGBIF2026_E0265,Scolopax rusticola,Aves,Luxembourg,LUX,,,,,Aves,,0.5,,,
speciesnet_v403b_geo_supported_overlap,SpeciesNet v4.0.3b geo ensemble,1,not_redistributed_public_staging_speciesnet_overlap_only,WBGBIF2026_E0266,Scolopax rusticola,Aves,Belgium,BEL,,,,,,,0.0,,,
speciesnet_v403b_geo_supported_overlap,SpeciesNet v4.0.3b geo ensemble,1,not_redistributed_public_staging_speciesnet_overlap_only,WBGBIF2026_E0267,Scolopax rusticola,Aves,Belgium,BEL,,,,,Mammalia,,0.0,,,
speciesnet_v403b_geo_supported_overlap,SpeciesNet v4.0.3b geo ensemble,1,not_redistributed_public_staging_speciesnet_overlap_only,WBGBIF2026_E0268,Sitta europaea,Aves,Belgium,BEL,,,,,,,0.0,,,
speciesnet_v403b_geo_supported_overlap,SpeciesNet v4.0.3b geo ensemble,1,not_redistributed_public_staging_speciesnet_overlap_only,WBGBIF2026_E0269,Sitta europaea,Aves,Belgium,BEL,,,,,,,0.0,,,
speciesnet_v403b_geo_supported_overlap,SpeciesNet v4.0.3b geo ensemble,1,not_redistributed_public_staging_speciesnet_overlap_only,WBGBIF2026_E0270,Sitta europaea,Aves,Belgium,BEL,,,,,Aves,,0.5,,,
speciesnet_v403b_geo_supported_overlap,SpeciesNet v4.0.3b geo ensemble,1,not_redistributed_public_staging_speciesnet_overlap_only,WBGBIF2026_E0271,Strix aluco,Aves,Belgium,BEL,,,,Strigiformes,Aves,,1.0,,,
speciesnet_v403b_geo_supported_overlap,SpeciesNet v4.0.3b geo ensemble,1,not_redistributed_public_staging_speciesnet_overlap_only,WBGBIF2026_E0272,Strix aluco,Aves,Belgium,BEL,,,,,Mammalia,,0.0,,,
speciesnet_v403b_geo_supported_overlap,SpeciesNet v4.0.3b geo ensemble,1,not_redistributed_public_staging_speciesnet_overlap_only,WBGBIF2026_E0273,Strix aluco,Aves,Belgium,BEL,,Strix,Strigidae,Strigiformes,Aves,,3.0,,,
speciesnet_v403b_geo_supported_overlap,SpeciesNet v4.0.3b geo ensemble,1,not_redistributed_public_staging_speciesnet_overlap_only,WBGBIF2026_E0274,Sturnus vulgaris,Aves,Luxembourg,LUX,,,,,Aves,,0.5,,,
speciesnet_v403b_geo_supported_overlap,SpeciesNet v4.0.3b geo ensemble,1,not_redistributed_public_staging_speciesnet_overlap_only,WBGBIF2026_E0275,Sturnus vulgaris,Aves,Luxembourg,LUX,,,,,Aves,,0.5,,,
speciesnet_v403b_geo_supported_overlap,SpeciesNet v4.0.3b geo ensemble,1,not_redistributed_public_staging_speciesnet_overlap_only,WBGBIF2026_E0276,Sturnus vulgaris,Aves,France,FRA,,,,,,,0.0,,,
speciesnet_v403b_geo_supported_overlap,SpeciesNet v4.0.3b geo ensemble,1,not_redistributed_public_staging_speciesnet_overlap_only,WBGBIF2026_E0277,Sus scrofa,Mammalia,Belgium,BEL,Sus scrofa,Sus,Suidae,Artiodactyla,Mammalia,,5.0,,,
speciesnet_v403b_geo_supported_overlap,SpeciesNet v4.0.3b geo ensemble,1,not_redistributed_public_staging_speciesnet_overlap_only,WBGBIF2026_E0278,Sus scrofa,Mammalia,Belgium,BEL,,,,,,,0.0,,,
speciesnet_v403b_geo_supported_overlap,SpeciesNet v4.0.3b geo ensemble,1,not_redistributed_public_staging_speciesnet_overlap_only,WBGBIF2026_E0279,Sus scrofa,Mammalia,Belgium,BEL,Sus scrofa,Sus,Suidae,Artiodactyla,Mammalia,,5.0,,,
speciesnet_v403b_geo_supported_overlap,SpeciesNet v4.0.3b geo ensemble,1,not_redistributed_public_staging_speciesnet_overlap_only,WBGBIF2026_E0289,Syrmaticus reevesii,Aves,Belgium,BEL,,,,,Aves,,0.5,,,
speciesnet_v403b_geo_supported_overlap,SpeciesNet v4.0.3b geo ensemble,1,not_redistributed_public_staging_speciesnet_overlap_only,WBGBIF2026_E0290,Syrmaticus reevesii,Aves,Belgium,BEL,Phasianus colchicus,Phasianus,Phasianidae,Galliformes,Aves,,2.0,,,
speciesnet_v403b_geo_supported_overlap,SpeciesNet v4.0.3b geo ensemble,1,not_redistributed_public_staging_speciesnet_overlap_only,WBGBIF2026_E0291,Syrmaticus reevesii,Aves,Belgium,BEL,,,Phasianidae,Galliformes,Aves,,2.0,,,
speciesnet_v403b_geo_supported_overlap,SpeciesNet v4.0.3b geo ensemble,1,not_redistributed_public_staging_speciesnet_overlap_only,WBGBIF2026_E0292,Tapirus terrestris,Mammalia,Ecuador,ECU,Tapirus terrestris,Tapirus,Tapiridae,Perissodactyla,Mammalia,,5.0,,,
speciesnet_v403b_geo_supported_overlap,SpeciesNet v4.0.3b geo ensemble,1,not_redistributed_public_staging_speciesnet_overlap_only,WBGBIF2026_E0293,Tapirus terrestris,Mammalia,Ecuador,ECU,Tapirus terrestris,Tapirus,Tapiridae,Perissodactyla,Mammalia,,5.0,,,
speciesnet_v403b_geo_supported_overlap,SpeciesNet v4.0.3b geo ensemble,1,not_redistributed_public_staging_speciesnet_overlap_only,WBGBIF2026_E0294,Tapirus terrestris,Mammalia,Ecuador,ECU,Tapirus terrestris,Tapirus,Tapiridae,Perissodactyla,Mammalia,,5.0,,,
speciesnet_v403b_geo_supported_overlap,SpeciesNet v4.0.3b geo ensemble,1,not_redistributed_public_staging_speciesnet_overlap_only,WBGBIF2026_E0295,Tayassu pecari,Mammalia,Ecuador,ECU,Tayassu pecari,Tayassu,Tayassuidae,Artiodactyla,Mammalia,,5.0,,,
speciesnet_v403b_geo_supported_overlap,SpeciesNet v4.0.3b geo ensemble,1,not_redistributed_public_staging_speciesnet_overlap_only,WBGBIF2026_E0296,Tayassu pecari,Mammalia,Ecuador,ECU,Tayassu pecari,Tayassu,Tayassuidae,Artiodactyla,Mammalia,,5.0,,,
speciesnet_v403b_geo_supported_overlap,SpeciesNet v4.0.3b geo ensemble,1,not_redistributed_public_staging_speciesnet_overlap_only,WBGBIF2026_E0297,Tayassu pecari,Mammalia,Ecuador,ECU,Tayassu pecari,Tayassu,Tayassuidae,Artiodactyla,Mammalia,,5.0,,,
speciesnet_v403b_geo_supported_overlap,SpeciesNet v4.0.3b geo ensemble,1,not_redistributed_public_staging_speciesnet_overlap_only,WBGBIF2026_E0298,Tinamus major,Aves,Ecuador,ECU,Tinamus major,Tinamus,Tinamidae,Struthioniformes,Aves,,5.0,,,
speciesnet_v403b_geo_supported_overlap,SpeciesNet v4.0.3b geo ensemble,1,not_redistributed_public_staging_speciesnet_overlap_only,WBGBIF2026_E0299,Tinamus major,Aves,Ecuador,ECU,Tinamus major,Tinamus,Tinamidae,Struthioniformes,Aves,,5.0,,,
speciesnet_v403b_geo_supported_overlap,SpeciesNet v4.0.3b geo ensemble,1,not_redistributed_public_staging_speciesnet_overlap_only,WBGBIF2026_E0300,Tinamus major,Aves,Ecuador,ECU,Tinamus major,Tinamus,Tinamidae,Struthioniformes,Aves,,5.0,,,
speciesnet_v403b_geo_supported_overlap,SpeciesNet v4.0.3b geo ensemble,1,not_redistributed_public_staging_speciesnet_overlap_only,WBGBIF2026_E0301,Tinamus tao,Aves,Ecuador,ECU,Tinamus major,Tinamus,Tinamidae,Struthioniformes,Aves,,3.0,,,
speciesnet_v403b_geo_supported_overlap,SpeciesNet v4.0.3b geo ensemble,1,not_redistributed_public_staging_speciesnet_overlap_only,WBGBIF2026_E0302,Tinamus tao,Aves,Ecuador,ECU,,,,,,,0.0,,,
speciesnet_v403b_geo_supported_overlap,SpeciesNet v4.0.3b geo ensemble,1,not_redistributed_public_staging_speciesnet_overlap_only,WBGBIF2026_E0303,Tinamus tao,Aves,Ecuador,ECU,,,,,,,0.0,,,
speciesnet_v403b_geo_supported_overlap,SpeciesNet v4.0.3b geo ensemble,1,not_redistributed_public_staging_speciesnet_overlap_only,WBGBIF2026_E0304,Tremarctos ornatus,Mammalia,Ecuador,ECU,,,Ursidae,Carnivora,Mammalia,,2.0,,,
speciesnet_v403b_geo_supported_overlap,SpeciesNet v4.0.3b geo ensemble,1,not_redistributed_public_staging_speciesnet_overlap_only,WBGBIF2026_E0305,Tremarctos ornatus,Mammalia,Ecuador,ECU,,,Ursidae,Carnivora,Mammalia,,2.0,,,
speciesnet_v403b_geo_supported_overlap,SpeciesNet v4.0.3b geo ensemble,1,not_redistributed_public_staging_speciesnet_overlap_only,WBGBIF2026_E0306,Tremarctos ornatus,Mammalia,Ecuador,ECU,,,Ursidae,Carnivora,Mammalia,,2.0,,,
speciesnet_v403b_geo_supported_overlap,SpeciesNet v4.0.3b geo ensemble,1,not_redistributed_public_staging_speciesnet_overlap_only,WBGBIF2026_E0307,Troglodytes troglodytes,Aves,Belgium,BEL,,,,,,,0.0,,,
speciesnet_v403b_geo_supported_overlap,SpeciesNet v4.0.3b geo ensemble,1,not_redistributed_public_staging_speciesnet_overlap_only,WBGBIF2026_E0308,Troglodytes troglodytes,Aves,Belgium,BEL,,,,,Aves,,0.5,,,
speciesnet_v403b_geo_supported_overlap,SpeciesNet v4.0.3b geo ensemble,1,not_redistributed_public_staging_speciesnet_overlap_only,WBGBIF2026_E0309,Troglodytes troglodytes,Aves,Belgium,BEL,,,,,Aves,,0.5,,,
speciesnet_v403b_geo_supported_overlap,SpeciesNet v4.0.3b geo ensemble,1,not_redistributed_public_staging_speciesnet_overlap_only,WBGBIF2026_E0310,Turdus iliacus,Aves,Belgium,BEL,,,,,,,0.0,,,
speciesnet_v403b_geo_supported_overlap,SpeciesNet v4.0.3b geo ensemble,1,not_redistributed_public_staging_speciesnet_overlap_only,WBGBIF2026_E0311,Turdus iliacus,Aves,Belgium,BEL,,,,,,,0.0,,,
speciesnet_v403b_geo_supported_overlap,SpeciesNet v4.0.3b geo ensemble,1,not_redistributed_public_staging_speciesnet_overlap_only,WBGBIF2026_E0312,Turdus iliacus,Aves,Belgium,BEL,,,,,,,0.0,,,
speciesnet_v403b_geo_supported_overlap,SpeciesNet v4.0.3b geo ensemble,1,not_redistributed_public_staging_speciesnet_overlap_only,WBGBIF2026_E0313,Turdus merula,Aves,Belgium,BEL,,,Corvidae,Passeriformes,Aves,,1.0,,,
speciesnet_v403b_geo_supported_overlap,SpeciesNet v4.0.3b geo ensemble,1,not_redistributed_public_staging_speciesnet_overlap_only,WBGBIF2026_E0314,Turdus merula,Aves,Belgium,BEL,,,,,,,0.0,,,
speciesnet_v403b_geo_supported_overlap,SpeciesNet v4.0.3b geo ensemble,1,not_redistributed_public_staging_speciesnet_overlap_only,WBGBIF2026_E0315,Turdus merula,Aves,Belgium,BEL,,,,,,,0.0,,,
speciesnet_v403b_geo_supported_overlap,SpeciesNet v4.0.3b geo ensemble,1,not_redistributed_public_staging_speciesnet_overlap_only,WBGBIF2026_E0316,Turdus philomelos,Aves,Belgium,BEL,,,,,,,0.0,,,
speciesnet_v403b_geo_supported_overlap,SpeciesNet v4.0.3b geo ensemble,1,not_redistributed_public_staging_speciesnet_overlap_only,WBGBIF2026_E0317,Turdus philomelos,Aves,Belgium,BEL,,,,,,,0.0,,,
speciesnet_v403b_geo_supported_overlap,SpeciesNet v4.0.3b geo ensemble,1,not_redistributed_public_staging_speciesnet_overlap_only,WBGBIF2026_E0318,Turdus philomelos,Aves,Belgium,BEL,,,,,Aves,,0.5,,,
speciesnet_v403b_geo_supported_overlap,SpeciesNet v4.0.3b geo ensemble,1,not_redistributed_public_staging_speciesnet_overlap_only,WBGBIF2026_E0319,Turdus pilaris,Aves,Germany,DEU,,,,,,,0.0,,,
speciesnet_v403b_geo_supported_overlap,SpeciesNet v4.0.3b geo ensemble,1,not_redistributed_public_staging_speciesnet_overlap_only,WBGBIF2026_E0320,Turdus pilaris,Aves,Germany,DEU,,,,,Aves,,0.5,,,
speciesnet_v403b_geo_supported_overlap,SpeciesNet v4.0.3b geo ensemble,1,not_redistributed_public_staging_speciesnet_overlap_only,WBGBIF2026_E0321,Turdus pilaris,Aves,Luxembourg,LUX,,,,,,,0.0,,,
speciesnet_v403b_geo_supported_overlap,SpeciesNet v4.0.3b geo ensemble,1,not_redistributed_public_staging_speciesnet_overlap_only,WBGBIF2026_E0325,Turdus viscivorus,Aves,Belgium,BEL,,,,,Aves,,0.5,,,
speciesnet_v403b_geo_supported_overlap,SpeciesNet v4.0.3b geo ensemble,1,not_redistributed_public_staging_speciesnet_overlap_only,WBGBIF2026_E0326,Turdus viscivorus,Aves,Belgium,BEL,Meleagris gallopavo,Meleagris,Phasianidae,Galliformes,Aves,,0.5,,,
speciesnet_v403b_geo_supported_overlap,SpeciesNet v4.0.3b geo ensemble,1,not_redistributed_public_staging_speciesnet_overlap_only,WBGBIF2026_E0327,Turdus viscivorus,Aves,Luxembourg,LUX,,,,,Aves,,0.5,,,
speciesnet_v403b_geo_supported_overlap,SpeciesNet v4.0.3b geo ensemble,1,not_redistributed_public_staging_speciesnet_overlap_only,WBGBIF2026_E0328,Vulpes vulpes,Mammalia,Belgium,BEL,,,,,,,0.0,,,
speciesnet_v403b_geo_supported_overlap,SpeciesNet v4.0.3b geo ensemble,1,not_redistributed_public_staging_speciesnet_overlap_only,WBGBIF2026_E0329,Vulpes vulpes,Mammalia,Belgium,BEL,,,Canidae,Carnivora,Mammalia,,2.0,,,
speciesnet_v403b_geo_supported_overlap,SpeciesNet v4.0.3b geo ensemble,1,not_redistributed_public_staging_speciesnet_overlap_only,WBGBIF2026_E0330,Vulpes vulpes,Mammalia,Luxembourg,LUX,Vulpes vulpes,Vulpes,Canidae,Carnivora,Mammalia,,5.0,,,
speciesnet_v403b_geo_supported_overlap,BioCLIP 2.5 geo custom labels,1,not_redistributed_public_staging_speciesnet_overlap_only,WBGBIF2026_E0001,Accipiter nisus,Aves,Belgium,BEL,Accipiter nisus,Accipiter,Accipitridae,Accipitriformes,Aves,high,5.0,5.0,false,
speciesnet_v403b_geo_supported_overlap,BioCLIP 2.5 geo custom labels,1,not_redistributed_public_staging_speciesnet_overlap_only,WBGBIF2026_E0002,Accipiter nisus,Aves,Luxembourg,LUX,Accipiter gentilis,Accipiter,Accipitridae,Accipitriformes,Aves,high,3.0,-2.0,true,species
speciesnet_v403b_geo_supported_overlap,BioCLIP 2.5 geo custom labels,1,not_redistributed_public_staging_speciesnet_overlap_only,WBGBIF2026_E0003,Accipiter nisus,Aves,Luxembourg,LUX,Accipiter nisus,Accipiter,Accipitridae,Accipitriformes,Aves,high,5.0,5.0,false,
speciesnet_v403b_geo_supported_overlap,BioCLIP 2.5 geo custom labels,1,not_redistributed_public_staging_speciesnet_overlap_only,WBGBIF2026_E0007,Alopochen aegyptiaca,Aves,Belgium,BEL,Dama dama,Dama,Cervidae,Artiodactyla,Mammalia,high,0.0,-5.0,true,
speciesnet_v403b_geo_supported_overlap,BioCLIP 2.5 geo custom labels,1,not_redistributed_public_staging_speciesnet_overlap_only,WBGBIF2026_E0008,Alopochen aegyptiaca,Aves,Belgium,BEL,Alopochen aegyptiaca,Alopochen,Anatidae,Anseriformes,Aves,high,5.0,5.0,false,
speciesnet_v403b_geo_supported_overlap,BioCLIP 2.5 geo custom labels,1,not_redistributed_public_staging_speciesnet_overlap_only,WBGBIF2026_E0009,Alopochen aegyptiaca,Aves,Belgium,BEL,Capreolus capreolus,Capreolus,Cervidae,Artiodactyla,Mammalia,high,0.0,-5.0,true,
speciesnet_v403b_geo_supported_overlap,BioCLIP 2.5 geo custom labels,1,not_redistributed_public_staging_speciesnet_overlap_only,WBGBIF2026_E0010,Anas platyrhynchos,Aves,Belgium,BEL,Castor fiber,Castor,Castoridae,Rodentia,Mammalia,high,0.0,-5.0,true,
speciesnet_v403b_geo_supported_overlap,BioCLIP 2.5 geo custom labels,1,not_redistributed_public_staging_speciesnet_overlap_only,WBGBIF2026_E0011,Anas platyrhynchos,Aves,Belgium,BEL,Capreolus capreolus,Capreolus,Cervidae,Artiodactyla,Mammalia,high,0.0,-5.0,true,
speciesnet_v403b_geo_supported_overlap,BioCLIP 2.5 geo custom labels,1,not_redistributed_public_staging_speciesnet_overlap_only,WBGBIF2026_E0012,Anas platyrhynchos,Aves,Belgium,BEL,Anas platyrhynchos,Anas,Anatidae,Anseriformes,Aves,high,5.0,5.0,false,
speciesnet_v403b_geo_supported_overlap,BioCLIP 2.5 geo custom labels,1,not_redistributed_public_staging_speciesnet_overlap_only,WBGBIF2026_E0013,Apodemus sylvaticus,Mammalia,Belgium,BEL,Mephitis mephitis,Mephitis,Mephitidae,Carnivora,Mammalia,high,0.5,-4.5,true,species|genus|family
speciesnet_v403b_geo_supported_overlap,BioCLIP 2.5 geo custom labels,1,not_redistributed_public_staging_speciesnet_overlap_only,WBGBIF2026_E0014,Apodemus sylvaticus,Mammalia,Belgium,BEL,Vulpes vulpes,Vulpes,Canidae,Carnivora,Mammalia,medium,0.5,-4.5,true,
speciesnet_v403b_geo_supported_overlap,BioCLIP 2.5 geo custom labels,1,not_redistributed_public_staging_speciesnet_overlap_only,WBGBIF2026_E0015,Apodemus sylvaticus,Mammalia,Belgium,BEL,Apodemus sylvaticus,Apodemus,Muridae,Rodentia,Mammalia,high,5.0,5.0,false,
speciesnet_v403b_geo_supported_overlap,BioCLIP 2.5 geo custom labels,1,not_redistributed_public_staging_speciesnet_overlap_only,WBGBIF2026_E0016,Ardea cinerea,Aves,Belgium,BEL,Homo sapiens,Homo,Hominidae,Primates,Mammalia,high,0.0,-5.0,true,species|genus|family
speciesnet_v403b_geo_supported_overlap,BioCLIP 2.5 geo custom labels,1,not_redistributed_public_staging_speciesnet_overlap_only,WBGBIF2026_E0017,Ardea cinerea,Aves,Belgium,BEL,Odocoileus virginianus,Odocoileus,Cervidae,Artiodactyla,Mammalia,high,0.0,-5.0,true,species|genus
speciesnet_v403b_geo_supported_overlap,BioCLIP 2.5 geo custom labels,1,not_redistributed_public_staging_speciesnet_overlap_only,WBGBIF2026_E0018,Ardea cinerea,Aves,Belgium,BEL,Erinaceus europaeus,Erinaceus,Erinaceidae,Erinaceomorpha,Mammalia,high,0.0,-5.0,true,
speciesnet_v403b_geo_supported_overlap,BioCLIP 2.5 geo custom labels,1,not_redistributed_public_staging_speciesnet_overlap_only,WBGBIF2026_E0019,Atelocynus microtis,Mammalia,Ecuador,ECU,Mazama americana,Mazama,Cervidae,Artiodactyla,Mammalia,high,0.5,-4.5,true,
speciesnet_v403b_geo_supported_overlap,BioCLIP 2.5 geo custom labels,1,not_redistributed_public_staging_speciesnet_overlap_only,WBGBIF2026_E0020,Atelocynus microtis,Mammalia,Ecuador,ECU,Proechimys semispinosus,Proechimys,Echimyidae,Rodentia,Mammalia,medium,0.5,-4.5,true,
speciesnet_v403b_geo_supported_overlap,BioCLIP 2.5 geo custom labels,1,not_redistributed_public_staging_speciesnet_overlap_only,WBGBIF2026_E0021,Atelocynus microtis,Mammalia,Ecuador,ECU,Sciurus granatensis,Sciurus,Sciuridae,Rodentia,Mammalia,high,0.5,-4.5,true,species
speciesnet_v403b_geo_supported_overlap,BioCLIP 2.5 geo custom labels,1,not_redistributed_public_staging_speciesnet_overlap_only,WBGBIF2026_E0022,Bos taurus,Mammalia,Belgium,BEL,Martes martes,Martes,Mustelidae,Carnivora,Mammalia,high,0.5,-4.5,true,
speciesnet_v403b_geo_supported_overlap,BioCLIP 2.5 geo custom labels,1,not_redistributed_public_staging_speciesnet_overlap_only,WBGBIF2026_E0023,Bos taurus,Mammalia,Ecuador,ECU,Mazama americana,Mazama,Cervidae,Artiodactyla,Mammalia,high,1.0,-4.0,true,
speciesnet_v403b_geo_supported_overlap,BioCLIP 2.5 geo custom labels,1,not_redistributed_public_staging_speciesnet_overlap_only,WBGBIF2026_E0024,Bos taurus,Mammalia,Ecuador,ECU,Mazama americana,Mazama,Cervidae,Artiodactyla,Mammalia,high,1.0,-4.0,true,
speciesnet_v403b_geo_supported_overlap,BioCLIP 2.5 geo custom labels,1,not_redistributed_public_staging_speciesnet_overlap_only,WBGBIF2026_E0028,Buteo buteo,Aves,Belgium,BEL,Sciurus vulgaris,Sciurus,Sciuridae,Rodentia,Mammalia,high,0.0,-5.0,true,
speciesnet_v403b_geo_supported_overlap,BioCLIP 2.5 geo custom labels,1,not_redistributed_public_staging_speciesnet_overlap_only,WBGBIF2026_E0029,Buteo buteo,Aves,Luxembourg,LUX,Meles meles,Meles,Mustelidae,Carnivora,Mammalia,medium,0.0,-5.0,true,
speciesnet_v403b_geo_supported_overlap,BioCLIP 2.5 geo custom labels,1,not_redistributed_public_staging_speciesnet_overlap_only,WBGBIF2026_E0030,Buteo buteo,Aves,Belgium,BEL,Capreolus capreolus,Capreolus,Cervidae,Artiodactyla,Mammalia,high,0.0,-5.0,true,
speciesnet_v403b_geo_supported_overlap,BioCLIP 2.5 geo custom labels,1,not_redistributed_public_staging_speciesnet_overlap_only,WBGBIF2026_E0034,Capreolus capreolus,Mammalia,Luxembourg,LUX,Sus scrofa,Sus,Suidae,Artiodactyla,Mammalia,high,1.0,-4.0,true,
speciesnet_v403b_geo_supported_overlap,BioCLIP 2.5 geo custom labels,1,not_redistributed_public_staging_speciesnet_overlap_only,WBGBIF2026_E0035,Capreolus capreolus,Mammalia,Luxembourg,LUX,Capreolus capreolus,Capreolus,Cervidae,Artiodactyla,Mammalia,high,5.0,5.0,false,
speciesnet_v403b_geo_supported_overlap,BioCLIP 2.5 geo custom labels,1,not_redistributed_public_staging_speciesnet_overlap_only,WBGBIF2026_E0036,Capreolus capreolus,Mammalia,Luxembourg,LUX,Capreolus capreolus,Capreolus,Cervidae,Artiodactyla,Mammalia,high,5.0,5.0,false,
speciesnet_v403b_geo_supported_overlap,BioCLIP 2.5 geo custom labels,1,not_redistributed_public_staging_speciesnet_overlap_only,WBGBIF2026_E0037,Castor fiber,Mammalia,Belgium,BEL,Mephitis mephitis,Mephitis,Mephitidae,Carnivora,Mammalia,high,0.5,-4.5,true,species|genus|family
speciesnet_v403b_geo_supported_overlap,BioCLIP 2.5 geo custom labels,1,not_redistributed_public_staging_speciesnet_overlap_only,WBGBIF2026_E0038,Castor fiber,Mammalia,Belgium,BEL,Martes foina,Martes,Mustelidae,Carnivora,Mammalia,high,0.5,-4.5,true,
speciesnet_v403b_geo_supported_overlap,BioCLIP 2.5 geo custom labels,1,not_redistributed_public_staging_speciesnet_overlap_only,WBGBIF2026_E0039,Castor fiber,Mammalia,Belgium,BEL,Castor fiber,Castor,Castoridae,Rodentia,Mammalia,high,5.0,5.0,false,
speciesnet_v403b_geo_supported_overlap,BioCLIP 2.5 geo custom labels,1,not_redistributed_public_staging_speciesnet_overlap_only,WBGBIF2026_E0040,Cervus elaphus,Mammalia,Luxembourg,LUX,Dama dama,Dama,Cervidae,Artiodactyla,Mammalia,high,2.0,-3.0,true,
speciesnet_v403b_geo_supported_overlap,BioCLIP 2.5 geo custom labels,1,not_redistributed_public_staging_speciesnet_overlap_only,WBGBIF2026_E0041,Cervus elaphus,Mammalia,Luxembourg,LUX,Cervus elaphus,Cervus,Cervidae,Artiodactyla,Mammalia,high,5.0,5.0,false,
speciesnet_v403b_geo_supported_overlap,BioCLIP 2.5 geo custom labels,1,not_redistributed_public_staging_speciesnet_overlap_only,WBGBIF2026_E0042,Cervus elaphus,Mammalia,Luxembourg,LUX,Cervus nippon,Cervus,Cervidae,Artiodactyla,Mammalia,high,3.0,-2.0,true,species
speciesnet_v403b_geo_supported_overlap,BioCLIP 2.5 geo custom labels,1,not_redistributed_public_staging_speciesnet_overlap_only,WBGBIF2026_E0055,Columba palumbus,Aves,Belgium,BEL,Columba palumbus,Columba,Columbidae,Columbiformes,Aves,high,5.0,5.0,false,
speciesnet_v403b_geo_supported_overlap,BioCLIP 2.5 geo custom labels,1,not_redistributed_public_staging_speciesnet_overlap_only,WBGBIF2026_E0056,Columba palumbus,Aves,Belgium,BEL,Lepus europaeus,Lepus,Leporidae,Lagomorpha,Mammalia,high,0.0,-5.0,true,
speciesnet_v403b_geo_supported_overlap,BioCLIP 2.5 geo custom labels,1,not_redistributed_public_staging_speciesnet_overlap_only,WBGBIF2026_E0057,Columba palumbus,Aves,Belgium,BEL,Odocoileus virginianus,Odocoileus,Cervidae,Artiodactyla,Mammalia,high,0.0,-5.0,true,species|genus
speciesnet_v403b_geo_supported_overlap,BioCLIP 2.5 geo custom labels,1,not_redistributed_public_staging_speciesnet_overlap_only,WBGBIF2026_E0058,Corvus corone,Aves,Belgium,BEL,Corvus corone,Corvus,Corvidae,Passeriformes,Aves,high,5.0,5.0,false,
speciesnet_v403b_geo_supported_overlap,BioCLIP 2.5 geo custom labels,1,not_redistributed_public_staging_speciesnet_overlap_only,WBGBIF2026_E0059,Corvus corone,Aves,Luxembourg,LUX,Turdus merula,Turdus,Turdidae,Passeriformes,Aves,high,1.0,-4.0,true,
speciesnet_v403b_geo_supported_overlap,BioCLIP 2.5 geo custom labels,1,not_redistributed_public_staging_speciesnet_overlap_only,WBGBIF2026_E0060,Corvus corone,Aves,Belgium,BEL,Capreolus capreolus,Capreolus,Cervidae,Artiodactyla,Mammalia,high,0.0,-5.0,true,
speciesnet_v403b_geo_supported_overlap,BioCLIP 2.5 geo custom labels,1,not_redistributed_public_staging_speciesnet_overlap_only,WBGBIF2026_E0061,Corvus frugilegus,Aves,Luxembourg,LUX,Lepus capensis,Lepus,Leporidae,Lagomorpha,Mammalia,medium,0.0,-5.0,true,species
speciesnet_v403b_geo_supported_overlap,BioCLIP 2.5 geo custom labels,1,not_redistributed_public_staging_speciesnet_overlap_only,WBGBIF2026_E0062,Corvus frugilegus,Aves,Luxembourg,LUX,Corvus frugilegus,Corvus,Corvidae,Passeriformes,Aves,high,5.0,5.0,false,
speciesnet_v403b_geo_supported_overlap,BioCLIP 2.5 geo custom labels,1,not_redistributed_public_staging_speciesnet_overlap_only,WBGBIF2026_E0063,Corvus frugilegus,Aves,Luxembourg,LUX,Homo sapiens,Homo,Hominidae,Primates,Mammalia,high,0.0,-5.0,true,species|genus|family
speciesnet_v403b_geo_supported_overlap,BioCLIP 2.5 geo custom labels,1,not_redistributed_public_staging_speciesnet_overlap_only,WBGBIF2026_E0064,Cuniculus paca,Mammalia,Ecuador,ECU,Cuniculus paca,Cuniculus,Cuniculidae,Rodentia,Mammalia,high,5.0,5.0,false,
speciesnet_v403b_geo_supported_overlap,BioCLIP 2.5 geo custom labels,1,not_redistributed_public_staging_speciesnet_overlap_only,WBGBIF2026_E0065,Cuniculus paca,Mammalia,Ecuador,ECU,Cuniculus paca,Cuniculus,Cuniculidae,Rodentia,Mammalia,high,5.0,5.0,false,
speciesnet_v403b_geo_supported_overlap,BioCLIP 2.5 geo custom labels,1,not_redistributed_public_staging_speciesnet_overlap_only,WBGBIF2026_E0066,Cuniculus paca,Mammalia,Ecuador,ECU,Cuniculus paca,Cuniculus,Cuniculidae,Rodentia,Mammalia,high,5.0,5.0,false,
speciesnet_v403b_geo_supported_overlap,BioCLIP 2.5 geo custom labels,1,not_redistributed_public_staging_speciesnet_overlap_only,WBGBIF2026_E0070,Dama dama,Mammalia,Belgium,BEL,Dama dama,Dama,Cervidae,Artiodactyla,Mammalia,high,5.0,5.0,false,
speciesnet_v403b_geo_supported_overlap,BioCLIP 2.5 geo custom labels,1,not_redistributed_public_staging_speciesnet_overlap_only,WBGBIF2026_E0071,Dama dama,Mammalia,Belgium,BEL,Martes martes,Martes,Mustelidae,Carnivora,Mammalia,medium,0.5,-4.5,true,
speciesnet_v403b_geo_supported_overlap,BioCLIP 2.5 geo custom labels,1,not_redistributed_public_staging_speciesnet_overlap_only,WBGBIF2026_E0072,Dama dama,Mammalia,Belgium,BEL,Capreolus capreolus,Capreolus,Cervidae,Artiodactyla,Mammalia,high,2.0,-3.0,true,
speciesnet_v403b_geo_supported_overlap,BioCLIP 2.5 geo custom labels,1,not_redistributed_public_staging_speciesnet_overlap_only,WBGBIF2026_E0073,Dasyprocta fuliginosa,Mammalia,Ecuador,ECU,Microsciurus flaviventer,Microsciurus,Sciuridae,Rodentia,Mammalia,medium,1.0,-4.0,true,species|genus
speciesnet_v403b_geo_supported_overlap,BioCLIP 2.5 geo custom labels,1,not_redistributed_public_staging_speciesnet_overlap_only,WBGBIF2026_E0074,Dasyprocta fuliginosa,Mammalia,Ecuador,ECU,Trichechus inunguis,Trichechus,Trichechidae,Sirenia,Mammalia,high,0.5,-4.5,true,species|genus|family|order
speciesnet_v403b_geo_supported_overlap,BioCLIP 2.5 geo custom labels,1,not_redistributed_public_staging_speciesnet_overlap_only,WBGBIF2026_E0075,Dasyprocta fuliginosa,Mammalia,Ecuador,ECU,Dasyprocta fuliginosa,Dasyprocta,Dasyproctidae,Rodentia,Mammalia,high,5.0,5.0,false,
speciesnet_v403b_geo_supported_overlap,BioCLIP 2.5 geo custom labels,1,not_redistributed_public_staging_speciesnet_overlap_only,WBGBIF2026_E0076,Dasyprocta punctata,Mammalia,Ecuador,ECU,Dasyprocta punctata,Dasyprocta,Dasyproctidae,Rodentia,Mammalia,high,5.0,5.0,false,
speciesnet_v403b_geo_supported_overlap,BioCLIP 2.5 geo custom labels,1,not_redistributed_public_staging_speciesnet_overlap_only,WBGBIF2026_E0077,Dasyprocta punctata,Mammalia,Ecuador,ECU,Didelphis marsupialis,Didelphis,Didelphidae,Didelphimorphia,Mammalia,medium,0.5,-4.5,true,
speciesnet_v403b_geo_supported_overlap,BioCLIP 2.5 geo custom labels,1,not_redistributed_public_staging_speciesnet_overlap_only,WBGBIF2026_E0078,Dasyprocta punctata,Mammalia,Ecuador,ECU,Proechimys quadruplicatus,Proechimys,Echimyidae,Rodentia,Mammalia,high,1.0,-4.0,true,species
speciesnet_v403b_geo_supported_overlap,BioCLIP 2.5 geo custom labels,1,not_redistributed_public_staging_speciesnet_overlap_only,WBGBIF2026_E0079,Dasypus novemcinctus,Mammalia,Ecuador,ECU,Proechimys quadruplicatus,Proechimys,Echimyidae,Rodentia,Mammalia,medium,0.5,-4.5,true,species
speciesnet_v403b_geo_supported_overlap,BioCLIP 2.5 geo custom labels,1,not_redistributed_public_staging_speciesnet_overlap_only,WBGBIF2026_E0080,Dasypus novemcinctus,Mammalia,Ecuador,ECU,Dasypus novemcinctus,Dasypus,Dasypodidae,Cingulata,Mammalia,high,5.0,5.0,false,
speciesnet_v403b_geo_supported_overlap,BioCLIP 2.5 geo custom labels,1,not_redistributed_public_staging_speciesnet_overlap_only,WBGBIF2026_E0081,Dasypus novemcinctus,Mammalia,Ecuador,ECU,Dasypus novemcinctus,Dasypus,Dasypodidae,Cingulata,Mammalia,high,5.0,5.0,false,
speciesnet_v403b_geo_supported_overlap,BioCLIP 2.5 geo custom labels,1,not_redistributed_public_staging_speciesnet_overlap_only,WBGBIF2026_E0082,Dendrocopos major,Aves,Belgium,BEL,Picus viridis,Picus,Picidae,Piciformes,Aves,high,2.0,-3.0,true,
speciesnet_v403b_geo_supported_overlap,BioCLIP 2.5 geo custom labels,1,not_redistributed_public_staging_speciesnet_overlap_only,WBGBIF2026_E0083,Dendrocopos major,Aves,Belgium,BEL,Lepus europaeus,Lepus,Leporidae,Lagomorpha,Mammalia,high,0.0,-5.0,true,
speciesnet_v403b_geo_supported_overlap,BioCLIP 2.5 geo custom labels,1,not_redistributed_public_staging_speciesnet_overlap_only,WBGBIF2026_E0084,Dendrocopos major,Aves,Belgium,BEL,Picus viridis,Picus,Picidae,Piciformes,Aves,high,2.0,-3.0,true,
speciesnet_v403b_geo_supported_overlap,BioCLIP 2.5 geo custom labels,1,not_redistributed_public_staging_speciesnet_overlap_only,WBGBIF2026_E0088,Didelphis marsupialis,Mammalia,Ecuador,ECU,Didelphis marsupialis,Didelphis,Didelphidae,Didelphimorphia,Mammalia,high,5.0,5.0,false,
speciesnet_v403b_geo_supported_overlap,BioCLIP 2.5 geo custom labels,1,not_redistributed_public_staging_speciesnet_overlap_only,WBGBIF2026_E0089,Didelphis marsupialis,Mammalia,Ecuador,ECU,Proechimys semispinosus,Proechimys,Echimyidae,Rodentia,Mammalia,high,0.5,-4.5,true,
speciesnet_v403b_geo_supported_overlap,BioCLIP 2.5 geo custom labels,1,not_redistributed_public_staging_speciesnet_overlap_only,WBGBIF2026_E0090,Didelphis marsupialis,Mammalia,Ecuador,ECU,Didelphis marsupialis,Didelphis,Didelphidae,Didelphimorphia,Mammalia,high,5.0,5.0,false,
speciesnet_v403b_geo_supported_overlap,BioCLIP 2.5 geo custom labels,1,not_redistributed_public_staging_speciesnet_overlap_only,WBGBIF2026_E0091,Dryocopus martius,Aves,Belgium,BEL,Columba palumbus,Columba,Columbidae,Columbiformes,Aves,high,0.5,-4.5,true,
speciesnet_v403b_geo_supported_overlap,BioCLIP 2.5 geo custom labels,1,not_redistributed_public_staging_speciesnet_overlap_only,WBGBIF2026_E0092,Dryocopus martius,Aves,Belgium,BEL,Dryocopus martius,Dryocopus,Picidae,Piciformes,Aves,high,5.0,5.0,false,
speciesnet_v403b_geo_supported_overlap,BioCLIP 2.5 geo custom labels,1,not_redistributed_public_staging_speciesnet_overlap_only,WBGBIF2026_E0093,Dryocopus martius,Aves,Luxembourg,LUX,Dryocopus martius,Dryocopus,Picidae,Piciformes,Aves,high,5.0,5.0,false,
speciesnet_v403b_geo_supported_overlap,BioCLIP 2.5 geo custom labels,1,not_redistributed_public_staging_speciesnet_overlap_only,WBGBIF2026_E0094,Eira barbara,Mammalia,Ecuador,ECU,Proechimys quadruplicatus,Proechimys,Echimyidae,Rodentia,Mammalia,high,0.5,-4.5,true,species
speciesnet_v403b_geo_supported_overlap,BioCLIP 2.5 geo custom labels,1,not_redistributed_public_staging_speciesnet_overlap_only,WBGBIF2026_E0095,Eira barbara,Mammalia,Ecuador,ECU,Sciurus igniventris,Sciurus,Sciuridae,Rodentia,Mammalia,medium,0.5,-4.5,true,
speciesnet_v403b_geo_supported_overlap,BioCLIP 2.5 geo custom labels,1,not_redistributed_public_staging_speciesnet_overlap_only,WBGBIF2026_E0096,Eira barbara,Mammalia,Ecuador,ECU,Eira barbara,Eira,Mustelidae,Carnivora,Mammalia,high,5.0,5.0,false,
speciesnet_v403b_geo_supported_overlap,BioCLIP 2.5 geo custom labels,1,not_redistributed_public_staging_speciesnet_overlap_only,WBGBIF2026_E0103,Erinaceus europaeus,Mammalia,Belgium,BEL,Martes foina,Martes,Mustelidae,Carnivora,Mammalia,high,0.5,-4.5,true,
speciesnet_v403b_geo_supported_overlap,BioCLIP 2.5 geo custom labels,1,not_redistributed_public_staging_speciesnet_overlap_only,WBGBIF2026_E0104,Erinaceus europaeus,Mammalia,Belgium,BEL,Erinaceus europaeus,Erinaceus,Erinaceidae,Erinaceomorpha,Mammalia,high,5.0,5.0,false,
speciesnet_v403b_geo_supported_overlap,BioCLIP 2.5 geo custom labels,1,not_redistributed_public_staging_speciesnet_overlap_only,WBGBIF2026_E0105,Erinaceus europaeus,Mammalia,Belgium,BEL,Martes foina,Martes,Mustelidae,Carnivora,Mammalia,high,0.5,-4.5,true,
speciesnet_v403b_geo_supported_overlap,BioCLIP 2.5 geo custom labels,1,not_redistributed_public_staging_speciesnet_overlap_only,WBGBIF2026_E0106,Erithacus rubecula,Aves,Germany,DEU,Erithacus rubecula,Erithacus,Muscicapidae,Passeriformes,Aves,high,5.0,5.0,false,
speciesnet_v403b_geo_supported_overlap,BioCLIP 2.5 geo custom labels,1,not_redistributed_public_staging_speciesnet_overlap_only,WBGBIF2026_E0107,Erithacus rubecula,Aves,Belgium,BEL,Sciurus vulgaris,Sciurus,Sciuridae,Rodentia,Mammalia,medium,0.0,-5.0,true,
speciesnet_v403b_geo_supported_overlap,BioCLIP 2.5 geo custom labels,1,not_redistributed_public_staging_speciesnet_overlap_only,WBGBIF2026_E0108,Erithacus rubecula,Aves,Belgium,BEL,Dama dama,Dama,Cervidae,Artiodactyla,Mammalia,medium,0.0,-5.0,true,
speciesnet_v403b_geo_supported_overlap,BioCLIP 2.5 geo custom labels,1,not_redistributed_public_staging_speciesnet_overlap_only,WBGBIF2026_E0109,Falco tinnunculus,Aves,Luxembourg,LUX,Homo sapiens,Homo,Hominidae,Primates,Mammalia,high,0.0,-5.0,true,species|genus|family
speciesnet_v403b_geo_supported_overlap,BioCLIP 2.5 geo custom labels,1,not_redistributed_public_staging_speciesnet_overlap_only,WBGBIF2026_E0110,Falco tinnunculus,Aves,Luxembourg,LUX,Perdix perdix,Perdix,Phasianidae,Galliformes,Aves,high,0.5,-4.5,true,
speciesnet_v403b_geo_supported_overlap,BioCLIP 2.5 geo custom labels,1,not_redistributed_public_staging_speciesnet_overlap_only,WBGBIF2026_E0111,Falco tinnunculus,Aves,Luxembourg,LUX,Falco tinnunculus,Falco,Falconidae,Falconiformes,Aves,high,5.0,5.0,false,
speciesnet_v403b_geo_supported_overlap,BioCLIP 2.5 geo custom labels,1,not_redistributed_public_staging_speciesnet_overlap_only,WBGBIF2026_E0112,Felis catus,Mammalia,Belgium,BEL,Lutra lutra,Lutra,Mustelidae,Carnivora,Mammalia,high,1.0,-4.0,true,species|genus
speciesnet_v403b_geo_supported_overlap,BioCLIP 2.5 geo custom labels,1,not_redistributed_public_staging_speciesnet_overlap_only,WBGBIF2026_E0113,Felis catus,Mammalia,Belgium,BEL,Martes foina,Martes,Mustelidae,Carnivora,Mammalia,high,1.0,-4.0,true,
speciesnet_v403b_geo_supported_overlap,BioCLIP 2.5 geo custom labels,1,not_redistributed_public_staging_speciesnet_overlap_only,WBGBIF2026_E0114,Felis catus,Mammalia,Belgium,BEL,Martes foina,Martes,Mustelidae,Carnivora,Mammalia,high,1.0,-4.0,true,
speciesnet_v403b_geo_supported_overlap,BioCLIP 2.5 geo custom labels,1,not_redistributed_public_staging_speciesnet_overlap_only,WBGBIF2026_E0115,Felis silvestris,Mammalia,Luxembourg,LUX,Sus scrofa,Sus,Suidae,Artiodactyla,Mammalia,high,0.5,-4.5,true,
speciesnet_v403b_geo_supported_overlap,BioCLIP 2.5 geo custom labels,1,not_redistributed_public_staging_speciesnet_overlap_only,WBGBIF2026_E0116,Felis silvestris,Mammalia,Luxembourg,LUX,Felis silvestris,Felis,Felidae,Carnivora,Mammalia,high,5.0,5.0,false,
speciesnet_v403b_geo_supported_overlap,BioCLIP 2.5 geo custom labels,1,not_redistributed_public_staging_speciesnet_overlap_only,WBGBIF2026_E0117,Felis silvestris,Mammalia,Luxembourg,LUX,Felis silvestris,Felis,Felidae,Carnivora,Mammalia,high,5.0,5.0,false,
speciesnet_v403b_geo_supported_overlap,BioCLIP 2.5 geo custom labels,1,not_redistributed_public_staging_speciesnet_overlap_only,WBGBIF2026_E0118,Fringilla coelebs,Aves,Germany,DEU,Fringilla coelebs,Fringilla,Fringillidae,Passeriformes,Aves,high,5.0,5.0,false,
speciesnet_v403b_geo_supported_overlap,BioCLIP 2.5 geo custom labels,1,not_redistributed_public_staging_speciesnet_overlap_only,WBGBIF2026_E0119,Fringilla coelebs,Aves,Luxembourg,LUX,Lophophanes cristatus,Lophophanes,Paridae,Passeriformes,Aves,high,1.0,-4.0,true,species|genus
speciesnet_v403b_geo_supported_overlap,BioCLIP 2.5 geo custom labels,1,not_redistributed_public_staging_speciesnet_overlap_only,WBGBIF2026_E0120,Fringilla coelebs,Aves,Luxembourg,LUX,Turdus philomelos,Turdus,Turdidae,Passeriformes,Aves,high,1.0,-4.0,true,
speciesnet_v403b_geo_supported_overlap,BioCLIP 2.5 geo custom labels,1,not_redistributed_public_staging_speciesnet_overlap_only,WBGBIF2026_E0127,Gallinula chloropus,Aves,Luxembourg,LUX,Lepus europaeus,Lepus,Leporidae,Lagomorpha,Mammalia,high,0.0,-5.0,true,
speciesnet_v403b_geo_supported_overlap,BioCLIP 2.5 geo custom labels,1,not_redistributed_public_staging_speciesnet_overlap_only,WBGBIF2026_E0128,Gallinula chloropus,Aves,Luxembourg,LUX,Gallinula chloropus,Gallinula,Rallidae,Gruiformes,Aves,high,5.0,5.0,false,
speciesnet_v403b_geo_supported_overlap,BioCLIP 2.5 geo custom labels,1,not_redistributed_public_staging_speciesnet_overlap_only,WBGBIF2026_E0129,Gallinula chloropus,Aves,Luxembourg,LUX,Gallinula chloropus,Gallinula,Rallidae,Gruiformes,Aves,high,5.0,5.0,false,
speciesnet_v403b_geo_supported_overlap,BioCLIP 2.5 geo custom labels,1,not_redistributed_public_staging_speciesnet_overlap_only,WBGBIF2026_E0130,Garrulus glandarius,Aves,Luxembourg,LUX,Garrulus glandarius,Garrulus,Corvidae,Passeriformes,Aves,high,5.0,5.0,false,
speciesnet_v403b_geo_supported_overlap,BioCLIP 2.5 geo custom labels,1,not_redistributed_public_staging_speciesnet_overlap_only,WBGBIF2026_E0131,Garrulus glandarius,Aves,Luxembourg,LUX,Garrulus glandarius,Garrulus,Corvidae,Passeriformes,Aves,high,5.0,5.0,false,
speciesnet_v403b_geo_supported_overlap,BioCLIP 2.5 geo custom labels,1,not_redistributed_public_staging_speciesnet_overlap_only,WBGBIF2026_E0132,Garrulus glandarius,Aves,Belgium,BEL,Lepus europaeus,Lepus,Leporidae,Lagomorpha,Mammalia,high,0.0,-5.0,true,
speciesnet_v403b_geo_supported_overlap,BioCLIP 2.5 geo custom labels,1,not_redistributed_public_staging_speciesnet_overlap_only,WBGBIF2026_E0136,Leopardus pardalis,Mammalia,Ecuador,ECU,Dasyprocta punctata,Dasyprocta,Dasyproctidae,Rodentia,Mammalia,high,0.5,-4.5,true,
speciesnet_v403b_geo_supported_overlap,BioCLIP 2.5 geo custom labels,1,not_redistributed_public_staging_speciesnet_overlap_only,WBGBIF2026_E0137,Leopardus pardalis,Mammalia,Ecuador,ECU,Leopardus pardalis,Leopardus,Felidae,Carnivora,Mammalia,high,5.0,5.0,false,
speciesnet_v403b_geo_supported_overlap,BioCLIP 2.5 geo custom labels,1,not_redistributed_public_staging_speciesnet_overlap_only,WBGBIF2026_E0138,Leopardus pardalis,Mammalia,Ecuador,ECU,Dasyprocta punctata,Dasyprocta,Dasyproctidae,Rodentia,Mammalia,high,0.5,-4.5,true,
speciesnet_v403b_geo_supported_overlap,BioCLIP 2.5 geo custom labels,1,not_redistributed_public_staging_speciesnet_overlap_only,WBGBIF2026_E0139,Leopardus wiedii,Mammalia,Ecuador,ECU,Leopardus pardalis,Leopardus,Felidae,Carnivora,Mammalia,high,3.0,-2.0,true,
speciesnet_v403b_geo_supported_overlap,BioCLIP 2.5 geo custom labels,1,not_redistributed_public_staging_speciesnet_overlap_only,WBGBIF2026_E0140,Leopardus wiedii,Mammalia,Ecuador,ECU,Leopardus pardalis,Leopardus,Felidae,Carnivora,Mammalia,high,3.0,-2.0,true,
speciesnet_v403b_geo_supported_overlap,BioCLIP 2.5 geo custom labels,1,not_redistributed_public_staging_speciesnet_overlap_only,WBGBIF2026_E0141,Leopardus wiedii,Mammalia,Ecuador,ECU,Cuniculus paca,Cuniculus,Cuniculidae,Rodentia,Mammalia,medium,0.5,-4.5,true,
speciesnet_v403b_geo_supported_overlap,BioCLIP 2.5 geo custom labels,1,not_redistributed_public_staging_speciesnet_overlap_only,WBGBIF2026_E0142,Lepus europaeus,Mammalia,Belgium,BEL,Procyon lotor,Procyon,Procyonidae,Carnivora,Mammalia,high,0.5,-4.5,true,
speciesnet_v403b_geo_supported_overlap,BioCLIP 2.5 geo custom labels,1,not_redistributed_public_staging_speciesnet_overlap_only,WBGBIF2026_E0143,Lepus europaeus,Mammalia,Luxembourg,LUX,Meles meles,Meles,Mustelidae,Carnivora,Mammalia,high,0.5,-4.5,true,
speciesnet_v403b_geo_supported_overlap,BioCLIP 2.5 geo custom labels,1,not_redistributed_public_staging_speciesnet_overlap_only,WBGBIF2026_E0144,Lepus europaeus,Mammalia,Belgium,BEL,Martes foina,Martes,Mustelidae,Carnivora,Mammalia,high,0.5,-4.5,true,
speciesnet_v403b_geo_supported_overlap,BioCLIP 2.5 geo custom labels,1,not_redistributed_public_staging_speciesnet_overlap_only,WBGBIF2026_E0151,Martes foina,Mammalia,Luxembourg,LUX,Martes foina,Martes,Mustelidae,Carnivora,Mammalia,high,5.0,5.0,false,
speciesnet_v403b_geo_supported_overlap,BioCLIP 2.5 geo custom labels,1,not_redistributed_public_staging_speciesnet_overlap_only,WBGBIF2026_E0152,Martes foina,Mammalia,Belgium,BEL,Martes martes,Martes,Mustelidae,Carnivora,Mammalia,high,3.0,-2.0,true,
speciesnet_v403b_geo_supported_overlap,BioCLIP 2.5 geo custom labels,1,not_redistributed_public_staging_speciesnet_overlap_only,WBGBIF2026_E0153,Martes foina,Mammalia,Belgium,BEL,Martes foina,Martes,Mustelidae,Carnivora,Mammalia,high,5.0,5.0,false,
speciesnet_v403b_geo_supported_overlap,BioCLIP 2.5 geo custom labels,1,not_redistributed_public_staging_speciesnet_overlap_only,WBGBIF2026_E0154,Martes martes,Mammalia,Luxembourg,LUX,Martes martes,Martes,Mustelidae,Carnivora,Mammalia,high,5.0,5.0,false,
speciesnet_v403b_geo_supported_overlap,BioCLIP 2.5 geo custom labels,1,not_redistributed_public_staging_speciesnet_overlap_only,WBGBIF2026_E0155,Martes martes,Mammalia,Luxembourg,LUX,Martes martes,Martes,Mustelidae,Carnivora,Mammalia,high,5.0,5.0,false,
speciesnet_v403b_geo_supported_overlap,BioCLIP 2.5 geo custom labels,1,not_redistributed_public_staging_speciesnet_overlap_only,WBGBIF2026_E0156,Martes martes,Mammalia,Luxembourg,LUX,Martes martes,Martes,Mustelidae,Carnivora,Mammalia,high,5.0,5.0,false,
speciesnet_v403b_geo_supported_overlap,BioCLIP 2.5 geo custom labels,1,not_redistributed_public_staging_speciesnet_overlap_only,WBGBIF2026_E0157,Mazama americana,Mammalia,Ecuador,ECU,Mazama americana,Mazama,Cervidae,Artiodactyla,Mammalia,high,5.0,5.0,false,
speciesnet_v403b_geo_supported_overlap,BioCLIP 2.5 geo custom labels,1,not_redistributed_public_staging_speciesnet_overlap_only,WBGBIF2026_E0158,Mazama americana,Mammalia,Ecuador,ECU,Sciurus granatensis,Sciurus,Sciuridae,Rodentia,Mammalia,high,0.5,-4.5,true,species
speciesnet_v403b_geo_supported_overlap,BioCLIP 2.5 geo custom labels,1,not_redistributed_public_staging_speciesnet_overlap_only,WBGBIF2026_E0159,Mazama americana,Mammalia,Ecuador,ECU,Didelphis marsupialis,Didelphis,Didelphidae,Didelphimorphia,Mammalia,high,0.5,-4.5,true,
speciesnet_v403b_geo_supported_overlap,BioCLIP 2.5 geo custom labels,1,not_redistributed_public_staging_speciesnet_overlap_only,WBGBIF2026_E0160,Mazama gouazoubira,Mammalia,Ecuador,ECU,Mazama americana,Mazama,Cervidae,Artiodactyla,Mammalia,high,3.0,-2.0,true,
speciesnet_v403b_geo_supported_overlap,BioCLIP 2.5 geo custom labels,1,not_redistributed_public_staging_speciesnet_overlap_only,WBGBIF2026_E0161,Mazama gouazoubira,Mammalia,Ecuador,ECU,Didelphis marsupialis,Didelphis,Didelphidae,Didelphimorphia,Mammalia,medium,0.5,-4.5,true,
speciesnet_v403b_geo_supported_overlap,BioCLIP 2.5 geo custom labels,1,not_redistributed_public_staging_speciesnet_overlap_only,WBGBIF2026_E0162,Mazama gouazoubira,Mammalia,Ecuador,ECU,Proechimys semispinosus,Proechimys,Echimyidae,Rodentia,Mammalia,medium,0.5,-4.5,true,
speciesnet_v403b_geo_supported_overlap,BioCLIP 2.5 geo custom labels,1,not_redistributed_public_staging_speciesnet_overlap_only,WBGBIF2026_E0163,Meles meles,Mammalia,Luxembourg,LUX,Martes martes,Martes,Mustelidae,Carnivora,Mammalia,high,2.0,-3.0,true,
speciesnet_v403b_geo_supported_overlap,BioCLIP 2.5 geo custom labels,1,not_redistributed_public_staging_speciesnet_overlap_only,WBGBIF2026_E0164,Meles meles,Mammalia,Luxembourg,LUX,Meles meles,Meles,Mustelidae,Carnivora,Mammalia,high,5.0,5.0,false,
speciesnet_v403b_geo_supported_overlap,BioCLIP 2.5 geo custom labels,1,not_redistributed_public_staging_speciesnet_overlap_only,WBGBIF2026_E0165,Meles meles,Mammalia,Belgium,BEL,Procyon lotor,Procyon,Procyonidae,Carnivora,Mammalia,high,1.0,-4.0,true,
speciesnet_v403b_geo_supported_overlap,BioCLIP 2.5 geo custom labels,1,not_redistributed_public_staging_speciesnet_overlap_only,WBGBIF2026_E0166,Metachirus nudicaudatus,Mammalia,Ecuador,ECU,Coendou quichua,Coendou,Erethizontidae,Rodentia,Mammalia,high,0.5,-4.5,true,species|genus
speciesnet_v403b_geo_supported_overlap,BioCLIP 2.5 geo custom labels,1,not_redistributed_public_staging_speciesnet_overlap_only,WBGBIF2026_E0167,Metachirus nudicaudatus,Mammalia,Ecuador,ECU,Proechimys quadruplicatus,Proechimys,Echimyidae,Rodentia,Mammalia,high,0.5,-4.5,true,species
speciesnet_v403b_geo_supported_overlap,BioCLIP 2.5 geo custom labels,1,not_redistributed_public_staging_speciesnet_overlap_only,WBGBIF2026_E0168,Metachirus nudicaudatus,Mammalia,Ecuador,ECU,Coendou quichua,Coendou,Erethizontidae,Rodentia,Mammalia,high,0.5,-4.5,true,species|genus
speciesnet_v403b_geo_supported_overlap,BioCLIP 2.5 geo custom labels,1,not_redistributed_public_staging_speciesnet_overlap_only,WBGBIF2026_E0169,Mitu salvini,Aves,Ecuador,ECU,Penelope purpurascens,Penelope,Cracidae,Galliformes,Aves,high,2.0,-3.0,true,
speciesnet_v403b_geo_supported_overlap,BioCLIP 2.5 geo custom labels,1,not_redistributed_public_staging_speciesnet_overlap_only,WBGBIF2026_E0170,Mitu salvini,Aves,Ecuador,ECU,Penelope purpurascens,Penelope,Cracidae,Galliformes,Aves,high,2.0,-3.0,true,
speciesnet_v403b_geo_supported_overlap,BioCLIP 2.5 geo custom labels,1,not_redistributed_public_staging_speciesnet_overlap_only,WBGBIF2026_E0171,Mitu salvini,Aves,Ecuador,ECU,Penelope purpurascens,Penelope,Cracidae,Galliformes,Aves,high,2.0,-3.0,true,
speciesnet_v403b_geo_supported_overlap,BioCLIP 2.5 geo custom labels,1,not_redistributed_public_staging_speciesnet_overlap_only,WBGBIF2026_E0175,Motacilla flava,Aves,Luxembourg,LUX,Eremophila alpestris,Eremophila,Alaudidae,Passeriformes,Aves,medium,1.0,-4.0,true,species|genus
speciesnet_v403b_geo_supported_overlap,BioCLIP 2.5 geo custom labels,1,not_redistributed_public_staging_speciesnet_overlap_only,WBGBIF2026_E0176,Motacilla flava,Aves,Luxembourg,LUX,Motacilla flava,Motacilla,Motacillidae,Passeriformes,Aves,high,5.0,5.0,false,
speciesnet_v403b_geo_supported_overlap,BioCLIP 2.5 geo custom labels,1,not_redistributed_public_staging_speciesnet_overlap_only,WBGBIF2026_E0177,Motacilla flava,Aves,Luxembourg,LUX,Eremophila alpestris,Eremophila,Alaudidae,Passeriformes,Aves,high,1.0,-4.0,true,species|genus
speciesnet_v403b_geo_supported_overlap,BioCLIP 2.5 geo custom labels,1,not_redistributed_public_staging_speciesnet_overlap_only,WBGBIF2026_E0178,Mustela erminea,Mammalia,Belgium,BEL,Capreolus capreolus,Capreolus,Cervidae,Artiodactyla,Mammalia,high,0.5,-4.5,true,
speciesnet_v403b_geo_supported_overlap,BioCLIP 2.5 geo custom labels,1,not_redistributed_public_staging_speciesnet_overlap_only,WBGBIF2026_E0179,Mustela erminea,Mammalia,Luxembourg,LUX,Martes martes,Martes,Mustelidae,Carnivora,Mammalia,high,2.0,-3.0,true,
speciesnet_v403b_geo_supported_overlap,BioCLIP 2.5 geo custom labels,1,not_redistributed_public_staging_speciesnet_overlap_only,WBGBIF2026_E0180,Mustela erminea,Mammalia,Luxembourg,LUX,Mustela nivalis,Mustela,Mustelidae,Carnivora,Mammalia,high,3.0,-2.0,true,
speciesnet_v403b_geo_supported_overlap,BioCLIP 2.5 geo custom labels,1,not_redistributed_public_staging_speciesnet_overlap_only,WBGBIF2026_E0181,Mustela putorius,Mammalia,Luxembourg,LUX,Martes martes,Martes,Mustelidae,Carnivora,Mammalia,high,2.0,-3.0,true,
speciesnet_v403b_geo_supported_overlap,BioCLIP 2.5 geo custom labels,1,not_redistributed_public_staging_speciesnet_overlap_only,WBGBIF2026_E0182,Mustela putorius,Mammalia,Belgium,BEL,Procyon lotor,Procyon,Procyonidae,Carnivora,Mammalia,high,1.0,-4.0,true,
speciesnet_v403b_geo_supported_overlap,BioCLIP 2.5 geo custom labels,1,not_redistributed_public_staging_speciesnet_overlap_only,WBGBIF2026_E0183,Mustela putorius,Mammalia,Luxembourg,LUX,Meles meles,Meles,Mustelidae,Carnivora,Mammalia,high,2.0,-3.0,true,
speciesnet_v403b_geo_supported_overlap,BioCLIP 2.5 geo custom labels,1,not_redistributed_public_staging_speciesnet_overlap_only,WBGBIF2026_E0184,Myoprocta pratti,Mammalia,Ecuador,ECU,Proechimys semispinosus,Proechimys,Echimyidae,Rodentia,Mammalia,high,1.0,-4.0,true,
speciesnet_v403b_geo_supported_overlap,BioCLIP 2.5 geo custom labels,1,not_redistributed_public_staging_speciesnet_overlap_only,WBGBIF2026_E0185,Myoprocta pratti,Mammalia,Ecuador,ECU,Dasyprocta punctata,Dasyprocta,Dasyproctidae,Rodentia,Mammalia,high,2.0,-3.0,true,
speciesnet_v403b_geo_supported_overlap,BioCLIP 2.5 geo custom labels,1,not_redistributed_public_staging_speciesnet_overlap_only,WBGBIF2026_E0186,Myoprocta pratti,Mammalia,Ecuador,ECU,Dasyprocta fuliginosa,Dasyprocta,Dasyproctidae,Rodentia,Mammalia,high,2.0,-3.0,true,
speciesnet_v403b_geo_supported_overlap,BioCLIP 2.5 geo custom labels,1,not_redistributed_public_staging_speciesnet_overlap_only,WBGBIF2026_E0187,Myrmecophaga tridactyla,Mammalia,Ecuador,ECU,Myrmecophaga tridactyla,Myrmecophaga,Myrmecophagidae,Pilosa,Mammalia,high,5.0,5.0,false,
speciesnet_v403b_geo_supported_overlap,BioCLIP 2.5 geo custom labels,1,not_redistributed_public_staging_speciesnet_overlap_only,WBGBIF2026_E0188,Myrmecophaga tridactyla,Mammalia,Ecuador,ECU,Coendou longicaudatus,Coendou,Erethizontidae,Rodentia,Mammalia,high,0.5,-4.5,true,species|genus
speciesnet_v403b_geo_supported_overlap,BioCLIP 2.5 geo custom labels,1,not_redistributed_public_staging_speciesnet_overlap_only,WBGBIF2026_E0189,Myrmecophaga tridactyla,Mammalia,Ecuador,ECU,Myrmecophaga tridactyla,Myrmecophaga,Myrmecophagidae,Pilosa,Mammalia,high,5.0,5.0,false,
speciesnet_v403b_geo_supported_overlap,BioCLIP 2.5 geo custom labels,1,not_redistributed_public_staging_speciesnet_overlap_only,WBGBIF2026_E0190,Nothocrax urumutum,Aves,Ecuador,ECU,Sciurus granatensis,Sciurus,Sciuridae,Rodentia,Mammalia,high,0.0,-5.0,true,species
speciesnet_v403b_geo_supported_overlap,BioCLIP 2.5 geo custom labels,1,not_redistributed_public_staging_speciesnet_overlap_only,WBGBIF2026_E0191,Nothocrax urumutum,Aves,Ecuador,ECU,Sciurus granatensis,Sciurus,Sciuridae,Rodentia,Mammalia,high,0.0,-5.0,true,species
speciesnet_v403b_geo_supported_overlap,BioCLIP 2.5 geo custom labels,1,not_redistributed_public_staging_speciesnet_overlap_only,WBGBIF2026_E0192,Nothocrax urumutum,Aves,Ecuador,ECU,Sciurus granatensis,Sciurus,Sciuridae,Rodentia,Mammalia,medium,0.0,-5.0,true,species
speciesnet_v403b_geo_supported_overlap,BioCLIP 2.5 geo custom labels,1,not_redistributed_public_staging_speciesnet_overlap_only,WBGBIF2026_E0193,Oryctolagus cuniculus,Mammalia,Belgium,BEL,Muntiacus reevesi,Muntiacus,Cervidae,Artiodactyla,Mammalia,high,0.5,-4.5,true,
speciesnet_v403b_geo_supported_overlap,BioCLIP 2.5 geo custom labels,1,not_redistributed_public_staging_speciesnet_overlap_only,WBGBIF2026_E0194,Oryctolagus cuniculus,Mammalia,Belgium,BEL,Callipepla californica,Callipepla,Odontophoridae,Galliformes,Aves,high,0.0,-5.0,true,species|genus|family
speciesnet_v403b_geo_supported_overlap,BioCLIP 2.5 geo custom labels,1,not_redistributed_public_staging_speciesnet_overlap_only,WBGBIF2026_E0195,Oryctolagus cuniculus,Mammalia,Luxembourg,LUX,Lepus europaeus,Lepus,Leporidae,Lagomorpha,Mammalia,high,2.0,-3.0,true,
speciesnet_v403b_geo_supported_overlap,BioCLIP 2.5 geo custom labels,1,not_redistributed_public_staging_speciesnet_overlap_only,WBGBIF2026_E0196,Ovis aries,Mammalia,Belgium,BEL,Picus viridis,Picus,Picidae,Piciformes,Aves,high,0.0,-5.0,true,
speciesnet_v403b_geo_supported_overlap,BioCLIP 2.5 geo custom labels,1,not_redistributed_public_staging_speciesnet_overlap_only,WBGBIF2026_E0197,Ovis aries,Mammalia,Belgium,BEL,Sciurus carolinensis,Sciurus,Sciuridae,Rodentia,Mammalia,high,0.5,-4.5,true,species
speciesnet_v403b_geo_supported_overlap,BioCLIP 2.5 geo custom labels,1,not_redistributed_public_staging_speciesnet_overlap_only,WBGBIF2026_E0198,Ovis aries,Mammalia,Belgium,BEL,Monodon monoceros,Monodon,Monodontidae,Cetacea,Mammalia,medium,0.5,-4.5,true,species|genus|family
speciesnet_v403b_geo_supported_overlap,BioCLIP 2.5 geo custom labels,1,not_redistributed_public_staging_speciesnet_overlap_only,WBGBIF2026_E0199,Panthera onca,Mammalia,Ecuador,ECU,Panthera onca,Panthera,Felidae,Carnivora,Mammalia,high,5.0,5.0,false,
speciesnet_v403b_geo_supported_overlap,BioCLIP 2.5 geo custom labels,1,not_redistributed_public_staging_speciesnet_overlap_only,WBGBIF2026_E0200,Panthera onca,Mammalia,Ecuador,ECU,Proechimys quadruplicatus,Proechimys,Echimyidae,Rodentia,Mammalia,high,0.5,-4.5,true,species
speciesnet_v403b_geo_supported_overlap,BioCLIP 2.5 geo custom labels,1,not_redistributed_public_staging_speciesnet_overlap_only,WBGBIF2026_E0201,Panthera onca,Mammalia,Ecuador,ECU,Nasua narica,Nasua,Procyonidae,Carnivora,Mammalia,medium,1.0,-4.0,true,
speciesnet_v403b_geo_supported_overlap,BioCLIP 2.5 geo custom labels,1,not_redistributed_public_staging_speciesnet_overlap_only,WBGBIF2026_E0205,Passer domesticus,Aves,Luxembourg,LUX,Emberiza cirlus,Emberiza,Emberizidae,Passeriformes,Aves,high,1.0,-4.0,true,species
speciesnet_v403b_geo_supported_overlap,BioCLIP 2.5 geo custom labels,1,not_redistributed_public_staging_speciesnet_overlap_only,WBGBIF2026_E0206,Passer domesticus,Aves,Luxembourg,LUX,Turdus philomelos,Turdus,Turdidae,Passeriformes,Aves,high,1.0,-4.0,true,
speciesnet_v403b_geo_supported_overlap,BioCLIP 2.5 geo custom labels,1,not_redistributed_public_staging_speciesnet_overlap_only,WBGBIF2026_E0207,Passer domesticus,Aves,Luxembourg,LUX,Turdus philomelos,Turdus,Turdidae,Passeriformes,Aves,high,1.0,-4.0,true,
speciesnet_v403b_geo_supported_overlap,BioCLIP 2.5 geo custom labels,1,not_redistributed_public_staging_speciesnet_overlap_only,WBGBIF2026_E0208,Pecari tajacu,Mammalia,Ecuador,ECU,Pecari tajacu,Pecari,Tayassuidae,Artiodactyla,Mammalia,high,5.0,5.0,false,
speciesnet_v403b_geo_supported_overlap,BioCLIP 2.5 geo custom labels,1,not_redistributed_public_staging_speciesnet_overlap_only,WBGBIF2026_E0209,Pecari tajacu,Mammalia,Ecuador,ECU,Tayassu pecari,Tayassu,Tayassuidae,Artiodactyla,Mammalia,high,2.0,-3.0,true,
speciesnet_v403b_geo_supported_overlap,BioCLIP 2.5 geo custom labels,1,not_redistributed_public_staging_speciesnet_overlap_only,WBGBIF2026_E0210,Pecari tajacu,Mammalia,Ecuador,ECU,Dasyprocta fuliginosa,Dasyprocta,Dasyproctidae,Rodentia,Mammalia,medium,0.5,-4.5,true,
speciesnet_v403b_geo_supported_overlap,BioCLIP 2.5 geo custom labels,1,not_redistributed_public_staging_speciesnet_overlap_only,WBGBIF2026_E0211,Penelope purpurascens,Aves,Ecuador,ECU,Penelope purpurascens,Penelope,Cracidae,Galliformes,Aves,high,5.0,5.0,false,
speciesnet_v403b_geo_supported_overlap,BioCLIP 2.5 geo custom labels,1,not_redistributed_public_staging_speciesnet_overlap_only,WBGBIF2026_E0212,Penelope purpurascens,Aves,Ecuador,ECU,Penelope purpurascens,Penelope,Cracidae,Galliformes,Aves,high,5.0,5.0,false,
speciesnet_v403b_geo_supported_overlap,BioCLIP 2.5 geo custom labels,1,not_redistributed_public_staging_speciesnet_overlap_only,WBGBIF2026_E0213,Penelope purpurascens,Aves,Ecuador,ECU,Penelope purpurascens,Penelope,Cracidae,Galliformes,Aves,high,5.0,5.0,false,
speciesnet_v403b_geo_supported_overlap,BioCLIP 2.5 geo custom labels,1,not_redistributed_public_staging_speciesnet_overlap_only,WBGBIF2026_E0214,Phasianus colchicus,Aves,Belgium,BEL,Odocoileus virginianus,Odocoileus,Cervidae,Artiodactyla,Mammalia,high,0.0,-5.0,true,species|genus
speciesnet_v403b_geo_supported_overlap,BioCLIP 2.5 geo custom labels,1,not_redistributed_public_staging_speciesnet_overlap_only,WBGBIF2026_E0215,Phasianus colchicus,Aves,Belgium,BEL,Capreolus capreolus,Capreolus,Cervidae,Artiodactyla,Mammalia,high,0.0,-5.0,true,
speciesnet_v403b_geo_supported_overlap,BioCLIP 2.5 geo custom labels,1,not_redistributed_public_staging_speciesnet_overlap_only,WBGBIF2026_E0216,Phasianus colchicus,Aves,Belgium,BEL,Sciurus vulgaris,Sciurus,Sciuridae,Rodentia,Mammalia,high,0.0,-5.0,true,
speciesnet_v403b_geo_supported_overlap,BioCLIP 2.5 geo custom labels,1,not_redistributed_public_staging_speciesnet_overlap_only,WBGBIF2026_E0217,Phoenicurus ochruros,Aves,Luxembourg,LUX,Crex crex,Crex,Rallidae,Gruiformes,Aves,medium,0.5,-4.5,true,species|genus
speciesnet_v403b_geo_supported_overlap,BioCLIP 2.5 geo custom labels,1,not_redistributed_public_staging_speciesnet_overlap_only,WBGBIF2026_E0218,Phoenicurus ochruros,Aves,Luxembourg,LUX,Phoenicurus ochruros,Phoenicurus,Muscicapidae,Passeriformes,Aves,high,5.0,5.0,false,
speciesnet_v403b_geo_supported_overlap,BioCLIP 2.5 geo custom labels,1,not_redistributed_public_staging_speciesnet_overlap_only,WBGBIF2026_E0219,Phoenicurus ochruros,Aves,Luxembourg,LUX,Capreolus capreolus,Capreolus,Cervidae,Artiodactyla,Mammalia,high,0.0,-5.0,true,
speciesnet_v403b_geo_supported_overlap,BioCLIP 2.5 geo custom labels,1,not_redistributed_public_staging_speciesnet_overlap_only,WBGBIF2026_E0220,Phoenicurus phoenicurus,Aves,Luxembourg,LUX,Turdus philomelos,Turdus,Turdidae,Passeriformes,Aves,high,1.0,-4.0,true,
speciesnet_v403b_geo_supported_overlap,BioCLIP 2.5 geo custom labels,1,not_redistributed_public_staging_speciesnet_overlap_only,WBGBIF2026_E0221,Phoenicurus phoenicurus,Aves,Luxembourg,LUX,Phoenicurus phoenicurus,Phoenicurus,Muscicapidae,Passeriformes,Aves,high,5.0,5.0,false,
speciesnet_v403b_geo_supported_overlap,BioCLIP 2.5 geo custom labels,1,not_redistributed_public_staging_speciesnet_overlap_only,WBGBIF2026_E0222,Phoenicurus phoenicurus,Aves,Luxembourg,LUX,Crocidura leucodon,Crocidura,Soricidae,Soricomorpha,Mammalia,high,0.0,-5.0,true,species|genus|family|order
speciesnet_v403b_geo_supported_overlap,BioCLIP 2.5 geo custom labels,1,not_redistributed_public_staging_speciesnet_overlap_only,WBGBIF2026_E0226,Pica pica,Aves,Belgium,BEL,Pica pica,Pica,Corvidae,Passeriformes,Aves,high,5.0,5.0,false,
speciesnet_v403b_geo_supported_overlap,BioCLIP 2.5 geo custom labels,1,not_redistributed_public_staging_speciesnet_overlap_only,WBGBIF2026_E0227,Pica pica,Aves,Belgium,BEL,Martes martes,Martes,Mustelidae,Carnivora,Mammalia,high,0.0,-5.0,true,
speciesnet_v403b_geo_supported_overlap,BioCLIP 2.5 geo custom labels,1,not_redistributed_public_staging_speciesnet_overlap_only,WBGBIF2026_E0228,Pica pica,Aves,Belgium,BEL,Erithacus rubecula,Erithacus,Muscicapidae,Passeriformes,Aves,high,1.0,-4.0,true,
speciesnet_v403b_geo_supported_overlap,BioCLIP 2.5 geo custom labels,1,not_redistributed_public_staging_speciesnet_overlap_only,WBGBIF2026_E0229,Picus viridis,Aves,Belgium,BEL,Picus canus,Picus,Picidae,Piciformes,Aves,high,3.0,-2.0,true,species
speciesnet_v403b_geo_supported_overlap,BioCLIP 2.5 geo custom labels,1,not_redistributed_public_staging_speciesnet_overlap_only,WBGBIF2026_E0230,Picus viridis,Aves,Luxembourg,LUX,Sus scrofa,Sus,Suidae,Artiodactyla,Mammalia,high,0.0,-5.0,true,
speciesnet_v403b_geo_supported_overlap,BioCLIP 2.5 geo custom labels,1,not_redistributed_public_staging_speciesnet_overlap_only,WBGBIF2026_E0231,Picus viridis,Aves,Luxembourg,LUX,Picus viridis,Picus,Picidae,Piciformes,Aves,high,5.0,5.0,false,
speciesnet_v403b_geo_supported_overlap,BioCLIP 2.5 geo custom labels,1,not_redistributed_public_staging_speciesnet_overlap_only,WBGBIF2026_E0238,Proechimys semispinosus,Mammalia,Ecuador,ECU,Proechimys quadruplicatus,Proechimys,Echimyidae,Rodentia,Mammalia,high,3.0,-2.0,true,species
speciesnet_v403b_geo_supported_overlap,BioCLIP 2.5 geo custom labels,1,not_redistributed_public_staging_speciesnet_overlap_only,WBGBIF2026_E0239,Proechimys semispinosus,Mammalia,Ecuador,ECU,Transandinomys talamancae,Transandinomys,Cricetidae,Rodentia,Mammalia,high,1.0,-4.0,true,species|genus
speciesnet_v403b_geo_supported_overlap,BioCLIP 2.5 geo custom labels,1,not_redistributed_public_staging_speciesnet_overlap_only,WBGBIF2026_E0240,Proechimys semispinosus,Mammalia,Ecuador,ECU,Proechimys quadruplicatus,Proechimys,Echimyidae,Rodentia,Mammalia,high,3.0,-2.0,true,species
speciesnet_v403b_geo_supported_overlap,BioCLIP 2.5 geo custom labels,1,not_redistributed_public_staging_speciesnet_overlap_only,WBGBIF2026_E0244,Psophia crepitans,Aves,Ecuador,ECU,Tinamus major,Tinamus,Tinamidae,Tinamiformes,Aves,high,0.5,-4.5,true,
speciesnet_v403b_geo_supported_overlap,BioCLIP 2.5 geo custom labels,1,not_redistributed_public_staging_speciesnet_overlap_only,WBGBIF2026_E0245,Psophia crepitans,Aves,Ecuador,ECU,Ortalis guttata,Ortalis,Cracidae,Galliformes,Aves,high,0.5,-4.5,true,species|genus
speciesnet_v403b_geo_supported_overlap,BioCLIP 2.5 geo custom labels,1,not_redistributed_public_staging_speciesnet_overlap_only,WBGBIF2026_E0246,Psophia crepitans,Aves,Ecuador,ECU,Sciurus granatensis,Sciurus,Sciuridae,Rodentia,Mammalia,medium,0.0,-5.0,true,species
speciesnet_v403b_geo_supported_overlap,BioCLIP 2.5 geo custom labels,1,not_redistributed_public_staging_speciesnet_overlap_only,WBGBIF2026_E0247,Puma concolor,Mammalia,Ecuador,ECU,Puma concolor,Puma,Felidae,Carnivora,Mammalia,high,5.0,5.0,false,
speciesnet_v403b_geo_supported_overlap,BioCLIP 2.5 geo custom labels,1,not_redistributed_public_staging_speciesnet_overlap_only,WBGBIF2026_E0248,Puma concolor,Mammalia,Ecuador,ECU,Puma concolor,Puma,Felidae,Carnivora,Mammalia,high,5.0,5.0,false,
speciesnet_v403b_geo_supported_overlap,BioCLIP 2.5 geo custom labels,1,not_redistributed_public_staging_speciesnet_overlap_only,WBGBIF2026_E0249,Puma concolor,Mammalia,Ecuador,ECU,Tayassu pecari,Tayassu,Tayassuidae,Artiodactyla,Mammalia,medium,0.5,-4.5,true,
speciesnet_v403b_geo_supported_overlap,BioCLIP 2.5 geo custom labels,1,not_redistributed_public_staging_speciesnet_overlap_only,WBGBIF2026_E0253,Rattus norvegicus,Mammalia,Belgium,BEL,Martes foina,Martes,Mustelidae,Carnivora,Mammalia,high,0.5,-4.5,true,
speciesnet_v403b_geo_supported_overlap,BioCLIP 2.5 geo custom labels,1,not_redistributed_public_staging_speciesnet_overlap_only,WBGBIF2026_E0254,Rattus norvegicus,Mammalia,Belgium,BEL,Martes foina,Martes,Mustelidae,Carnivora,Mammalia,high,0.5,-4.5,true,
speciesnet_v403b_geo_supported_overlap,BioCLIP 2.5 geo custom labels,1,not_redistributed_public_staging_speciesnet_overlap_only,WBGBIF2026_E0255,Rattus norvegicus,Mammalia,Belgium,BEL,Martes foina,Martes,Mustelidae,Carnivora,Mammalia,high,0.5,-4.5,true,
speciesnet_v403b_geo_supported_overlap,BioCLIP 2.5 geo custom labels,1,not_redistributed_public_staging_speciesnet_overlap_only,WBGBIF2026_E0259,Saxicola rubicola,Aves,Luxembourg,LUX,Coturnix coturnix,Coturnix,Phasianidae,Galliformes,Aves,high,0.5,-4.5,true,species|genus
speciesnet_v403b_geo_supported_overlap,BioCLIP 2.5 geo custom labels,1,not_redistributed_public_staging_speciesnet_overlap_only,WBGBIF2026_E0260,Saxicola rubicola,Aves,Luxembourg,LUX,Saxicola rubicola,Saxicola,Muscicapidae,Passeriformes,Aves,high,5.0,5.0,false,
speciesnet_v403b_geo_supported_overlap,BioCLIP 2.5 geo custom labels,1,not_redistributed_public_staging_speciesnet_overlap_only,WBGBIF2026_E0261,Saxicola rubicola,Aves,Luxembourg,LUX,Saxicola rubicola,Saxicola,Muscicapidae,Passeriformes,Aves,high,5.0,5.0,false,
speciesnet_v403b_geo_supported_overlap,BioCLIP 2.5 geo custom labels,1,not_redistributed_public_staging_speciesnet_overlap_only,WBGBIF2026_E0262,Sciurus vulgaris,Mammalia,Luxembourg,LUX,Lepus europaeus,Lepus,Leporidae,Lagomorpha,Mammalia,medium,0.5,-4.5,true,
speciesnet_v403b_geo_supported_overlap,BioCLIP 2.5 geo custom labels,1,not_redistributed_public_staging_speciesnet_overlap_only,WBGBIF2026_E0263,Sciurus vulgaris,Mammalia,Luxembourg,LUX,Scolopax rusticola,Scolopax,Scolopacidae,Charadriiformes,Aves,high,0.0,-5.0,true,
speciesnet_v403b_geo_supported_overlap,BioCLIP 2.5 geo custom labels,1,not_redistributed_public_staging_speciesnet_overlap_only,WBGBIF2026_E0264,Sciurus vulgaris,Mammalia,Luxembourg,LUX,Sciurus vulgaris,Sciurus,Sciuridae,Rodentia,Mammalia,high,5.0,5.0,false,
speciesnet_v403b_geo_supported_overlap,BioCLIP 2.5 geo custom labels,1,not_redistributed_public_staging_speciesnet_overlap_only,WBGBIF2026_E0265,Scolopax rusticola,Aves,Luxembourg,LUX,Myodes glareolus,Myodes,Cricetidae,Rodentia,Mammalia,medium,0.0,-5.0,true,species|genus
speciesnet_v403b_geo_supported_overlap,BioCLIP 2.5 geo custom labels,1,not_redistributed_public_staging_speciesnet_overlap_only,WBGBIF2026_E0266,Scolopax rusticola,Aves,Belgium,BEL,Sciurus carolinensis,Sciurus,Sciuridae,Rodentia,Mammalia,high,0.0,-5.0,true,species
speciesnet_v403b_geo_supported_overlap,BioCLIP 2.5 geo custom labels,1,not_redistributed_public_staging_speciesnet_overlap_only,WBGBIF2026_E0267,Scolopax rusticola,Aves,Belgium,BEL,Scolopax rusticola,Scolopax,Scolopacidae,Charadriiformes,Aves,high,5.0,5.0,false,
speciesnet_v403b_geo_supported_overlap,BioCLIP 2.5 geo custom labels,1,not_redistributed_public_staging_speciesnet_overlap_only,WBGBIF2026_E0268,Sitta europaea,Aves,Belgium,BEL,Sitta europaea,Sitta,Sittidae,Passeriformes,Aves,high,5.0,5.0,false,
speciesnet_v403b_geo_supported_overlap,BioCLIP 2.5 geo custom labels,1,not_redistributed_public_staging_speciesnet_overlap_only,WBGBIF2026_E0269,Sitta europaea,Aves,Belgium,BEL,Sciurus vulgaris,Sciurus,Sciuridae,Rodentia,Mammalia,high,0.0,-5.0,true,
speciesnet_v403b_geo_supported_overlap,BioCLIP 2.5 geo custom labels,1,not_redistributed_public_staging_speciesnet_overlap_only,WBGBIF2026_E0270,Sitta europaea,Aves,Belgium,BEL,Sciurus vulgaris,Sciurus,Sciuridae,Rodentia,Mammalia,high,0.0,-5.0,true,
speciesnet_v403b_geo_supported_overlap,BioCLIP 2.5 geo custom labels,1,not_redistributed_public_staging_speciesnet_overlap_only,WBGBIF2026_E0271,Strix aluco,Aves,Belgium,BEL,Martes foina,Martes,Mustelidae,Carnivora,Mammalia,high,0.0,-5.0,true,
speciesnet_v403b_geo_supported_overlap,BioCLIP 2.5 geo custom labels,1,not_redistributed_public_staging_speciesnet_overlap_only,WBGBIF2026_E0272,Strix aluco,Aves,Belgium,BEL,Vulpes vulpes,Vulpes,Canidae,Carnivora,Mammalia,high,0.0,-5.0,true,
speciesnet_v403b_geo_supported_overlap,BioCLIP 2.5 geo custom labels,1,not_redistributed_public_staging_speciesnet_overlap_only,WBGBIF2026_E0273,Strix aluco,Aves,Belgium,BEL,Strix aluco,Strix,Strigidae,Strigiformes,Aves,high,5.0,5.0,false,
speciesnet_v403b_geo_supported_overlap,BioCLIP 2.5 geo custom labels,1,not_redistributed_public_staging_speciesnet_overlap_only,WBGBIF2026_E0274,Sturnus vulgaris,Aves,Luxembourg,LUX,Turdus philomelos,Turdus,Turdidae,Passeriformes,Aves,medium,1.0,-4.0,true,
speciesnet_v403b_geo_supported_overlap,BioCLIP 2.5 geo custom labels,1,not_redistributed_public_staging_speciesnet_overlap_only,WBGBIF2026_E0275,Sturnus vulgaris,Aves,Luxembourg,LUX,Capreolus capreolus,Capreolus,Cervidae,Artiodactyla,Mammalia,high,0.0,-5.0,true,
speciesnet_v403b_geo_supported_overlap,BioCLIP 2.5 geo custom labels,1,not_redistributed_public_staging_speciesnet_overlap_only,WBGBIF2026_E0276,Sturnus vulgaris,Aves,France,FRA,Capreolus capreolus,Capreolus,Cervidae,Artiodactyla,Mammalia,high,0.0,-5.0,true,
speciesnet_v403b_geo_supported_overlap,BioCLIP 2.5 geo custom labels,1,not_redistributed_public_staging_speciesnet_overlap_only,WBGBIF2026_E0277,Sus scrofa,Mammalia,Belgium,BEL,Martes martes,Martes,Mustelidae,Carnivora,Mammalia,high,0.5,-4.5,true,
speciesnet_v403b_geo_supported_overlap,BioCLIP 2.5 geo custom labels,1,not_redistributed_public_staging_speciesnet_overlap_only,WBGBIF2026_E0278,Sus scrofa,Mammalia,Belgium,BEL,Martes martes,Martes,Mustelidae,Carnivora,Mammalia,high,0.5,-4.5,true,
speciesnet_v403b_geo_supported_overlap,BioCLIP 2.5 geo custom labels,1,not_redistributed_public_staging_speciesnet_overlap_only,WBGBIF2026_E0279,Sus scrofa,Mammalia,Belgium,BEL,Vulpes vulpes,Vulpes,Canidae,Carnivora,Mammalia,high,0.5,-4.5,true,
speciesnet_v403b_geo_supported_overlap,BioCLIP 2.5 geo custom labels,1,not_redistributed_public_staging_speciesnet_overlap_only,WBGBIF2026_E0289,Syrmaticus reevesii,Aves,Belgium,BEL,Phasianus colchicus,Phasianus,Phasianidae,Galliformes,Aves,high,2.0,-3.0,true,
speciesnet_v403b_geo_supported_overlap,BioCLIP 2.5 geo custom labels,1,not_redistributed_public_staging_speciesnet_overlap_only,WBGBIF2026_E0290,Syrmaticus reevesii,Aves,Belgium,BEL,Scolopax rusticola,Scolopax,Scolopacidae,Charadriiformes,Aves,high,0.5,-4.5,true,
speciesnet_v403b_geo_supported_overlap,BioCLIP 2.5 geo custom labels,1,not_redistributed_public_staging_speciesnet_overlap_only,WBGBIF2026_E0291,Syrmaticus reevesii,Aves,Belgium,BEL,Vulpes vulpes,Vulpes,Canidae,Carnivora,Mammalia,high,0.0,-5.0,true,
speciesnet_v403b_geo_supported_overlap,BioCLIP 2.5 geo custom labels,1,not_redistributed_public_staging_speciesnet_overlap_only,WBGBIF2026_E0292,Tapirus terrestris,Mammalia,Ecuador,ECU,Mazama americana,Mazama,Cervidae,Artiodactyla,Mammalia,high,0.5,-4.5,true,
speciesnet_v403b_geo_supported_overlap,BioCLIP 2.5 geo custom labels,1,not_redistributed_public_staging_speciesnet_overlap_only,WBGBIF2026_E0293,Tapirus terrestris,Mammalia,Ecuador,ECU,Tapirus terrestris,Tapirus,Tapiridae,Perissodactyla,Mammalia,high,5.0,5.0,false,
speciesnet_v403b_geo_supported_overlap,BioCLIP 2.5 geo custom labels,1,not_redistributed_public_staging_speciesnet_overlap_only,WBGBIF2026_E0294,Tapirus terrestris,Mammalia,Ecuador,ECU,Tapirus terrestris,Tapirus,Tapiridae,Perissodactyla,Mammalia,high,5.0,5.0,false,
speciesnet_v403b_geo_supported_overlap,BioCLIP 2.5 geo custom labels,1,not_redistributed_public_staging_speciesnet_overlap_only,WBGBIF2026_E0295,Tayassu pecari,Mammalia,Ecuador,ECU,Tayassu pecari,Tayassu,Tayassuidae,Artiodactyla,Mammalia,high,5.0,5.0,false,
speciesnet_v403b_geo_supported_overlap,BioCLIP 2.5 geo custom labels,1,not_redistributed_public_staging_speciesnet_overlap_only,WBGBIF2026_E0296,Tayassu pecari,Mammalia,Ecuador,ECU,Didelphis marsupialis,Didelphis,Didelphidae,Didelphimorphia,Mammalia,high,0.5,-4.5,true,
speciesnet_v403b_geo_supported_overlap,BioCLIP 2.5 geo custom labels,1,not_redistributed_public_staging_speciesnet_overlap_only,WBGBIF2026_E0297,Tayassu pecari,Mammalia,Ecuador,ECU,Pecari tajacu,Pecari,Tayassuidae,Artiodactyla,Mammalia,high,2.0,-3.0,true,
speciesnet_v403b_geo_supported_overlap,BioCLIP 2.5 geo custom labels,1,not_redistributed_public_staging_speciesnet_overlap_only,WBGBIF2026_E0298,Tinamus major,Aves,Ecuador,ECU,Sciurus granatensis,Sciurus,Sciuridae,Rodentia,Mammalia,high,0.0,-5.0,true,species
speciesnet_v403b_geo_supported_overlap,BioCLIP 2.5 geo custom labels,1,not_redistributed_public_staging_speciesnet_overlap_only,WBGBIF2026_E0299,Tinamus major,Aves,Ecuador,ECU,Penelope purpurascens,Penelope,Cracidae,Galliformes,Aves,high,0.5,-4.5,true,
speciesnet_v403b_geo_supported_overlap,BioCLIP 2.5 geo custom labels,1,not_redistributed_public_staging_speciesnet_overlap_only,WBGBIF2026_E0300,Tinamus major,Aves,Ecuador,ECU,Tinamus major,Tinamus,Tinamidae,Tinamiformes,Aves,high,5.0,5.0,false,
speciesnet_v403b_geo_supported_overlap,BioCLIP 2.5 geo custom labels,1,not_redistributed_public_staging_speciesnet_overlap_only,WBGBIF2026_E0301,Tinamus tao,Aves,Ecuador,ECU,Dasyprocta punctata,Dasyprocta,Dasyproctidae,Rodentia,Mammalia,high,0.0,-5.0,true,
speciesnet_v403b_geo_supported_overlap,BioCLIP 2.5 geo custom labels,1,not_redistributed_public_staging_speciesnet_overlap_only,WBGBIF2026_E0302,Tinamus tao,Aves,Ecuador,ECU,Sciurus igniventris,Sciurus,Sciuridae,Rodentia,Mammalia,high,0.0,-5.0,true,
speciesnet_v403b_geo_supported_overlap,BioCLIP 2.5 geo custom labels,1,not_redistributed_public_staging_speciesnet_overlap_only,WBGBIF2026_E0303,Tinamus tao,Aves,Ecuador,ECU,Dasyprocta punctata,Dasyprocta,Dasyproctidae,Rodentia,Mammalia,high,0.0,-5.0,true,
speciesnet_v403b_geo_supported_overlap,BioCLIP 2.5 geo custom labels,1,not_redistributed_public_staging_speciesnet_overlap_only,WBGBIF2026_E0304,Tremarctos ornatus,Mammalia,Ecuador,ECU,Conepatus semistriatus,Conepatus,Mephitidae,Carnivora,Mammalia,high,1.0,-4.0,true,species|genus|family
speciesnet_v403b_geo_supported_overlap,BioCLIP 2.5 geo custom labels,1,not_redistributed_public_staging_speciesnet_overlap_only,WBGBIF2026_E0305,Tremarctos ornatus,Mammalia,Ecuador,ECU,Dasyprocta punctata,Dasyprocta,Dasyproctidae,Rodentia,Mammalia,high,0.5,-4.5,true,
speciesnet_v403b_geo_supported_overlap,BioCLIP 2.5 geo custom labels,1,not_redistributed_public_staging_speciesnet_overlap_only,WBGBIF2026_E0306,Tremarctos ornatus,Mammalia,Ecuador,ECU,Felis catus,Felis,Felidae,Carnivora,Mammalia,high,1.0,-4.0,true,
speciesnet_v403b_geo_supported_overlap,BioCLIP 2.5 geo custom labels,1,not_redistributed_public_staging_speciesnet_overlap_only,WBGBIF2026_E0307,Troglodytes troglodytes,Aves,Belgium,BEL,Muscardinus avellanarius,Muscardinus,Gliridae,Rodentia,Mammalia,high,0.0,-5.0,true,species|genus|family
speciesnet_v403b_geo_supported_overlap,BioCLIP 2.5 geo custom labels,1,not_redistributed_public_staging_speciesnet_overlap_only,WBGBIF2026_E0308,Troglodytes troglodytes,Aves,Belgium,BEL,Muntiacus reevesi,Muntiacus,Cervidae,Artiodactyla,Mammalia,high,0.0,-5.0,true,
speciesnet_v403b_geo_supported_overlap,BioCLIP 2.5 geo custom labels,1,not_redistributed_public_staging_speciesnet_overlap_only,WBGBIF2026_E0309,Troglodytes troglodytes,Aves,Belgium,BEL,Muscardinus avellanarius,Muscardinus,Gliridae,Rodentia,Mammalia,high,0.0,-5.0,true,species|genus|family
speciesnet_v403b_geo_supported_overlap,BioCLIP 2.5 geo custom labels,1,not_redistributed_public_staging_speciesnet_overlap_only,WBGBIF2026_E0310,Turdus iliacus,Aves,Belgium,BEL,Scolopax rusticola,Scolopax,Scolopacidae,Charadriiformes,Aves,high,0.5,-4.5,true,
speciesnet_v403b_geo_supported_overlap,BioCLIP 2.5 geo custom labels,1,not_redistributed_public_staging_speciesnet_overlap_only,WBGBIF2026_E0311,Turdus iliacus,Aves,Belgium,BEL,Erithacus rubecula,Erithacus,Muscicapidae,Passeriformes,Aves,high,1.0,-4.0,true,
speciesnet_v403b_geo_supported_overlap,BioCLIP 2.5 geo custom labels,1,not_redistributed_public_staging_speciesnet_overlap_only,WBGBIF2026_E0312,Turdus iliacus,Aves,Belgium,BEL,Scolopax rusticola,Scolopax,Scolopacidae,Charadriiformes,Aves,high,0.5,-4.5,true,
speciesnet_v403b_geo_supported_overlap,BioCLIP 2.5 geo custom labels,1,not_redistributed_public_staging_speciesnet_overlap_only,WBGBIF2026_E0313,Turdus merula,Aves,Belgium,BEL,Turdus merula,Turdus,Turdidae,Passeriformes,Aves,high,5.0,5.0,false,
speciesnet_v403b_geo_supported_overlap,BioCLIP 2.5 geo custom labels,1,not_redistributed_public_staging_speciesnet_overlap_only,WBGBIF2026_E0314,Turdus merula,Aves,Belgium,BEL,Turdus merula,Turdus,Turdidae,Passeriformes,Aves,high,5.0,5.0,false,
speciesnet_v403b_geo_supported_overlap,BioCLIP 2.5 geo custom labels,1,not_redistributed_public_staging_speciesnet_overlap_only,WBGBIF2026_E0315,Turdus merula,Aves,Belgium,BEL,Odocoileus virginianus,Odocoileus,Cervidae,Artiodactyla,Mammalia,high,0.0,-5.0,true,species|genus
speciesnet_v403b_geo_supported_overlap,BioCLIP 2.5 geo custom labels,1,not_redistributed_public_staging_speciesnet_overlap_only,WBGBIF2026_E0316,Turdus philomelos,Aves,Belgium,BEL,Vulpes vulpes,Vulpes,Canidae,Carnivora,Mammalia,medium,0.0,-5.0,true,
speciesnet_v403b_geo_supported_overlap,BioCLIP 2.5 geo custom labels,1,not_redistributed_public_staging_speciesnet_overlap_only,WBGBIF2026_E0317,Turdus philomelos,Aves,Belgium,BEL,Capreolus capreolus,Capreolus,Cervidae,Artiodactyla,Mammalia,high,0.0,-5.0,true,
speciesnet_v403b_geo_supported_overlap,BioCLIP 2.5 geo custom labels,1,not_redistributed_public_staging_speciesnet_overlap_only,WBGBIF2026_E0318,Turdus philomelos,Aves,Belgium,BEL,Turdus philomelos,Turdus,Turdidae,Passeriformes,Aves,high,5.0,5.0,false,
speciesnet_v403b_geo_supported_overlap,BioCLIP 2.5 geo custom labels,1,not_redistributed_public_staging_speciesnet_overlap_only,WBGBIF2026_E0319,Turdus pilaris,Aves,Germany,DEU,Martes martes,Martes,Mustelidae,Carnivora,Mammalia,high,0.0,-5.0,true,
speciesnet_v403b_geo_supported_overlap,BioCLIP 2.5 geo custom labels,1,not_redistributed_public_staging_speciesnet_overlap_only,WBGBIF2026_E0320,Turdus pilaris,Aves,Germany,DEU,Scolopax rusticola,Scolopax,Scolopacidae,Charadriiformes,Aves,high,0.5,-4.5,true,
speciesnet_v403b_geo_supported_overlap,BioCLIP 2.5 geo custom labels,1,not_redistributed_public_staging_speciesnet_overlap_only,WBGBIF2026_E0321,Turdus pilaris,Aves,Luxembourg,LUX,Sciurus vulgaris,Sciurus,Sciuridae,Rodentia,Mammalia,high,0.0,-5.0,true,
speciesnet_v403b_geo_supported_overlap,BioCLIP 2.5 geo custom labels,1,not_redistributed_public_staging_speciesnet_overlap_only,WBGBIF2026_E0325,Turdus viscivorus,Aves,Belgium,BEL,Odocoileus virginianus,Odocoileus,Cervidae,Artiodactyla,Mammalia,high,0.0,-5.0,true,species|genus
speciesnet_v403b_geo_supported_overlap,BioCLIP 2.5 geo custom labels,1,not_redistributed_public_staging_speciesnet_overlap_only,WBGBIF2026_E0326,Turdus viscivorus,Aves,Belgium,BEL,Turdus philomelos,Turdus,Turdidae,Passeriformes,Aves,high,3.0,-2.0,true,
speciesnet_v403b_geo_supported_overlap,BioCLIP 2.5 geo custom labels,1,not_redistributed_public_staging_speciesnet_overlap_only,WBGBIF2026_E0327,Turdus viscivorus,Aves,Luxembourg,LUX,Martes martes,Martes,Mustelidae,Carnivora,Mammalia,medium,0.0,-5.0,true,
speciesnet_v403b_geo_supported_overlap,BioCLIP 2.5 geo custom labels,1,not_redistributed_public_staging_speciesnet_overlap_only,WBGBIF2026_E0328,Vulpes vulpes,Mammalia,Belgium,BEL,Martes martes,Martes,Mustelidae,Carnivora,Mammalia,high,1.0,-4.0,true,
speciesnet_v403b_geo_supported_overlap,BioCLIP 2.5 geo custom labels,1,not_redistributed_public_staging_speciesnet_overlap_only,WBGBIF2026_E0329,Vulpes vulpes,Mammalia,Belgium,BEL,Vulpes vulpes,Vulpes,Canidae,Carnivora,Mammalia,high,5.0,5.0,false,
speciesnet_v403b_geo_supported_overlap,BioCLIP 2.5 geo custom labels,1,not_redistributed_public_staging_speciesnet_overlap_only,WBGBIF2026_E0330,Vulpes vulpes,Mammalia,Luxembourg,LUX,Vulpes vulpes,Vulpes,Canidae,Carnivora,Mammalia,high,5.0,5.0,false,
speciesnet_v403b_geo_supported_overlap,Gemini 3.1 Flash-Lite BP47,1,not_redistributed_public_staging_speciesnet_overlap_only,WBGBIF2026_E0001,Accipiter nisus,Aves,Belgium,BEL,Strix aluco,Strix,Strigidae,Strigiformes,Aves,high,0.5,-4.5,true,
speciesnet_v403b_geo_supported_overlap,Gemini 3.1 Flash-Lite BP47,1,not_redistributed_public_staging_speciesnet_overlap_only,WBGBIF2026_E0002,Accipiter nisus,Aves,Luxembourg,LUX,Accipiter gentilis,Accipiter,Accipitridae,Accipitriformes,Aves,high,3.0,-2.0,true,species
speciesnet_v403b_geo_supported_overlap,Gemini 3.1 Flash-Lite BP47,1,not_redistributed_public_staging_speciesnet_overlap_only,WBGBIF2026_E0003,Accipiter nisus,Aves,Luxembourg,LUX,Accipiter nisus,Accipiter,Accipitridae,Accipitriformes,Aves,high,5.0,5.0,false,
speciesnet_v403b_geo_supported_overlap,Gemini 3.1 Flash-Lite BP47,1,not_redistributed_public_staging_speciesnet_overlap_only,WBGBIF2026_E0007,Alopochen aegyptiaca,Aves,Belgium,BEL,Alopochen aegyptiaca,Alopochen,Anatidae,Anseriformes,Aves,high,5.0,5.0,false,
speciesnet_v403b_geo_supported_overlap,Gemini 3.1 Flash-Lite BP47,1,not_redistributed_public_staging_speciesnet_overlap_only,WBGBIF2026_E0008,Alopochen aegyptiaca,Aves,Belgium,BEL,Alopochen aegyptiaca,Alopochen,Anatidae,Anseriformes,Aves,high,5.0,5.0,false,
speciesnet_v403b_geo_supported_overlap,Gemini 3.1 Flash-Lite BP47,1,not_redistributed_public_staging_speciesnet_overlap_only,WBGBIF2026_E0009,Alopochen aegyptiaca,Aves,Belgium,BEL,,,,,,high,0.0,0.0,false,
speciesnet_v403b_geo_supported_overlap,Gemini 3.1 Flash-Lite BP47,1,not_redistributed_public_staging_speciesnet_overlap_only,WBGBIF2026_E0010,Anas platyrhynchos,Aves,Belgium,BEL,,,,,,low,0.0,0.0,false,
speciesnet_v403b_geo_supported_overlap,Gemini 3.1 Flash-Lite BP47,1,not_redistributed_public_staging_speciesnet_overlap_only,WBGBIF2026_E0011,Anas platyrhynchos,Aves,Belgium,BEL,Anas platyrhynchos,Anas,Anatidae,Anseriformes,Aves,high,5.0,5.0,false,
speciesnet_v403b_geo_supported_overlap,Gemini 3.1 Flash-Lite BP47,1,not_redistributed_public_staging_speciesnet_overlap_only,WBGBIF2026_E0012,Anas platyrhynchos,Aves,Belgium,BEL,Anas platyrhynchos,Anas,Anatidae,Anseriformes,Aves,high,5.0,5.0,false,
speciesnet_v403b_geo_supported_overlap,Gemini 3.1 Flash-Lite BP47,1,not_redistributed_public_staging_speciesnet_overlap_only,WBGBIF2026_E0013,Apodemus sylvaticus,Mammalia,Belgium,BEL,Apodemus sylvaticus,Apodemus,Muridae,Rodentia,Mammalia,medium,5.0,5.0,false,
speciesnet_v403b_geo_supported_overlap,Gemini 3.1 Flash-Lite BP47,1,not_redistributed_public_staging_speciesnet_overlap_only,WBGBIF2026_E0014,Apodemus sylvaticus,Mammalia,Belgium,BEL,Apodemus sylvaticus,Apodemus,Muridae,Rodentia,Mammalia,high,5.0,5.0,false,
speciesnet_v403b_geo_supported_overlap,Gemini 3.1 Flash-Lite BP47,1,not_redistributed_public_staging_speciesnet_overlap_only,WBGBIF2026_E0015,Apodemus sylvaticus,Mammalia,Belgium,BEL,Apodemus sylvaticus,Apodemus,Muridae,Rodentia,Mammalia,medium,5.0,5.0,false,
speciesnet_v403b_geo_supported_overlap,Gemini 3.1 Flash-Lite BP47,1,not_redistributed_public_staging_speciesnet_overlap_only,WBGBIF2026_E0016,Ardea cinerea,Aves,Belgium,BEL,Ardea cinerea,Ardea,Ardeidae,Pelecaniformes,Aves,high,5.0,5.0,false,
speciesnet_v403b_geo_supported_overlap,Gemini 3.1 Flash-Lite BP47,1,not_redistributed_public_staging_speciesnet_overlap_only,WBGBIF2026_E0017,Ardea cinerea,Aves,Belgium,BEL,Pica pica,Pica,Corvidae,Passeriformes,Aves,medium,0.5,-4.5,true,
speciesnet_v403b_geo_supported_overlap,Gemini 3.1 Flash-Lite BP47,1,not_redistributed_public_staging_speciesnet_overlap_only,WBGBIF2026_E0018,Ardea cinerea,Aves,Belgium,BEL,Ardea cinerea,Ardea,Ardeidae,Pelecaniformes,Aves,high,5.0,5.0,false,
speciesnet_v403b_geo_supported_overlap,Gemini 3.1 Flash-Lite BP47,1,not_redistributed_public_staging_speciesnet_overlap_only,WBGBIF2026_E0019,Atelocynus microtis,Mammalia,Ecuador,ECU,Speothos venaticus,Speothos,Canidae,Carnivora,Mammalia,high,2.0,-3.0,true,
speciesnet_v403b_geo_supported_overlap,Gemini 3.1 Flash-Lite BP47,1,not_redistributed_public_staging_speciesnet_overlap_only,WBGBIF2026_E0020,Atelocynus microtis,Mammalia,Ecuador,ECU,Speothos venaticus,Speothos,Canidae,Carnivora,Mammalia,high,2.0,-3.0,true,
speciesnet_v403b_geo_supported_overlap,Gemini 3.1 Flash-Lite BP47,1,not_redistributed_public_staging_speciesnet_overlap_only,WBGBIF2026_E0021,Atelocynus microtis,Mammalia,Ecuador,ECU,Eira barbara,Eira,Mustelidae,Carnivora,Mammalia,medium,1.0,-4.0,true,
speciesnet_v403b_geo_supported_overlap,Gemini 3.1 Flash-Lite BP47,1,not_redistributed_public_staging_speciesnet_overlap_only,WBGBIF2026_E0022,Bos taurus,Mammalia,Belgium,BEL,Bos taurus,Bos,Bovidae,Artiodactyla,Mammalia,high,5.0,5.0,false,
speciesnet_v403b_geo_supported_overlap,Gemini 3.1 Flash-Lite BP47,1,not_redistributed_public_staging_speciesnet_overlap_only,WBGBIF2026_E0023,Bos taurus,Mammalia,Ecuador,ECU,Bos taurus,Bos,Bovidae,Artiodactyla,Mammalia,high,5.0,5.0,false,
speciesnet_v403b_geo_supported_overlap,Gemini 3.1 Flash-Lite BP47,1,not_redistributed_public_staging_speciesnet_overlap_only,WBGBIF2026_E0024,Bos taurus,Mammalia,Ecuador,ECU,Mazama americana,Mazama,Cervidae,Artiodactyla,Mammalia,medium,1.0,-4.0,true,
speciesnet_v403b_geo_supported_overlap,Gemini 3.1 Flash-Lite BP47,1,not_redistributed_public_staging_speciesnet_overlap_only,WBGBIF2026_E0028,Buteo buteo,Aves,Belgium,BEL,Strix aluco,Strix,Strigidae,Strigiformes,Aves,high,0.5,-4.5,true,
speciesnet_v403b_geo_supported_overlap,Gemini 3.1 Flash-Lite BP47,1,not_redistributed_public_staging_speciesnet_overlap_only,WBGBIF2026_E0029,Buteo buteo,Aves,Luxembourg,LUX,Buteo buteo,Buteo,Accipitridae,Accipitriformes,Aves,high,5.0,5.0,false,
speciesnet_v403b_geo_supported_overlap,Gemini 3.1 Flash-Lite BP47,1,not_redistributed_public_staging_speciesnet_overlap_only,WBGBIF2026_E0030,Buteo buteo,Aves,Belgium,BEL,Buteo buteo,Buteo,Accipitridae,Accipitriformes,Aves,high,5.0,5.0,false,
speciesnet_v403b_geo_supported_overlap,Gemini 3.1 Flash-Lite BP47,1,not_redistributed_public_staging_speciesnet_overlap_only,WBGBIF2026_E0034,Capreolus capreolus,Mammalia,Luxembourg,LUX,Capreolus capreolus,Capreolus,Cervidae,Artiodactyla,Mammalia,medium,5.0,5.0,false,
speciesnet_v403b_geo_supported_overlap,Gemini 3.1 Flash-Lite BP47,1,not_redistributed_public_staging_speciesnet_overlap_only,WBGBIF2026_E0035,Capreolus capreolus,Mammalia,Luxembourg,LUX,Capreolus capreolus,Capreolus,Cervidae,Artiodactyla,Mammalia,high,5.0,5.0,false,
speciesnet_v403b_geo_supported_overlap,Gemini 3.1 Flash-Lite BP47,1,not_redistributed_public_staging_speciesnet_overlap_only,WBGBIF2026_E0036,Capreolus capreolus,Mammalia,Luxembourg,LUX,Capreolus capreolus,Capreolus,Cervidae,Artiodactyla,Mammalia,high,5.0,5.0,false,
speciesnet_v403b_geo_supported_overlap,Gemini 3.1 Flash-Lite BP47,1,not_redistributed_public_staging_speciesnet_overlap_only,WBGBIF2026_E0037,Castor fiber,Mammalia,Belgium,BEL,Meles meles,Meles,Mustelidae,Carnivora,Mammalia,medium,0.5,-4.5,true,
speciesnet_v403b_geo_supported_overlap,Gemini 3.1 Flash-Lite BP47,1,not_redistributed_public_staging_speciesnet_overlap_only,WBGBIF2026_E0038,Castor fiber,Mammalia,Belgium,BEL,Sus scrofa,Sus,Suidae,Artiodactyla,Mammalia,high,0.5,-4.5,true,
speciesnet_v403b_geo_supported_overlap,Gemini 3.1 Flash-Lite BP47,1,not_redistributed_public_staging_speciesnet_overlap_only,WBGBIF2026_E0039,Castor fiber,Mammalia,Belgium,BEL,Castor fiber,Castor,Castoridae,Rodentia,Mammalia,high,5.0,5.0,false,
speciesnet_v403b_geo_supported_overlap,Gemini 3.1 Flash-Lite BP47,1,not_redistributed_public_staging_speciesnet_overlap_only,WBGBIF2026_E0040,Cervus elaphus,Mammalia,Luxembourg,LUX,Capreolus capreolus,Capreolus,Cervidae,Artiodactyla,Mammalia,high,2.0,-3.0,true,
speciesnet_v403b_geo_supported_overlap,Gemini 3.1 Flash-Lite BP47,1,not_redistributed_public_staging_speciesnet_overlap_only,WBGBIF2026_E0041,Cervus elaphus,Mammalia,Luxembourg,LUX,Cervus elaphus,Cervus,Cervidae,Artiodactyla,Mammalia,high,5.0,5.0,false,
speciesnet_v403b_geo_supported_overlap,Gemini 3.1 Flash-Lite BP47,1,not_redistributed_public_staging_speciesnet_overlap_only,WBGBIF2026_E0042,Cervus elaphus,Mammalia,Luxembourg,LUX,Capreolus capreolus,Capreolus,Cervidae,Artiodactyla,Mammalia,medium,2.0,-3.0,true,
speciesnet_v403b_geo_supported_overlap,Gemini 3.1 Flash-Lite BP47,1,not_redistributed_public_staging_speciesnet_overlap_only,WBGBIF2026_E0055,Columba palumbus,Aves,Belgium,BEL,Columba palumbus,Columba,Columbidae,Columbiformes,Aves,high,5.0,5.0,false,
speciesnet_v403b_geo_supported_overlap,Gemini 3.1 Flash-Lite BP47,1,not_redistributed_public_staging_speciesnet_overlap_only,WBGBIF2026_E0056,Columba palumbus,Aves,Belgium,BEL,,,,,,high,0.0,0.0,false,
speciesnet_v403b_geo_supported_overlap,Gemini 3.1 Flash-Lite BP47,1,not_redistributed_public_staging_speciesnet_overlap_only,WBGBIF2026_E0057,Columba palumbus,Aves,Belgium,BEL,Pica pica,Pica,Corvidae,Passeriformes,Aves,high,0.5,-4.5,true,
speciesnet_v403b_geo_supported_overlap,Gemini 3.1 Flash-Lite BP47,1,not_redistributed_public_staging_speciesnet_overlap_only,WBGBIF2026_E0058,Corvus corone,Aves,Belgium,BEL,,Corvus,Corvidae,Passeriformes,Aves,medium,3.0,3.0,false,
speciesnet_v403b_geo_supported_overlap,Gemini 3.1 Flash-Lite BP47,1,not_redistributed_public_staging_speciesnet_overlap_only,WBGBIF2026_E0059,Corvus corone,Aves,Luxembourg,LUX,,,,,,low,0.0,0.0,false,
speciesnet_v403b_geo_supported_overlap,Gemini 3.1 Flash-Lite BP47,1,not_redistributed_public_staging_speciesnet_overlap_only,WBGBIF2026_E0060,Corvus corone,Aves,Belgium,BEL,Corvus corone,Corvus,Corvidae,Passeriformes,Aves,high,5.0,5.0,false,
speciesnet_v403b_geo_supported_overlap,Gemini 3.1 Flash-Lite BP47,1,not_redistributed_public_staging_speciesnet_overlap_only,WBGBIF2026_E0061,Corvus frugilegus,Aves,Luxembourg,LUX,,Corvus,Corvidae,Passeriformes,Aves,medium,3.0,3.0,false,
speciesnet_v403b_geo_supported_overlap,Gemini 3.1 Flash-Lite BP47,1,not_redistributed_public_staging_speciesnet_overlap_only,WBGBIF2026_E0062,Corvus frugilegus,Aves,Luxembourg,LUX,Corvus corone,Corvus,Corvidae,Passeriformes,Aves,medium,3.0,-2.0,true,
speciesnet_v403b_geo_supported_overlap,Gemini 3.1 Flash-Lite BP47,1,not_redistributed_public_staging_speciesnet_overlap_only,WBGBIF2026_E0063,Corvus frugilegus,Aves,Luxembourg,LUX,Corvus corone,Corvus,Corvidae,Passeriformes,Aves,high,3.0,-2.0,true,
speciesnet_v403b_geo_supported_overlap,Gemini 3.1 Flash-Lite BP47,1,not_redistributed_public_staging_speciesnet_overlap_only,WBGBIF2026_E0064,Cuniculus paca,Mammalia,Ecuador,ECU,Cuniculus paca,Cuniculus,Cuniculidae,Rodentia,Mammalia,high,5.0,5.0,false,
speciesnet_v403b_geo_supported_overlap,Gemini 3.1 Flash-Lite BP47,1,not_redistributed_public_staging_speciesnet_overlap_only,WBGBIF2026_E0065,Cuniculus paca,Mammalia,Ecuador,ECU,Leopardus wiedii,Leopardus,Felidae,Carnivora,Mammalia,medium,0.5,-4.5,true,
speciesnet_v403b_geo_supported_overlap,Gemini 3.1 Flash-Lite BP47,1,not_redistributed_public_staging_speciesnet_overlap_only,WBGBIF2026_E0066,Cuniculus paca,Mammalia,Ecuador,ECU,,Mazama,Cervidae,Artiodactyla,Mammalia,medium,0.5,-4.5,true,
speciesnet_v403b_geo_supported_overlap,Gemini 3.1 Flash-Lite BP47,1,not_redistributed_public_staging_speciesnet_overlap_only,WBGBIF2026_E0070,Dama dama,Mammalia,Belgium,BEL,Dama dama,Dama,Cervidae,Artiodactyla,Mammalia,high,5.0,5.0,false,
speciesnet_v403b_geo_supported_overlap,Gemini 3.1 Flash-Lite BP47,1,not_redistributed_public_staging_speciesnet_overlap_only,WBGBIF2026_E0071,Dama dama,Mammalia,Belgium,BEL,,,,,,low,0.0,0.0,false,
speciesnet_v403b_geo_supported_overlap,Gemini 3.1 Flash-Lite BP47,1,not_redistributed_public_staging_speciesnet_overlap_only,WBGBIF2026_E0072,Dama dama,Mammalia,Belgium,BEL,Dama dama,Dama,Cervidae,Artiodactyla,Mammalia,high,5.0,5.0,false,
speciesnet_v403b_geo_supported_overlap,Gemini 3.1 Flash-Lite BP47,1,not_redistributed_public_staging_speciesnet_overlap_only,WBGBIF2026_E0073,Dasyprocta fuliginosa,Mammalia,Ecuador,ECU,Cuniculus paca,Cuniculus,Cuniculidae,Rodentia,Mammalia,high,1.0,-4.0,true,
speciesnet_v403b_geo_supported_overlap,Gemini 3.1 Flash-Lite BP47,1,not_redistributed_public_staging_speciesnet_overlap_only,WBGBIF2026_E0074,Dasyprocta fuliginosa,Mammalia,Ecuador,ECU,,Mazama,Cervidae,Artiodactyla,Mammalia,low,0.5,-4.5,true,
speciesnet_v403b_geo_supported_overlap,Gemini 3.1 Flash-Lite BP47,1,not_redistributed_public_staging_speciesnet_overlap_only,WBGBIF2026_E0075,Dasyprocta fuliginosa,Mammalia,Ecuador,ECU,,Dasyprocta,Dasyproctidae,Rodentia,Mammalia,high,3.0,3.0,false,
speciesnet_v403b_geo_supported_overlap,Gemini 3.1 Flash-Lite BP47,1,not_redistributed_public_staging_speciesnet_overlap_only,WBGBIF2026_E0076,Dasyprocta punctata,Mammalia,Ecuador,ECU,Dasyprocta punctata,Dasyprocta,Dasyproctidae,Rodentia,Mammalia,medium,5.0,5.0,false,
speciesnet_v403b_geo_supported_overlap,Gemini 3.1 Flash-Lite BP47,1,not_redistributed_public_staging_speciesnet_overlap_only,WBGBIF2026_E0077,Dasyprocta punctata,Mammalia,Ecuador,ECU,Cuniculus paca,Cuniculus,Cuniculidae,Rodentia,Mammalia,medium,1.0,-4.0,true,
speciesnet_v403b_geo_supported_overlap,Gemini 3.1 Flash-Lite BP47,1,not_redistributed_public_staging_speciesnet_overlap_only,WBGBIF2026_E0078,Dasyprocta punctata,Mammalia,Ecuador,ECU,,Leopardus,Felidae,Carnivora,Mammalia,medium,0.5,-4.5,true,
speciesnet_v403b_geo_supported_overlap,Gemini 3.1 Flash-Lite BP47,1,not_redistributed_public_staging_speciesnet_overlap_only,WBGBIF2026_E0079,Dasypus novemcinctus,Mammalia,Ecuador,ECU,Tamandua tetradactyla,Tamandua,Myrmecophagidae,Pilosa,Mammalia,medium,0.5,-4.5,true,
speciesnet_v403b_geo_supported_overlap,Gemini 3.1 Flash-Lite BP47,1,not_redistributed_public_staging_speciesnet_overlap_only,WBGBIF2026_E0080,Dasypus novemcinctus,Mammalia,Ecuador,ECU,,Dasypus,Dasypodidae,Cingulata,Mammalia,medium,3.0,3.0,false,
speciesnet_v403b_geo_supported_overlap,Gemini 3.1 Flash-Lite BP47,1,not_redistributed_public_staging_speciesnet_overlap_only,WBGBIF2026_E0081,Dasypus novemcinctus,Mammalia,Ecuador,ECU,Dasypus novemcinctus,Dasypus,Dasypodidae,Cingulata,Mammalia,high,5.0,5.0,false,
speciesnet_v403b_geo_supported_overlap,Gemini 3.1 Flash-Lite BP47,1,not_redistributed_public_staging_speciesnet_overlap_only,WBGBIF2026_E0082,Dendrocopos major,Aves,Belgium,BEL,Dendrocopos major,Dendrocopos,Picidae,Piciformes,Aves,high,5.0,5.0,false,
speciesnet_v403b_geo_supported_overlap,Gemini 3.1 Flash-Lite BP47,1,not_redistributed_public_staging_speciesnet_overlap_only,WBGBIF2026_E0083,Dendrocopos major,Aves,Belgium,BEL,Dendrocopos major,Dendrocopos,Picidae,Piciformes,Aves,high,5.0,5.0,false,
speciesnet_v403b_geo_supported_overlap,Gemini 3.1 Flash-Lite BP47,1,not_redistributed_public_staging_speciesnet_overlap_only,WBGBIF2026_E0084,Dendrocopos major,Aves,Belgium,BEL,Dendrocopos major,Dendrocopos,Picidae,Piciformes,Aves,high,5.0,5.0,false,
speciesnet_v403b_geo_supported_overlap,Gemini 3.1 Flash-Lite BP47,1,not_redistributed_public_staging_speciesnet_overlap_only,WBGBIF2026_E0088,Didelphis marsupialis,Mammalia,Ecuador,ECU,Didelphis marsupialis,Didelphis,Didelphidae,Didelphimorphia,Mammalia,medium,5.0,5.0,false,
speciesnet_v403b_geo_supported_overlap,Gemini 3.1 Flash-Lite BP47,1,not_redistributed_public_staging_speciesnet_overlap_only,WBGBIF2026_E0089,Didelphis marsupialis,Mammalia,Ecuador,ECU,,,,Squamata,Reptilia,low,0.0,-5.0,true,order|class
speciesnet_v403b_geo_supported_overlap,Gemini 3.1 Flash-Lite BP47,1,not_redistributed_public_staging_speciesnet_overlap_only,WBGBIF2026_E0090,Didelphis marsupialis,Mammalia,Ecuador,ECU,Didelphis marsupialis,Didelphis,Didelphidae,Didelphimorphia,Mammalia,medium,5.0,5.0,false,
speciesnet_v403b_geo_supported_overlap,Gemini 3.1 Flash-Lite BP47,1,not_redistributed_public_staging_speciesnet_overlap_only,WBGBIF2026_E0091,Dryocopus martius,Aves,Belgium,BEL,Dryocopus martius,Dryocopus,Picidae,Piciformes,Aves,high,5.0,5.0,false,
speciesnet_v403b_geo_supported_overlap,Gemini 3.1 Flash-Lite BP47,1,not_redistributed_public_staging_speciesnet_overlap_only,WBGBIF2026_E0092,Dryocopus martius,Aves,Belgium,BEL,Dryocopus martius,Dryocopus,Picidae,Piciformes,Aves,high,5.0,5.0,false,
speciesnet_v403b_geo_supported_overlap,Gemini 3.1 Flash-Lite BP47,1,not_redistributed_public_staging_speciesnet_overlap_only,WBGBIF2026_E0093,Dryocopus martius,Aves,Luxembourg,LUX,Dryocopus martius,Dryocopus,Picidae,Piciformes,Aves,high,5.0,5.0,false,
speciesnet_v403b_geo_supported_overlap,Gemini 3.1 Flash-Lite BP47,1,not_redistributed_public_staging_speciesnet_overlap_only,WBGBIF2026_E0094,Eira barbara,Mammalia,Ecuador,ECU,Eira barbara,Eira,Mustelidae,Carnivora,Mammalia,high,5.0,5.0,false,
speciesnet_v403b_geo_supported_overlap,Gemini 3.1 Flash-Lite BP47,1,not_redistributed_public_staging_speciesnet_overlap_only,WBGBIF2026_E0095,Eira barbara,Mammalia,Ecuador,ECU,Eira barbara,Eira,Mustelidae,Carnivora,Mammalia,high,5.0,5.0,false,
speciesnet_v403b_geo_supported_overlap,Gemini 3.1 Flash-Lite BP47,1,not_redistributed_public_staging_speciesnet_overlap_only,WBGBIF2026_E0096,Eira barbara,Mammalia,Ecuador,ECU,Eira barbara,Eira,Mustelidae,Carnivora,Mammalia,high,5.0,5.0,false,
speciesnet_v403b_geo_supported_overlap,Gemini 3.1 Flash-Lite BP47,1,not_redistributed_public_staging_speciesnet_overlap_only,WBGBIF2026_E0103,Erinaceus europaeus,Mammalia,Belgium,BEL,Mustela erminea,Mustela,Mustelidae,Carnivora,Mammalia,high,0.5,-4.5,true,
speciesnet_v403b_geo_supported_overlap,Gemini 3.1 Flash-Lite BP47,1,not_redistributed_public_staging_speciesnet_overlap_only,WBGBIF2026_E0104,Erinaceus europaeus,Mammalia,Belgium,BEL,Erinaceus europaeus,Erinaceus,Erinaceidae,Eulipotyphla,Mammalia,high,5.0,0.0,true,order
speciesnet_v403b_geo_supported_overlap,Gemini 3.1 Flash-Lite BP47,1,not_redistributed_public_staging_speciesnet_overlap_only,WBGBIF2026_E0105,Erinaceus europaeus,Mammalia,Belgium,BEL,Apodemus sylvaticus,Apodemus,Muridae,Rodentia,Mammalia,medium,0.5,-4.5,true,
speciesnet_v403b_geo_supported_overlap,Gemini 3.1 Flash-Lite BP47,1,not_redistributed_public_staging_speciesnet_overlap_only,WBGBIF2026_E0106,Erithacus rubecula,Aves,Germany,DEU,Erithacus rubecula,Erithacus,Muscicapidae,Passeriformes,Aves,high,5.0,5.0,false,
speciesnet_v403b_geo_supported_overlap,Gemini 3.1 Flash-Lite BP47,1,not_redistributed_public_staging_speciesnet_overlap_only,WBGBIF2026_E0107,Erithacus rubecula,Aves,Belgium,BEL,Erithacus rubecula,Erithacus,Muscicapidae,Passeriformes,Aves,high,5.0,5.0,false,
speciesnet_v403b_geo_supported_overlap,Gemini 3.1 Flash-Lite BP47,1,not_redistributed_public_staging_speciesnet_overlap_only,WBGBIF2026_E0108,Erithacus rubecula,Aves,Belgium,BEL,,,,,,low,0.0,0.0,false,
speciesnet_v403b_geo_supported_overlap,Gemini 3.1 Flash-Lite BP47,1,not_redistributed_public_staging_speciesnet_overlap_only,WBGBIF2026_E0109,Falco tinnunculus,Aves,Luxembourg,LUX,Falco tinnunculus,Falco,Falconidae,Falconiformes,Aves,high,5.0,5.0,false,
speciesnet_v403b_geo_supported_overlap,Gemini 3.1 Flash-Lite BP47,1,not_redistributed_public_staging_speciesnet_overlap_only,WBGBIF2026_E0110,Falco tinnunculus,Aves,Luxembourg,LUX,Buteo buteo,Buteo,Accipitridae,Accipitriformes,Aves,medium,0.5,-4.5,true,
speciesnet_v403b_geo_supported_overlap,Gemini 3.1 Flash-Lite BP47,1,not_redistributed_public_staging_speciesnet_overlap_only,WBGBIF2026_E0111,Falco tinnunculus,Aves,Luxembourg,LUX,Falco tinnunculus,Falco,Falconidae,Falconiformes,Aves,high,5.0,5.0,false,
speciesnet_v403b_geo_supported_overlap,Gemini 3.1 Flash-Lite BP47,1,not_redistributed_public_staging_speciesnet_overlap_only,WBGBIF2026_E0112,Felis catus,Mammalia,Belgium,BEL,Mustela putorius,Mustela,Mustelidae,Carnivora,Mammalia,medium,1.0,-4.0,true,
speciesnet_v403b_geo_supported_overlap,Gemini 3.1 Flash-Lite BP47,1,not_redistributed_public_staging_speciesnet_overlap_only,WBGBIF2026_E0113,Felis catus,Mammalia,Belgium,BEL,Felis catus,Felis,Felidae,Carnivora,Mammalia,high,5.0,5.0,false,
speciesnet_v403b_geo_supported_overlap,Gemini 3.1 Flash-Lite BP47,1,not_redistributed_public_staging_speciesnet_overlap_only,WBGBIF2026_E0114,Felis catus,Mammalia,Belgium,BEL,Meles meles,Meles,Mustelidae,Carnivora,Mammalia,high,1.0,-4.0,true,
speciesnet_v403b_geo_supported_overlap,Gemini 3.1 Flash-Lite BP47,1,not_redistributed_public_staging_speciesnet_overlap_only,WBGBIF2026_E0115,Felis silvestris,Mammalia,Luxembourg,LUX,Meles meles,Meles,Mustelidae,Carnivora,Mammalia,medium,1.0,-4.0,true,
speciesnet_v403b_geo_supported_overlap,Gemini 3.1 Flash-Lite BP47,1,not_redistributed_public_staging_speciesnet_overlap_only,WBGBIF2026_E0116,Felis silvestris,Mammalia,Luxembourg,LUX,Felis silvestris,Felis,Felidae,Carnivora,Mammalia,high,5.0,5.0,false,
speciesnet_v403b_geo_supported_overlap,Gemini 3.1 Flash-Lite BP47,1,not_redistributed_public_staging_speciesnet_overlap_only,WBGBIF2026_E0117,Felis silvestris,Mammalia,Luxembourg,LUX,Felis silvestris,Felis,Felidae,Carnivora,Mammalia,high,5.0,5.0,false,
speciesnet_v403b_geo_supported_overlap,Gemini 3.1 Flash-Lite BP47,1,not_redistributed_public_staging_speciesnet_overlap_only,WBGBIF2026_E0118,Fringilla coelebs,Aves,Germany,DEU,Fringilla coelebs,Fringilla,Fringillidae,Passeriformes,Aves,high,5.0,5.0,false,
speciesnet_v403b_geo_supported_overlap,Gemini 3.1 Flash-Lite BP47,1,not_redistributed_public_staging_speciesnet_overlap_only,WBGBIF2026_E0119,Fringilla coelebs,Aves,Luxembourg,LUX,,,,,,low,0.0,0.0,false,
speciesnet_v403b_geo_supported_overlap,Gemini 3.1 Flash-Lite BP47,1,not_redistributed_public_staging_speciesnet_overlap_only,WBGBIF2026_E0120,Fringilla coelebs,Aves,Luxembourg,LUX,Phylloscopus collybita,Phylloscopus,Phylloscopidae,Passeriformes,Aves,medium,1.0,-4.0,true,
speciesnet_v403b_geo_supported_overlap,Gemini 3.1 Flash-Lite BP47,1,not_redistributed_public_staging_speciesnet_overlap_only,WBGBIF2026_E0127,Gallinula chloropus,Aves,Luxembourg,LUX,Gallinula chloropus,Gallinula,Rallidae,Gruiformes,Aves,high,5.0,5.0,false,
speciesnet_v403b_geo_supported_overlap,Gemini 3.1 Flash-Lite BP47,1,not_redistributed_public_staging_speciesnet_overlap_only,WBGBIF2026_E0128,Gallinula chloropus,Aves,Luxembourg,LUX,Gallinula chloropus,Gallinula,Rallidae,Gruiformes,Aves,low,5.0,5.0,false,
speciesnet_v403b_geo_supported_overlap,Gemini 3.1 Flash-Lite BP47,1,not_redistributed_public_staging_speciesnet_overlap_only,WBGBIF2026_E0129,Gallinula chloropus,Aves,Luxembourg,LUX,Gallinula chloropus,Gallinula,Rallidae,Gruiformes,Aves,high,5.0,5.0,false,
speciesnet_v403b_geo_supported_overlap,Gemini 3.1 Flash-Lite BP47,1,not_redistributed_public_staging_speciesnet_overlap_only,WBGBIF2026_E0130,Garrulus glandarius,Aves,Luxembourg,LUX,Garrulus glandarius,Garrulus,Corvidae,Passeriformes,Aves,high,5.0,5.0,false,
speciesnet_v403b_geo_supported_overlap,Gemini 3.1 Flash-Lite BP47,1,not_redistributed_public_staging_speciesnet_overlap_only,WBGBIF2026_E0131,Garrulus glandarius,Aves,Luxembourg,LUX,Garrulus glandarius,Garrulus,Corvidae,Passeriformes,Aves,high,5.0,5.0,false,
speciesnet_v403b_geo_supported_overlap,Gemini 3.1 Flash-Lite BP47,1,not_redistributed_public_staging_speciesnet_overlap_only,WBGBIF2026_E0132,Garrulus glandarius,Aves,Belgium,BEL,,,,,,low,0.0,0.0,false,
speciesnet_v403b_geo_supported_overlap,Gemini 3.1 Flash-Lite BP47,1,not_redistributed_public_staging_speciesnet_overlap_only,WBGBIF2026_E0136,Leopardus pardalis,Mammalia,Ecuador,ECU,Leopardus pardalis,Leopardus,Felidae,Carnivora,Mammalia,high,5.0,5.0,false,
speciesnet_v403b_geo_supported_overlap,Gemini 3.1 Flash-Lite BP47,1,not_redistributed_public_staging_speciesnet_overlap_only,WBGBIF2026_E0137,Leopardus pardalis,Mammalia,Ecuador,ECU,Leopardus pardalis,Leopardus,Felidae,Carnivora,Mammalia,high,5.0,5.0,false,
speciesnet_v403b_geo_supported_overlap,Gemini 3.1 Flash-Lite BP47,1,not_redistributed_public_staging_speciesnet_overlap_only,WBGBIF2026_E0138,Leopardus pardalis,Mammalia,Ecuador,ECU,Leopardus wiedii,Leopardus,Felidae,Carnivora,Mammalia,medium,3.0,-2.0,true,
speciesnet_v403b_geo_supported_overlap,Gemini 3.1 Flash-Lite BP47,1,not_redistributed_public_staging_speciesnet_overlap_only,WBGBIF2026_E0139,Leopardus wiedii,Mammalia,Ecuador,ECU,Leopardus pardalis,Leopardus,Felidae,Carnivora,Mammalia,high,3.0,-2.0,true,
speciesnet_v403b_geo_supported_overlap,Gemini 3.1 Flash-Lite BP47,1,not_redistributed_public_staging_speciesnet_overlap_only,WBGBIF2026_E0140,Leopardus wiedii,Mammalia,Ecuador,ECU,Leopardus pardalis,Leopardus,Felidae,Carnivora,Mammalia,high,3.0,-2.0,true,
speciesnet_v403b_geo_supported_overlap,Gemini 3.1 Flash-Lite BP47,1,not_redistributed_public_staging_speciesnet_overlap_only,WBGBIF2026_E0141,Leopardus wiedii,Mammalia,Ecuador,ECU,,Leopardus,Felidae,Carnivora,Mammalia,medium,3.0,3.0,false,
speciesnet_v403b_geo_supported_overlap,Gemini 3.1 Flash-Lite BP47,1,not_redistributed_public_staging_speciesnet_overlap_only,WBGBIF2026_E0142,Lepus europaeus,Mammalia,Belgium,BEL,Vulpes vulpes,Vulpes,Canidae,Carnivora,Mammalia,high,0.5,-4.5,true,
speciesnet_v403b_geo_supported_overlap,Gemini 3.1 Flash-Lite BP47,1,not_redistributed_public_staging_speciesnet_overlap_only,WBGBIF2026_E0143,Lepus europaeus,Mammalia,Luxembourg,LUX,Lepus europaeus,Lepus,Leporidae,Lagomorpha,Mammalia,high,5.0,5.0,false,
speciesnet_v403b_geo_supported_overlap,Gemini 3.1 Flash-Lite BP47,1,not_redistributed_public_staging_speciesnet_overlap_only,WBGBIF2026_E0144,Lepus europaeus,Mammalia,Belgium,BEL,Felis catus,Felis,Felidae,Carnivora,Mammalia,medium,0.5,-4.5,true,
speciesnet_v403b_geo_supported_overlap,Gemini 3.1 Flash-Lite BP47,1,not_redistributed_public_staging_speciesnet_overlap_only,WBGBIF2026_E0151,Martes foina,Mammalia,Luxembourg,LUX,Martes foina,Martes,Mustelidae,Carnivora,Mammalia,high,5.0,5.0,false,
speciesnet_v403b_geo_supported_overlap,Gemini 3.1 Flash-Lite BP47,1,not_redistributed_public_staging_speciesnet_overlap_only,WBGBIF2026_E0152,Martes foina,Mammalia,Belgium,BEL,Martes foina,Martes,Mustelidae,Carnivora,Mammalia,medium,5.0,5.0,false,
speciesnet_v403b_geo_supported_overlap,Gemini 3.1 Flash-Lite BP47,1,not_redistributed_public_staging_speciesnet_overlap_only,WBGBIF2026_E0153,Martes foina,Mammalia,Belgium,BEL,Procyon lotor,Procyon,Procyonidae,Carnivora,Mammalia,high,1.0,-4.0,true,
speciesnet_v403b_geo_supported_overlap,Gemini 3.1 Flash-Lite BP47,1,not_redistributed_public_staging_speciesnet_overlap_only,WBGBIF2026_E0154,Martes martes,Mammalia,Luxembourg,LUX,Martes foina,Martes,Mustelidae,Carnivora,Mammalia,high,3.0,-2.0,true,
speciesnet_v403b_geo_supported_overlap,Gemini 3.1 Flash-Lite BP47,1,not_redistributed_public_staging_speciesnet_overlap_only,WBGBIF2026_E0155,Martes martes,Mammalia,Luxembourg,LUX,Martes foina,Martes,Mustelidae,Carnivora,Mammalia,high,3.0,-2.0,true,
speciesnet_v403b_geo_supported_overlap,Gemini 3.1 Flash-Lite BP47,1,not_redistributed_public_staging_speciesnet_overlap_only,WBGBIF2026_E0156,Martes martes,Mammalia,Luxembourg,LUX,Vulpes vulpes,Vulpes,Canidae,Carnivora,Mammalia,high,1.0,-4.0,true,
speciesnet_v403b_geo_supported_overlap,Gemini 3.1 Flash-Lite BP47,1,not_redistributed_public_staging_speciesnet_overlap_only,WBGBIF2026_E0157,Mazama americana,Mammalia,Ecuador,ECU,,Mazama,Cervidae,Artiodactyla,Mammalia,medium,3.0,3.0,false,
speciesnet_v403b_geo_supported_overlap,Gemini 3.1 Flash-Lite BP47,1,not_redistributed_public_staging_speciesnet_overlap_only,WBGBIF2026_E0158,Mazama americana,Mammalia,Ecuador,ECU,Mazama americana,Mazama,Cervidae,Artiodactyla,Mammalia,medium,5.0,5.0,false,
speciesnet_v403b_geo_supported_overlap,Gemini 3.1 Flash-Lite BP47,1,not_redistributed_public_staging_speciesnet_overlap_only,WBGBIF2026_E0159,Mazama americana,Mammalia,Ecuador,ECU,,Mazama,Cervidae,Artiodactyla,Mammalia,medium,3.0,3.0,false,
speciesnet_v403b_geo_supported_overlap,Gemini 3.1 Flash-Lite BP47,1,not_redistributed_public_staging_speciesnet_overlap_only,WBGBIF2026_E0160,Mazama gouazoubira,Mammalia,Ecuador,ECU,,Mazama,Cervidae,Artiodactyla,Mammalia,medium,3.0,3.0,false,
speciesnet_v403b_geo_supported_overlap,Gemini 3.1 Flash-Lite BP47,1,not_redistributed_public_staging_speciesnet_overlap_only,WBGBIF2026_E0161,Mazama gouazoubira,Mammalia,Ecuador,ECU,Mazama americana,Mazama,Cervidae,Artiodactyla,Mammalia,medium,3.0,-2.0,true,
speciesnet_v403b_geo_supported_overlap,Gemini 3.1 Flash-Lite BP47,1,not_redistributed_public_staging_speciesnet_overlap_only,WBGBIF2026_E0162,Mazama gouazoubira,Mammalia,Ecuador,ECU,,,,,Mammalia,low,0.5,0.5,false,
speciesnet_v403b_geo_supported_overlap,Gemini 3.1 Flash-Lite BP47,1,not_redistributed_public_staging_speciesnet_overlap_only,WBGBIF2026_E0163,Meles meles,Mammalia,Luxembourg,LUX,Meles meles,Meles,Mustelidae,Carnivora,Mammalia,high,5.0,5.0,false,
speciesnet_v403b_geo_supported_overlap,Gemini 3.1 Flash-Lite BP47,1,not_redistributed_public_staging_speciesnet_overlap_only,WBGBIF2026_E0164,Meles meles,Mammalia,Luxembourg,LUX,Meles meles,Meles,Mustelidae,Carnivora,Mammalia,high,5.0,5.0,false,
speciesnet_v403b_geo_supported_overlap,Gemini 3.1 Flash-Lite BP47,1,not_redistributed_public_staging_speciesnet_overlap_only,WBGBIF2026_E0165,Meles meles,Mammalia,Belgium,BEL,,,,,,low,0.0,0.0,false,
speciesnet_v403b_geo_supported_overlap,Gemini 3.1 Flash-Lite BP47,1,not_redistributed_public_staging_speciesnet_overlap_only,WBGBIF2026_E0166,Metachirus nudicaudatus,Mammalia,Ecuador,ECU,Potos flavus,Potos,Procyonidae,Carnivora,Mammalia,high,0.5,-4.5,true,
speciesnet_v403b_geo_supported_overlap,Gemini 3.1 Flash-Lite BP47,1,not_redistributed_public_staging_speciesnet_overlap_only,WBGBIF2026_E0167,Metachirus nudicaudatus,Mammalia,Ecuador,ECU,,Marmosa,Didelphidae,Didelphimorphia,Mammalia,medium,2.0,-3.0,true,
speciesnet_v403b_geo_supported_overlap,Gemini 3.1 Flash-Lite BP47,1,not_redistributed_public_staging_speciesnet_overlap_only,WBGBIF2026_E0168,Metachirus nudicaudatus,Mammalia,Ecuador,ECU,Potos flavus,Potos,Procyonidae,Carnivora,Mammalia,high,0.5,-4.5,true,
speciesnet_v403b_geo_supported_overlap,Gemini 3.1 Flash-Lite BP47,1,not_redistributed_public_staging_speciesnet_overlap_only,WBGBIF2026_E0169,Mitu salvini,Aves,Ecuador,ECU,Crax rubra,Crax,Cracidae,Galliformes,Aves,high,2.0,-3.0,true,species
speciesnet_v403b_geo_supported_overlap,Gemini 3.1 Flash-Lite BP47,1,not_redistributed_public_staging_speciesnet_overlap_only,WBGBIF2026_E0170,Mitu salvini,Aves,Ecuador,ECU,,Ramphastos,Ramphastidae,Piciformes,Aves,medium,0.5,-4.5,true,genus|family
speciesnet_v403b_geo_supported_overlap,Gemini 3.1 Flash-Lite BP47,1,not_redistributed_public_staging_speciesnet_overlap_only,WBGBIF2026_E0171,Mitu salvini,Aves,Ecuador,ECU,Tinamus major,Tinamus,Tinamidae,Tinamiformes,Aves,medium,0.5,-4.5,true,
speciesnet_v403b_geo_supported_overlap,Gemini 3.1 Flash-Lite BP47,1,not_redistributed_public_staging_speciesnet_overlap_only,WBGBIF2026_E0175,Motacilla flava,Aves,Luxembourg,LUX,Motacilla alba,Motacilla,Motacillidae,Passeriformes,Aves,medium,3.0,-2.0,true,
speciesnet_v403b_geo_supported_overlap,Gemini 3.1 Flash-Lite BP47,1,not_redistributed_public_staging_speciesnet_overlap_only,WBGBIF2026_E0176,Motacilla flava,Aves,Luxembourg,LUX,Motacilla flava,Motacilla,Motacillidae,Passeriformes,Aves,high,5.0,5.0,false,
speciesnet_v403b_geo_supported_overlap,Gemini 3.1 Flash-Lite BP47,1,not_redistributed_public_staging_speciesnet_overlap_only,WBGBIF2026_E0177,Motacilla flava,Aves,Luxembourg,LUX,Anthus pratensis,Anthus,Motacillidae,Passeriformes,Aves,medium,2.0,-3.0,true,species|genus
speciesnet_v403b_geo_supported_overlap,Gemini 3.1 Flash-Lite BP47,1,not_redistributed_public_staging_speciesnet_overlap_only,WBGBIF2026_E0178,Mustela erminea,Mammalia,Belgium,BEL,Oryctolagus cuniculus,Oryctolagus,Leporidae,Lagomorpha,Mammalia,medium,0.5,-4.5,true,
speciesnet_v403b_geo_supported_overlap,Gemini 3.1 Flash-Lite BP47,1,not_redistributed_public_staging_speciesnet_overlap_only,WBGBIF2026_E0179,Mustela erminea,Mammalia,Luxembourg,LUX,Mustela nivalis,Mustela,Mustelidae,Carnivora,Mammalia,high,3.0,-2.0,true,
speciesnet_v403b_geo_supported_overlap,Gemini 3.1 Flash-Lite BP47,1,not_redistributed_public_staging_speciesnet_overlap_only,WBGBIF2026_E0180,Mustela erminea,Mammalia,Luxembourg,LUX,Mustela erminea,Mustela,Mustelidae,Carnivora,Mammalia,high,5.0,5.0,false,
speciesnet_v403b_geo_supported_overlap,Gemini 3.1 Flash-Lite BP47,1,not_redistributed_public_staging_speciesnet_overlap_only,WBGBIF2026_E0181,Mustela putorius,Mammalia,Luxembourg,LUX,Martes martes,Martes,Mustelidae,Carnivora,Mammalia,medium,2.0,-3.0,true,
speciesnet_v403b_geo_supported_overlap,Gemini 3.1 Flash-Lite BP47,1,not_redistributed_public_staging_speciesnet_overlap_only,WBGBIF2026_E0182,Mustela putorius,Mammalia,Belgium,BEL,Meles meles,Meles,Mustelidae,Carnivora,Mammalia,high,2.0,-3.0,true,
speciesnet_v403b_geo_supported_overlap,Gemini 3.1 Flash-Lite BP47,1,not_redistributed_public_staging_speciesnet_overlap_only,WBGBIF2026_E0183,Mustela putorius,Mammalia,Luxembourg,LUX,Meles meles,Meles,Mustelidae,Carnivora,Mammalia,high,2.0,-3.0,true,
speciesnet_v403b_geo_supported_overlap,Gemini 3.1 Flash-Lite BP47,1,not_redistributed_public_staging_speciesnet_overlap_only,WBGBIF2026_E0184,Myoprocta pratti,Mammalia,Ecuador,ECU,Dasyprocta fuliginosa,Dasyprocta,Dasyproctidae,Rodentia,Mammalia,medium,2.0,-3.0,true,
speciesnet_v403b_geo_supported_overlap,Gemini 3.1 Flash-Lite BP47,1,not_redistributed_public_staging_speciesnet_overlap_only,WBGBIF2026_E0185,Myoprocta pratti,Mammalia,Ecuador,ECU,Dasyprocta fuliginosa,Dasyprocta,Dasyproctidae,Rodentia,Mammalia,medium,2.0,-3.0,true,
speciesnet_v403b_geo_supported_overlap,Gemini 3.1 Flash-Lite BP47,1,not_redistributed_public_staging_speciesnet_overlap_only,WBGBIF2026_E0186,Myoprocta pratti,Mammalia,Ecuador,ECU,Dasyprocta fuliginosa,Dasyprocta,Dasyproctidae,Rodentia,Mammalia,medium,2.0,-3.0,true,
speciesnet_v403b_geo_supported_overlap,Gemini 3.1 Flash-Lite BP47,1,not_redistributed_public_staging_speciesnet_overlap_only,WBGBIF2026_E0187,Myrmecophaga tridactyla,Mammalia,Ecuador,ECU,Myrmecophaga tridactyla,Myrmecophaga,Myrmecophagidae,Pilosa,Mammalia,high,5.0,5.0,false,
speciesnet_v403b_geo_supported_overlap,Gemini 3.1 Flash-Lite BP47,1,not_redistributed_public_staging_speciesnet_overlap_only,WBGBIF2026_E0188,Myrmecophaga tridactyla,Mammalia,Ecuador,ECU,,,,,Mammalia,low,0.5,0.5,false,
speciesnet_v403b_geo_supported_overlap,Gemini 3.1 Flash-Lite BP47,1,not_redistributed_public_staging_speciesnet_overlap_only,WBGBIF2026_E0189,Myrmecophaga tridactyla,Mammalia,Ecuador,ECU,Myrmecophaga tridactyla,Myrmecophaga,Myrmecophagidae,Pilosa,Mammalia,high,5.0,5.0,false,
speciesnet_v403b_geo_supported_overlap,Gemini 3.1 Flash-Lite BP47,1,not_redistributed_public_staging_speciesnet_overlap_only,WBGBIF2026_E0190,Nothocrax urumutum,Aves,Ecuador,ECU,Neomorphus geoffroyi,Neomorphus,Cuculidae,Cuculiformes,Aves,high,0.5,-4.5,true,species|genus|family|order
speciesnet_v403b_geo_supported_overlap,Gemini 3.1 Flash-Lite BP47,1,not_redistributed_public_staging_speciesnet_overlap_only,WBGBIF2026_E0191,Nothocrax urumutum,Aves,Ecuador,ECU,Tinamus major,Tinamus,Tinamidae,Tinamiformes,Aves,high,0.5,-4.5,true,
speciesnet_v403b_geo_supported_overlap,Gemini 3.1 Flash-Lite BP47,1,not_redistributed_public_staging_speciesnet_overlap_only,WBGBIF2026_E0192,Nothocrax urumutum,Aves,Ecuador,ECU,Crax rubra,Crax,Cracidae,Galliformes,Aves,high,2.0,-3.0,true,species
speciesnet_v403b_geo_supported_overlap,Gemini 3.1 Flash-Lite BP47,1,not_redistributed_public_staging_speciesnet_overlap_only,WBGBIF2026_E0193,Oryctolagus cuniculus,Mammalia,Belgium,BEL,Oryctolagus cuniculus,Oryctolagus,Leporidae,Lagomorpha,Mammalia,high,5.0,5.0,false,
speciesnet_v403b_geo_supported_overlap,Gemini 3.1 Flash-Lite BP47,1,not_redistributed_public_staging_speciesnet_overlap_only,WBGBIF2026_E0194,Oryctolagus cuniculus,Mammalia,Belgium,BEL,,,,,Mammalia,low,0.5,0.5,false,
speciesnet_v403b_geo_supported_overlap,Gemini 3.1 Flash-Lite BP47,1,not_redistributed_public_staging_speciesnet_overlap_only,WBGBIF2026_E0195,Oryctolagus cuniculus,Mammalia,Luxembourg,LUX,,,,,Mammalia,low,0.5,0.5,false,
speciesnet_v403b_geo_supported_overlap,Gemini 3.1 Flash-Lite BP47,1,not_redistributed_public_staging_speciesnet_overlap_only,WBGBIF2026_E0196,Ovis aries,Mammalia,Belgium,BEL,Ovis aries,Ovis,Bovidae,Artiodactyla,Mammalia,high,5.0,5.0,false,
speciesnet_v403b_geo_supported_overlap,Gemini 3.1 Flash-Lite BP47,1,not_redistributed_public_staging_speciesnet_overlap_only,WBGBIF2026_E0197,Ovis aries,Mammalia,Belgium,BEL,Ovis gmelini,Ovis,Bovidae,Artiodactyla,Mammalia,high,3.0,-2.0,true,species
speciesnet_v403b_geo_supported_overlap,Gemini 3.1 Flash-Lite BP47,1,not_redistributed_public_staging_speciesnet_overlap_only,WBGBIF2026_E0198,Ovis aries,Mammalia,Belgium,BEL,Bos taurus,Bos,Bovidae,Artiodactyla,Mammalia,high,2.0,-3.0,true,
speciesnet_v403b_geo_supported_overlap,Gemini 3.1 Flash-Lite BP47,1,not_redistributed_public_staging_speciesnet_overlap_only,WBGBIF2026_E0199,Panthera onca,Mammalia,Ecuador,ECU,Panthera onca,Panthera,Felidae,Carnivora,Mammalia,high,5.0,5.0,false,
speciesnet_v403b_geo_supported_overlap,Gemini 3.1 Flash-Lite BP47,1,not_redistributed_public_staging_speciesnet_overlap_only,WBGBIF2026_E0200,Panthera onca,Mammalia,Ecuador,ECU,Panthera onca,Panthera,Felidae,Carnivora,Mammalia,high,5.0,5.0,false,
speciesnet_v403b_geo_supported_overlap,Gemini 3.1 Flash-Lite BP47,1,not_redistributed_public_staging_speciesnet_overlap_only,WBGBIF2026_E0201,Panthera onca,Mammalia,Ecuador,ECU,,,,,Mammalia,low,0.5,0.5,false,
speciesnet_v403b_geo_supported_overlap,Gemini 3.1 Flash-Lite BP47,1,not_redistributed_public_staging_speciesnet_overlap_only,WBGBIF2026_E0205,Passer domesticus,Aves,Luxembourg,LUX,Passer domesticus,Passer,Passeridae,Passeriformes,Aves,high,5.0,5.0,false,
speciesnet_v403b_geo_supported_overlap,Gemini 3.1 Flash-Lite BP47,1,not_redistributed_public_staging_speciesnet_overlap_only,WBGBIF2026_E0206,Passer domesticus,Aves,Luxembourg,LUX,Turdus philomelos,Turdus,Turdidae,Passeriformes,Aves,medium,1.0,-4.0,true,
speciesnet_v403b_geo_supported_overlap,Gemini 3.1 Flash-Lite BP47,1,not_redistributed_public_staging_speciesnet_overlap_only,WBGBIF2026_E0207,Passer domesticus,Aves,Luxembourg,LUX,Prunella modularis,Prunella,Prunellidae,Passeriformes,Aves,medium,1.0,-4.0,true,
speciesnet_v403b_geo_supported_overlap,Gemini 3.1 Flash-Lite BP47,1,not_redistributed_public_staging_speciesnet_overlap_only,WBGBIF2026_E0208,Pecari tajacu,Mammalia,Ecuador,ECU,Tayassu pecari,Tayassu,Tayassuidae,Artiodactyla,Mammalia,high,2.0,-3.0,true,
speciesnet_v403b_geo_supported_overlap,Gemini 3.1 Flash-Lite BP47,1,not_redistributed_public_staging_speciesnet_overlap_only,WBGBIF2026_E0209,Pecari tajacu,Mammalia,Ecuador,ECU,Pecari tajacu,Pecari,Tayassuidae,Artiodactyla,Mammalia,high,5.0,5.0,false,
speciesnet_v403b_geo_supported_overlap,Gemini 3.1 Flash-Lite BP47,1,not_redistributed_public_staging_speciesnet_overlap_only,WBGBIF2026_E0210,Pecari tajacu,Mammalia,Ecuador,ECU,Tayassu pecari,Tayassu,Tayassuidae,Artiodactyla,Mammalia,medium,2.0,-3.0,true,
speciesnet_v403b_geo_supported_overlap,Gemini 3.1 Flash-Lite BP47,1,not_redistributed_public_staging_speciesnet_overlap_only,WBGBIF2026_E0211,Penelope purpurascens,Aves,Ecuador,ECU,Penelope jacquacu,Penelope,Cracidae,Galliformes,Aves,high,3.0,-2.0,true,species
speciesnet_v403b_geo_supported_overlap,Gemini 3.1 Flash-Lite BP47,1,not_redistributed_public_staging_speciesnet_overlap_only,WBGBIF2026_E0212,Penelope purpurascens,Aves,Ecuador,ECU,Tinamus major,Tinamus,Tinamidae,Tinamiformes,Aves,medium,0.5,-4.5,true,
speciesnet_v403b_geo_supported_overlap,Gemini 3.1 Flash-Lite BP47,1,not_redistributed_public_staging_speciesnet_overlap_only,WBGBIF2026_E0213,Penelope purpurascens,Aves,Ecuador,ECU,Penelope jacquacu,Penelope,Cracidae,Galliformes,Aves,high,3.0,-2.0,true,species
speciesnet_v403b_geo_supported_overlap,Gemini 3.1 Flash-Lite BP47,1,not_redistributed_public_staging_speciesnet_overlap_only,WBGBIF2026_E0214,Phasianus colchicus,Aves,Belgium,BEL,Procyon lotor,Procyon,Procyonidae,Carnivora,Mammalia,high,0.0,-5.0,true,
speciesnet_v403b_geo_supported_overlap,Gemini 3.1 Flash-Lite BP47,1,not_redistributed_public_staging_speciesnet_overlap_only,WBGBIF2026_E0215,Phasianus colchicus,Aves,Belgium,BEL,Phasianus colchicus,Phasianus,Phasianidae,Galliformes,Aves,high,5.0,5.0,false,
speciesnet_v403b_geo_supported_overlap,Gemini 3.1 Flash-Lite BP47,1,not_redistributed_public_staging_speciesnet_overlap_only,WBGBIF2026_E0216,Phasianus colchicus,Aves,Belgium,BEL,Phasianus colchicus,Phasianus,Phasianidae,Galliformes,Aves,high,5.0,5.0,false,
speciesnet_v403b_geo_supported_overlap,Gemini 3.1 Flash-Lite BP47,1,not_redistributed_public_staging_speciesnet_overlap_only,WBGBIF2026_E0217,Phoenicurus ochruros,Aves,Luxembourg,LUX,Erithacus rubecula,Erithacus,Muscicapidae,Passeriformes,Aves,high,2.0,-3.0,true,
speciesnet_v403b_geo_supported_overlap,Gemini 3.1 Flash-Lite BP47,1,not_redistributed_public_staging_speciesnet_overlap_only,WBGBIF2026_E0218,Phoenicurus ochruros,Aves,Luxembourg,LUX,Phoenicurus phoenicurus,Phoenicurus,Muscicapidae,Passeriformes,Aves,high,3.0,-2.0,true,
speciesnet_v403b_geo_supported_overlap,Gemini 3.1 Flash-Lite BP47,1,not_redistributed_public_staging_speciesnet_overlap_only,WBGBIF2026_E0219,Phoenicurus ochruros,Aves,Luxembourg,LUX,,,,,,low,0.0,0.0,false,
speciesnet_v403b_geo_supported_overlap,Gemini 3.1 Flash-Lite BP47,1,not_redistributed_public_staging_speciesnet_overlap_only,WBGBIF2026_E0220,Phoenicurus phoenicurus,Aves,Luxembourg,LUX,Turdus merula,Turdus,Turdidae,Passeriformes,Aves,medium,1.0,-4.0,true,
speciesnet_v403b_geo_supported_overlap,Gemini 3.1 Flash-Lite BP47,1,not_redistributed_public_staging_speciesnet_overlap_only,WBGBIF2026_E0221,Phoenicurus phoenicurus,Aves,Luxembourg,LUX,Phoenicurus phoenicurus,Phoenicurus,Muscicapidae,Passeriformes,Aves,high,5.0,5.0,false,
speciesnet_v403b_geo_supported_overlap,Gemini 3.1 Flash-Lite BP47,1,not_redistributed_public_staging_speciesnet_overlap_only,WBGBIF2026_E0222,Phoenicurus phoenicurus,Aves,Luxembourg,LUX,Cyanistes caeruleus,Cyanistes,Paridae,Passeriformes,Aves,high,1.0,-4.0,true,
speciesnet_v403b_geo_supported_overlap,Gemini 3.1 Flash-Lite BP47,1,not_redistributed_public_staging_speciesnet_overlap_only,WBGBIF2026_E0226,Pica pica,Aves,Belgium,BEL,Pica pica,Pica,Corvidae,Passeriformes,Aves,high,5.0,5.0,false,
speciesnet_v403b_geo_supported_overlap,Gemini 3.1 Flash-Lite BP47,1,not_redistributed_public_staging_speciesnet_overlap_only,WBGBIF2026_E0227,Pica pica,Aves,Belgium,BEL,Pica pica,Pica,Corvidae,Passeriformes,Aves,high,5.0,5.0,false,
speciesnet_v403b_geo_supported_overlap,Gemini 3.1 Flash-Lite BP47,1,not_redistributed_public_staging_speciesnet_overlap_only,WBGBIF2026_E0228,Pica pica,Aves,Belgium,BEL,,,,,,high,0.0,0.0,false,
speciesnet_v403b_geo_supported_overlap,Gemini 3.1 Flash-Lite BP47,1,not_redistributed_public_staging_speciesnet_overlap_only,WBGBIF2026_E0229,Picus viridis,Aves,Belgium,BEL,Picus viridis,Picus,Picidae,Piciformes,Aves,high,5.0,5.0,false,
speciesnet_v403b_geo_supported_overlap,Gemini 3.1 Flash-Lite BP47,1,not_redistributed_public_staging_speciesnet_overlap_only,WBGBIF2026_E0230,Picus viridis,Aves,Luxembourg,LUX,Picus viridis,Picus,Picidae,Piciformes,Aves,high,5.0,5.0,false,
speciesnet_v403b_geo_supported_overlap,Gemini 3.1 Flash-Lite BP47,1,not_redistributed_public_staging_speciesnet_overlap_only,WBGBIF2026_E0231,Picus viridis,Aves,Luxembourg,LUX,Picus viridis,Picus,Picidae,Piciformes,Aves,high,5.0,5.0,false,
speciesnet_v403b_geo_supported_overlap,Gemini 3.1 Flash-Lite BP47,1,not_redistributed_public_staging_speciesnet_overlap_only,WBGBIF2026_E0238,Proechimys semispinosus,Mammalia,Ecuador,ECU,,Caenolestes,Caenolestidae,Paucituberculata,Mammalia,medium,0.5,-4.5,true,genus|family|order
speciesnet_v403b_geo_supported_overlap,Gemini 3.1 Flash-Lite BP47,1,not_redistributed_public_staging_speciesnet_overlap_only,WBGBIF2026_E0239,Proechimys semispinosus,Mammalia,Ecuador,ECU,,Marmosa,Didelphidae,Didelphimorphia,Mammalia,medium,0.5,-4.5,true,
speciesnet_v403b_geo_supported_overlap,Gemini 3.1 Flash-Lite BP47,1,not_redistributed_public_staging_speciesnet_overlap_only,WBGBIF2026_E0240,Proechimys semispinosus,Mammalia,Ecuador,ECU,,,Cricetidae,Rodentia,Mammalia,low,1.0,-4.0,true,
speciesnet_v403b_geo_supported_overlap,Gemini 3.1 Flash-Lite BP47,1,not_redistributed_public_staging_speciesnet_overlap_only,WBGBIF2026_E0244,Psophia crepitans,Aves,Ecuador,ECU,Psophia crepitans,Psophia,Psophiidae,Gruiformes,Aves,high,5.0,5.0,false,
speciesnet_v403b_geo_supported_overlap,Gemini 3.1 Flash-Lite BP47,1,not_redistributed_public_staging_speciesnet_overlap_only,WBGBIF2026_E0245,Psophia crepitans,Aves,Ecuador,ECU,Tinamus major,Tinamus,Tinamidae,Tinamiformes,Aves,medium,0.5,-4.5,true,
speciesnet_v403b_geo_supported_overlap,Gemini 3.1 Flash-Lite BP47,1,not_redistributed_public_staging_speciesnet_overlap_only,WBGBIF2026_E0246,Psophia crepitans,Aves,Ecuador,ECU,,,,,,low,0.0,0.0,false,
speciesnet_v403b_geo_supported_overlap,Gemini 3.1 Flash-Lite BP47,1,not_redistributed_public_staging_speciesnet_overlap_only,WBGBIF2026_E0247,Puma concolor,Mammalia,Ecuador,ECU,Puma concolor,Puma,Felidae,Carnivora,Mammalia,high,5.0,5.0,false,
speciesnet_v403b_geo_supported_overlap,Gemini 3.1 Flash-Lite BP47,1,not_redistributed_public_staging_speciesnet_overlap_only,WBGBIF2026_E0248,Puma concolor,Mammalia,Ecuador,ECU,Puma concolor,Puma,Felidae,Carnivora,Mammalia,high,5.0,5.0,false,
speciesnet_v403b_geo_supported_overlap,Gemini 3.1 Flash-Lite BP47,1,not_redistributed_public_staging_speciesnet_overlap_only,WBGBIF2026_E0249,Puma concolor,Mammalia,Ecuador,ECU,,,,,Mammalia,low,0.5,0.5,false,
speciesnet_v403b_geo_supported_overlap,Gemini 3.1 Flash-Lite BP47,1,not_redistributed_public_staging_speciesnet_overlap_only,WBGBIF2026_E0253,Rattus norvegicus,Mammalia,Belgium,BEL,Erinaceus europaeus,Erinaceus,Erinaceidae,Eulipotyphla,Mammalia,medium,0.5,-4.5,true,order
speciesnet_v403b_geo_supported_overlap,Gemini 3.1 Flash-Lite BP47,1,not_redistributed_public_staging_speciesnet_overlap_only,WBGBIF2026_E0254,Rattus norvegicus,Mammalia,Belgium,BEL,Erinaceus europaeus,Erinaceus,Erinaceidae,Eulipotyphla,Mammalia,medium,0.5,-4.5,true,order
speciesnet_v403b_geo_supported_overlap,Gemini 3.1 Flash-Lite BP47,1,not_redistributed_public_staging_speciesnet_overlap_only,WBGBIF2026_E0255,Rattus norvegicus,Mammalia,Belgium,BEL,Meles meles,Meles,Mustelidae,Carnivora,Mammalia,high,0.5,-4.5,true,
speciesnet_v403b_geo_supported_overlap,Gemini 3.1 Flash-Lite BP47,1,not_redistributed_public_staging_speciesnet_overlap_only,WBGBIF2026_E0259,Saxicola rubicola,Aves,Luxembourg,LUX,Anthus pratensis,Anthus,Motacillidae,Passeriformes,Aves,medium,1.0,-4.0,true,species|genus
speciesnet_v403b_geo_supported_overlap,Gemini 3.1 Flash-Lite BP47,1,not_redistributed_public_staging_speciesnet_overlap_only,WBGBIF2026_E0260,Saxicola rubicola,Aves,Luxembourg,LUX,Anthus pratensis,Anthus,Motacillidae,Passeriformes,Aves,medium,1.0,-4.0,true,species|genus
speciesnet_v403b_geo_supported_overlap,Gemini 3.1 Flash-Lite BP47,1,not_redistributed_public_staging_speciesnet_overlap_only,WBGBIF2026_E0261,Saxicola rubicola,Aves,Luxembourg,LUX,Saxicola rubicola,Saxicola,Muscicapidae,Passeriformes,Aves,high,5.0,5.0,false,
speciesnet_v403b_geo_supported_overlap,Gemini 3.1 Flash-Lite BP47,1,not_redistributed_public_staging_speciesnet_overlap_only,WBGBIF2026_E0262,Sciurus vulgaris,Mammalia,Luxembourg,LUX,,,,,,low,0.0,0.0,false,
speciesnet_v403b_geo_supported_overlap,Gemini 3.1 Flash-Lite BP47,1,not_redistributed_public_staging_speciesnet_overlap_only,WBGBIF2026_E0263,Sciurus vulgaris,Mammalia,Luxembourg,LUX,Sciurus vulgaris,Sciurus,Sciuridae,Rodentia,Mammalia,medium,5.0,5.0,false,
speciesnet_v403b_geo_supported_overlap,Gemini 3.1 Flash-Lite BP47,1,not_redistributed_public_staging_speciesnet_overlap_only,WBGBIF2026_E0264,Sciurus vulgaris,Mammalia,Luxembourg,LUX,Sciurus vulgaris,Sciurus,Sciuridae,Rodentia,Mammalia,high,5.0,5.0,false,
speciesnet_v403b_geo_supported_overlap,Gemini 3.1 Flash-Lite BP47,1,not_redistributed_public_staging_speciesnet_overlap_only,WBGBIF2026_E0265,Scolopax rusticola,Aves,Luxembourg,LUX,Tetrastes bonasia,Tetrastes,Phasianidae,Galliformes,Aves,high,0.5,-4.5,true,species|genus
speciesnet_v403b_geo_supported_overlap,Gemini 3.1 Flash-Lite BP47,1,not_redistributed_public_staging_speciesnet_overlap_only,WBGBIF2026_E0266,Scolopax rusticola,Aves,Belgium,BEL,,,,,Mammalia,low,0.0,-5.0,true,
speciesnet_v403b_geo_supported_overlap,Gemini 3.1 Flash-Lite BP47,1,not_redistributed_public_staging_speciesnet_overlap_only,WBGBIF2026_E0267,Scolopax rusticola,Aves,Belgium,BEL,Scolopax rusticola,Scolopax,Scolopacidae,Charadriiformes,Aves,high,5.0,5.0,false,
speciesnet_v403b_geo_supported_overlap,Gemini 3.1 Flash-Lite BP47,1,not_redistributed_public_staging_speciesnet_overlap_only,WBGBIF2026_E0268,Sitta europaea,Aves,Belgium,BEL,Sitta europaea,Sitta,Sittidae,Passeriformes,Aves,high,5.0,5.0,false,
speciesnet_v403b_geo_supported_overlap,Gemini 3.1 Flash-Lite BP47,1,not_redistributed_public_staging_speciesnet_overlap_only,WBGBIF2026_E0269,Sitta europaea,Aves,Belgium,BEL,,,,,,low,0.0,0.0,false,
speciesnet_v403b_geo_supported_overlap,Gemini 3.1 Flash-Lite BP47,1,not_redistributed_public_staging_speciesnet_overlap_only,WBGBIF2026_E0270,Sitta europaea,Aves,Belgium,BEL,Sitta europaea,Sitta,Sittidae,Passeriformes,Aves,high,5.0,5.0,false,
speciesnet_v403b_geo_supported_overlap,Gemini 3.1 Flash-Lite BP47,1,not_redistributed_public_staging_speciesnet_overlap_only,WBGBIF2026_E0271,Strix aluco,Aves,Belgium,BEL,Strix aluco,Strix,Strigidae,Strigiformes,Aves,high,5.0,5.0,false,
speciesnet_v403b_geo_supported_overlap,Gemini 3.1 Flash-Lite BP47,1,not_redistributed_public_staging_speciesnet_overlap_only,WBGBIF2026_E0272,Strix aluco,Aves,Belgium,BEL,Meles meles,Meles,Mustelidae,Carnivora,Mammalia,high,0.0,-5.0,true,
speciesnet_v403b_geo_supported_overlap,Gemini 3.1 Flash-Lite BP47,1,not_redistributed_public_staging_speciesnet_overlap_only,WBGBIF2026_E0273,Strix aluco,Aves,Belgium,BEL,Strix aluco,Strix,Strigidae,Strigiformes,Aves,high,5.0,5.0,false,
speciesnet_v403b_geo_supported_overlap,Gemini 3.1 Flash-Lite BP47,1,not_redistributed_public_staging_speciesnet_overlap_only,WBGBIF2026_E0274,Sturnus vulgaris,Aves,Luxembourg,LUX,Sturnus vulgaris,Sturnus,Sturnidae,Passeriformes,Aves,high,5.0,5.0,false,
speciesnet_v403b_geo_supported_overlap,Gemini 3.1 Flash-Lite BP47,1,not_redistributed_public_staging_speciesnet_overlap_only,WBGBIF2026_E0275,Sturnus vulgaris,Aves,Luxembourg,LUX,Prunella modularis,Prunella,Prunellidae,Passeriformes,Aves,medium,1.0,-4.0,true,
speciesnet_v403b_geo_supported_overlap,Gemini 3.1 Flash-Lite BP47,1,not_redistributed_public_staging_speciesnet_overlap_only,WBGBIF2026_E0276,Sturnus vulgaris,Aves,France,FRA,Sturnus vulgaris,Sturnus,Sturnidae,Passeriformes,Aves,high,5.0,5.0,false,
speciesnet_v403b_geo_supported_overlap,Gemini 3.1 Flash-Lite BP47,1,not_redistributed_public_staging_speciesnet_overlap_only,WBGBIF2026_E0277,Sus scrofa,Mammalia,Belgium,BEL,,,,Mammalia,Mammalia,low,0.5,-4.5,true,order
speciesnet_v403b_geo_supported_overlap,Gemini 3.1 Flash-Lite BP47,1,not_redistributed_public_staging_speciesnet_overlap_only,WBGBIF2026_E0278,Sus scrofa,Mammalia,Belgium,BEL,,,,,,high,0.0,0.0,false,
speciesnet_v403b_geo_supported_overlap,Gemini 3.1 Flash-Lite BP47,1,not_redistributed_public_staging_speciesnet_overlap_only,WBGBIF2026_E0279,Sus scrofa,Mammalia,Belgium,BEL,Sus scrofa,Sus,Suidae,Artiodactyla,Mammalia,high,5.0,5.0,false,
speciesnet_v403b_geo_supported_overlap,Gemini 3.1 Flash-Lite BP47,1,not_redistributed_public_staging_speciesnet_overlap_only,WBGBIF2026_E0289,Syrmaticus reevesii,Aves,Belgium,BEL,Phasianus colchicus,Phasianus,Phasianidae,Galliformes,Aves,high,2.0,-3.0,true,
speciesnet_v403b_geo_supported_overlap,Gemini 3.1 Flash-Lite BP47,1,not_redistributed_public_staging_speciesnet_overlap_only,WBGBIF2026_E0290,Syrmaticus reevesii,Aves,Belgium,BEL,Phasianus colchicus,Phasianus,Phasianidae,Galliformes,Aves,high,2.0,-3.0,true,
speciesnet_v403b_geo_supported_overlap,Gemini 3.1 Flash-Lite BP47,1,not_redistributed_public_staging_speciesnet_overlap_only,WBGBIF2026_E0291,Syrmaticus reevesii,Aves,Belgium,BEL,Phasianus colchicus,Phasianus,Phasianidae,Galliformes,Aves,high,2.0,-3.0,true,
speciesnet_v403b_geo_supported_overlap,Gemini 3.1 Flash-Lite BP47,1,not_redistributed_public_staging_speciesnet_overlap_only,WBGBIF2026_E0292,Tapirus terrestris,Mammalia,Ecuador,ECU,Puma concolor,Puma,Felidae,Carnivora,Mammalia,medium,0.5,-4.5,true,
speciesnet_v403b_geo_supported_overlap,Gemini 3.1 Flash-Lite BP47,1,not_redistributed_public_staging_speciesnet_overlap_only,WBGBIF2026_E0293,Tapirus terrestris,Mammalia,Ecuador,ECU,Tapirus terrestris,Tapirus,Tapiridae,Perissodactyla,Mammalia,high,5.0,5.0,false,
speciesnet_v403b_geo_supported_overlap,Gemini 3.1 Flash-Lite BP47,1,not_redistributed_public_staging_speciesnet_overlap_only,WBGBIF2026_E0294,Tapirus terrestris,Mammalia,Ecuador,ECU,Tapirus terrestris,Tapirus,Tapiridae,Perissodactyla,Mammalia,high,5.0,5.0,false,
speciesnet_v403b_geo_supported_overlap,Gemini 3.1 Flash-Lite BP47,1,not_redistributed_public_staging_speciesnet_overlap_only,WBGBIF2026_E0295,Tayassu pecari,Mammalia,Ecuador,ECU,Cuniculus paca,Cuniculus,Cuniculidae,Rodentia,Mammalia,high,0.5,-4.5,true,
speciesnet_v403b_geo_supported_overlap,Gemini 3.1 Flash-Lite BP47,1,not_redistributed_public_staging_speciesnet_overlap_only,WBGBIF2026_E0296,Tayassu pecari,Mammalia,Ecuador,ECU,Tayassu pecari,Tayassu,Tayassuidae,Artiodactyla,Mammalia,medium,5.0,5.0,false,
speciesnet_v403b_geo_supported_overlap,Gemini 3.1 Flash-Lite BP47,1,not_redistributed_public_staging_speciesnet_overlap_only,WBGBIF2026_E0297,Tayassu pecari,Mammalia,Ecuador,ECU,Pecari tajacu,Pecari,Tayassuidae,Artiodactyla,Mammalia,high,2.0,-3.0,true,
speciesnet_v403b_geo_supported_overlap,Gemini 3.1 Flash-Lite BP47,1,not_redistributed_public_staging_speciesnet_overlap_only,WBGBIF2026_E0298,Tinamus major,Aves,Ecuador,ECU,Crypturellus cinereus,Crypturellus,Tinamidae,Tinamiformes,Aves,medium,2.0,-3.0,true,species
speciesnet_v403b_geo_supported_overlap,Gemini 3.1 Flash-Lite BP47,1,not_redistributed_public_staging_speciesnet_overlap_only,WBGBIF2026_E0299,Tinamus major,Aves,Ecuador,ECU,,Crypturellus,Tinamidae,Tinamiformes,Aves,medium,2.0,-3.0,true,
speciesnet_v403b_geo_supported_overlap,Gemini 3.1 Flash-Lite BP47,1,not_redistributed_public_staging_speciesnet_overlap_only,WBGBIF2026_E0300,Tinamus major,Aves,Ecuador,ECU,Tinamus major,Tinamus,Tinamidae,Tinamiformes,Aves,medium,5.0,5.0,false,
speciesnet_v403b_geo_supported_overlap,Gemini 3.1 Flash-Lite BP47,1,not_redistributed_public_staging_speciesnet_overlap_only,WBGBIF2026_E0301,Tinamus tao,Aves,Ecuador,ECU,,Crypturellus,Tinamidae,Tinamiformes,Aves,medium,2.0,-3.0,true,
speciesnet_v403b_geo_supported_overlap,Gemini 3.1 Flash-Lite BP47,1,not_redistributed_public_staging_speciesnet_overlap_only,WBGBIF2026_E0302,Tinamus tao,Aves,Ecuador,ECU,Crypturellus soui,Crypturellus,Tinamidae,Tinamiformes,Aves,medium,2.0,-3.0,true,
speciesnet_v403b_geo_supported_overlap,Gemini 3.1 Flash-Lite BP47,1,not_redistributed_public_staging_speciesnet_overlap_only,WBGBIF2026_E0303,Tinamus tao,Aves,Ecuador,ECU,,,,,Mammalia,low,0.0,-5.0,true,
speciesnet_v403b_geo_supported_overlap,Gemini 3.1 Flash-Lite BP47,1,not_redistributed_public_staging_speciesnet_overlap_only,WBGBIF2026_E0304,Tremarctos ornatus,Mammalia,Ecuador,ECU,,,,,Mammalia,low,0.5,0.5,false,
speciesnet_v403b_geo_supported_overlap,Gemini 3.1 Flash-Lite BP47,1,not_redistributed_public_staging_speciesnet_overlap_only,WBGBIF2026_E0305,Tremarctos ornatus,Mammalia,Ecuador,ECU,Tremarctos ornatus,Tremarctos,Ursidae,Carnivora,Mammalia,medium,5.0,5.0,false,
speciesnet_v403b_geo_supported_overlap,Gemini 3.1 Flash-Lite BP47,1,not_redistributed_public_staging_speciesnet_overlap_only,WBGBIF2026_E0306,Tremarctos ornatus,Mammalia,Ecuador,ECU,Tremarctos ornatus,Tremarctos,Ursidae,Carnivora,Mammalia,high,5.0,5.0,false,
speciesnet_v403b_geo_supported_overlap,Gemini 3.1 Flash-Lite BP47,1,not_redistributed_public_staging_speciesnet_overlap_only,WBGBIF2026_E0307,Troglodytes troglodytes,Aves,Belgium,BEL,,,,,,low,0.0,0.0,false,
speciesnet_v403b_geo_supported_overlap,Gemini 3.1 Flash-Lite BP47,1,not_redistributed_public_staging_speciesnet_overlap_only,WBGBIF2026_E0308,Troglodytes troglodytes,Aves,Belgium,BEL,Troglodytes troglodytes,Troglodytes,Troglodytidae,Passeriformes,Aves,high,5.0,5.0,false,
speciesnet_v403b_geo_supported_overlap,Gemini 3.1 Flash-Lite BP47,1,not_redistributed_public_staging_speciesnet_overlap_only,WBGBIF2026_E0309,Troglodytes troglodytes,Aves,Belgium,BEL,,,,,Mammalia,low,0.0,-5.0,true,
speciesnet_v403b_geo_supported_overlap,Gemini 3.1 Flash-Lite BP47,1,not_redistributed_public_staging_speciesnet_overlap_only,WBGBIF2026_E0310,Turdus iliacus,Aves,Belgium,BEL,Turdus iliacus,Turdus,Turdidae,Passeriformes,Aves,high,5.0,5.0,false,
speciesnet_v403b_geo_supported_overlap,Gemini 3.1 Flash-Lite BP47,1,not_redistributed_public_staging_speciesnet_overlap_only,WBGBIF2026_E0311,Turdus iliacus,Aves,Belgium,BEL,Turdus philomelos,Turdus,Turdidae,Passeriformes,Aves,high,3.0,-2.0,true,
speciesnet_v403b_geo_supported_overlap,Gemini 3.1 Flash-Lite BP47,1,not_redistributed_public_staging_speciesnet_overlap_only,WBGBIF2026_E0312,Turdus iliacus,Aves,Belgium,BEL,,,,,,low,0.0,0.0,false,
speciesnet_v403b_geo_supported_overlap,Gemini 3.1 Flash-Lite BP47,1,not_redistributed_public_staging_speciesnet_overlap_only,WBGBIF2026_E0313,Turdus merula,Aves,Belgium,BEL,Turdus merula,Turdus,Turdidae,Passeriformes,Aves,high,5.0,5.0,false,
speciesnet_v403b_geo_supported_overlap,Gemini 3.1 Flash-Lite BP47,1,not_redistributed_public_staging_speciesnet_overlap_only,WBGBIF2026_E0314,Turdus merula,Aves,Belgium,BEL,Turdus merula,Turdus,Turdidae,Passeriformes,Aves,high,5.0,5.0,false,
speciesnet_v403b_geo_supported_overlap,Gemini 3.1 Flash-Lite BP47,1,not_redistributed_public_staging_speciesnet_overlap_only,WBGBIF2026_E0315,Turdus merula,Aves,Belgium,BEL,,,,,,low,0.0,0.0,false,
speciesnet_v403b_geo_supported_overlap,Gemini 3.1 Flash-Lite BP47,1,not_redistributed_public_staging_speciesnet_overlap_only,WBGBIF2026_E0316,Turdus philomelos,Aves,Belgium,BEL,,,Muridae,Rodentia,Mammalia,low,0.0,-5.0,true,
speciesnet_v403b_geo_supported_overlap,Gemini 3.1 Flash-Lite BP47,1,not_redistributed_public_staging_speciesnet_overlap_only,WBGBIF2026_E0317,Turdus philomelos,Aves,Belgium,BEL,,,,,,high,0.0,0.0,false,
speciesnet_v403b_geo_supported_overlap,Gemini 3.1 Flash-Lite BP47,1,not_redistributed_public_staging_speciesnet_overlap_only,WBGBIF2026_E0318,Turdus philomelos,Aves,Belgium,BEL,Turdus philomelos,Turdus,Turdidae,Passeriformes,Aves,high,5.0,5.0,false,
speciesnet_v403b_geo_supported_overlap,Gemini 3.1 Flash-Lite BP47,1,not_redistributed_public_staging_speciesnet_overlap_only,WBGBIF2026_E0319,Turdus pilaris,Aves,Germany,DEU,Tetrastes bonasia,Tetrastes,Phasianidae,Galliformes,Aves,medium,0.5,-4.5,true,species|genus
speciesnet_v403b_geo_supported_overlap,Gemini 3.1 Flash-Lite BP47,1,not_redistributed_public_staging_speciesnet_overlap_only,WBGBIF2026_E0320,Turdus pilaris,Aves,Germany,DEU,Turdus pilaris,Turdus,Turdidae,Passeriformes,Aves,high,5.0,5.0,false,
speciesnet_v403b_geo_supported_overlap,Gemini 3.1 Flash-Lite BP47,1,not_redistributed_public_staging_speciesnet_overlap_only,WBGBIF2026_E0321,Turdus pilaris,Aves,Luxembourg,LUX,Tetrastes bonasia,Tetrastes,Phasianidae,Galliformes,Aves,medium,0.5,-4.5,true,species|genus
speciesnet_v403b_geo_supported_overlap,Gemini 3.1 Flash-Lite BP47,1,not_redistributed_public_staging_speciesnet_overlap_only,WBGBIF2026_E0325,Turdus viscivorus,Aves,Belgium,BEL,Garrulus glandarius,Garrulus,Corvidae,Passeriformes,Aves,high,1.0,-4.0,true,
speciesnet_v403b_geo_supported_overlap,Gemini 3.1 Flash-Lite BP47,1,not_redistributed_public_staging_speciesnet_overlap_only,WBGBIF2026_E0326,Turdus viscivorus,Aves,Belgium,BEL,Turdus philomelos,Turdus,Turdidae,Passeriformes,Aves,high,3.0,-2.0,true,
speciesnet_v403b_geo_supported_overlap,Gemini 3.1 Flash-Lite BP47,1,not_redistributed_public_staging_speciesnet_overlap_only,WBGBIF2026_E0327,Turdus viscivorus,Aves,Luxembourg,LUX,Turdus viscivorus,Turdus,Turdidae,Passeriformes,Aves,high,5.0,5.0,false,
speciesnet_v403b_geo_supported_overlap,Gemini 3.1 Flash-Lite BP47,1,not_redistributed_public_staging_speciesnet_overlap_only,WBGBIF2026_E0328,Vulpes vulpes,Mammalia,Belgium,BEL,Meles meles,Meles,Mustelidae,Carnivora,Mammalia,high,1.0,-4.0,true,
speciesnet_v403b_geo_supported_overlap,Gemini 3.1 Flash-Lite BP47,1,not_redistributed_public_staging_speciesnet_overlap_only,WBGBIF2026_E0329,Vulpes vulpes,Mammalia,Belgium,BEL,Vulpes vulpes,Vulpes,Canidae,Carnivora,Mammalia,high,5.0,5.0,false,
speciesnet_v403b_geo_supported_overlap,Gemini 3.1 Flash-Lite BP47,1,not_redistributed_public_staging_speciesnet_overlap_only,WBGBIF2026_E0330,Vulpes vulpes,Mammalia,Luxembourg,LUX,Vulpes vulpes,Vulpes,Canidae,Carnivora,Mammalia,high,5.0,5.0,false,
speciesnet_v403b_geo_supported_overlap,Gemini 3.1 Pro BP47,1,not_redistributed_public_staging_speciesnet_overlap_only,WBGBIF2026_E0001,Accipiter nisus,Aves,Belgium,BEL,Strix aluco,Strix,Strigidae,Strigiformes,Aves,medium,0.5,-4.5,true,
speciesnet_v403b_geo_supported_overlap,Gemini 3.1 Pro BP47,1,not_redistributed_public_staging_speciesnet_overlap_only,WBGBIF2026_E0002,Accipiter nisus,Aves,Luxembourg,LUX,Accipiter gentilis,Accipiter,Accipitridae,Accipitriformes,Aves,high,3.0,-2.0,true,species
speciesnet_v403b_geo_supported_overlap,Gemini 3.1 Pro BP47,1,not_redistributed_public_staging_speciesnet_overlap_only,WBGBIF2026_E0003,Accipiter nisus,Aves,Luxembourg,LUX,Accipiter nisus,Accipiter,Accipitridae,Accipitriformes,Aves,medium,5.0,5.0,false,
speciesnet_v403b_geo_supported_overlap,Gemini 3.1 Pro BP47,1,not_redistributed_public_staging_speciesnet_overlap_only,WBGBIF2026_E0007,Alopochen aegyptiaca,Aves,Belgium,BEL,Alopochen aegyptiaca,Alopochen,Anatidae,Anseriformes,Aves,high,5.0,5.0,false,
speciesnet_v403b_geo_supported_overlap,Gemini 3.1 Pro BP47,1,not_redistributed_public_staging_speciesnet_overlap_only,WBGBIF2026_E0008,Alopochen aegyptiaca,Aves,Belgium,BEL,Alopochen aegyptiaca,Alopochen,Anatidae,Anseriformes,Aves,high,5.0,5.0,false,
speciesnet_v403b_geo_supported_overlap,Gemini 3.1 Pro BP47,1,not_redistributed_public_staging_speciesnet_overlap_only,WBGBIF2026_E0009,Alopochen aegyptiaca,Aves,Belgium,BEL,,,,,,low,0.0,0.0,false,
speciesnet_v403b_geo_supported_overlap,Gemini 3.1 Pro BP47,1,not_redistributed_public_staging_speciesnet_overlap_only,WBGBIF2026_E0010,Anas platyrhynchos,Aves,Belgium,BEL,,,,,,low,0.0,0.0,false,
speciesnet_v403b_geo_supported_overlap,Gemini 3.1 Pro BP47,1,not_redistributed_public_staging_speciesnet_overlap_only,WBGBIF2026_E0011,Anas platyrhynchos,Aves,Belgium,BEL,Anas platyrhynchos,Anas,Anatidae,Anseriformes,Aves,medium,5.0,5.0,false,
speciesnet_v403b_geo_supported_overlap,Gemini 3.1 Pro BP47,1,not_redistributed_public_staging_speciesnet_overlap_only,WBGBIF2026_E0012,Anas platyrhynchos,Aves,Belgium,BEL,Anas platyrhynchos,Anas,Anatidae,Anseriformes,Aves,high,5.0,5.0,false,
speciesnet_v403b_geo_supported_overlap,Gemini 3.1 Pro BP47,1,not_redistributed_public_staging_speciesnet_overlap_only,WBGBIF2026_E0013,Apodemus sylvaticus,Mammalia,Belgium,BEL,,Apodemus,Muridae,Rodentia,Mammalia,medium,3.0,3.0,false,
speciesnet_v403b_geo_supported_overlap,Gemini 3.1 Pro BP47,1,not_redistributed_public_staging_speciesnet_overlap_only,WBGBIF2026_E0014,Apodemus sylvaticus,Mammalia,Belgium,BEL,,Apodemus,Muridae,Rodentia,Mammalia,high,3.0,3.0,false,
speciesnet_v403b_geo_supported_overlap,Gemini 3.1 Pro BP47,1,not_redistributed_public_staging_speciesnet_overlap_only,WBGBIF2026_E0015,Apodemus sylvaticus,Mammalia,Belgium,BEL,,,,Rodentia,Mammalia,low,1.0,1.0,false,
speciesnet_v403b_geo_supported_overlap,Gemini 3.1 Pro BP47,1,not_redistributed_public_staging_speciesnet_overlap_only,WBGBIF2026_E0016,Ardea cinerea,Aves,Belgium,BEL,Ardea cinerea,Ardea,Ardeidae,Pelecaniformes,Aves,high,5.0,5.0,false,
speciesnet_v403b_geo_supported_overlap,Gemini 3.1 Pro BP47,1,not_redistributed_public_staging_speciesnet_overlap_only,WBGBIF2026_E0017,Ardea cinerea,Aves,Belgium,BEL,Ardea cinerea,Ardea,Ardeidae,Pelecaniformes,Aves,medium,5.0,5.0,false,
speciesnet_v403b_geo_supported_overlap,Gemini 3.1 Pro BP47,1,not_redistributed_public_staging_speciesnet_overlap_only,WBGBIF2026_E0018,Ardea cinerea,Aves,Belgium,BEL,Ardea cinerea,Ardea,Ardeidae,Pelecaniformes,Aves,high,5.0,5.0,false,
speciesnet_v403b_geo_supported_overlap,Gemini 3.1 Pro BP47,1,not_redistributed_public_staging_speciesnet_overlap_only,WBGBIF2026_E0019,Atelocynus microtis,Mammalia,Ecuador,ECU,Speothos venaticus,Speothos,Canidae,Carnivora,Mammalia,high,2.0,-3.0,true,
speciesnet_v403b_geo_supported_overlap,Gemini 3.1 Pro BP47,1,not_redistributed_public_staging_speciesnet_overlap_only,WBGBIF2026_E0020,Atelocynus microtis,Mammalia,Ecuador,ECU,Speothos venaticus,Speothos,Canidae,Carnivora,Mammalia,high,2.0,-3.0,true,
speciesnet_v403b_geo_supported_overlap,Gemini 3.1 Pro BP47,1,not_redistributed_public_staging_speciesnet_overlap_only,WBGBIF2026_E0021,Atelocynus microtis,Mammalia,Ecuador,ECU,Eira barbara,Eira,Mustelidae,Carnivora,Mammalia,medium,1.0,-4.0,true,
speciesnet_v403b_geo_supported_overlap,Gemini 3.1 Pro BP47,1,not_redistributed_public_staging_speciesnet_overlap_only,WBGBIF2026_E0022,Bos taurus,Mammalia,Belgium,BEL,Bos taurus,Bos,Bovidae,Artiodactyla,Mammalia,high,5.0,5.0,false,
speciesnet_v403b_geo_supported_overlap,Gemini 3.1 Pro BP47,1,not_redistributed_public_staging_speciesnet_overlap_only,WBGBIF2026_E0023,Bos taurus,Mammalia,Ecuador,ECU,Bos taurus,Bos,Bovidae,Artiodactyla,Mammalia,high,5.0,5.0,false,
speciesnet_v403b_geo_supported_overlap,Gemini 3.1 Pro BP47,1,not_redistributed_public_staging_speciesnet_overlap_only,WBGBIF2026_E0024,Bos taurus,Mammalia,Ecuador,ECU,,Mazama,Cervidae,Artiodactyla,Mammalia,medium,1.0,-4.0,true,
speciesnet_v403b_geo_supported_overlap,Gemini 3.1 Pro BP47,1,not_redistributed_public_staging_speciesnet_overlap_only,WBGBIF2026_E0028,Buteo buteo,Aves,Belgium,BEL,Buteo buteo,Buteo,Accipitridae,Accipitriformes,Aves,medium,5.0,5.0,false,
speciesnet_v403b_geo_supported_overlap,Gemini 3.1 Pro BP47,1,not_redistributed_public_staging_speciesnet_overlap_only,WBGBIF2026_E0029,Buteo buteo,Aves,Luxembourg,LUX,Buteo buteo,Buteo,Accipitridae,Accipitriformes,Aves,high,5.0,5.0,false,
speciesnet_v403b_geo_supported_overlap,Gemini 3.1 Pro BP47,1,not_redistributed_public_staging_speciesnet_overlap_only,WBGBIF2026_E0030,Buteo buteo,Aves,Belgium,BEL,Buteo buteo,Buteo,Accipitridae,Accipitriformes,Aves,high,5.0,5.0,false,
speciesnet_v403b_geo_supported_overlap,Gemini 3.1 Pro BP47,1,not_redistributed_public_staging_speciesnet_overlap_only,WBGBIF2026_E0034,Capreolus capreolus,Mammalia,Luxembourg,LUX,,,,,Mammalia,low,0.5,0.5,false,
speciesnet_v403b_geo_supported_overlap,Gemini 3.1 Pro BP47,1,not_redistributed_public_staging_speciesnet_overlap_only,WBGBIF2026_E0035,Capreolus capreolus,Mammalia,Luxembourg,LUX,Capreolus capreolus,Capreolus,Cervidae,Artiodactyla,Mammalia,high,5.0,5.0,false,
speciesnet_v403b_geo_supported_overlap,Gemini 3.1 Pro BP47,1,not_redistributed_public_staging_speciesnet_overlap_only,WBGBIF2026_E0036,Capreolus capreolus,Mammalia,Luxembourg,LUX,Capreolus capreolus,Capreolus,Cervidae,Artiodactyla,Mammalia,high,5.0,5.0,false,
speciesnet_v403b_geo_supported_overlap,Gemini 3.1 Pro BP47,1,not_redistributed_public_staging_speciesnet_overlap_only,WBGBIF2026_E0037,Castor fiber,Mammalia,Belgium,BEL,,,,,,low,0.0,0.0,false,
speciesnet_v403b_geo_supported_overlap,Gemini 3.1 Pro BP47,1,not_redistributed_public_staging_speciesnet_overlap_only,WBGBIF2026_E0038,Castor fiber,Mammalia,Belgium,BEL,Meles meles,Meles,Mustelidae,Carnivora,Mammalia,medium,0.5,-4.5,true,
speciesnet_v403b_geo_supported_overlap,Gemini 3.1 Pro BP47,1,not_redistributed_public_staging_speciesnet_overlap_only,WBGBIF2026_E0039,Castor fiber,Mammalia,Belgium,BEL,Castor fiber,Castor,Castoridae,Rodentia,Mammalia,high,5.0,5.0,false,
speciesnet_v403b_geo_supported_overlap,Gemini 3.1 Pro BP47,1,not_redistributed_public_staging_speciesnet_overlap_only,WBGBIF2026_E0040,Cervus elaphus,Mammalia,Luxembourg,LUX,Capreolus capreolus,Capreolus,Cervidae,Artiodactyla,Mammalia,high,2.0,-3.0,true,
speciesnet_v403b_geo_supported_overlap,Gemini 3.1 Pro BP47,1,not_redistributed_public_staging_speciesnet_overlap_only,WBGBIF2026_E0041,Cervus elaphus,Mammalia,Luxembourg,LUX,Cervus elaphus,Cervus,Cervidae,Artiodactyla,Mammalia,high,5.0,5.0,false,
speciesnet_v403b_geo_supported_overlap,Gemini 3.1 Pro BP47,1,not_redistributed_public_staging_speciesnet_overlap_only,WBGBIF2026_E0042,Cervus elaphus,Mammalia,Luxembourg,LUX,,,Cervidae,Artiodactyla,Mammalia,high,2.0,2.0,false,
speciesnet_v403b_geo_supported_overlap,Gemini 3.1 Pro BP47,1,not_redistributed_public_staging_speciesnet_overlap_only,WBGBIF2026_E0055,Columba palumbus,Aves,Belgium,BEL,Columba palumbus,Columba,Columbidae,Columbiformes,Aves,high,5.0,5.0,false,
speciesnet_v403b_geo_supported_overlap,Gemini 3.1 Pro BP47,1,not_redistributed_public_staging_speciesnet_overlap_only,WBGBIF2026_E0056,Columba palumbus,Aves,Belgium,BEL,,,,,,low,0.0,0.0,false,
speciesnet_v403b_geo_supported_overlap,Gemini 3.1 Pro BP47,1,not_redistributed_public_staging_speciesnet_overlap_only,WBGBIF2026_E0057,Columba palumbus,Aves,Belgium,BEL,Columba palumbus,Columba,Columbidae,Columbiformes,Aves,high,5.0,5.0,false,
speciesnet_v403b_geo_supported_overlap,Gemini 3.1 Pro BP47,1,not_redistributed_public_staging_speciesnet_overlap_only,WBGBIF2026_E0058,Corvus corone,Aves,Belgium,BEL,,Corvus,Corvidae,Passeriformes,Aves,high,3.0,3.0,false,
speciesnet_v403b_geo_supported_overlap,Gemini 3.1 Pro BP47,1,not_redistributed_public_staging_speciesnet_overlap_only,WBGBIF2026_E0059,Corvus corone,Aves,Luxembourg,LUX,,,,,,low,0.0,0.0,false,
speciesnet_v403b_geo_supported_overlap,Gemini 3.1 Pro BP47,1,not_redistributed_public_staging_speciesnet_overlap_only,WBGBIF2026_E0060,Corvus corone,Aves,Belgium,BEL,Corvus corone,Corvus,Corvidae,Passeriformes,Aves,medium,5.0,5.0,false,
speciesnet_v403b_geo_supported_overlap,Gemini 3.1 Pro BP47,1,not_redistributed_public_staging_speciesnet_overlap_only,WBGBIF2026_E0061,Corvus frugilegus,Aves,Luxembourg,LUX,,Corvus,Corvidae,Passeriformes,Aves,high,3.0,3.0,false,
speciesnet_v403b_geo_supported_overlap,Gemini 3.1 Pro BP47,1,not_redistributed_public_staging_speciesnet_overlap_only,WBGBIF2026_E0062,Corvus frugilegus,Aves,Luxembourg,LUX,Corvus corone,Corvus,Corvidae,Passeriformes,Aves,medium,3.0,-2.0,true,
speciesnet_v403b_geo_supported_overlap,Gemini 3.1 Pro BP47,1,not_redistributed_public_staging_speciesnet_overlap_only,WBGBIF2026_E0063,Corvus frugilegus,Aves,Luxembourg,LUX,,Corvus,Corvidae,Passeriformes,Aves,high,3.0,3.0,false,
speciesnet_v403b_geo_supported_overlap,Gemini 3.1 Pro BP47,1,not_redistributed_public_staging_speciesnet_overlap_only,WBGBIF2026_E0064,Cuniculus paca,Mammalia,Ecuador,ECU,Cuniculus paca,Cuniculus,Cuniculidae,Rodentia,Mammalia,high,5.0,5.0,false,
speciesnet_v403b_geo_supported_overlap,Gemini 3.1 Pro BP47,1,not_redistributed_public_staging_speciesnet_overlap_only,WBGBIF2026_E0065,Cuniculus paca,Mammalia,Ecuador,ECU,Cuniculus paca,Cuniculus,Cuniculidae,Rodentia,Mammalia,medium,5.0,5.0,false,
speciesnet_v403b_geo_supported_overlap,Gemini 3.1 Pro BP47,1,not_redistributed_public_staging_speciesnet_overlap_only,WBGBIF2026_E0066,Cuniculus paca,Mammalia,Ecuador,ECU,Cuniculus paca,Cuniculus,Cuniculidae,Rodentia,Mammalia,high,5.0,5.0,false,
speciesnet_v403b_geo_supported_overlap,Gemini 3.1 Pro BP47,1,not_redistributed_public_staging_speciesnet_overlap_only,WBGBIF2026_E0070,Dama dama,Mammalia,Belgium,BEL,Dama dama,Dama,Cervidae,Artiodactyla,Mammalia,high,5.0,5.0,false,
speciesnet_v403b_geo_supported_overlap,Gemini 3.1 Pro BP47,1,not_redistributed_public_staging_speciesnet_overlap_only,WBGBIF2026_E0071,Dama dama,Mammalia,Belgium,BEL,,,,,,high,0.0,0.0,false,
speciesnet_v403b_geo_supported_overlap,Gemini 3.1 Pro BP47,1,not_redistributed_public_staging_speciesnet_overlap_only,WBGBIF2026_E0072,Dama dama,Mammalia,Belgium,BEL,,,Cervidae,Artiodactyla,Mammalia,high,2.0,2.0,false,
speciesnet_v403b_geo_supported_overlap,Gemini 3.1 Pro BP47,1,not_redistributed_public_staging_speciesnet_overlap_only,WBGBIF2026_E0073,Dasyprocta fuliginosa,Mammalia,Ecuador,ECU,Dasyprocta fuliginosa,Dasyprocta,Dasyproctidae,Rodentia,Mammalia,high,5.0,5.0,false,
speciesnet_v403b_geo_supported_overlap,Gemini 3.1 Pro BP47,1,not_redistributed_public_staging_speciesnet_overlap_only,WBGBIF2026_E0074,Dasyprocta fuliginosa,Mammalia,Ecuador,ECU,,,,,,low,0.0,0.0,false,
speciesnet_v403b_geo_supported_overlap,Gemini 3.1 Pro BP47,1,not_redistributed_public_staging_speciesnet_overlap_only,WBGBIF2026_E0075,Dasyprocta fuliginosa,Mammalia,Ecuador,ECU,Dasyprocta fuliginosa,Dasyprocta,Dasyproctidae,Rodentia,Mammalia,medium,5.0,5.0,false,
speciesnet_v403b_geo_supported_overlap,Gemini 3.1 Pro BP47,1,not_redistributed_public_staging_speciesnet_overlap_only,WBGBIF2026_E0076,Dasyprocta punctata,Mammalia,Ecuador,ECU,,Dasyprocta,Dasyproctidae,Rodentia,Mammalia,high,3.0,3.0,false,
speciesnet_v403b_geo_supported_overlap,Gemini 3.1 Pro BP47,1,not_redistributed_public_staging_speciesnet_overlap_only,WBGBIF2026_E0077,Dasyprocta punctata,Mammalia,Ecuador,ECU,,,,,Mammalia,low,0.5,0.5,false,
speciesnet_v403b_geo_supported_overlap,Gemini 3.1 Pro BP47,1,not_redistributed_public_staging_speciesnet_overlap_only,WBGBIF2026_E0078,Dasyprocta punctata,Mammalia,Ecuador,ECU,,,,,,low,0.0,0.0,false,
speciesnet_v403b_geo_supported_overlap,Gemini 3.1 Pro BP47,1,not_redistributed_public_staging_speciesnet_overlap_only,WBGBIF2026_E0079,Dasypus novemcinctus,Mammalia,Ecuador,ECU,,,Felidae,Carnivora,Mammalia,low,0.5,-4.5,true,
speciesnet_v403b_geo_supported_overlap,Gemini 3.1 Pro BP47,1,not_redistributed_public_staging_speciesnet_overlap_only,WBGBIF2026_E0080,Dasypus novemcinctus,Mammalia,Ecuador,ECU,,Dasypus,Dasypodidae,Cingulata,Mammalia,medium,3.0,3.0,false,
speciesnet_v403b_geo_supported_overlap,Gemini 3.1 Pro BP47,1,not_redistributed_public_staging_speciesnet_overlap_only,WBGBIF2026_E0081,Dasypus novemcinctus,Mammalia,Ecuador,ECU,Dasypus novemcinctus,Dasypus,Dasypodidae,Cingulata,Mammalia,high,5.0,5.0,false,
speciesnet_v403b_geo_supported_overlap,Gemini 3.1 Pro BP47,1,not_redistributed_public_staging_speciesnet_overlap_only,WBGBIF2026_E0082,Dendrocopos major,Aves,Belgium,BEL,Dendrocopos major,Dendrocopos,Picidae,Piciformes,Aves,high,5.0,5.0,false,
speciesnet_v403b_geo_supported_overlap,Gemini 3.1 Pro BP47,1,not_redistributed_public_staging_speciesnet_overlap_only,WBGBIF2026_E0083,Dendrocopos major,Aves,Belgium,BEL,Dendrocopos major,Dendrocopos,Picidae,Piciformes,Aves,high,5.0,5.0,false,
speciesnet_v403b_geo_supported_overlap,Gemini 3.1 Pro BP47,1,not_redistributed_public_staging_speciesnet_overlap_only,WBGBIF2026_E0084,Dendrocopos major,Aves,Belgium,BEL,Dendrocopos major,Dendrocopos,Picidae,Piciformes,Aves,high,5.0,5.0,false,
speciesnet_v403b_geo_supported_overlap,Gemini 3.1 Pro BP47,1,not_redistributed_public_staging_speciesnet_overlap_only,WBGBIF2026_E0088,Didelphis marsupialis,Mammalia,Ecuador,ECU,,Didelphis,Didelphidae,Didelphimorphia,Mammalia,high,3.0,3.0,false,
speciesnet_v403b_geo_supported_overlap,Gemini 3.1 Pro BP47,1,not_redistributed_public_staging_speciesnet_overlap_only,WBGBIF2026_E0089,Didelphis marsupialis,Mammalia,Ecuador,ECU,,,,Squamata,Reptilia,high,0.0,-5.0,true,order|class
speciesnet_v403b_geo_supported_overlap,Gemini 3.1 Pro BP47,1,not_redistributed_public_staging_speciesnet_overlap_only,WBGBIF2026_E0090,Didelphis marsupialis,Mammalia,Ecuador,ECU,,Didelphis,Didelphidae,Didelphimorphia,Mammalia,medium,3.0,3.0,false,
speciesnet_v403b_geo_supported_overlap,Gemini 3.1 Pro BP47,1,not_redistributed_public_staging_speciesnet_overlap_only,WBGBIF2026_E0091,Dryocopus martius,Aves,Belgium,BEL,Dryocopus martius,Dryocopus,Picidae,Piciformes,Aves,high,5.0,5.0,false,
speciesnet_v403b_geo_supported_overlap,Gemini 3.1 Pro BP47,1,not_redistributed_public_staging_speciesnet_overlap_only,WBGBIF2026_E0092,Dryocopus martius,Aves,Belgium,BEL,Dryocopus martius,Dryocopus,Picidae,Piciformes,Aves,high,5.0,5.0,false,
speciesnet_v403b_geo_supported_overlap,Gemini 3.1 Pro BP47,1,not_redistributed_public_staging_speciesnet_overlap_only,WBGBIF2026_E0093,Dryocopus martius,Aves,Luxembourg,LUX,Dryocopus martius,Dryocopus,Picidae,Piciformes,Aves,high,5.0,5.0,false,
speciesnet_v403b_geo_supported_overlap,Gemini 3.1 Pro BP47,1,not_redistributed_public_staging_speciesnet_overlap_only,WBGBIF2026_E0094,Eira barbara,Mammalia,Ecuador,ECU,Eira barbara,Eira,Mustelidae,Carnivora,Mammalia,high,5.0,5.0,false,
speciesnet_v403b_geo_supported_overlap,Gemini 3.1 Pro BP47,1,not_redistributed_public_staging_speciesnet_overlap_only,WBGBIF2026_E0095,Eira barbara,Mammalia,Ecuador,ECU,Eira barbara,Eira,Mustelidae,Carnivora,Mammalia,high,5.0,5.0,false,
speciesnet_v403b_geo_supported_overlap,Gemini 3.1 Pro BP47,1,not_redistributed_public_staging_speciesnet_overlap_only,WBGBIF2026_E0096,Eira barbara,Mammalia,Ecuador,ECU,Eira barbara,Eira,Mustelidae,Carnivora,Mammalia,high,5.0,5.0,false,
speciesnet_v403b_geo_supported_overlap,Gemini 3.1 Pro BP47,1,not_redistributed_public_staging_speciesnet_overlap_only,WBGBIF2026_E0103,Erinaceus europaeus,Mammalia,Belgium,BEL,,,,,,low,0.0,0.0,false,
speciesnet_v403b_geo_supported_overlap,Gemini 3.1 Pro BP47,1,not_redistributed_public_staging_speciesnet_overlap_only,WBGBIF2026_E0104,Erinaceus europaeus,Mammalia,Belgium,BEL,Erinaceus europaeus,Erinaceus,Erinaceidae,Eulipotyphla,Mammalia,high,5.0,0.0,true,order
speciesnet_v403b_geo_supported_overlap,Gemini 3.1 Pro BP47,1,not_redistributed_public_staging_speciesnet_overlap_only,WBGBIF2026_E0105,Erinaceus europaeus,Mammalia,Belgium,BEL,,,,,,low,0.0,0.0,false,
speciesnet_v403b_geo_supported_overlap,Gemini 3.1 Pro BP47,1,not_redistributed_public_staging_speciesnet_overlap_only,WBGBIF2026_E0106,Erithacus rubecula,Aves,Germany,DEU,Erithacus rubecula,Erithacus,Muscicapidae,Passeriformes,Aves,high,5.0,5.0,false,
speciesnet_v403b_geo_supported_overlap,Gemini 3.1 Pro BP47,1,not_redistributed_public_staging_speciesnet_overlap_only,WBGBIF2026_E0107,Erithacus rubecula,Aves,Belgium,BEL,Erithacus rubecula,Erithacus,Muscicapidae,Passeriformes,Aves,high,5.0,5.0,false,
speciesnet_v403b_geo_supported_overlap,Gemini 3.1 Pro BP47,1,not_redistributed_public_staging_speciesnet_overlap_only,WBGBIF2026_E0108,Erithacus rubecula,Aves,Belgium,BEL,,,,,,low,0.0,0.0,false,
speciesnet_v403b_geo_supported_overlap,Gemini 3.1 Pro BP47,1,not_redistributed_public_staging_speciesnet_overlap_only,WBGBIF2026_E0109,Falco tinnunculus,Aves,Luxembourg,LUX,Falco tinnunculus,Falco,Falconidae,Falconiformes,Aves,high,5.0,5.0,false,
speciesnet_v403b_geo_supported_overlap,Gemini 3.1 Pro BP47,1,not_redistributed_public_staging_speciesnet_overlap_only,WBGBIF2026_E0110,Falco tinnunculus,Aves,Luxembourg,LUX,Phasianus colchicus,Phasianus,Phasianidae,Galliformes,Aves,medium,0.5,-4.5,true,
speciesnet_v403b_geo_supported_overlap,Gemini 3.1 Pro BP47,1,not_redistributed_public_staging_speciesnet_overlap_only,WBGBIF2026_E0111,Falco tinnunculus,Aves,Luxembourg,LUX,Falco tinnunculus,Falco,Falconidae,Falconiformes,Aves,high,5.0,5.0,false,
speciesnet_v403b_geo_supported_overlap,Gemini 3.1 Pro BP47,1,not_redistributed_public_staging_speciesnet_overlap_only,WBGBIF2026_E0112,Felis catus,Mammalia,Belgium,BEL,,Felis,Felidae,Carnivora,Mammalia,high,3.0,3.0,false,
speciesnet_v403b_geo_supported_overlap,Gemini 3.1 Pro BP47,1,not_redistributed_public_staging_speciesnet_overlap_only,WBGBIF2026_E0113,Felis catus,Mammalia,Belgium,BEL,Felis catus,Felis,Felidae,Carnivora,Mammalia,high,5.0,5.0,false,
speciesnet_v403b_geo_supported_overlap,Gemini 3.1 Pro BP47,1,not_redistributed_public_staging_speciesnet_overlap_only,WBGBIF2026_E0114,Felis catus,Mammalia,Belgium,BEL,Meles meles,Meles,Mustelidae,Carnivora,Mammalia,medium,1.0,-4.0,true,
speciesnet_v403b_geo_supported_overlap,Gemini 3.1 Pro BP47,1,not_redistributed_public_staging_speciesnet_overlap_only,WBGBIF2026_E0115,Felis silvestris,Mammalia,Luxembourg,LUX,,,,,Mammalia,low,0.5,0.5,false,
speciesnet_v403b_geo_supported_overlap,Gemini 3.1 Pro BP47,1,not_redistributed_public_staging_speciesnet_overlap_only,WBGBIF2026_E0116,Felis silvestris,Mammalia,Luxembourg,LUX,Felis silvestris,Felis,Felidae,Carnivora,Mammalia,high,5.0,5.0,false,
speciesnet_v403b_geo_supported_overlap,Gemini 3.1 Pro BP47,1,not_redistributed_public_staging_speciesnet_overlap_only,WBGBIF2026_E0117,Felis silvestris,Mammalia,Luxembourg,LUX,Felis silvestris,Felis,Felidae,Carnivora,Mammalia,high,5.0,5.0,false,
speciesnet_v403b_geo_supported_overlap,Gemini 3.1 Pro BP47,1,not_redistributed_public_staging_speciesnet_overlap_only,WBGBIF2026_E0118,Fringilla coelebs,Aves,Germany,DEU,Fringilla coelebs,Fringilla,Fringillidae,Passeriformes,Aves,high,5.0,5.0,false,
speciesnet_v403b_geo_supported_overlap,Gemini 3.1 Pro BP47,1,not_redistributed_public_staging_speciesnet_overlap_only,WBGBIF2026_E0119,Fringilla coelebs,Aves,Luxembourg,LUX,,,,,,low,0.0,0.0,false,
speciesnet_v403b_geo_supported_overlap,Gemini 3.1 Pro BP47,1,not_redistributed_public_staging_speciesnet_overlap_only,WBGBIF2026_E0120,Fringilla coelebs,Aves,Luxembourg,LUX,Prunella modularis,Prunella,Prunellidae,Passeriformes,Aves,medium,1.0,-4.0,true,
speciesnet_v403b_geo_supported_overlap,Gemini 3.1 Pro BP47,1,not_redistributed_public_staging_speciesnet_overlap_only,WBGBIF2026_E0127,Gallinula chloropus,Aves,Luxembourg,LUX,Gallinula chloropus,Gallinula,Rallidae,Gruiformes,Aves,high,5.0,5.0,false,
speciesnet_v403b_geo_supported_overlap,Gemini 3.1 Pro BP47,1,not_redistributed_public_staging_speciesnet_overlap_only,WBGBIF2026_E0128,Gallinula chloropus,Aves,Luxembourg,LUX,,,,,,low,0.0,0.0,false,
speciesnet_v403b_geo_supported_overlap,Gemini 3.1 Pro BP47,1,not_redistributed_public_staging_speciesnet_overlap_only,WBGBIF2026_E0129,Gallinula chloropus,Aves,Luxembourg,LUX,Gallinula chloropus,Gallinula,Rallidae,Gruiformes,Aves,high,5.0,5.0,false,
speciesnet_v403b_geo_supported_overlap,Gemini 3.1 Pro BP47,1,not_redistributed_public_staging_speciesnet_overlap_only,WBGBIF2026_E0130,Garrulus glandarius,Aves,Luxembourg,LUX,Garrulus glandarius,Garrulus,Corvidae,Passeriformes,Aves,high,5.0,5.0,false,
speciesnet_v403b_geo_supported_overlap,Gemini 3.1 Pro BP47,1,not_redistributed_public_staging_speciesnet_overlap_only,WBGBIF2026_E0131,Garrulus glandarius,Aves,Luxembourg,LUX,Garrulus glandarius,Garrulus,Corvidae,Passeriformes,Aves,high,5.0,5.0,false,
speciesnet_v403b_geo_supported_overlap,Gemini 3.1 Pro BP47,1,not_redistributed_public_staging_speciesnet_overlap_only,WBGBIF2026_E0132,Garrulus glandarius,Aves,Belgium,BEL,,,,,,low,0.0,0.0,false,
speciesnet_v403b_geo_supported_overlap,Gemini 3.1 Pro BP47,1,not_redistributed_public_staging_speciesnet_overlap_only,WBGBIF2026_E0136,Leopardus pardalis,Mammalia,Ecuador,ECU,Leopardus pardalis,Leopardus,Felidae,Carnivora,Mammalia,high,5.0,5.0,false,
speciesnet_v403b_geo_supported_overlap,Gemini 3.1 Pro BP47,1,not_redistributed_public_staging_speciesnet_overlap_only,WBGBIF2026_E0137,Leopardus pardalis,Mammalia,Ecuador,ECU,Leopardus pardalis,Leopardus,Felidae,Carnivora,Mammalia,high,5.0,5.0,false,
speciesnet_v403b_geo_supported_overlap,Gemini 3.1 Pro BP47,1,not_redistributed_public_staging_speciesnet_overlap_only,WBGBIF2026_E0138,Leopardus pardalis,Mammalia,Ecuador,ECU,Leopardus pardalis,Leopardus,Felidae,Carnivora,Mammalia,medium,5.0,5.0,false,
speciesnet_v403b_geo_supported_overlap,Gemini 3.1 Pro BP47,1,not_redistributed_public_staging_speciesnet_overlap_only,WBGBIF2026_E0139,Leopardus wiedii,Mammalia,Ecuador,ECU,Leopardus pardalis,Leopardus,Felidae,Carnivora,Mammalia,high,3.0,-2.0,true,
speciesnet_v403b_geo_supported_overlap,Gemini 3.1 Pro BP47,1,not_redistributed_public_staging_speciesnet_overlap_only,WBGBIF2026_E0140,Leopardus wiedii,Mammalia,Ecuador,ECU,Leopardus pardalis,Leopardus,Felidae,Carnivora,Mammalia,high,3.0,-2.0,true,
speciesnet_v403b_geo_supported_overlap,Gemini 3.1 Pro BP47,1,not_redistributed_public_staging_speciesnet_overlap_only,WBGBIF2026_E0141,Leopardus wiedii,Mammalia,Ecuador,ECU,Leopardus pardalis,Leopardus,Felidae,Carnivora,Mammalia,medium,3.0,-2.0,true,
speciesnet_v403b_geo_supported_overlap,Gemini 3.1 Pro BP47,1,not_redistributed_public_staging_speciesnet_overlap_only,WBGBIF2026_E0142,Lepus europaeus,Mammalia,Belgium,BEL,,,,,,low,0.0,0.0,false,
speciesnet_v403b_geo_supported_overlap,Gemini 3.1 Pro BP47,1,not_redistributed_public_staging_speciesnet_overlap_only,WBGBIF2026_E0143,Lepus europaeus,Mammalia,Luxembourg,LUX,Lepus europaeus,Lepus,Leporidae,Lagomorpha,Mammalia,high,5.0,5.0,false,
speciesnet_v403b_geo_supported_overlap,Gemini 3.1 Pro BP47,1,not_redistributed_public_staging_speciesnet_overlap_only,WBGBIF2026_E0144,Lepus europaeus,Mammalia,Belgium,BEL,,Felis,Felidae,Carnivora,Mammalia,low,0.5,-4.5,true,
speciesnet_v403b_geo_supported_overlap,Gemini 3.1 Pro BP47,1,not_redistributed_public_staging_speciesnet_overlap_only,WBGBIF2026_E0151,Martes foina,Mammalia,Luxembourg,LUX,Martes foina,Martes,Mustelidae,Carnivora,Mammalia,high,5.0,5.0,false,
speciesnet_v403b_geo_supported_overlap,Gemini 3.1 Pro BP47,1,not_redistributed_public_staging_speciesnet_overlap_only,WBGBIF2026_E0152,Martes foina,Mammalia,Belgium,BEL,,Martes,Mustelidae,Carnivora,Mammalia,medium,3.0,3.0,false,
speciesnet_v403b_geo_supported_overlap,Gemini 3.1 Pro BP47,1,not_redistributed_public_staging_speciesnet_overlap_only,WBGBIF2026_E0153,Martes foina,Mammalia,Belgium,BEL,,,,Carnivora,Mammalia,medium,1.0,1.0,false,
speciesnet_v403b_geo_supported_overlap,Gemini 3.1 Pro BP47,1,not_redistributed_public_staging_speciesnet_overlap_only,WBGBIF2026_E0154,Martes martes,Mammalia,Luxembourg,LUX,Martes martes,Martes,Mustelidae,Carnivora,Mammalia,medium,5.0,5.0,false,
speciesnet_v403b_geo_supported_overlap,Gemini 3.1 Pro BP47,1,not_redistributed_public_staging_speciesnet_overlap_only,WBGBIF2026_E0155,Martes martes,Mammalia,Luxembourg,LUX,Martes martes,Martes,Mustelidae,Carnivora,Mammalia,high,5.0,5.0,false,
speciesnet_v403b_geo_supported_overlap,Gemini 3.1 Pro BP47,1,not_redistributed_public_staging_speciesnet_overlap_only,WBGBIF2026_E0156,Martes martes,Mammalia,Luxembourg,LUX,,,,,Mammalia,high,0.5,0.5,false,
speciesnet_v403b_geo_supported_overlap,Gemini 3.1 Pro BP47,1,not_redistributed_public_staging_speciesnet_overlap_only,WBGBIF2026_E0157,Mazama americana,Mammalia,Ecuador,ECU,,Mazama,Cervidae,Artiodactyla,Mammalia,medium,3.0,3.0,false,
speciesnet_v403b_geo_supported_overlap,Gemini 3.1 Pro BP47,1,not_redistributed_public_staging_speciesnet_overlap_only,WBGBIF2026_E0158,Mazama americana,Mammalia,Ecuador,ECU,,,,,Mammalia,low,0.5,0.5,false,
speciesnet_v403b_geo_supported_overlap,Gemini 3.1 Pro BP47,1,not_redistributed_public_staging_speciesnet_overlap_only,WBGBIF2026_E0159,Mazama americana,Mammalia,Ecuador,ECU,,,Cervidae,Artiodactyla,Mammalia,high,2.0,2.0,false,
speciesnet_v403b_geo_supported_overlap,Gemini 3.1 Pro BP47,1,not_redistributed_public_staging_speciesnet_overlap_only,WBGBIF2026_E0160,Mazama gouazoubira,Mammalia,Ecuador,ECU,,Mazama,Cervidae,Artiodactyla,Mammalia,medium,3.0,3.0,false,
speciesnet_v403b_geo_supported_overlap,Gemini 3.1 Pro BP47,1,not_redistributed_public_staging_speciesnet_overlap_only,WBGBIF2026_E0161,Mazama gouazoubira,Mammalia,Ecuador,ECU,,Mazama,Cervidae,Artiodactyla,Mammalia,high,3.0,3.0,false,
speciesnet_v403b_geo_supported_overlap,Gemini 3.1 Pro BP47,1,not_redistributed_public_staging_speciesnet_overlap_only,WBGBIF2026_E0162,Mazama gouazoubira,Mammalia,Ecuador,ECU,,,,,,low,0.0,0.0,false,
speciesnet_v403b_geo_supported_overlap,Gemini 3.1 Pro BP47,1,not_redistributed_public_staging_speciesnet_overlap_only,WBGBIF2026_E0163,Meles meles,Mammalia,Luxembourg,LUX,Meles meles,Meles,Mustelidae,Carnivora,Mammalia,medium,5.0,5.0,false,
speciesnet_v403b_geo_supported_overlap,Gemini 3.1 Pro BP47,1,not_redistributed_public_staging_speciesnet_overlap_only,WBGBIF2026_E0164,Meles meles,Mammalia,Luxembourg,LUX,Meles meles,Meles,Mustelidae,Carnivora,Mammalia,high,5.0,5.0,false,
speciesnet_v403b_geo_supported_overlap,Gemini 3.1 Pro BP47,1,not_redistributed_public_staging_speciesnet_overlap_only,WBGBIF2026_E0165,Meles meles,Mammalia,Belgium,BEL,,,,Rodentia,Mammalia,low,0.5,-4.5,true,
speciesnet_v403b_geo_supported_overlap,Gemini 3.1 Pro BP47,1,not_redistributed_public_staging_speciesnet_overlap_only,WBGBIF2026_E0166,Metachirus nudicaudatus,Mammalia,Ecuador,ECU,,,Didelphidae,Didelphimorphia,Mammalia,medium,2.0,2.0,false,
speciesnet_v403b_geo_supported_overlap,Gemini 3.1 Pro BP47,1,not_redistributed_public_staging_speciesnet_overlap_only,WBGBIF2026_E0167,Metachirus nudicaudatus,Mammalia,Ecuador,ECU,,,Didelphidae,Didelphimorphia,Mammalia,low,2.0,2.0,false,
speciesnet_v403b_geo_supported_overlap,Gemini 3.1 Pro BP47,1,not_redistributed_public_staging_speciesnet_overlap_only,WBGBIF2026_E0168,Metachirus nudicaudatus,Mammalia,Ecuador,ECU,,,Didelphidae,Didelphimorphia,Mammalia,low,2.0,2.0,false,
speciesnet_v403b_geo_supported_overlap,Gemini 3.1 Pro BP47,1,not_redistributed_public_staging_speciesnet_overlap_only,WBGBIF2026_E0169,Mitu salvini,Aves,Ecuador,ECU,Mitu salvini,Mitu,Cracidae,Galliformes,Aves,high,5.0,5.0,false,
speciesnet_v403b_geo_supported_overlap,Gemini 3.1 Pro BP47,1,not_redistributed_public_staging_speciesnet_overlap_only,WBGBIF2026_E0170,Mitu salvini,Aves,Ecuador,ECU,,Ramphastos,Ramphastidae,Piciformes,Aves,medium,0.5,-4.5,true,genus|family
speciesnet_v403b_geo_supported_overlap,Gemini 3.1 Pro BP47,1,not_redistributed_public_staging_speciesnet_overlap_only,WBGBIF2026_E0171,Mitu salvini,Aves,Ecuador,ECU,,,Cracidae,Galliformes,Aves,medium,2.0,2.0,false,
speciesnet_v403b_geo_supported_overlap,Gemini 3.1 Pro BP47,1,not_redistributed_public_staging_speciesnet_overlap_only,WBGBIF2026_E0175,Motacilla flava,Aves,Luxembourg,LUX,,,Motacillidae,Passeriformes,Aves,medium,2.0,2.0,false,
speciesnet_v403b_geo_supported_overlap,Gemini 3.1 Pro BP47,1,not_redistributed_public_staging_speciesnet_overlap_only,WBGBIF2026_E0176,Motacilla flava,Aves,Luxembourg,LUX,Motacilla flava,Motacilla,Motacillidae,Passeriformes,Aves,high,5.0,5.0,false,
speciesnet_v403b_geo_supported_overlap,Gemini 3.1 Pro BP47,1,not_redistributed_public_staging_speciesnet_overlap_only,WBGBIF2026_E0177,Motacilla flava,Aves,Luxembourg,LUX,Motacilla flava,Motacilla,Motacillidae,Passeriformes,Aves,medium,5.0,5.0,false,
speciesnet_v403b_geo_supported_overlap,Gemini 3.1 Pro BP47,1,not_redistributed_public_staging_speciesnet_overlap_only,WBGBIF2026_E0178,Mustela erminea,Mammalia,Belgium,BEL,,,,,,low,0.0,0.0,false,
speciesnet_v403b_geo_supported_overlap,Gemini 3.1 Pro BP47,1,not_redistributed_public_staging_speciesnet_overlap_only,WBGBIF2026_E0179,Mustela erminea,Mammalia,Luxembourg,LUX,Mustela erminea,Mustela,Mustelidae,Carnivora,Mammalia,high,5.0,5.0,false,
speciesnet_v403b_geo_supported_overlap,Gemini 3.1 Pro BP47,1,not_redistributed_public_staging_speciesnet_overlap_only,WBGBIF2026_E0180,Mustela erminea,Mammalia,Luxembourg,LUX,Mustela erminea,Mustela,Mustelidae,Carnivora,Mammalia,high,5.0,5.0,false,
speciesnet_v403b_geo_supported_overlap,Gemini 3.1 Pro BP47,1,not_redistributed_public_staging_speciesnet_overlap_only,WBGBIF2026_E0181,Mustela putorius,Mammalia,Luxembourg,LUX,Martes martes,Martes,Mustelidae,Carnivora,Mammalia,high,2.0,-3.0,true,
speciesnet_v403b_geo_supported_overlap,Gemini 3.1 Pro BP47,1,not_redistributed_public_staging_speciesnet_overlap_only,WBGBIF2026_E0182,Mustela putorius,Mammalia,Belgium,BEL,Meles meles,Meles,Mustelidae,Carnivora,Mammalia,high,2.0,-3.0,true,
speciesnet_v403b_geo_supported_overlap,Gemini 3.1 Pro BP47,1,not_redistributed_public_staging_speciesnet_overlap_only,WBGBIF2026_E0183,Mustela putorius,Mammalia,Luxembourg,LUX,Meles meles,Meles,Mustelidae,Carnivora,Mammalia,high,2.0,-3.0,true,
speciesnet_v403b_geo_supported_overlap,Gemini 3.1 Pro BP47,1,not_redistributed_public_staging_speciesnet_overlap_only,WBGBIF2026_E0184,Myoprocta pratti,Mammalia,Ecuador,ECU,,,,,,low,0.0,0.0,false,
speciesnet_v403b_geo_supported_overlap,Gemini 3.1 Pro BP47,1,not_redistributed_public_staging_speciesnet_overlap_only,WBGBIF2026_E0185,Myoprocta pratti,Mammalia,Ecuador,ECU,,Dasyprocta,Dasyproctidae,Rodentia,Mammalia,high,2.0,-3.0,true,
speciesnet_v403b_geo_supported_overlap,Gemini 3.1 Pro BP47,1,not_redistributed_public_staging_speciesnet_overlap_only,WBGBIF2026_E0186,Myoprocta pratti,Mammalia,Ecuador,ECU,,Dasyprocta,Dasyproctidae,Rodentia,Mammalia,high,2.0,-3.0,true,
speciesnet_v403b_geo_supported_overlap,Gemini 3.1 Pro BP47,1,not_redistributed_public_staging_speciesnet_overlap_only,WBGBIF2026_E0187,Myrmecophaga tridactyla,Mammalia,Ecuador,ECU,Myrmecophaga tridactyla,Myrmecophaga,Myrmecophagidae,Pilosa,Mammalia,high,5.0,5.0,false,
speciesnet_v403b_geo_supported_overlap,Gemini 3.1 Pro BP47,1,not_redistributed_public_staging_speciesnet_overlap_only,WBGBIF2026_E0188,Myrmecophaga tridactyla,Mammalia,Ecuador,ECU,,,,,Mammalia,low,0.5,0.5,false,
speciesnet_v403b_geo_supported_overlap,Gemini 3.1 Pro BP47,1,not_redistributed_public_staging_speciesnet_overlap_only,WBGBIF2026_E0189,Myrmecophaga tridactyla,Mammalia,Ecuador,ECU,Myrmecophaga tridactyla,Myrmecophaga,Myrmecophagidae,Pilosa,Mammalia,high,5.0,5.0,false,
speciesnet_v403b_geo_supported_overlap,Gemini 3.1 Pro BP47,1,not_redistributed_public_staging_speciesnet_overlap_only,WBGBIF2026_E0190,Nothocrax urumutum,Aves,Ecuador,ECU,,Odontophorus,Odontophoridae,Galliformes,Aves,high,1.0,-4.0,true,genus|family
speciesnet_v403b_geo_supported_overlap,Gemini 3.1 Pro BP47,1,not_redistributed_public_staging_speciesnet_overlap_only,WBGBIF2026_E0191,Nothocrax urumutum,Aves,Ecuador,ECU,Nothocrax urumutum,Nothocrax,Cracidae,Galliformes,Aves,high,5.0,5.0,false,
speciesnet_v403b_geo_supported_overlap,Gemini 3.1 Pro BP47,1,not_redistributed_public_staging_speciesnet_overlap_only,WBGBIF2026_E0192,Nothocrax urumutum,Aves,Ecuador,ECU,,,,,,low,0.0,0.0,false,
speciesnet_v403b_geo_supported_overlap,Gemini 3.1 Pro BP47,1,not_redistributed_public_staging_speciesnet_overlap_only,WBGBIF2026_E0193,Oryctolagus cuniculus,Mammalia,Belgium,BEL,Oryctolagus cuniculus,Oryctolagus,Leporidae,Lagomorpha,Mammalia,high,5.0,5.0,false,
speciesnet_v403b_geo_supported_overlap,Gemini 3.1 Pro BP47,1,not_redistributed_public_staging_speciesnet_overlap_only,WBGBIF2026_E0194,Oryctolagus cuniculus,Mammalia,Belgium,BEL,,,,,Mammalia,low,0.5,0.5,false,
speciesnet_v403b_geo_supported_overlap,Gemini 3.1 Pro BP47,1,not_redistributed_public_staging_speciesnet_overlap_only,WBGBIF2026_E0195,Oryctolagus cuniculus,Mammalia,Luxembourg,LUX,,,Leporidae,Lagomorpha,Mammalia,low,2.0,2.0,false,
speciesnet_v403b_geo_supported_overlap,Gemini 3.1 Pro BP47,1,not_redistributed_public_staging_speciesnet_overlap_only,WBGBIF2026_E0196,Ovis aries,Mammalia,Belgium,BEL,Ovis aries,Ovis,Bovidae,Artiodactyla,Mammalia,high,5.0,5.0,false,
speciesnet_v403b_geo_supported_overlap,Gemini 3.1 Pro BP47,1,not_redistributed_public_staging_speciesnet_overlap_only,WBGBIF2026_E0197,Ovis aries,Mammalia,Belgium,BEL,Ovis aries,Ovis,Bovidae,Artiodactyla,Mammalia,high,5.0,5.0,false,
speciesnet_v403b_geo_supported_overlap,Gemini 3.1 Pro BP47,1,not_redistributed_public_staging_speciesnet_overlap_only,WBGBIF2026_E0198,Ovis aries,Mammalia,Belgium,BEL,Bos taurus,Bos,Bovidae,Artiodactyla,Mammalia,high,2.0,-3.0,true,
speciesnet_v403b_geo_supported_overlap,Gemini 3.1 Pro BP47,1,not_redistributed_public_staging_speciesnet_overlap_only,WBGBIF2026_E0199,Panthera onca,Mammalia,Ecuador,ECU,Panthera onca,Panthera,Felidae,Carnivora,Mammalia,high,5.0,5.0,false,
speciesnet_v403b_geo_supported_overlap,Gemini 3.1 Pro BP47,1,not_redistributed_public_staging_speciesnet_overlap_only,WBGBIF2026_E0200,Panthera onca,Mammalia,Ecuador,ECU,Panthera onca,Panthera,Felidae,Carnivora,Mammalia,high,5.0,5.0,false,
speciesnet_v403b_geo_supported_overlap,Gemini 3.1 Pro BP47,1,not_redistributed_public_staging_speciesnet_overlap_only,WBGBIF2026_E0201,Panthera onca,Mammalia,Ecuador,ECU,,,,,,low,0.0,0.0,false,
speciesnet_v403b_geo_supported_overlap,Gemini 3.1 Pro BP47,1,not_redistributed_public_staging_speciesnet_overlap_only,WBGBIF2026_E0205,Passer domesticus,Aves,Luxembourg,LUX,Passer domesticus,Passer,Passeridae,Passeriformes,Aves,medium,5.0,5.0,false,
speciesnet_v403b_geo_supported_overlap,Gemini 3.1 Pro BP47,1,not_redistributed_public_staging_speciesnet_overlap_only,WBGBIF2026_E0206,Passer domesticus,Aves,Luxembourg,LUX,,,,Passeriformes,Aves,low,1.0,1.0,false,
speciesnet_v403b_geo_supported_overlap,Gemini 3.1 Pro BP47,1,not_redistributed_public_staging_speciesnet_overlap_only,WBGBIF2026_E0207,Passer domesticus,Aves,Luxembourg,LUX,,,,Passeriformes,Aves,medium,1.0,1.0,false,
speciesnet_v403b_geo_supported_overlap,Gemini 3.1 Pro BP47,1,not_redistributed_public_staging_speciesnet_overlap_only,WBGBIF2026_E0208,Pecari tajacu,Mammalia,Ecuador,ECU,Tayassu pecari,Tayassu,Tayassuidae,Artiodactyla,Mammalia,high,2.0,-3.0,true,
speciesnet_v403b_geo_supported_overlap,Gemini 3.1 Pro BP47,1,not_redistributed_public_staging_speciesnet_overlap_only,WBGBIF2026_E0209,Pecari tajacu,Mammalia,Ecuador,ECU,Pecari tajacu,Pecari,Tayassuidae,Artiodactyla,Mammalia,high,5.0,5.0,false,
speciesnet_v403b_geo_supported_overlap,Gemini 3.1 Pro BP47,1,not_redistributed_public_staging_speciesnet_overlap_only,WBGBIF2026_E0210,Pecari tajacu,Mammalia,Ecuador,ECU,,,Tayassuidae,Artiodactyla,Mammalia,medium,2.0,2.0,false,
speciesnet_v403b_geo_supported_overlap,Gemini 3.1 Pro BP47,1,not_redistributed_public_staging_speciesnet_overlap_only,WBGBIF2026_E0211,Penelope purpurascens,Aves,Ecuador,ECU,,Penelope,Cracidae,Galliformes,Aves,high,3.0,3.0,false,
speciesnet_v403b_geo_supported_overlap,Gemini 3.1 Pro BP47,1,not_redistributed_public_staging_speciesnet_overlap_only,WBGBIF2026_E0212,Penelope purpurascens,Aves,Ecuador,ECU,Mitu tuberosum,Mitu,Cracidae,Galliformes,Aves,medium,2.0,-3.0,true,species
speciesnet_v403b_geo_supported_overlap,Gemini 3.1 Pro BP47,1,not_redistributed_public_staging_speciesnet_overlap_only,WBGBIF2026_E0213,Penelope purpurascens,Aves,Ecuador,ECU,,Penelope,Cracidae,Galliformes,Aves,high,3.0,3.0,false,
speciesnet_v403b_geo_supported_overlap,Gemini 3.1 Pro BP47,1,not_redistributed_public_staging_speciesnet_overlap_only,WBGBIF2026_E0214,Phasianus colchicus,Aves,Belgium,BEL,Meles meles,Meles,Mustelidae,Carnivora,Mammalia,high,0.0,-5.0,true,
speciesnet_v403b_geo_supported_overlap,Gemini 3.1 Pro BP47,1,not_redistributed_public_staging_speciesnet_overlap_only,WBGBIF2026_E0215,Phasianus colchicus,Aves,Belgium,BEL,Phasianus colchicus,Phasianus,Phasianidae,Galliformes,Aves,high,5.0,5.0,false,
speciesnet_v403b_geo_supported_overlap,Gemini 3.1 Pro BP47,1,not_redistributed_public_staging_speciesnet_overlap_only,WBGBIF2026_E0216,Phasianus colchicus,Aves,Belgium,BEL,Phasianus colchicus,Phasianus,Phasianidae,Galliformes,Aves,high,5.0,5.0,false,
speciesnet_v403b_geo_supported_overlap,Gemini 3.1 Pro BP47,1,not_redistributed_public_staging_speciesnet_overlap_only,WBGBIF2026_E0217,Phoenicurus ochruros,Aves,Luxembourg,LUX,Erithacus rubecula,Erithacus,Muscicapidae,Passeriformes,Aves,high,2.0,-3.0,true,
speciesnet_v403b_geo_supported_overlap,Gemini 3.1 Pro BP47,1,not_redistributed_public_staging_speciesnet_overlap_only,WBGBIF2026_E0218,Phoenicurus ochruros,Aves,Luxembourg,LUX,Phoenicurus ochruros,Phoenicurus,Muscicapidae,Passeriformes,Aves,medium,5.0,5.0,false,
speciesnet_v403b_geo_supported_overlap,Gemini 3.1 Pro BP47,1,not_redistributed_public_staging_speciesnet_overlap_only,WBGBIF2026_E0219,Phoenicurus ochruros,Aves,Luxembourg,LUX,,,,,,low,0.0,0.0,false,
speciesnet_v403b_geo_supported_overlap,Gemini 3.1 Pro BP47,1,not_redistributed_public_staging_speciesnet_overlap_only,WBGBIF2026_E0220,Phoenicurus phoenicurus,Aves,Luxembourg,LUX,Troglodytes troglodytes,Troglodytes,Troglodytidae,Passeriformes,Aves,high,1.0,-4.0,true,
speciesnet_v403b_geo_supported_overlap,Gemini 3.1 Pro BP47,1,not_redistributed_public_staging_speciesnet_overlap_only,WBGBIF2026_E0221,Phoenicurus phoenicurus,Aves,Luxembourg,LUX,Erithacus rubecula,Erithacus,Muscicapidae,Passeriformes,Aves,high,2.0,-3.0,true,
speciesnet_v403b_geo_supported_overlap,Gemini 3.1 Pro BP47,1,not_redistributed_public_staging_speciesnet_overlap_only,WBGBIF2026_E0222,Phoenicurus phoenicurus,Aves,Luxembourg,LUX,,Poecile,Paridae,Passeriformes,Aves,medium,1.0,-4.0,true,
speciesnet_v403b_geo_supported_overlap,Gemini 3.1 Pro BP47,1,not_redistributed_public_staging_speciesnet_overlap_only,WBGBIF2026_E0226,Pica pica,Aves,Belgium,BEL,Pica pica,Pica,Corvidae,Passeriformes,Aves,high,5.0,5.0,false,
speciesnet_v403b_geo_supported_overlap,Gemini 3.1 Pro BP47,1,not_redistributed_public_staging_speciesnet_overlap_only,WBGBIF2026_E0227,Pica pica,Aves,Belgium,BEL,Pica pica,Pica,Corvidae,Passeriformes,Aves,high,5.0,5.0,false,
speciesnet_v403b_geo_supported_overlap,Gemini 3.1 Pro BP47,1,not_redistributed_public_staging_speciesnet_overlap_only,WBGBIF2026_E0228,Pica pica,Aves,Belgium,BEL,,,,,,low,0.0,0.0,false,
speciesnet_v403b_geo_supported_overlap,Gemini 3.1 Pro BP47,1,not_redistributed_public_staging_speciesnet_overlap_only,WBGBIF2026_E0229,Picus viridis,Aves,Belgium,BEL,Picus viridis,Picus,Picidae,Piciformes,Aves,high,5.0,5.0,false,
speciesnet_v403b_geo_supported_overlap,Gemini 3.1 Pro BP47,1,not_redistributed_public_staging_speciesnet_overlap_only,WBGBIF2026_E0230,Picus viridis,Aves,Luxembourg,LUX,Picus viridis,Picus,Picidae,Piciformes,Aves,high,5.0,5.0,false,
speciesnet_v403b_geo_supported_overlap,Gemini 3.1 Pro BP47,1,not_redistributed_public_staging_speciesnet_overlap_only,WBGBIF2026_E0231,Picus viridis,Aves,Luxembourg,LUX,Picus viridis,Picus,Picidae,Piciformes,Aves,high,5.0,5.0,false,
speciesnet_v403b_geo_supported_overlap,Gemini 3.1 Pro BP47,1,not_redistributed_public_staging_speciesnet_overlap_only,WBGBIF2026_E0238,Proechimys semispinosus,Mammalia,Ecuador,ECU,,,Didelphidae,Didelphimorphia,Mammalia,low,0.5,-4.5,true,
speciesnet_v403b_geo_supported_overlap,Gemini 3.1 Pro BP47,1,not_redistributed_public_staging_speciesnet_overlap_only,WBGBIF2026_E0239,Proechimys semispinosus,Mammalia,Ecuador,ECU,,,,Rodentia,Mammalia,low,1.0,1.0,false,
speciesnet_v403b_geo_supported_overlap,Gemini 3.1 Pro BP47,1,not_redistributed_public_staging_speciesnet_overlap_only,WBGBIF2026_E0240,Proechimys semispinosus,Mammalia,Ecuador,ECU,,,,Rodentia,Mammalia,low,1.0,1.0,false,
speciesnet_v403b_geo_supported_overlap,Gemini 3.1 Pro BP47,1,not_redistributed_public_staging_speciesnet_overlap_only,WBGBIF2026_E0244,Psophia crepitans,Aves,Ecuador,ECU,Psophia crepitans,Psophia,Psophiidae,Gruiformes,Aves,high,5.0,5.0,false,
speciesnet_v403b_geo_supported_overlap,Gemini 3.1 Pro BP47,1,not_redistributed_public_staging_speciesnet_overlap_only,WBGBIF2026_E0245,Psophia crepitans,Aves,Ecuador,ECU,Nothocrax urumutum,Nothocrax,Cracidae,Galliformes,Aves,medium,0.5,-4.5,true,
speciesnet_v403b_geo_supported_overlap,Gemini 3.1 Pro BP47,1,not_redistributed_public_staging_speciesnet_overlap_only,WBGBIF2026_E0246,Psophia crepitans,Aves,Ecuador,ECU,,,,Pilosa,Mammalia,medium,0.0,-5.0,true,
speciesnet_v403b_geo_supported_overlap,Gemini 3.1 Pro BP47,1,not_redistributed_public_staging_speciesnet_overlap_only,WBGBIF2026_E0247,Puma concolor,Mammalia,Ecuador,ECU,Puma concolor,Puma,Felidae,Carnivora,Mammalia,high,5.0,5.0,false,
speciesnet_v403b_geo_supported_overlap,Gemini 3.1 Pro BP47,1,not_redistributed_public_staging_speciesnet_overlap_only,WBGBIF2026_E0248,Puma concolor,Mammalia,Ecuador,ECU,Puma concolor,Puma,Felidae,Carnivora,Mammalia,high,5.0,5.0,false,
speciesnet_v403b_geo_supported_overlap,Gemini 3.1 Pro BP47,1,not_redistributed_public_staging_speciesnet_overlap_only,WBGBIF2026_E0249,Puma concolor,Mammalia,Ecuador,ECU,,,,,,low,0.0,0.0,false,
speciesnet_v403b_geo_supported_overlap,Gemini 3.1 Pro BP47,1,not_redistributed_public_staging_speciesnet_overlap_only,WBGBIF2026_E0253,Rattus norvegicus,Mammalia,Belgium,BEL,,,Cricetidae,Rodentia,Mammalia,medium,1.0,-4.0,true,
speciesnet_v403b_geo_supported_overlap,Gemini 3.1 Pro BP47,1,not_redistributed_public_staging_speciesnet_overlap_only,WBGBIF2026_E0254,Rattus norvegicus,Mammalia,Belgium,BEL,,,,,Mammalia,low,0.5,0.5,false,
speciesnet_v403b_geo_supported_overlap,Gemini 3.1 Pro BP47,1,not_redistributed_public_staging_speciesnet_overlap_only,WBGBIF2026_E0255,Rattus norvegicus,Mammalia,Belgium,BEL,Meles meles,Meles,Mustelidae,Carnivora,Mammalia,medium,0.5,-4.5,true,
speciesnet_v403b_geo_supported_overlap,Gemini 3.1 Pro BP47,1,not_redistributed_public_staging_speciesnet_overlap_only,WBGBIF2026_E0259,Saxicola rubicola,Aves,Luxembourg,LUX,,,,Passeriformes,Aves,low,1.0,1.0,false,
speciesnet_v403b_geo_supported_overlap,Gemini 3.1 Pro BP47,1,not_redistributed_public_staging_speciesnet_overlap_only,WBGBIF2026_E0260,Saxicola rubicola,Aves,Luxembourg,LUX,,Anthus,Motacillidae,Passeriformes,Aves,high,1.0,-4.0,true,genus
speciesnet_v403b_geo_supported_overlap,Gemini 3.1 Pro BP47,1,not_redistributed_public_staging_speciesnet_overlap_only,WBGBIF2026_E0261,Saxicola rubicola,Aves,Luxembourg,LUX,Fringilla coelebs,Fringilla,Fringillidae,Passeriformes,Aves,high,1.0,-4.0,true,
speciesnet_v403b_geo_supported_overlap,Gemini 3.1 Pro BP47,1,not_redistributed_public_staging_speciesnet_overlap_only,WBGBIF2026_E0262,Sciurus vulgaris,Mammalia,Luxembourg,LUX,,,,,,low,0.0,0.0,false,
speciesnet_v403b_geo_supported_overlap,Gemini 3.1 Pro BP47,1,not_redistributed_public_staging_speciesnet_overlap_only,WBGBIF2026_E0263,Sciurus vulgaris,Mammalia,Luxembourg,LUX,,,,,,low,0.0,0.0,false,
speciesnet_v403b_geo_supported_overlap,Gemini 3.1 Pro BP47,1,not_redistributed_public_staging_speciesnet_overlap_only,WBGBIF2026_E0264,Sciurus vulgaris,Mammalia,Luxembourg,LUX,Sciurus vulgaris,Sciurus,Sciuridae,Rodentia,Mammalia,high,5.0,5.0,false,
speciesnet_v403b_geo_supported_overlap,Gemini 3.1 Pro BP47,1,not_redistributed_public_staging_speciesnet_overlap_only,WBGBIF2026_E0265,Scolopax rusticola,Aves,Luxembourg,LUX,Scolopax rusticola,Scolopax,Scolopacidae,Charadriiformes,Aves,high,5.0,5.0,false,
speciesnet_v403b_geo_supported_overlap,Gemini 3.1 Pro BP47,1,not_redistributed_public_staging_speciesnet_overlap_only,WBGBIF2026_E0266,Scolopax rusticola,Aves,Belgium,BEL,,,,,,low,0.0,0.0,false,
speciesnet_v403b_geo_supported_overlap,Gemini 3.1 Pro BP47,1,not_redistributed_public_staging_speciesnet_overlap_only,WBGBIF2026_E0267,Scolopax rusticola,Aves,Belgium,BEL,Scolopax rusticola,Scolopax,Scolopacidae,Charadriiformes,Aves,high,5.0,5.0,false,
speciesnet_v403b_geo_supported_overlap,Gemini 3.1 Pro BP47,1,not_redistributed_public_staging_speciesnet_overlap_only,WBGBIF2026_E0268,Sitta europaea,Aves,Belgium,BEL,Sitta europaea,Sitta,Sittidae,Passeriformes,Aves,high,5.0,5.0,false,
speciesnet_v403b_geo_supported_overlap,Gemini 3.1 Pro BP47,1,not_redistributed_public_staging_speciesnet_overlap_only,WBGBIF2026_E0269,Sitta europaea,Aves,Belgium,BEL,,,,,,high,0.0,0.0,false,
speciesnet_v403b_geo_supported_overlap,Gemini 3.1 Pro BP47,1,not_redistributed_public_staging_speciesnet_overlap_only,WBGBIF2026_E0270,Sitta europaea,Aves,Belgium,BEL,Sitta europaea,Sitta,Sittidae,Passeriformes,Aves,high,5.0,5.0,false,
speciesnet_v403b_geo_supported_overlap,Gemini 3.1 Pro BP47,1,not_redistributed_public_staging_speciesnet_overlap_only,WBGBIF2026_E0271,Strix aluco,Aves,Belgium,BEL,Strix aluco,Strix,Strigidae,Strigiformes,Aves,high,5.0,5.0,false,
speciesnet_v403b_geo_supported_overlap,Gemini 3.1 Pro BP47,1,not_redistributed_public_staging_speciesnet_overlap_only,WBGBIF2026_E0272,Strix aluco,Aves,Belgium,BEL,Procyon lotor,Procyon,Procyonidae,Carnivora,Mammalia,medium,0.0,-5.0,true,
speciesnet_v403b_geo_supported_overlap,Gemini 3.1 Pro BP47,1,not_redistributed_public_staging_speciesnet_overlap_only,WBGBIF2026_E0273,Strix aluco,Aves,Belgium,BEL,Strix aluco,Strix,Strigidae,Strigiformes,Aves,high,5.0,5.0,false,
speciesnet_v403b_geo_supported_overlap,Gemini 3.1 Pro BP47,1,not_redistributed_public_staging_speciesnet_overlap_only,WBGBIF2026_E0274,Sturnus vulgaris,Aves,Luxembourg,LUX,Sturnus vulgaris,Sturnus,Sturnidae,Passeriformes,Aves,high,5.0,5.0,false,
speciesnet_v403b_geo_supported_overlap,Gemini 3.1 Pro BP47,1,not_redistributed_public_staging_speciesnet_overlap_only,WBGBIF2026_E0275,Sturnus vulgaris,Aves,Luxembourg,LUX,,,,,Aves,low,0.5,0.5,false,
speciesnet_v403b_geo_supported_overlap,Gemini 3.1 Pro BP47,1,not_redistributed_public_staging_speciesnet_overlap_only,WBGBIF2026_E0276,Sturnus vulgaris,Aves,France,FRA,Sturnus vulgaris,Sturnus,Sturnidae,Passeriformes,Aves,medium,5.0,5.0,false,
speciesnet_v403b_geo_supported_overlap,Gemini 3.1 Pro BP47,1,not_redistributed_public_staging_speciesnet_overlap_only,WBGBIF2026_E0277,Sus scrofa,Mammalia,Belgium,BEL,,,,,Mammalia,low,0.5,0.5,false,
speciesnet_v403b_geo_supported_overlap,Gemini 3.1 Pro BP47,1,not_redistributed_public_staging_speciesnet_overlap_only,WBGBIF2026_E0278,Sus scrofa,Mammalia,Belgium,BEL,,,,,,low,0.0,0.0,false,
speciesnet_v403b_geo_supported_overlap,Gemini 3.1 Pro BP47,1,not_redistributed_public_staging_speciesnet_overlap_only,WBGBIF2026_E0279,Sus scrofa,Mammalia,Belgium,BEL,Sus scrofa,Sus,Suidae,Artiodactyla,Mammalia,high,5.0,5.0,false,
speciesnet_v403b_geo_supported_overlap,Gemini 3.1 Pro BP47,1,not_redistributed_public_staging_speciesnet_overlap_only,WBGBIF2026_E0289,Syrmaticus reevesii,Aves,Belgium,BEL,Phasianus colchicus,Phasianus,Phasianidae,Galliformes,Aves,high,2.0,-3.0,true,
speciesnet_v403b_geo_supported_overlap,Gemini 3.1 Pro BP47,1,not_redistributed_public_staging_speciesnet_overlap_only,WBGBIF2026_E0290,Syrmaticus reevesii,Aves,Belgium,BEL,Phasianus colchicus,Phasianus,Phasianidae,Galliformes,Aves,high,2.0,-3.0,true,
speciesnet_v403b_geo_supported_overlap,Gemini 3.1 Pro BP47,1,not_redistributed_public_staging_speciesnet_overlap_only,WBGBIF2026_E0291,Syrmaticus reevesii,Aves,Belgium,BEL,Phasianus colchicus,Phasianus,Phasianidae,Galliformes,Aves,high,2.0,-3.0,true,
speciesnet_v403b_geo_supported_overlap,Gemini 3.1 Pro BP47,1,not_redistributed_public_staging_speciesnet_overlap_only,WBGBIF2026_E0292,Tapirus terrestris,Mammalia,Ecuador,ECU,,,,,Mammalia,low,0.5,0.5,false,
speciesnet_v403b_geo_supported_overlap,Gemini 3.1 Pro BP47,1,not_redistributed_public_staging_speciesnet_overlap_only,WBGBIF2026_E0293,Tapirus terrestris,Mammalia,Ecuador,ECU,Tapirus terrestris,Tapirus,Tapiridae,Perissodactyla,Mammalia,high,5.0,5.0,false,
speciesnet_v403b_geo_supported_overlap,Gemini 3.1 Pro BP47,1,not_redistributed_public_staging_speciesnet_overlap_only,WBGBIF2026_E0294,Tapirus terrestris,Mammalia,Ecuador,ECU,,Tapirus,Tapiridae,Perissodactyla,Mammalia,high,3.0,3.0,false,
speciesnet_v403b_geo_supported_overlap,Gemini 3.1 Pro BP47,1,not_redistributed_public_staging_speciesnet_overlap_only,WBGBIF2026_E0295,Tayassu pecari,Mammalia,Ecuador,ECU,,Dasyprocta,Dasyproctidae,Rodentia,Mammalia,high,0.5,-4.5,true,
speciesnet_v403b_geo_supported_overlap,Gemini 3.1 Pro BP47,1,not_redistributed_public_staging_speciesnet_overlap_only,WBGBIF2026_E0296,Tayassu pecari,Mammalia,Ecuador,ECU,,,,,,low,0.0,0.0,false,
speciesnet_v403b_geo_supported_overlap,Gemini 3.1 Pro BP47,1,not_redistributed_public_staging_speciesnet_overlap_only,WBGBIF2026_E0297,Tayassu pecari,Mammalia,Ecuador,ECU,Pecari tajacu,Pecari,Tayassuidae,Artiodactyla,Mammalia,high,2.0,-3.0,true,
speciesnet_v403b_geo_supported_overlap,Gemini 3.1 Pro BP47,1,not_redistributed_public_staging_speciesnet_overlap_only,WBGBIF2026_E0298,Tinamus major,Aves,Ecuador,ECU,,,Tinamidae,Tinamiformes,Aves,high,2.0,2.0,false,
speciesnet_v403b_geo_supported_overlap,Gemini 3.1 Pro BP47,1,not_redistributed_public_staging_speciesnet_overlap_only,WBGBIF2026_E0299,Tinamus major,Aves,Ecuador,ECU,,,Tinamidae,Tinamiformes,Aves,high,2.0,2.0,false,
speciesnet_v403b_geo_supported_overlap,Gemini 3.1 Pro BP47,1,not_redistributed_public_staging_speciesnet_overlap_only,WBGBIF2026_E0300,Tinamus major,Aves,Ecuador,ECU,,,Tinamidae,Tinamiformes,Aves,low,2.0,2.0,false,
speciesnet_v403b_geo_supported_overlap,Gemini 3.1 Pro BP47,1,not_redistributed_public_staging_speciesnet_overlap_only,WBGBIF2026_E0301,Tinamus tao,Aves,Ecuador,ECU,Tinamus major,Tinamus,Tinamidae,Tinamiformes,Aves,medium,3.0,-2.0,true,
speciesnet_v403b_geo_supported_overlap,Gemini 3.1 Pro BP47,1,not_redistributed_public_staging_speciesnet_overlap_only,WBGBIF2026_E0302,Tinamus tao,Aves,Ecuador,ECU,,Chamaeza,Formicariidae,Passeriformes,Aves,high,0.5,-4.5,true,genus|family
speciesnet_v403b_geo_supported_overlap,Gemini 3.1 Pro BP47,1,not_redistributed_public_staging_speciesnet_overlap_only,WBGBIF2026_E0303,Tinamus tao,Aves,Ecuador,ECU,,,,,,low,0.0,0.0,false,
speciesnet_v403b_geo_supported_overlap,Gemini 3.1 Pro BP47,1,not_redistributed_public_staging_speciesnet_overlap_only,WBGBIF2026_E0304,Tremarctos ornatus,Mammalia,Ecuador,ECU,Tremarctos ornatus,Tremarctos,Ursidae,Carnivora,Mammalia,medium,5.0,5.0,false,
speciesnet_v403b_geo_supported_overlap,Gemini 3.1 Pro BP47,1,not_redistributed_public_staging_speciesnet_overlap_only,WBGBIF2026_E0305,Tremarctos ornatus,Mammalia,Ecuador,ECU,,,,,Mammalia,high,0.5,0.5,false,
speciesnet_v403b_geo_supported_overlap,Gemini 3.1 Pro BP47,1,not_redistributed_public_staging_speciesnet_overlap_only,WBGBIF2026_E0306,Tremarctos ornatus,Mammalia,Ecuador,ECU,Tremarctos ornatus,Tremarctos,Ursidae,Carnivora,Mammalia,high,5.0,5.0,false,
speciesnet_v403b_geo_supported_overlap,Gemini 3.1 Pro BP47,1,not_redistributed_public_staging_speciesnet_overlap_only,WBGBIF2026_E0307,Troglodytes troglodytes,Aves,Belgium,BEL,,,,,,low,0.0,0.0,false,
speciesnet_v403b_geo_supported_overlap,Gemini 3.1 Pro BP47,1,not_redistributed_public_staging_speciesnet_overlap_only,WBGBIF2026_E0308,Troglodytes troglodytes,Aves,Belgium,BEL,Troglodytes troglodytes,Troglodytes,Troglodytidae,Passeriformes,Aves,high,5.0,5.0,false,
speciesnet_v403b_geo_supported_overlap,Gemini 3.1 Pro BP47,1,not_redistributed_public_staging_speciesnet_overlap_only,WBGBIF2026_E0309,Troglodytes troglodytes,Aves,Belgium,BEL,,,,,,low,0.0,0.0,false,
speciesnet_v403b_geo_supported_overlap,Gemini 3.1 Pro BP47,1,not_redistributed_public_staging_speciesnet_overlap_only,WBGBIF2026_E0310,Turdus iliacus,Aves,Belgium,BEL,Turdus iliacus,Turdus,Turdidae,Passeriformes,Aves,high,5.0,5.0,false,
speciesnet_v403b_geo_supported_overlap,Gemini 3.1 Pro BP47,1,not_redistributed_public_staging_speciesnet_overlap_only,WBGBIF2026_E0311,Turdus iliacus,Aves,Belgium,BEL,Turdus iliacus,Turdus,Turdidae,Passeriformes,Aves,high,5.0,5.0,false,
speciesnet_v403b_geo_supported_overlap,Gemini 3.1 Pro BP47,1,not_redistributed_public_staging_speciesnet_overlap_only,WBGBIF2026_E0312,Turdus iliacus,Aves,Belgium,BEL,,,,,,low,0.0,0.0,false,
speciesnet_v403b_geo_supported_overlap,Gemini 3.1 Pro BP47,1,not_redistributed_public_staging_speciesnet_overlap_only,WBGBIF2026_E0313,Turdus merula,Aves,Belgium,BEL,Turdus merula,Turdus,Turdidae,Passeriformes,Aves,high,5.0,5.0,false,
speciesnet_v403b_geo_supported_overlap,Gemini 3.1 Pro BP47,1,not_redistributed_public_staging_speciesnet_overlap_only,WBGBIF2026_E0314,Turdus merula,Aves,Belgium,BEL,Turdus merula,Turdus,Turdidae,Passeriformes,Aves,high,5.0,5.0,false,
speciesnet_v403b_geo_supported_overlap,Gemini 3.1 Pro BP47,1,not_redistributed_public_staging_speciesnet_overlap_only,WBGBIF2026_E0315,Turdus merula,Aves,Belgium,BEL,,,,,,low,0.0,0.0,false,
speciesnet_v403b_geo_supported_overlap,Gemini 3.1 Pro BP47,1,not_redistributed_public_staging_speciesnet_overlap_only,WBGBIF2026_E0316,Turdus philomelos,Aves,Belgium,BEL,,,,,,low,0.0,0.0,false,
speciesnet_v403b_geo_supported_overlap,Gemini 3.1 Pro BP47,1,not_redistributed_public_staging_speciesnet_overlap_only,WBGBIF2026_E0317,Turdus philomelos,Aves,Belgium,BEL,,,,,,high,0.0,0.0,false,
speciesnet_v403b_geo_supported_overlap,Gemini 3.1 Pro BP47,1,not_redistributed_public_staging_speciesnet_overlap_only,WBGBIF2026_E0318,Turdus philomelos,Aves,Belgium,BEL,Turdus philomelos,Turdus,Turdidae,Passeriformes,Aves,high,5.0,5.0,false,
speciesnet_v403b_geo_supported_overlap,Gemini 3.1 Pro BP47,1,not_redistributed_public_staging_speciesnet_overlap_only,WBGBIF2026_E0319,Turdus pilaris,Aves,Germany,DEU,Scolopax rusticola,Scolopax,Scolopacidae,Charadriiformes,Aves,medium,0.5,-4.5,true,
speciesnet_v403b_geo_supported_overlap,Gemini 3.1 Pro BP47,1,not_redistributed_public_staging_speciesnet_overlap_only,WBGBIF2026_E0320,Turdus pilaris,Aves,Germany,DEU,Turdus pilaris,Turdus,Turdidae,Passeriformes,Aves,medium,5.0,5.0,false,
speciesnet_v403b_geo_supported_overlap,Gemini 3.1 Pro BP47,1,not_redistributed_public_staging_speciesnet_overlap_only,WBGBIF2026_E0321,Turdus pilaris,Aves,Luxembourg,LUX,,,,,,low,0.0,0.0,false,
speciesnet_v403b_geo_supported_overlap,Gemini 3.1 Pro BP47,1,not_redistributed_public_staging_speciesnet_overlap_only,WBGBIF2026_E0325,Turdus viscivorus,Aves,Belgium,BEL,,,,,Aves,low,0.5,0.5,false,
speciesnet_v403b_geo_supported_overlap,Gemini 3.1 Pro BP47,1,not_redistributed_public_staging_speciesnet_overlap_only,WBGBIF2026_E0326,Turdus viscivorus,Aves,Belgium,BEL,Turdus philomelos,Turdus,Turdidae,Passeriformes,Aves,high,3.0,-2.0,true,
speciesnet_v403b_geo_supported_overlap,Gemini 3.1 Pro BP47,1,not_redistributed_public_staging_speciesnet_overlap_only,WBGBIF2026_E0327,Turdus viscivorus,Aves,Luxembourg,LUX,Turdus viscivorus,Turdus,Turdidae,Passeriformes,Aves,high,5.0,5.0,false,
speciesnet_v403b_geo_supported_overlap,Gemini 3.1 Pro BP47,1,not_redistributed_public_staging_speciesnet_overlap_only,WBGBIF2026_E0328,Vulpes vulpes,Mammalia,Belgium,BEL,,,,,,low,0.0,0.0,false,
speciesnet_v403b_geo_supported_overlap,Gemini 3.1 Pro BP47,1,not_redistributed_public_staging_speciesnet_overlap_only,WBGBIF2026_E0329,Vulpes vulpes,Mammalia,Belgium,BEL,Vulpes vulpes,Vulpes,Canidae,Carnivora,Mammalia,medium,5.0,5.0,false,
speciesnet_v403b_geo_supported_overlap,Gemini 3.1 Pro BP47,1,not_redistributed_public_staging_speciesnet_overlap_only,WBGBIF2026_E0330,Vulpes vulpes,Mammalia,Luxembourg,LUX,Vulpes vulpes,Vulpes,Canidae,Carnivora,Mammalia,high,5.0,5.0,false,
speciesnet_v403b_geo_supported_overlap,Gemini 3.5 Flash BP47,1,not_redistributed_public_staging_speciesnet_overlap_only,WBGBIF2026_E0001,Accipiter nisus,Aves,Belgium,BEL,Strix aluco,Strix,Strigidae,Strigiformes,Aves,medium,0.5,-4.5,true,
speciesnet_v403b_geo_supported_overlap,Gemini 3.5 Flash BP47,1,not_redistributed_public_staging_speciesnet_overlap_only,WBGBIF2026_E0002,Accipiter nisus,Aves,Luxembourg,LUX,Accipiter gentilis,Accipiter,Accipitridae,Accipitriformes,Aves,high,3.0,-2.0,true,species
speciesnet_v403b_geo_supported_overlap,Gemini 3.5 Flash BP47,1,not_redistributed_public_staging_speciesnet_overlap_only,WBGBIF2026_E0003,Accipiter nisus,Aves,Luxembourg,LUX,Accipiter nisus,Accipiter,Accipitridae,Accipitriformes,Aves,medium,5.0,5.0,false,
speciesnet_v403b_geo_supported_overlap,Gemini 3.5 Flash BP47,1,not_redistributed_public_staging_speciesnet_overlap_only,WBGBIF2026_E0007,Alopochen aegyptiaca,Aves,Belgium,BEL,Alopochen aegyptiaca,Alopochen,Anatidae,Anseriformes,Aves,high,5.0,5.0,false,
speciesnet_v403b_geo_supported_overlap,Gemini 3.5 Flash BP47,1,not_redistributed_public_staging_speciesnet_overlap_only,WBGBIF2026_E0008,Alopochen aegyptiaca,Aves,Belgium,BEL,Alopochen aegyptiaca,Alopochen,Anatidae,Anseriformes,Aves,high,5.0,5.0,false,
speciesnet_v403b_geo_supported_overlap,Gemini 3.5 Flash BP47,1,not_redistributed_public_staging_speciesnet_overlap_only,WBGBIF2026_E0009,Alopochen aegyptiaca,Aves,Belgium,BEL,,,,,,low,0.0,0.0,false,
speciesnet_v403b_geo_supported_overlap,Gemini 3.5 Flash BP47,1,not_redistributed_public_staging_speciesnet_overlap_only,WBGBIF2026_E0010,Anas platyrhynchos,Aves,Belgium,BEL,,,,,,high,0.0,0.0,false,
speciesnet_v403b_geo_supported_overlap,Gemini 3.5 Flash BP47,1,not_redistributed_public_staging_speciesnet_overlap_only,WBGBIF2026_E0011,Anas platyrhynchos,Aves,Belgium,BEL,Anas platyrhynchos,Anas,Anatidae,Anseriformes,Aves,medium,5.0,5.0,false,
speciesnet_v403b_geo_supported_overlap,Gemini 3.5 Flash BP47,1,not_redistributed_public_staging_speciesnet_overlap_only,WBGBIF2026_E0012,Anas platyrhynchos,Aves,Belgium,BEL,Anas platyrhynchos,Anas,Anatidae,Anseriformes,Aves,high,5.0,5.0,false,
speciesnet_v403b_geo_supported_overlap,Gemini 3.5 Flash BP47,1,not_redistributed_public_staging_speciesnet_overlap_only,WBGBIF2026_E0013,Apodemus sylvaticus,Mammalia,Belgium,BEL,,Apodemus,Muridae,Rodentia,Mammalia,medium,3.0,3.0,false,
speciesnet_v403b_geo_supported_overlap,Gemini 3.5 Flash BP47,1,not_redistributed_public_staging_speciesnet_overlap_only,WBGBIF2026_E0014,Apodemus sylvaticus,Mammalia,Belgium,BEL,,Apodemus,Muridae,Rodentia,Mammalia,high,3.0,3.0,false,
speciesnet_v403b_geo_supported_overlap,Gemini 3.5 Flash BP47,1,not_redistributed_public_staging_speciesnet_overlap_only,WBGBIF2026_E0015,Apodemus sylvaticus,Mammalia,Belgium,BEL,,Apodemus,Muridae,Rodentia,Mammalia,medium,3.0,3.0,false,
speciesnet_v403b_geo_supported_overlap,Gemini 3.5 Flash BP47,1,not_redistributed_public_staging_speciesnet_overlap_only,WBGBIF2026_E0016,Ardea cinerea,Aves,Belgium,BEL,Ardea cinerea,Ardea,Ardeidae,Pelecaniformes,Aves,high,5.0,5.0,false,
speciesnet_v403b_geo_supported_overlap,Gemini 3.5 Flash BP47,1,not_redistributed_public_staging_speciesnet_overlap_only,WBGBIF2026_E0017,Ardea cinerea,Aves,Belgium,BEL,,,,,Aves,high,0.5,0.5,false,
speciesnet_v403b_geo_supported_overlap,Gemini 3.5 Flash BP47,1,not_redistributed_public_staging_speciesnet_overlap_only,WBGBIF2026_E0018,Ardea cinerea,Aves,Belgium,BEL,Ardea cinerea,Ardea,Ardeidae,Pelecaniformes,Aves,high,5.0,5.0,false,
speciesnet_v403b_geo_supported_overlap,Gemini 3.5 Flash BP47,1,not_redistributed_public_staging_speciesnet_overlap_only,WBGBIF2026_E0019,Atelocynus microtis,Mammalia,Ecuador,ECU,Atelocynus microtis,Atelocynus,Canidae,Carnivora,Mammalia,high,5.0,5.0,false,
speciesnet_v403b_geo_supported_overlap,Gemini 3.5 Flash BP47,1,not_redistributed_public_staging_speciesnet_overlap_only,WBGBIF2026_E0020,Atelocynus microtis,Mammalia,Ecuador,ECU,Atelocynus microtis,Atelocynus,Canidae,Carnivora,Mammalia,high,5.0,5.0,false,
speciesnet_v403b_geo_supported_overlap,Gemini 3.5 Flash BP47,1,not_redistributed_public_staging_speciesnet_overlap_only,WBGBIF2026_E0021,Atelocynus microtis,Mammalia,Ecuador,ECU,,Dasyprocta,Dasyproctidae,Rodentia,Mammalia,medium,0.5,-4.5,true,
speciesnet_v403b_geo_supported_overlap,Gemini 3.5 Flash BP47,1,not_redistributed_public_staging_speciesnet_overlap_only,WBGBIF2026_E0022,Bos taurus,Mammalia,Belgium,BEL,Bos taurus,Bos,Bovidae,Artiodactyla,Mammalia,high,5.0,5.0,false,
speciesnet_v403b_geo_supported_overlap,Gemini 3.5 Flash BP47,1,not_redistributed_public_staging_speciesnet_overlap_only,WBGBIF2026_E0023,Bos taurus,Mammalia,Ecuador,ECU,Bos taurus,Bos,Bovidae,Artiodactyla,Mammalia,high,5.0,5.0,false,
speciesnet_v403b_geo_supported_overlap,Gemini 3.5 Flash BP47,1,not_redistributed_public_staging_speciesnet_overlap_only,WBGBIF2026_E0024,Bos taurus,Mammalia,Ecuador,ECU,,Tapirus,Tapiridae,Perissodactyla,Mammalia,medium,0.5,-4.5,true,
speciesnet_v403b_geo_supported_overlap,Gemini 3.5 Flash BP47,1,not_redistributed_public_staging_speciesnet_overlap_only,WBGBIF2026_E0028,Buteo buteo,Aves,Belgium,BEL,,,Strigidae,Strigiformes,Aves,medium,0.5,-4.5,true,
speciesnet_v403b_geo_supported_overlap,Gemini 3.5 Flash BP47,1,not_redistributed_public_staging_speciesnet_overlap_only,WBGBIF2026_E0029,Buteo buteo,Aves,Luxembourg,LUX,Buteo buteo,Buteo,Accipitridae,Accipitriformes,Aves,high,5.0,5.0,false,
speciesnet_v403b_geo_supported_overlap,Gemini 3.5 Flash BP47,1,not_redistributed_public_staging_speciesnet_overlap_only,WBGBIF2026_E0030,Buteo buteo,Aves,Belgium,BEL,Buteo buteo,Buteo,Accipitridae,Accipitriformes,Aves,high,5.0,5.0,false,
speciesnet_v403b_geo_supported_overlap,Gemini 3.5 Flash BP47,1,not_redistributed_public_staging_speciesnet_overlap_only,WBGBIF2026_E0034,Capreolus capreolus,Mammalia,Luxembourg,LUX,,,Cervidae,Artiodactyla,Mammalia,medium,2.0,2.0,false,
speciesnet_v403b_geo_supported_overlap,Gemini 3.5 Flash BP47,1,not_redistributed_public_staging_speciesnet_overlap_only,WBGBIF2026_E0035,Capreolus capreolus,Mammalia,Luxembourg,LUX,Capreolus capreolus,Capreolus,Cervidae,Artiodactyla,Mammalia,high,5.0,5.0,false,
speciesnet_v403b_geo_supported_overlap,Gemini 3.5 Flash BP47,1,not_redistributed_public_staging_speciesnet_overlap_only,WBGBIF2026_E0036,Capreolus capreolus,Mammalia,Luxembourg,LUX,Capreolus capreolus,Capreolus,Cervidae,Artiodactyla,Mammalia,high,5.0,5.0,false,
speciesnet_v403b_geo_supported_overlap,Gemini 3.5 Flash BP47,1,not_redistributed_public_staging_speciesnet_overlap_only,WBGBIF2026_E0037,Castor fiber,Mammalia,Belgium,BEL,Erinaceus europaeus,Erinaceus,Erinaceidae,Eulipotyphla,Mammalia,medium,0.5,-4.5,true,order
speciesnet_v403b_geo_supported_overlap,Gemini 3.5 Flash BP47,1,not_redistributed_public_staging_speciesnet_overlap_only,WBGBIF2026_E0038,Castor fiber,Mammalia,Belgium,BEL,Meles meles,Meles,Mustelidae,Carnivora,Mammalia,medium,0.5,-4.5,true,
speciesnet_v403b_geo_supported_overlap,Gemini 3.5 Flash BP47,1,not_redistributed_public_staging_speciesnet_overlap_only,WBGBIF2026_E0039,Castor fiber,Mammalia,Belgium,BEL,Castor fiber,Castor,Castoridae,Rodentia,Mammalia,high,5.0,5.0,false,
speciesnet_v403b_geo_supported_overlap,Gemini 3.5 Flash BP47,1,not_redistributed_public_staging_speciesnet_overlap_only,WBGBIF2026_E0040,Cervus elaphus,Mammalia,Luxembourg,LUX,Capreolus capreolus,Capreolus,Cervidae,Artiodactyla,Mammalia,high,2.0,-3.0,true,
speciesnet_v403b_geo_supported_overlap,Gemini 3.5 Flash BP47,1,not_redistributed_public_staging_speciesnet_overlap_only,WBGBIF2026_E0041,Cervus elaphus,Mammalia,Luxembourg,LUX,Cervus elaphus,Cervus,Cervidae,Artiodactyla,Mammalia,high,5.0,5.0,false,
speciesnet_v403b_geo_supported_overlap,Gemini 3.5 Flash BP47,1,not_redistributed_public_staging_speciesnet_overlap_only,WBGBIF2026_E0042,Cervus elaphus,Mammalia,Luxembourg,LUX,,,Cervidae,Artiodactyla,Mammalia,high,2.0,2.0,false,
speciesnet_v403b_geo_supported_overlap,Gemini 3.5 Flash BP47,1,not_redistributed_public_staging_speciesnet_overlap_only,WBGBIF2026_E0055,Columba palumbus,Aves,Belgium,BEL,Columba palumbus,Columba,Columbidae,Columbiformes,Aves,high,5.0,5.0,false,
speciesnet_v403b_geo_supported_overlap,Gemini 3.5 Flash BP47,1,not_redistributed_public_staging_speciesnet_overlap_only,WBGBIF2026_E0056,Columba palumbus,Aves,Belgium,BEL,,,,,,high,0.0,0.0,false,
speciesnet_v403b_geo_supported_overlap,Gemini 3.5 Flash BP47,1,not_redistributed_public_staging_speciesnet_overlap_only,WBGBIF2026_E0057,Columba palumbus,Aves,Belgium,BEL,Columba palumbus,Columba,Columbidae,Columbiformes,Aves,medium,5.0,5.0,false,
speciesnet_v403b_geo_supported_overlap,Gemini 3.5 Flash BP47,1,not_redistributed_public_staging_speciesnet_overlap_only,WBGBIF2026_E0058,Corvus corone,Aves,Belgium,BEL,,Corvus,Corvidae,Passeriformes,Aves,high,3.0,3.0,false,
speciesnet_v403b_geo_supported_overlap,Gemini 3.5 Flash BP47,1,not_redistributed_public_staging_speciesnet_overlap_only,WBGBIF2026_E0059,Corvus corone,Aves,Luxembourg,LUX,,,,,,low,0.0,0.0,false,
speciesnet_v403b_geo_supported_overlap,Gemini 3.5 Flash BP47,1,not_redistributed_public_staging_speciesnet_overlap_only,WBGBIF2026_E0060,Corvus corone,Aves,Belgium,BEL,,Corvus,Corvidae,Passeriformes,Aves,medium,3.0,3.0,false,
speciesnet_v403b_geo_supported_overlap,Gemini 3.5 Flash BP47,1,not_redistributed_public_staging_speciesnet_overlap_only,WBGBIF2026_E0061,Corvus frugilegus,Aves,Luxembourg,LUX,,Corvus,Corvidae,Passeriformes,Aves,medium,3.0,3.0,false,
speciesnet_v403b_geo_supported_overlap,Gemini 3.5 Flash BP47,1,not_redistributed_public_staging_speciesnet_overlap_only,WBGBIF2026_E0062,Corvus frugilegus,Aves,Luxembourg,LUX,Corvus corone,Corvus,Corvidae,Passeriformes,Aves,medium,3.0,-2.0,true,
speciesnet_v403b_geo_supported_overlap,Gemini 3.5 Flash BP47,1,not_redistributed_public_staging_speciesnet_overlap_only,WBGBIF2026_E0063,Corvus frugilegus,Aves,Luxembourg,LUX,,Corvus,Corvidae,Passeriformes,Aves,high,3.0,3.0,false,
speciesnet_v403b_geo_supported_overlap,Gemini 3.5 Flash BP47,1,not_redistributed_public_staging_speciesnet_overlap_only,WBGBIF2026_E0064,Cuniculus paca,Mammalia,Ecuador,ECU,,Cuniculus,Cuniculidae,Rodentia,Mammalia,high,3.0,3.0,false,
speciesnet_v403b_geo_supported_overlap,Gemini 3.5 Flash BP47,1,not_redistributed_public_staging_speciesnet_overlap_only,WBGBIF2026_E0065,Cuniculus paca,Mammalia,Ecuador,ECU,Cuniculus paca,Cuniculus,Cuniculidae,Rodentia,Mammalia,medium,5.0,5.0,false,
speciesnet_v403b_geo_supported_overlap,Gemini 3.5 Flash BP47,1,not_redistributed_public_staging_speciesnet_overlap_only,WBGBIF2026_E0066,Cuniculus paca,Mammalia,Ecuador,ECU,Cuniculus paca,Cuniculus,Cuniculidae,Rodentia,Mammalia,high,5.0,5.0,false,
speciesnet_v403b_geo_supported_overlap,Gemini 3.5 Flash BP47,1,not_redistributed_public_staging_speciesnet_overlap_only,WBGBIF2026_E0070,Dama dama,Mammalia,Belgium,BEL,Dama dama,Dama,Cervidae,Artiodactyla,Mammalia,high,5.0,5.0,false,
speciesnet_v403b_geo_supported_overlap,Gemini 3.5 Flash BP47,1,not_redistributed_public_staging_speciesnet_overlap_only,WBGBIF2026_E0071,Dama dama,Mammalia,Belgium,BEL,,,,,,low,0.0,0.0,false,
speciesnet_v403b_geo_supported_overlap,Gemini 3.5 Flash BP47,1,not_redistributed_public_staging_speciesnet_overlap_only,WBGBIF2026_E0072,Dama dama,Mammalia,Belgium,BEL,,,Cervidae,Artiodactyla,Mammalia,high,2.0,2.0,false,
speciesnet_v403b_geo_supported_overlap,Gemini 3.5 Flash BP47,1,not_redistributed_public_staging_speciesnet_overlap_only,WBGBIF2026_E0073,Dasyprocta fuliginosa,Mammalia,Ecuador,ECU,Dasyprocta fuliginosa,Dasyprocta,Dasyproctidae,Rodentia,Mammalia,medium,5.0,5.0,false,
speciesnet_v403b_geo_supported_overlap,Gemini 3.5 Flash BP47,1,not_redistributed_public_staging_speciesnet_overlap_only,WBGBIF2026_E0074,Dasyprocta fuliginosa,Mammalia,Ecuador,ECU,,,Cervidae,Artiodactyla,Mammalia,low,0.5,-4.5,true,
speciesnet_v403b_geo_supported_overlap,Gemini 3.5 Flash BP47,1,not_redistributed_public_staging_speciesnet_overlap_only,WBGBIF2026_E0075,Dasyprocta fuliginosa,Mammalia,Ecuador,ECU,,Dasyprocta,Dasyproctidae,Rodentia,Mammalia,high,3.0,3.0,false,
speciesnet_v403b_geo_supported_overlap,Gemini 3.5 Flash BP47,1,not_redistributed_public_staging_speciesnet_overlap_only,WBGBIF2026_E0076,Dasyprocta punctata,Mammalia,Ecuador,ECU,,Dasyprocta,Dasyproctidae,Rodentia,Mammalia,high,3.0,3.0,false,
speciesnet_v403b_geo_supported_overlap,Gemini 3.5 Flash BP47,1,not_redistributed_public_staging_speciesnet_overlap_only,WBGBIF2026_E0077,Dasyprocta punctata,Mammalia,Ecuador,ECU,,Dasypus,Dasypodidae,Cingulata,Mammalia,medium,0.5,-4.5,true,
speciesnet_v403b_geo_supported_overlap,Gemini 3.5 Flash BP47,1,not_redistributed_public_staging_speciesnet_overlap_only,WBGBIF2026_E0078,Dasyprocta punctata,Mammalia,Ecuador,ECU,,,,Rodentia,Mammalia,medium,1.0,1.0,false,
speciesnet_v403b_geo_supported_overlap,Gemini 3.5 Flash BP47,1,not_redistributed_public_staging_speciesnet_overlap_only,WBGBIF2026_E0079,Dasypus novemcinctus,Mammalia,Ecuador,ECU,,,,,Mammalia,high,0.5,0.5,false,
speciesnet_v403b_geo_supported_overlap,Gemini 3.5 Flash BP47,1,not_redistributed_public_staging_speciesnet_overlap_only,WBGBIF2026_E0080,Dasypus novemcinctus,Mammalia,Ecuador,ECU,,Dasypus,Dasypodidae,Cingulata,Mammalia,high,3.0,3.0,false,
speciesnet_v403b_geo_supported_overlap,Gemini 3.5 Flash BP47,1,not_redistributed_public_staging_speciesnet_overlap_only,WBGBIF2026_E0081,Dasypus novemcinctus,Mammalia,Ecuador,ECU,Dasypus novemcinctus,Dasypus,Dasypodidae,Cingulata,Mammalia,medium,5.0,5.0,false,
speciesnet_v403b_geo_supported_overlap,Gemini 3.5 Flash BP47,1,not_redistributed_public_staging_speciesnet_overlap_only,WBGBIF2026_E0082,Dendrocopos major,Aves,Belgium,BEL,Dendrocopos major,Dendrocopos,Picidae,Piciformes,Aves,high,5.0,5.0,false,
speciesnet_v403b_geo_supported_overlap,Gemini 3.5 Flash BP47,1,not_redistributed_public_staging_speciesnet_overlap_only,WBGBIF2026_E0083,Dendrocopos major,Aves,Belgium,BEL,Dendrocopos major,Dendrocopos,Picidae,Piciformes,Aves,high,5.0,5.0,false,
speciesnet_v403b_geo_supported_overlap,Gemini 3.5 Flash BP47,1,not_redistributed_public_staging_speciesnet_overlap_only,WBGBIF2026_E0084,Dendrocopos major,Aves,Belgium,BEL,Dendrocopos major,Dendrocopos,Picidae,Piciformes,Aves,medium,5.0,5.0,false,
speciesnet_v403b_geo_supported_overlap,Gemini 3.5 Flash BP47,1,not_redistributed_public_staging_speciesnet_overlap_only,WBGBIF2026_E0088,Didelphis marsupialis,Mammalia,Ecuador,ECU,,Didelphis,Didelphidae,Didelphimorphia,Mammalia,high,3.0,3.0,false,
speciesnet_v403b_geo_supported_overlap,Gemini 3.5 Flash BP47,1,not_redistributed_public_staging_speciesnet_overlap_only,WBGBIF2026_E0089,Didelphis marsupialis,Mammalia,Ecuador,ECU,,,,,Mammalia,low,0.5,0.5,false,
speciesnet_v403b_geo_supported_overlap,Gemini 3.5 Flash BP47,1,not_redistributed_public_staging_speciesnet_overlap_only,WBGBIF2026_E0090,Didelphis marsupialis,Mammalia,Ecuador,ECU,Didelphis marsupialis,Didelphis,Didelphidae,Didelphimorphia,Mammalia,high,5.0,5.0,false,
speciesnet_v403b_geo_supported_overlap,Gemini 3.5 Flash BP47,1,not_redistributed_public_staging_speciesnet_overlap_only,WBGBIF2026_E0091,Dryocopus martius,Aves,Belgium,BEL,Dryocopus martius,Dryocopus,Picidae,Piciformes,Aves,high,5.0,5.0,false,
speciesnet_v403b_geo_supported_overlap,Gemini 3.5 Flash BP47,1,not_redistributed_public_staging_speciesnet_overlap_only,WBGBIF2026_E0092,Dryocopus martius,Aves,Belgium,BEL,Dryocopus martius,Dryocopus,Picidae,Piciformes,Aves,high,5.0,5.0,false,
speciesnet_v403b_geo_supported_overlap,Gemini 3.5 Flash BP47,1,not_redistributed_public_staging_speciesnet_overlap_only,WBGBIF2026_E0093,Dryocopus martius,Aves,Luxembourg,LUX,Dryocopus martius,Dryocopus,Picidae,Piciformes,Aves,high,5.0,5.0,false,
speciesnet_v403b_geo_supported_overlap,Gemini 3.5 Flash BP47,1,not_redistributed_public_staging_speciesnet_overlap_only,WBGBIF2026_E0094,Eira barbara,Mammalia,Ecuador,ECU,Eira barbara,Eira,Mustelidae,Carnivora,Mammalia,high,5.0,5.0,false,
speciesnet_v403b_geo_supported_overlap,Gemini 3.5 Flash BP47,1,not_redistributed_public_staging_speciesnet_overlap_only,WBGBIF2026_E0095,Eira barbara,Mammalia,Ecuador,ECU,Eira barbara,Eira,Mustelidae,Carnivora,Mammalia,high,5.0,5.0,false,
speciesnet_v403b_geo_supported_overlap,Gemini 3.5 Flash BP47,1,not_redistributed_public_staging_speciesnet_overlap_only,WBGBIF2026_E0096,Eira barbara,Mammalia,Ecuador,ECU,Eira barbara,Eira,Mustelidae,Carnivora,Mammalia,high,5.0,5.0,false,
speciesnet_v403b_geo_supported_overlap,Gemini 3.5 Flash BP47,1,not_redistributed_public_staging_speciesnet_overlap_only,WBGBIF2026_E0103,Erinaceus europaeus,Mammalia,Belgium,BEL,,,,,,low,0.0,0.0,false,
speciesnet_v403b_geo_supported_overlap,Gemini 3.5 Flash BP47,1,not_redistributed_public_staging_speciesnet_overlap_only,WBGBIF2026_E0104,Erinaceus europaeus,Mammalia,Belgium,BEL,Erinaceus europaeus,Erinaceus,Erinaceidae,Eulipotyphla,Mammalia,high,5.0,0.0,true,order
speciesnet_v403b_geo_supported_overlap,Gemini 3.5 Flash BP47,1,not_redistributed_public_staging_speciesnet_overlap_only,WBGBIF2026_E0105,Erinaceus europaeus,Mammalia,Belgium,BEL,,,,,,low,0.0,0.0,false,
speciesnet_v403b_geo_supported_overlap,Gemini 3.5 Flash BP47,1,not_redistributed_public_staging_speciesnet_overlap_only,WBGBIF2026_E0106,Erithacus rubecula,Aves,Germany,DEU,Erithacus rubecula,Erithacus,Muscicapidae,Passeriformes,Aves,high,5.0,5.0,false,
speciesnet_v403b_geo_supported_overlap,Gemini 3.5 Flash BP47,1,not_redistributed_public_staging_speciesnet_overlap_only,WBGBIF2026_E0107,Erithacus rubecula,Aves,Belgium,BEL,Erithacus rubecula,Erithacus,Muscicapidae,Passeriformes,Aves,medium,5.0,5.0,false,
speciesnet_v403b_geo_supported_overlap,Gemini 3.5 Flash BP47,1,not_redistributed_public_staging_speciesnet_overlap_only,WBGBIF2026_E0108,Erithacus rubecula,Aves,Belgium,BEL,,,,,,low,0.0,0.0,false,
speciesnet_v403b_geo_supported_overlap,Gemini 3.5 Flash BP47,1,not_redistributed_public_staging_speciesnet_overlap_only,WBGBIF2026_E0109,Falco tinnunculus,Aves,Luxembourg,LUX,Falco tinnunculus,Falco,Falconidae,Falconiformes,Aves,high,5.0,5.0,false,
speciesnet_v403b_geo_supported_overlap,Gemini 3.5 Flash BP47,1,not_redistributed_public_staging_speciesnet_overlap_only,WBGBIF2026_E0110,Falco tinnunculus,Aves,Luxembourg,LUX,,,,,Aves,high,0.5,0.5,false,
speciesnet_v403b_geo_supported_overlap,Gemini 3.5 Flash BP47,1,not_redistributed_public_staging_speciesnet_overlap_only,WBGBIF2026_E0111,Falco tinnunculus,Aves,Luxembourg,LUX,Falco tinnunculus,Falco,Falconidae,Falconiformes,Aves,high,5.0,5.0,false,
speciesnet_v403b_geo_supported_overlap,Gemini 3.5 Flash BP47,1,not_redistributed_public_staging_speciesnet_overlap_only,WBGBIF2026_E0112,Felis catus,Mammalia,Belgium,BEL,,Felis,Felidae,Carnivora,Mammalia,high,3.0,3.0,false,
speciesnet_v403b_geo_supported_overlap,Gemini 3.5 Flash BP47,1,not_redistributed_public_staging_speciesnet_overlap_only,WBGBIF2026_E0113,Felis catus,Mammalia,Belgium,BEL,,Felis,Felidae,Carnivora,Mammalia,high,3.0,3.0,false,
speciesnet_v403b_geo_supported_overlap,Gemini 3.5 Flash BP47,1,not_redistributed_public_staging_speciesnet_overlap_only,WBGBIF2026_E0114,Felis catus,Mammalia,Belgium,BEL,,Felis,Felidae,Carnivora,Mammalia,medium,3.0,3.0,false,
speciesnet_v403b_geo_supported_overlap,Gemini 3.5 Flash BP47,1,not_redistributed_public_staging_speciesnet_overlap_only,WBGBIF2026_E0115,Felis silvestris,Mammalia,Luxembourg,LUX,,,,,Mammalia,high,0.5,0.5,false,
speciesnet_v403b_geo_supported_overlap,Gemini 3.5 Flash BP47,1,not_redistributed_public_staging_speciesnet_overlap_only,WBGBIF2026_E0116,Felis silvestris,Mammalia,Luxembourg,LUX,Felis silvestris,Felis,Felidae,Carnivora,Mammalia,medium,5.0,5.0,false,
speciesnet_v403b_geo_supported_overlap,Gemini 3.5 Flash BP47,1,not_redistributed_public_staging_speciesnet_overlap_only,WBGBIF2026_E0117,Felis silvestris,Mammalia,Luxembourg,LUX,Felis silvestris,Felis,Felidae,Carnivora,Mammalia,medium,5.0,5.0,false,
speciesnet_v403b_geo_supported_overlap,Gemini 3.5 Flash BP47,1,not_redistributed_public_staging_speciesnet_overlap_only,WBGBIF2026_E0118,Fringilla coelebs,Aves,Germany,DEU,Fringilla coelebs,Fringilla,Fringillidae,Passeriformes,Aves,high,5.0,5.0,false,
speciesnet_v403b_geo_supported_overlap,Gemini 3.5 Flash BP47,1,not_redistributed_public_staging_speciesnet_overlap_only,WBGBIF2026_E0119,Fringilla coelebs,Aves,Luxembourg,LUX,,,,,,low,0.0,0.0,false,
speciesnet_v403b_geo_supported_overlap,Gemini 3.5 Flash BP47,1,not_redistributed_public_staging_speciesnet_overlap_only,WBGBIF2026_E0120,Fringilla coelebs,Aves,Luxembourg,LUX,Fringilla coelebs,Fringilla,Fringillidae,Passeriformes,Aves,medium,5.0,5.0,false,
speciesnet_v403b_geo_supported_overlap,Gemini 3.5 Flash BP47,1,not_redistributed_public_staging_speciesnet_overlap_only,WBGBIF2026_E0127,Gallinula chloropus,Aves,Luxembourg,LUX,Gallinula chloropus,Gallinula,Rallidae,Gruiformes,Aves,high,5.0,5.0,false,
speciesnet_v403b_geo_supported_overlap,Gemini 3.5 Flash BP47,1,not_redistributed_public_staging_speciesnet_overlap_only,WBGBIF2026_E0128,Gallinula chloropus,Aves,Luxembourg,LUX,Castor fiber,Castor,Castoridae,Rodentia,Mammalia,medium,0.0,-5.0,true,
speciesnet_v403b_geo_supported_overlap,Gemini 3.5 Flash BP47,1,not_redistributed_public_staging_speciesnet_overlap_only,WBGBIF2026_E0129,Gallinula chloropus,Aves,Luxembourg,LUX,Gallinula chloropus,Gallinula,Rallidae,Gruiformes,Aves,high,5.0,5.0,false,
speciesnet_v403b_geo_supported_overlap,Gemini 3.5 Flash BP47,1,not_redistributed_public_staging_speciesnet_overlap_only,WBGBIF2026_E0130,Garrulus glandarius,Aves,Luxembourg,LUX,Garrulus glandarius,Garrulus,Corvidae,Passeriformes,Aves,high,5.0,5.0,false,
speciesnet_v403b_geo_supported_overlap,Gemini 3.5 Flash BP47,1,not_redistributed_public_staging_speciesnet_overlap_only,WBGBIF2026_E0131,Garrulus glandarius,Aves,Luxembourg,LUX,Garrulus glandarius,Garrulus,Corvidae,Passeriformes,Aves,high,5.0,5.0,false,
speciesnet_v403b_geo_supported_overlap,Gemini 3.5 Flash BP47,1,not_redistributed_public_staging_speciesnet_overlap_only,WBGBIF2026_E0132,Garrulus glandarius,Aves,Belgium,BEL,,,,,,high,0.0,0.0,false,
speciesnet_v403b_geo_supported_overlap,Gemini 3.5 Flash BP47,1,not_redistributed_public_staging_speciesnet_overlap_only,WBGBIF2026_E0136,Leopardus pardalis,Mammalia,Ecuador,ECU,Leopardus pardalis,Leopardus,Felidae,Carnivora,Mammalia,high,5.0,5.0,false,
speciesnet_v403b_geo_supported_overlap,Gemini 3.5 Flash BP47,1,not_redistributed_public_staging_speciesnet_overlap_only,WBGBIF2026_E0137,Leopardus pardalis,Mammalia,Ecuador,ECU,Leopardus wiedii,Leopardus,Felidae,Carnivora,Mammalia,high,3.0,-2.0,true,
speciesnet_v403b_geo_supported_overlap,Gemini 3.5 Flash BP47,1,not_redistributed_public_staging_speciesnet_overlap_only,WBGBIF2026_E0138,Leopardus pardalis,Mammalia,Ecuador,ECU,,Leopardus,Felidae,Carnivora,Mammalia,high,3.0,3.0,false,
speciesnet_v403b_geo_supported_overlap,Gemini 3.5 Flash BP47,1,not_redistributed_public_staging_speciesnet_overlap_only,WBGBIF2026_E0139,Leopardus wiedii,Mammalia,Ecuador,ECU,Leopardus wiedii,Leopardus,Felidae,Carnivora,Mammalia,medium,5.0,5.0,false,
speciesnet_v403b_geo_supported_overlap,Gemini 3.5 Flash BP47,1,not_redistributed_public_staging_speciesnet_overlap_only,WBGBIF2026_E0140,Leopardus wiedii,Mammalia,Ecuador,ECU,Leopardus pardalis,Leopardus,Felidae,Carnivora,Mammalia,high,3.0,-2.0,true,
speciesnet_v403b_geo_supported_overlap,Gemini 3.5 Flash BP47,1,not_redistributed_public_staging_speciesnet_overlap_only,WBGBIF2026_E0141,Leopardus wiedii,Mammalia,Ecuador,ECU,,Leopardus,Felidae,Carnivora,Mammalia,high,3.0,3.0,false,
speciesnet_v403b_geo_supported_overlap,Gemini 3.5 Flash BP47,1,not_redistributed_public_staging_speciesnet_overlap_only,WBGBIF2026_E0142,Lepus europaeus,Mammalia,Belgium,BEL,,,,,Mammalia,low,0.5,0.5,false,
speciesnet_v403b_geo_supported_overlap,Gemini 3.5 Flash BP47,1,not_redistributed_public_staging_speciesnet_overlap_only,WBGBIF2026_E0143,Lepus europaeus,Mammalia,Luxembourg,LUX,Lepus europaeus,Lepus,Leporidae,Lagomorpha,Mammalia,high,5.0,5.0,false,
speciesnet_v403b_geo_supported_overlap,Gemini 3.5 Flash BP47,1,not_redistributed_public_staging_speciesnet_overlap_only,WBGBIF2026_E0144,Lepus europaeus,Mammalia,Belgium,BEL,,Felis,Felidae,Carnivora,Mammalia,medium,0.5,-4.5,true,
speciesnet_v403b_geo_supported_overlap,Gemini 3.5 Flash BP47,1,not_redistributed_public_staging_speciesnet_overlap_only,WBGBIF2026_E0151,Martes foina,Mammalia,Luxembourg,LUX,Martes foina,Martes,Mustelidae,Carnivora,Mammalia,medium,5.0,5.0,false,
speciesnet_v403b_geo_supported_overlap,Gemini 3.5 Flash BP47,1,not_redistributed_public_staging_speciesnet_overlap_only,WBGBIF2026_E0152,Martes foina,Mammalia,Belgium,BEL,,Martes,Mustelidae,Carnivora,Mammalia,high,3.0,3.0,false,
speciesnet_v403b_geo_supported_overlap,Gemini 3.5 Flash BP47,1,not_redistributed_public_staging_speciesnet_overlap_only,WBGBIF2026_E0153,Martes foina,Mammalia,Belgium,BEL,,,Mustelidae,Carnivora,Mammalia,medium,2.0,2.0,false,
speciesnet_v403b_geo_supported_overlap,Gemini 3.5 Flash BP47,1,not_redistributed_public_staging_speciesnet_overlap_only,WBGBIF2026_E0154,Martes martes,Mammalia,Luxembourg,LUX,,Martes,Mustelidae,Carnivora,Mammalia,high,3.0,3.0,false,
speciesnet_v403b_geo_supported_overlap,Gemini 3.5 Flash BP47,1,not_redistributed_public_staging_speciesnet_overlap_only,WBGBIF2026_E0155,Martes martes,Mammalia,Luxembourg,LUX,Martes martes,Martes,Mustelidae,Carnivora,Mammalia,medium,5.0,5.0,false,
speciesnet_v403b_geo_supported_overlap,Gemini 3.5 Flash BP47,1,not_redistributed_public_staging_speciesnet_overlap_only,WBGBIF2026_E0156,Martes martes,Mammalia,Luxembourg,LUX,Vulpes vulpes,Vulpes,Canidae,Carnivora,Mammalia,medium,1.0,-4.0,true,
speciesnet_v403b_geo_supported_overlap,Gemini 3.5 Flash BP47,1,not_redistributed_public_staging_speciesnet_overlap_only,WBGBIF2026_E0157,Mazama americana,Mammalia,Ecuador,ECU,,Mazama,Cervidae,Artiodactyla,Mammalia,medium,3.0,3.0,false,
speciesnet_v403b_geo_supported_overlap,Gemini 3.5 Flash BP47,1,not_redistributed_public_staging_speciesnet_overlap_only,WBGBIF2026_E0158,Mazama americana,Mammalia,Ecuador,ECU,,Mazama,Cervidae,Artiodactyla,Mammalia,medium,3.0,3.0,false,
speciesnet_v403b_geo_supported_overlap,Gemini 3.5 Flash BP47,1,not_redistributed_public_staging_speciesnet_overlap_only,WBGBIF2026_E0159,Mazama americana,Mammalia,Ecuador,ECU,,Mazama,Cervidae,Artiodactyla,Mammalia,high,3.0,3.0,false,
speciesnet_v403b_geo_supported_overlap,Gemini 3.5 Flash BP47,1,not_redistributed_public_staging_speciesnet_overlap_only,WBGBIF2026_E0160,Mazama gouazoubira,Mammalia,Ecuador,ECU,,Mazama,Cervidae,Artiodactyla,Mammalia,medium,3.0,3.0,false,
speciesnet_v403b_geo_supported_overlap,Gemini 3.5 Flash BP47,1,not_redistributed_public_staging_speciesnet_overlap_only,WBGBIF2026_E0161,Mazama gouazoubira,Mammalia,Ecuador,ECU,,Mazama,Cervidae,Artiodactyla,Mammalia,high,3.0,3.0,false,
speciesnet_v403b_geo_supported_overlap,Gemini 3.5 Flash BP47,1,not_redistributed_public_staging_speciesnet_overlap_only,WBGBIF2026_E0162,Mazama gouazoubira,Mammalia,Ecuador,ECU,,,,,,low,0.0,0.0,false,
speciesnet_v403b_geo_supported_overlap,Gemini 3.5 Flash BP47,1,not_redistributed_public_staging_speciesnet_overlap_only,WBGBIF2026_E0163,Meles meles,Mammalia,Luxembourg,LUX,Meles meles,Meles,Mustelidae,Carnivora,Mammalia,medium,5.0,5.0,false,
speciesnet_v403b_geo_supported_overlap,Gemini 3.5 Flash BP47,1,not_redistributed_public_staging_speciesnet_overlap_only,WBGBIF2026_E0164,Meles meles,Mammalia,Luxembourg,LUX,Meles meles,Meles,Mustelidae,Carnivora,Mammalia,high,5.0,5.0,false,
speciesnet_v403b_geo_supported_overlap,Gemini 3.5 Flash BP47,1,not_redistributed_public_staging_speciesnet_overlap_only,WBGBIF2026_E0165,Meles meles,Mammalia,Belgium,BEL,,,,,,low,0.0,0.0,false,
speciesnet_v403b_geo_supported_overlap,Gemini 3.5 Flash BP47,1,not_redistributed_public_staging_speciesnet_overlap_only,WBGBIF2026_E0166,Metachirus nudicaudatus,Mammalia,Ecuador,ECU,,,Didelphidae,Didelphimorphia,Mammalia,medium,2.0,2.0,false,
speciesnet_v403b_geo_supported_overlap,Gemini 3.5 Flash BP47,1,not_redistributed_public_staging_speciesnet_overlap_only,WBGBIF2026_E0167,Metachirus nudicaudatus,Mammalia,Ecuador,ECU,,,Didelphidae,Didelphimorphia,Mammalia,medium,2.0,2.0,false,
speciesnet_v403b_geo_supported_overlap,Gemini 3.5 Flash BP47,1,not_redistributed_public_staging_speciesnet_overlap_only,WBGBIF2026_E0168,Metachirus nudicaudatus,Mammalia,Ecuador,ECU,,,Didelphidae,Didelphimorphia,Mammalia,medium,2.0,2.0,false,
speciesnet_v403b_geo_supported_overlap,Gemini 3.5 Flash BP47,1,not_redistributed_public_staging_speciesnet_overlap_only,WBGBIF2026_E0169,Mitu salvini,Aves,Ecuador,ECU,Mitu salvini,Mitu,Cracidae,Galliformes,Aves,high,5.0,5.0,false,
speciesnet_v403b_geo_supported_overlap,Gemini 3.5 Flash BP47,1,not_redistributed_public_staging_speciesnet_overlap_only,WBGBIF2026_E0170,Mitu salvini,Aves,Ecuador,ECU,,Mitu,Cracidae,Galliformes,Aves,high,3.0,3.0,false,
speciesnet_v403b_geo_supported_overlap,Gemini 3.5 Flash BP47,1,not_redistributed_public_staging_speciesnet_overlap_only,WBGBIF2026_E0171,Mitu salvini,Aves,Ecuador,ECU,,,Cracidae,Galliformes,Aves,high,2.0,2.0,false,
speciesnet_v403b_geo_supported_overlap,Gemini 3.5 Flash BP47,1,not_redistributed_public_staging_speciesnet_overlap_only,WBGBIF2026_E0175,Motacilla flava,Aves,Luxembourg,LUX,,,,Passeriformes,Aves,medium,1.0,1.0,false,
speciesnet_v403b_geo_supported_overlap,Gemini 3.5 Flash BP47,1,not_redistributed_public_staging_speciesnet_overlap_only,WBGBIF2026_E0176,Motacilla flava,Aves,Luxembourg,LUX,Motacilla flava,Motacilla,Motacillidae,Passeriformes,Aves,high,5.0,5.0,false,
speciesnet_v403b_geo_supported_overlap,Gemini 3.5 Flash BP47,1,not_redistributed_public_staging_speciesnet_overlap_only,WBGBIF2026_E0177,Motacilla flava,Aves,Luxembourg,LUX,,Motacilla,Motacillidae,Passeriformes,Aves,medium,3.0,3.0,false,
speciesnet_v403b_geo_supported_overlap,Gemini 3.5 Flash BP47,1,not_redistributed_public_staging_speciesnet_overlap_only,WBGBIF2026_E0178,Mustela erminea,Mammalia,Belgium,BEL,,,,,,low,0.0,0.0,false,
speciesnet_v403b_geo_supported_overlap,Gemini 3.5 Flash BP47,1,not_redistributed_public_staging_speciesnet_overlap_only,WBGBIF2026_E0179,Mustela erminea,Mammalia,Luxembourg,LUX,Mustela erminea,Mustela,Mustelidae,Carnivora,Mammalia,high,5.0,5.0,false,
speciesnet_v403b_geo_supported_overlap,Gemini 3.5 Flash BP47,1,not_redistributed_public_staging_speciesnet_overlap_only,WBGBIF2026_E0180,Mustela erminea,Mammalia,Luxembourg,LUX,Mustela erminea,Mustela,Mustelidae,Carnivora,Mammalia,high,5.0,5.0,false,
speciesnet_v403b_geo_supported_overlap,Gemini 3.5 Flash BP47,1,not_redistributed_public_staging_speciesnet_overlap_only,WBGBIF2026_E0181,Mustela putorius,Mammalia,Luxembourg,LUX,,Martes,Mustelidae,Carnivora,Mammalia,high,2.0,-3.0,true,
speciesnet_v403b_geo_supported_overlap,Gemini 3.5 Flash BP47,1,not_redistributed_public_staging_speciesnet_overlap_only,WBGBIF2026_E0182,Mustela putorius,Mammalia,Belgium,BEL,Meles meles,Meles,Mustelidae,Carnivora,Mammalia,high,2.0,-3.0,true,
speciesnet_v403b_geo_supported_overlap,Gemini 3.5 Flash BP47,1,not_redistributed_public_staging_speciesnet_overlap_only,WBGBIF2026_E0183,Mustela putorius,Mammalia,Luxembourg,LUX,Mustela putorius,Mustela,Mustelidae,Carnivora,Mammalia,high,5.0,5.0,false,
speciesnet_v403b_geo_supported_overlap,Gemini 3.5 Flash BP47,1,not_redistributed_public_staging_speciesnet_overlap_only,WBGBIF2026_E0184,Myoprocta pratti,Mammalia,Ecuador,ECU,,,Dasyproctidae,Rodentia,Mammalia,medium,2.0,2.0,false,
speciesnet_v403b_geo_supported_overlap,Gemini 3.5 Flash BP47,1,not_redistributed_public_staging_speciesnet_overlap_only,WBGBIF2026_E0185,Myoprocta pratti,Mammalia,Ecuador,ECU,,Dasyprocta,Dasyproctidae,Rodentia,Mammalia,medium,2.0,-3.0,true,
speciesnet_v403b_geo_supported_overlap,Gemini 3.5 Flash BP47,1,not_redistributed_public_staging_speciesnet_overlap_only,WBGBIF2026_E0186,Myoprocta pratti,Mammalia,Ecuador,ECU,Dasyprocta fuliginosa,Dasyprocta,Dasyproctidae,Rodentia,Mammalia,medium,2.0,-3.0,true,
speciesnet_v403b_geo_supported_overlap,Gemini 3.5 Flash BP47,1,not_redistributed_public_staging_speciesnet_overlap_only,WBGBIF2026_E0187,Myrmecophaga tridactyla,Mammalia,Ecuador,ECU,Myrmecophaga tridactyla,Myrmecophaga,Myrmecophagidae,Pilosa,Mammalia,high,5.0,5.0,false,
speciesnet_v403b_geo_supported_overlap,Gemini 3.5 Flash BP47,1,not_redistributed_public_staging_speciesnet_overlap_only,WBGBIF2026_E0188,Myrmecophaga tridactyla,Mammalia,Ecuador,ECU,Myrmecophaga tridactyla,Myrmecophaga,Myrmecophagidae,Pilosa,Mammalia,medium,5.0,5.0,false,
speciesnet_v403b_geo_supported_overlap,Gemini 3.5 Flash BP47,1,not_redistributed_public_staging_speciesnet_overlap_only,WBGBIF2026_E0189,Myrmecophaga tridactyla,Mammalia,Ecuador,ECU,Myrmecophaga tridactyla,Myrmecophaga,Myrmecophagidae,Pilosa,Mammalia,high,5.0,5.0,false,
speciesnet_v403b_geo_supported_overlap,Gemini 3.5 Flash BP47,1,not_redistributed_public_staging_speciesnet_overlap_only,WBGBIF2026_E0190,Nothocrax urumutum,Aves,Ecuador,ECU,Nothocrax urumutum,Nothocrax,Cracidae,Galliformes,Aves,high,5.0,5.0,false,
speciesnet_v403b_geo_supported_overlap,Gemini 3.5 Flash BP47,1,not_redistributed_public_staging_speciesnet_overlap_only,WBGBIF2026_E0191,Nothocrax urumutum,Aves,Ecuador,ECU,Nothocrax urumutum,Nothocrax,Cracidae,Galliformes,Aves,high,5.0,5.0,false,
speciesnet_v403b_geo_supported_overlap,Gemini 3.5 Flash BP47,1,not_redistributed_public_staging_speciesnet_overlap_only,WBGBIF2026_E0192,Nothocrax urumutum,Aves,Ecuador,ECU,,,Cracidae,Galliformes,Aves,medium,2.0,2.0,false,
speciesnet_v403b_geo_supported_overlap,Gemini 3.5 Flash BP47,1,not_redistributed_public_staging_speciesnet_overlap_only,WBGBIF2026_E0193,Oryctolagus cuniculus,Mammalia,Belgium,BEL,Oryctolagus cuniculus,Oryctolagus,Leporidae,Lagomorpha,Mammalia,medium,5.0,5.0,false,
speciesnet_v403b_geo_supported_overlap,Gemini 3.5 Flash BP47,1,not_redistributed_public_staging_speciesnet_overlap_only,WBGBIF2026_E0194,Oryctolagus cuniculus,Mammalia,Belgium,BEL,,,,,Mammalia,high,0.5,0.5,false,
speciesnet_v403b_geo_supported_overlap,Gemini 3.5 Flash BP47,1,not_redistributed_public_staging_speciesnet_overlap_only,WBGBIF2026_E0195,Oryctolagus cuniculus,Mammalia,Luxembourg,LUX,,,Leporidae,Lagomorpha,Mammalia,medium,2.0,2.0,false,
speciesnet_v403b_geo_supported_overlap,Gemini 3.5 Flash BP47,1,not_redistributed_public_staging_speciesnet_overlap_only,WBGBIF2026_E0196,Ovis aries,Mammalia,Belgium,BEL,Ovis aries,Ovis,Bovidae,Artiodactyla,Mammalia,high,5.0,5.0,false,
speciesnet_v403b_geo_supported_overlap,Gemini 3.5 Flash BP47,1,not_redistributed_public_staging_speciesnet_overlap_only,WBGBIF2026_E0197,Ovis aries,Mammalia,Belgium,BEL,Ovis gmelini,Ovis,Bovidae,Artiodactyla,Mammalia,high,3.0,-2.0,true,species
speciesnet_v403b_geo_supported_overlap,Gemini 3.5 Flash BP47,1,not_redistributed_public_staging_speciesnet_overlap_only,WBGBIF2026_E0198,Ovis aries,Mammalia,Belgium,BEL,Bos taurus,Bos,Bovidae,Artiodactyla,Mammalia,high,2.0,-3.0,true,
speciesnet_v403b_geo_supported_overlap,Gemini 3.5 Flash BP47,1,not_redistributed_public_staging_speciesnet_overlap_only,WBGBIF2026_E0199,Panthera onca,Mammalia,Ecuador,ECU,Panthera onca,Panthera,Felidae,Carnivora,Mammalia,high,5.0,5.0,false,
speciesnet_v403b_geo_supported_overlap,Gemini 3.5 Flash BP47,1,not_redistributed_public_staging_speciesnet_overlap_only,WBGBIF2026_E0200,Panthera onca,Mammalia,Ecuador,ECU,Panthera onca,Panthera,Felidae,Carnivora,Mammalia,high,5.0,5.0,false,
speciesnet_v403b_geo_supported_overlap,Gemini 3.5 Flash BP47,1,not_redistributed_public_staging_speciesnet_overlap_only,WBGBIF2026_E0201,Panthera onca,Mammalia,Ecuador,ECU,Panthera onca,Panthera,Felidae,Carnivora,Mammalia,high,5.0,5.0,false,
speciesnet_v403b_geo_supported_overlap,Gemini 3.5 Flash BP47,1,not_redistributed_public_staging_speciesnet_overlap_only,WBGBIF2026_E0205,Passer domesticus,Aves,Luxembourg,LUX,Passer domesticus,Passer,Passeridae,Passeriformes,Aves,high,5.0,5.0,false,
speciesnet_v403b_geo_supported_overlap,Gemini 3.5 Flash BP47,1,not_redistributed_public_staging_speciesnet_overlap_only,WBGBIF2026_E0206,Passer domesticus,Aves,Luxembourg,LUX,,,,Passeriformes,Aves,high,1.0,1.0,false,
speciesnet_v403b_geo_supported_overlap,Gemini 3.5 Flash BP47,1,not_redistributed_public_staging_speciesnet_overlap_only,WBGBIF2026_E0207,Passer domesticus,Aves,Luxembourg,LUX,Prunella modularis,Prunella,Prunellidae,Passeriformes,Aves,high,1.0,-4.0,true,
speciesnet_v403b_geo_supported_overlap,Gemini 3.5 Flash BP47,1,not_redistributed_public_staging_speciesnet_overlap_only,WBGBIF2026_E0208,Pecari tajacu,Mammalia,Ecuador,ECU,Tayassu pecari,Tayassu,Tayassuidae,Artiodactyla,Mammalia,high,2.0,-3.0,true,
speciesnet_v403b_geo_supported_overlap,Gemini 3.5 Flash BP47,1,not_redistributed_public_staging_speciesnet_overlap_only,WBGBIF2026_E0209,Pecari tajacu,Mammalia,Ecuador,ECU,Pecari tajacu,Pecari,Tayassuidae,Artiodactyla,Mammalia,high,5.0,5.0,false,
speciesnet_v403b_geo_supported_overlap,Gemini 3.5 Flash BP47,1,not_redistributed_public_staging_speciesnet_overlap_only,WBGBIF2026_E0210,Pecari tajacu,Mammalia,Ecuador,ECU,,Mazama,Cervidae,Artiodactyla,Mammalia,high,1.0,-4.0,true,
speciesnet_v403b_geo_supported_overlap,Gemini 3.5 Flash BP47,1,not_redistributed_public_staging_speciesnet_overlap_only,WBGBIF2026_E0211,Penelope purpurascens,Aves,Ecuador,ECU,Penelope jacquacu,Penelope,Cracidae,Galliformes,Aves,high,3.0,-2.0,true,species
speciesnet_v403b_geo_supported_overlap,Gemini 3.5 Flash BP47,1,not_redistributed_public_staging_speciesnet_overlap_only,WBGBIF2026_E0212,Penelope purpurascens,Aves,Ecuador,ECU,,,Cracidae,Galliformes,Aves,high,2.0,2.0,false,
speciesnet_v403b_geo_supported_overlap,Gemini 3.5 Flash BP47,1,not_redistributed_public_staging_speciesnet_overlap_only,WBGBIF2026_E0213,Penelope purpurascens,Aves,Ecuador,ECU,,Penelope,Cracidae,Galliformes,Aves,high,3.0,3.0,false,
speciesnet_v403b_geo_supported_overlap,Gemini 3.5 Flash BP47,1,not_redistributed_public_staging_speciesnet_overlap_only,WBGBIF2026_E0214,Phasianus colchicus,Aves,Belgium,BEL,Procyon lotor,Procyon,Procyonidae,Carnivora,Mammalia,high,0.0,-5.0,true,
speciesnet_v403b_geo_supported_overlap,Gemini 3.5 Flash BP47,1,not_redistributed_public_staging_speciesnet_overlap_only,WBGBIF2026_E0215,Phasianus colchicus,Aves,Belgium,BEL,Phasianus colchicus,Phasianus,Phasianidae,Galliformes,Aves,high,5.0,5.0,false,
speciesnet_v403b_geo_supported_overlap,Gemini 3.5 Flash BP47,1,not_redistributed_public_staging_speciesnet_overlap_only,WBGBIF2026_E0216,Phasianus colchicus,Aves,Belgium,BEL,Phasianus colchicus,Phasianus,Phasianidae,Galliformes,Aves,high,5.0,5.0,false,
speciesnet_v403b_geo_supported_overlap,Gemini 3.5 Flash BP47,1,not_redistributed_public_staging_speciesnet_overlap_only,WBGBIF2026_E0217,Phoenicurus ochruros,Aves,Luxembourg,LUX,Erithacus rubecula,Erithacus,Muscicapidae,Passeriformes,Aves,medium,2.0,-3.0,true,
speciesnet_v403b_geo_supported_overlap,Gemini 3.5 Flash BP47,1,not_redistributed_public_staging_speciesnet_overlap_only,WBGBIF2026_E0218,Phoenicurus ochruros,Aves,Luxembourg,LUX,Phoenicurus ochruros,Phoenicurus,Muscicapidae,Passeriformes,Aves,high,5.0,5.0,false,
speciesnet_v403b_geo_supported_overlap,Gemini 3.5 Flash BP47,1,not_redistributed_public_staging_speciesnet_overlap_only,WBGBIF2026_E0219,Phoenicurus ochruros,Aves,Luxembourg,LUX,,,,,,low,0.0,0.0,false,
speciesnet_v403b_geo_supported_overlap,Gemini 3.5 Flash BP47,1,not_redistributed_public_staging_speciesnet_overlap_only,WBGBIF2026_E0220,Phoenicurus phoenicurus,Aves,Luxembourg,LUX,,,Muscicapidae,Passeriformes,Aves,medium,2.0,2.0,false,
speciesnet_v403b_geo_supported_overlap,Gemini 3.5 Flash BP47,1,not_redistributed_public_staging_speciesnet_overlap_only,WBGBIF2026_E0221,Phoenicurus phoenicurus,Aves,Luxembourg,LUX,Phoenicurus phoenicurus,Phoenicurus,Muscicapidae,Passeriformes,Aves,high,5.0,5.0,false,
speciesnet_v403b_geo_supported_overlap,Gemini 3.5 Flash BP47,1,not_redistributed_public_staging_speciesnet_overlap_only,WBGBIF2026_E0222,Phoenicurus phoenicurus,Aves,Luxembourg,LUX,,,,Passeriformes,Aves,high,1.0,1.0,false,
speciesnet_v403b_geo_supported_overlap,Gemini 3.5 Flash BP47,1,not_redistributed_public_staging_speciesnet_overlap_only,WBGBIF2026_E0226,Pica pica,Aves,Belgium,BEL,Pica pica,Pica,Corvidae,Passeriformes,Aves,high,5.0,5.0,false,
speciesnet_v403b_geo_supported_overlap,Gemini 3.5 Flash BP47,1,not_redistributed_public_staging_speciesnet_overlap_only,WBGBIF2026_E0227,Pica pica,Aves,Belgium,BEL,Pica pica,Pica,Corvidae,Passeriformes,Aves,high,5.0,5.0,false,
speciesnet_v403b_geo_supported_overlap,Gemini 3.5 Flash BP47,1,not_redistributed_public_staging_speciesnet_overlap_only,WBGBIF2026_E0228,Pica pica,Aves,Belgium,BEL,,,,,,low,0.0,0.0,false,
speciesnet_v403b_geo_supported_overlap,Gemini 3.5 Flash BP47,1,not_redistributed_public_staging_speciesnet_overlap_only,WBGBIF2026_E0229,Picus viridis,Aves,Belgium,BEL,Picus viridis,Picus,Picidae,Piciformes,Aves,high,5.0,5.0,false,
speciesnet_v403b_geo_supported_overlap,Gemini 3.5 Flash BP47,1,not_redistributed_public_staging_speciesnet_overlap_only,WBGBIF2026_E0230,Picus viridis,Aves,Luxembourg,LUX,Picus viridis,Picus,Picidae,Piciformes,Aves,medium,5.0,5.0,false,
speciesnet_v403b_geo_supported_overlap,Gemini 3.5 Flash BP47,1,not_redistributed_public_staging_speciesnet_overlap_only,WBGBIF2026_E0231,Picus viridis,Aves,Luxembourg,LUX,Picus viridis,Picus,Picidae,Piciformes,Aves,high,5.0,5.0,false,
speciesnet_v403b_geo_supported_overlap,Gemini 3.5 Flash BP47,1,not_redistributed_public_staging_speciesnet_overlap_only,WBGBIF2026_E0238,Proechimys semispinosus,Mammalia,Ecuador,ECU,,,,Rodentia,Mammalia,high,1.0,1.0,false,
speciesnet_v403b_geo_supported_overlap,Gemini 3.5 Flash BP47,1,not_redistributed_public_staging_speciesnet_overlap_only,WBGBIF2026_E0239,Proechimys semispinosus,Mammalia,Ecuador,ECU,,,Didelphidae,Didelphimorphia,Mammalia,medium,0.5,-4.5,true,
speciesnet_v403b_geo_supported_overlap,Gemini 3.5 Flash BP47,1,not_redistributed_public_staging_speciesnet_overlap_only,WBGBIF2026_E0240,Proechimys semispinosus,Mammalia,Ecuador,ECU,,,,Rodentia,Mammalia,high,1.0,1.0,false,
speciesnet_v403b_geo_supported_overlap,Gemini 3.5 Flash BP47,1,not_redistributed_public_staging_speciesnet_overlap_only,WBGBIF2026_E0244,Psophia crepitans,Aves,Ecuador,ECU,Psophia crepitans,Psophia,Psophiidae,Gruiformes,Aves,high,5.0,5.0,false,
speciesnet_v403b_geo_supported_overlap,Gemini 3.5 Flash BP47,1,not_redistributed_public_staging_speciesnet_overlap_only,WBGBIF2026_E0245,Psophia crepitans,Aves,Ecuador,ECU,Psophia crepitans,Psophia,Psophiidae,Gruiformes,Aves,high,5.0,5.0,false,
speciesnet_v403b_geo_supported_overlap,Gemini 3.5 Flash BP47,1,not_redistributed_public_staging_speciesnet_overlap_only,WBGBIF2026_E0246,Psophia crepitans,Aves,Ecuador,ECU,,,,,,low,0.0,0.0,false,
speciesnet_v403b_geo_supported_overlap,Gemini 3.5 Flash BP47,1,not_redistributed_public_staging_speciesnet_overlap_only,WBGBIF2026_E0247,Puma concolor,Mammalia,Ecuador,ECU,Puma concolor,Puma,Felidae,Carnivora,Mammalia,high,5.0,5.0,false,
speciesnet_v403b_geo_supported_overlap,Gemini 3.5 Flash BP47,1,not_redistributed_public_staging_speciesnet_overlap_only,WBGBIF2026_E0248,Puma concolor,Mammalia,Ecuador,ECU,Puma concolor,Puma,Felidae,Carnivora,Mammalia,high,5.0,5.0,false,
speciesnet_v403b_geo_supported_overlap,Gemini 3.5 Flash BP47,1,not_redistributed_public_staging_speciesnet_overlap_only,WBGBIF2026_E0249,Puma concolor,Mammalia,Ecuador,ECU,,,,,Mammalia,medium,0.5,0.5,false,
speciesnet_v403b_geo_supported_overlap,Gemini 3.5 Flash BP47,1,not_redistributed_public_staging_speciesnet_overlap_only,WBGBIF2026_E0253,Rattus norvegicus,Mammalia,Belgium,BEL,,,,Rodentia,Mammalia,high,1.0,1.0,false,
speciesnet_v403b_geo_supported_overlap,Gemini 3.5 Flash BP47,1,not_redistributed_public_staging_speciesnet_overlap_only,WBGBIF2026_E0254,Rattus norvegicus,Mammalia,Belgium,BEL,Erinaceus europaeus,Erinaceus,Erinaceidae,Eulipotyphla,Mammalia,medium,0.5,-4.5,true,order
speciesnet_v403b_geo_supported_overlap,Gemini 3.5 Flash BP47,1,not_redistributed_public_staging_speciesnet_overlap_only,WBGBIF2026_E0255,Rattus norvegicus,Mammalia,Belgium,BEL,,,,Rodentia,Mammalia,medium,1.0,1.0,false,
speciesnet_v403b_geo_supported_overlap,Gemini 3.5 Flash BP47,1,not_redistributed_public_staging_speciesnet_overlap_only,WBGBIF2026_E0259,Saxicola rubicola,Aves,Luxembourg,LUX,,,,Passeriformes,Aves,medium,1.0,1.0,false,
speciesnet_v403b_geo_supported_overlap,Gemini 3.5 Flash BP47,1,not_redistributed_public_staging_speciesnet_overlap_only,WBGBIF2026_E0260,Saxicola rubicola,Aves,Luxembourg,LUX,Saxicola rubicola,Saxicola,Muscicapidae,Passeriformes,Aves,high,5.0,5.0,false,
speciesnet_v403b_geo_supported_overlap,Gemini 3.5 Flash BP47,1,not_redistributed_public_staging_speciesnet_overlap_only,WBGBIF2026_E0261,Saxicola rubicola,Aves,Luxembourg,LUX,Saxicola rubicola,Saxicola,Muscicapidae,Passeriformes,Aves,high,5.0,5.0,false,
speciesnet_v403b_geo_supported_overlap,Gemini 3.5 Flash BP47,1,not_redistributed_public_staging_speciesnet_overlap_only,WBGBIF2026_E0262,Sciurus vulgaris,Mammalia,Luxembourg,LUX,,,,,,low,0.0,0.0,false,
speciesnet_v403b_geo_supported_overlap,Gemini 3.5 Flash BP47,1,not_redistributed_public_staging_speciesnet_overlap_only,WBGBIF2026_E0263,Sciurus vulgaris,Mammalia,Luxembourg,LUX,,,,,Mammalia,medium,0.5,0.5,false,
speciesnet_v403b_geo_supported_overlap,Gemini 3.5 Flash BP47,1,not_redistributed_public_staging_speciesnet_overlap_only,WBGBIF2026_E0264,Sciurus vulgaris,Mammalia,Luxembourg,LUX,Sciurus vulgaris,Sciurus,Sciuridae,Rodentia,Mammalia,high,5.0,5.0,false,
speciesnet_v403b_geo_supported_overlap,Gemini 3.5 Flash BP47,1,not_redistributed_public_staging_speciesnet_overlap_only,WBGBIF2026_E0265,Scolopax rusticola,Aves,Luxembourg,LUX,Scolopax rusticola,Scolopax,Scolopacidae,Charadriiformes,Aves,high,5.0,5.0,false,
speciesnet_v403b_geo_supported_overlap,Gemini 3.5 Flash BP47,1,not_redistributed_public_staging_speciesnet_overlap_only,WBGBIF2026_E0266,Scolopax rusticola,Aves,Belgium,BEL,,,,,,low,0.0,0.0,false,
speciesnet_v403b_geo_supported_overlap,Gemini 3.5 Flash BP47,1,not_redistributed_public_staging_speciesnet_overlap_only,WBGBIF2026_E0267,Scolopax rusticola,Aves,Belgium,BEL,Scolopax rusticola,Scolopax,Scolopacidae,Charadriiformes,Aves,high,5.0,5.0,false,
speciesnet_v403b_geo_supported_overlap,Gemini 3.5 Flash BP47,1,not_redistributed_public_staging_speciesnet_overlap_only,WBGBIF2026_E0268,Sitta europaea,Aves,Belgium,BEL,Sitta europaea,Sitta,Sittidae,Passeriformes,Aves,high,5.0,5.0,false,
speciesnet_v403b_geo_supported_overlap,Gemini 3.5 Flash BP47,1,not_redistributed_public_staging_speciesnet_overlap_only,WBGBIF2026_E0269,Sitta europaea,Aves,Belgium,BEL,,,,,,low,0.0,0.0,false,
speciesnet_v403b_geo_supported_overlap,Gemini 3.5 Flash BP47,1,not_redistributed_public_staging_speciesnet_overlap_only,WBGBIF2026_E0270,Sitta europaea,Aves,Belgium,BEL,Sitta europaea,Sitta,Sittidae,Passeriformes,Aves,high,5.0,5.0,false,
speciesnet_v403b_geo_supported_overlap,Gemini 3.5 Flash BP47,1,not_redistributed_public_staging_speciesnet_overlap_only,WBGBIF2026_E0271,Strix aluco,Aves,Belgium,BEL,Strix aluco,Strix,Strigidae,Strigiformes,Aves,medium,5.0,5.0,false,
speciesnet_v403b_geo_supported_overlap,Gemini 3.5 Flash BP47,1,not_redistributed_public_staging_speciesnet_overlap_only,WBGBIF2026_E0272,Strix aluco,Aves,Belgium,BEL,Meles meles,Meles,Mustelidae,Carnivora,Mammalia,medium,0.0,-5.0,true,
speciesnet_v403b_geo_supported_overlap,Gemini 3.5 Flash BP47,1,not_redistributed_public_staging_speciesnet_overlap_only,WBGBIF2026_E0273,Strix aluco,Aves,Belgium,BEL,Strix aluco,Strix,Strigidae,Strigiformes,Aves,high,5.0,5.0,false,
speciesnet_v403b_geo_supported_overlap,Gemini 3.5 Flash BP47,1,not_redistributed_public_staging_speciesnet_overlap_only,WBGBIF2026_E0274,Sturnus vulgaris,Aves,Luxembourg,LUX,Sturnus vulgaris,Sturnus,Sturnidae,Passeriformes,Aves,high,5.0,5.0,false,
speciesnet_v403b_geo_supported_overlap,Gemini 3.5 Flash BP47,1,not_redistributed_public_staging_speciesnet_overlap_only,WBGBIF2026_E0275,Sturnus vulgaris,Aves,Luxembourg,LUX,,,,,Aves,medium,0.5,0.5,false,
speciesnet_v403b_geo_supported_overlap,Gemini 3.5 Flash BP47,1,not_redistributed_public_staging_speciesnet_overlap_only,WBGBIF2026_E0276,Sturnus vulgaris,Aves,France,FRA,Sturnus vulgaris,Sturnus,Sturnidae,Passeriformes,Aves,medium,5.0,5.0,false,
speciesnet_v403b_geo_supported_overlap,Gemini 3.5 Flash BP47,1,not_redistributed_public_staging_speciesnet_overlap_only,WBGBIF2026_E0277,Sus scrofa,Mammalia,Belgium,BEL,Sus scrofa,Sus,Suidae,Artiodactyla,Mammalia,medium,5.0,5.0,false,
speciesnet_v403b_geo_supported_overlap,Gemini 3.5 Flash BP47,1,not_redistributed_public_staging_speciesnet_overlap_only,WBGBIF2026_E0278,Sus scrofa,Mammalia,Belgium,BEL,,,,,,low,0.0,0.0,false,
speciesnet_v403b_geo_supported_overlap,Gemini 3.5 Flash BP47,1,not_redistributed_public_staging_speciesnet_overlap_only,WBGBIF2026_E0279,Sus scrofa,Mammalia,Belgium,BEL,Sus scrofa,Sus,Suidae,Artiodactyla,Mammalia,high,5.0,5.0,false,
speciesnet_v403b_geo_supported_overlap,Gemini 3.5 Flash BP47,1,not_redistributed_public_staging_speciesnet_overlap_only,WBGBIF2026_E0289,Syrmaticus reevesii,Aves,Belgium,BEL,Phasianus colchicus,Phasianus,Phasianidae,Galliformes,Aves,high,2.0,-3.0,true,
speciesnet_v403b_geo_supported_overlap,Gemini 3.5 Flash BP47,1,not_redistributed_public_staging_speciesnet_overlap_only,WBGBIF2026_E0290,Syrmaticus reevesii,Aves,Belgium,BEL,Syrmaticus reevesii,Syrmaticus,Phasianidae,Galliformes,Aves,high,5.0,5.0,false,
speciesnet_v403b_geo_supported_overlap,Gemini 3.5 Flash BP47,1,not_redistributed_public_staging_speciesnet_overlap_only,WBGBIF2026_E0291,Syrmaticus reevesii,Aves,Belgium,BEL,Phasianus colchicus,Phasianus,Phasianidae,Galliformes,Aves,medium,2.0,-3.0,true,
speciesnet_v403b_geo_supported_overlap,Gemini 3.5 Flash BP47,1,not_redistributed_public_staging_speciesnet_overlap_only,WBGBIF2026_E0292,Tapirus terrestris,Mammalia,Ecuador,ECU,,Tapirus,Tapiridae,Perissodactyla,Mammalia,medium,3.0,3.0,false,
speciesnet_v403b_geo_supported_overlap,Gemini 3.5 Flash BP47,1,not_redistributed_public_staging_speciesnet_overlap_only,WBGBIF2026_E0293,Tapirus terrestris,Mammalia,Ecuador,ECU,Tapirus terrestris,Tapirus,Tapiridae,Perissodactyla,Mammalia,high,5.0,5.0,false,
speciesnet_v403b_geo_supported_overlap,Gemini 3.5 Flash BP47,1,not_redistributed_public_staging_speciesnet_overlap_only,WBGBIF2026_E0294,Tapirus terrestris,Mammalia,Ecuador,ECU,,Tapirus,Tapiridae,Perissodactyla,Mammalia,high,3.0,3.0,false,
speciesnet_v403b_geo_supported_overlap,Gemini 3.5 Flash BP47,1,not_redistributed_public_staging_speciesnet_overlap_only,WBGBIF2026_E0295,Tayassu pecari,Mammalia,Ecuador,ECU,,Dasyprocta,Dasyproctidae,Rodentia,Mammalia,high,0.5,-4.5,true,
speciesnet_v403b_geo_supported_overlap,Gemini 3.5 Flash BP47,1,not_redistributed_public_staging_speciesnet_overlap_only,WBGBIF2026_E0296,Tayassu pecari,Mammalia,Ecuador,ECU,,,,,,low,0.0,0.0,false,
speciesnet_v403b_geo_supported_overlap,Gemini 3.5 Flash BP47,1,not_redistributed_public_staging_speciesnet_overlap_only,WBGBIF2026_E0297,Tayassu pecari,Mammalia,Ecuador,ECU,Pecari tajacu,Pecari,Tayassuidae,Artiodactyla,Mammalia,high,2.0,-3.0,true,
speciesnet_v403b_geo_supported_overlap,Gemini 3.5 Flash BP47,1,not_redistributed_public_staging_speciesnet_overlap_only,WBGBIF2026_E0298,Tinamus major,Aves,Ecuador,ECU,,,Tinamidae,Tinamiformes,Aves,high,2.0,2.0,false,
speciesnet_v403b_geo_supported_overlap,Gemini 3.5 Flash BP47,1,not_redistributed_public_staging_speciesnet_overlap_only,WBGBIF2026_E0299,Tinamus major,Aves,Ecuador,ECU,Tinamus major,Tinamus,Tinamidae,Tinamiformes,Aves,medium,5.0,5.0,false,
speciesnet_v403b_geo_supported_overlap,Gemini 3.5 Flash BP47,1,not_redistributed_public_staging_speciesnet_overlap_only,WBGBIF2026_E0300,Tinamus major,Aves,Ecuador,ECU,,,Tinamidae,Tinamiformes,Aves,medium,2.0,2.0,false,
speciesnet_v403b_geo_supported_overlap,Gemini 3.5 Flash BP47,1,not_redistributed_public_staging_speciesnet_overlap_only,WBGBIF2026_E0301,Tinamus tao,Aves,Ecuador,ECU,,Crypturellus,Tinamidae,Tinamiformes,Aves,high,2.0,-3.0,true,
speciesnet_v403b_geo_supported_overlap,Gemini 3.5 Flash BP47,1,not_redistributed_public_staging_speciesnet_overlap_only,WBGBIF2026_E0302,Tinamus tao,Aves,Ecuador,ECU,,,Tinamidae,Tinamiformes,Aves,medium,2.0,2.0,false,
speciesnet_v403b_geo_supported_overlap,Gemini 3.5 Flash BP47,1,not_redistributed_public_staging_speciesnet_overlap_only,WBGBIF2026_E0303,Tinamus tao,Aves,Ecuador,ECU,,,,,,low,0.0,0.0,false,
speciesnet_v403b_geo_supported_overlap,Gemini 3.5 Flash BP47,1,not_redistributed_public_staging_speciesnet_overlap_only,WBGBIF2026_E0304,Tremarctos ornatus,Mammalia,Ecuador,ECU,Tremarctos ornatus,Tremarctos,Ursidae,Carnivora,Mammalia,high,5.0,5.0,false,
speciesnet_v403b_geo_supported_overlap,Gemini 3.5 Flash BP47,1,not_redistributed_public_staging_speciesnet_overlap_only,WBGBIF2026_E0305,Tremarctos ornatus,Mammalia,Ecuador,ECU,,,,Pilosa,Mammalia,medium,0.5,-4.5,true,
speciesnet_v403b_geo_supported_overlap,Gemini 3.5 Flash BP47,1,not_redistributed_public_staging_speciesnet_overlap_only,WBGBIF2026_E0306,Tremarctos ornatus,Mammalia,Ecuador,ECU,Tremarctos ornatus,Tremarctos,Ursidae,Carnivora,Mammalia,high,5.0,5.0,false,
speciesnet_v403b_geo_supported_overlap,Gemini 3.5 Flash BP47,1,not_redistributed_public_staging_speciesnet_overlap_only,WBGBIF2026_E0307,Troglodytes troglodytes,Aves,Belgium,BEL,,,,,,low,0.0,0.0,false,
speciesnet_v403b_geo_supported_overlap,Gemini 3.5 Flash BP47,1,not_redistributed_public_staging_speciesnet_overlap_only,WBGBIF2026_E0308,Troglodytes troglodytes,Aves,Belgium,BEL,Troglodytes troglodytes,Troglodytes,Troglodytidae,Passeriformes,Aves,high,5.0,5.0,false,
speciesnet_v403b_geo_supported_overlap,Gemini 3.5 Flash BP47,1,not_redistributed_public_staging_speciesnet_overlap_only,WBGBIF2026_E0309,Troglodytes troglodytes,Aves,Belgium,BEL,,,,,,low,0.0,0.0,false,
speciesnet_v403b_geo_supported_overlap,Gemini 3.5 Flash BP47,1,not_redistributed_public_staging_speciesnet_overlap_only,WBGBIF2026_E0310,Turdus iliacus,Aves,Belgium,BEL,Turdus iliacus,Turdus,Turdidae,Passeriformes,Aves,medium,5.0,5.0,false,
speciesnet_v403b_geo_supported_overlap,Gemini 3.5 Flash BP47,1,not_redistributed_public_staging_speciesnet_overlap_only,WBGBIF2026_E0311,Turdus iliacus,Aves,Belgium,BEL,Turdus iliacus,Turdus,Turdidae,Passeriformes,Aves,high,5.0,5.0,false,
speciesnet_v403b_geo_supported_overlap,Gemini 3.5 Flash BP47,1,not_redistributed_public_staging_speciesnet_overlap_only,WBGBIF2026_E0312,Turdus iliacus,Aves,Belgium,BEL,,,,,,low,0.0,0.0,false,
speciesnet_v403b_geo_supported_overlap,Gemini 3.5 Flash BP47,1,not_redistributed_public_staging_speciesnet_overlap_only,WBGBIF2026_E0313,Turdus merula,Aves,Belgium,BEL,Turdus merula,Turdus,Turdidae,Passeriformes,Aves,high,5.0,5.0,false,
speciesnet_v403b_geo_supported_overlap,Gemini 3.5 Flash BP47,1,not_redistributed_public_staging_speciesnet_overlap_only,WBGBIF2026_E0314,Turdus merula,Aves,Belgium,BEL,Turdus merula,Turdus,Turdidae,Passeriformes,Aves,high,5.0,5.0,false,
speciesnet_v403b_geo_supported_overlap,Gemini 3.5 Flash BP47,1,not_redistributed_public_staging_speciesnet_overlap_only,WBGBIF2026_E0315,Turdus merula,Aves,Belgium,BEL,,,,,,low,0.0,0.0,false,
speciesnet_v403b_geo_supported_overlap,Gemini 3.5 Flash BP47,1,not_redistributed_public_staging_speciesnet_overlap_only,WBGBIF2026_E0316,Turdus philomelos,Aves,Belgium,BEL,,,,,,low,0.0,0.0,false,
speciesnet_v403b_geo_supported_overlap,Gemini 3.5 Flash BP47,1,not_redistributed_public_staging_speciesnet_overlap_only,WBGBIF2026_E0317,Turdus philomelos,Aves,Belgium,BEL,,,,,,low,0.0,0.0,false,
speciesnet_v403b_geo_supported_overlap,Gemini 3.5 Flash BP47,1,not_redistributed_public_staging_speciesnet_overlap_only,WBGBIF2026_E0318,Turdus philomelos,Aves,Belgium,BEL,Turdus philomelos,Turdus,Turdidae,Passeriformes,Aves,high,5.0,5.0,false,
speciesnet_v403b_geo_supported_overlap,Gemini 3.5 Flash BP47,1,not_redistributed_public_staging_speciesnet_overlap_only,WBGBIF2026_E0319,Turdus pilaris,Aves,Germany,DEU,Tetrastes bonasia,Tetrastes,Phasianidae,Galliformes,Aves,medium,0.5,-4.5,true,species|genus
speciesnet_v403b_geo_supported_overlap,Gemini 3.5 Flash BP47,1,not_redistributed_public_staging_speciesnet_overlap_only,WBGBIF2026_E0320,Turdus pilaris,Aves,Germany,DEU,Turdus pilaris,Turdus,Turdidae,Passeriformes,Aves,medium,5.0,5.0,false,
speciesnet_v403b_geo_supported_overlap,Gemini 3.5 Flash BP47,1,not_redistributed_public_staging_speciesnet_overlap_only,WBGBIF2026_E0321,Turdus pilaris,Aves,Luxembourg,LUX,,,,,Aves,low,0.5,0.5,false,
speciesnet_v403b_geo_supported_overlap,Gemini 3.5 Flash BP47,1,not_redistributed_public_staging_speciesnet_overlap_only,WBGBIF2026_E0325,Turdus viscivorus,Aves,Belgium,BEL,,,Turdidae,Passeriformes,Aves,medium,2.0,2.0,false,
speciesnet_v403b_geo_supported_overlap,Gemini 3.5 Flash BP47,1,not_redistributed_public_staging_speciesnet_overlap_only,WBGBIF2026_E0326,Turdus viscivorus,Aves,Belgium,BEL,Turdus philomelos,Turdus,Turdidae,Passeriformes,Aves,high,3.0,-2.0,true,
speciesnet_v403b_geo_supported_overlap,Gemini 3.5 Flash BP47,1,not_redistributed_public_staging_speciesnet_overlap_only,WBGBIF2026_E0327,Turdus viscivorus,Aves,Luxembourg,LUX,Turdus viscivorus,Turdus,Turdidae,Passeriformes,Aves,high,5.0,5.0,false,
speciesnet_v403b_geo_supported_overlap,Gemini 3.5 Flash BP47,1,not_redistributed_public_staging_speciesnet_overlap_only,WBGBIF2026_E0328,Vulpes vulpes,Mammalia,Belgium,BEL,,,,,,low,0.0,0.0,false,
speciesnet_v403b_geo_supported_overlap,Gemini 3.5 Flash BP47,1,not_redistributed_public_staging_speciesnet_overlap_only,WBGBIF2026_E0329,Vulpes vulpes,Mammalia,Belgium,BEL,Vulpes vulpes,Vulpes,Canidae,Carnivora,Mammalia,high,5.0,5.0,false,
speciesnet_v403b_geo_supported_overlap,Gemini 3.5 Flash BP47,1,not_redistributed_public_staging_speciesnet_overlap_only,WBGBIF2026_E0330,Vulpes vulpes,Mammalia,Luxembourg,LUX,Vulpes vulpes,Vulpes,Canidae,Carnivora,Mammalia,high,5.0,5.0,false,
speciesnet_v403b_geo_supported_overlap,Gemini 3.5 Flash BP47,2,not_redistributed_public_staging_speciesnet_overlap_only,WBGBIF2026_E0001,Accipiter nisus,Aves,Belgium,BEL,Strix aluco,Strix,Strigidae,Strigiformes,Aves,medium,0.5,-4.5,true,
speciesnet_v403b_geo_supported_overlap,Gemini 3.5 Flash BP47,2,not_redistributed_public_staging_speciesnet_overlap_only,WBGBIF2026_E0002,Accipiter nisus,Aves,Luxembourg,LUX,Accipiter gentilis,Accipiter,Accipitridae,Accipitriformes,Aves,high,3.0,-2.0,true,species
speciesnet_v403b_geo_supported_overlap,Gemini 3.5 Flash BP47,2,not_redistributed_public_staging_speciesnet_overlap_only,WBGBIF2026_E0003,Accipiter nisus,Aves,Luxembourg,LUX,Accipiter nisus,Accipiter,Accipitridae,Accipitriformes,Aves,medium,5.0,5.0,false,
speciesnet_v403b_geo_supported_overlap,Gemini 3.5 Flash BP47,2,not_redistributed_public_staging_speciesnet_overlap_only,WBGBIF2026_E0007,Alopochen aegyptiaca,Aves,Belgium,BEL,Alopochen aegyptiaca,Alopochen,Anatidae,Anseriformes,Aves,high,5.0,5.0,false,
speciesnet_v403b_geo_supported_overlap,Gemini 3.5 Flash BP47,2,not_redistributed_public_staging_speciesnet_overlap_only,WBGBIF2026_E0008,Alopochen aegyptiaca,Aves,Belgium,BEL,Alopochen aegyptiaca,Alopochen,Anatidae,Anseriformes,Aves,high,5.0,5.0,false,
speciesnet_v403b_geo_supported_overlap,Gemini 3.5 Flash BP47,2,not_redistributed_public_staging_speciesnet_overlap_only,WBGBIF2026_E0009,Alopochen aegyptiaca,Aves,Belgium,BEL,,,,,,low,0.0,0.0,false,
speciesnet_v403b_geo_supported_overlap,Gemini 3.5 Flash BP47,2,not_redistributed_public_staging_speciesnet_overlap_only,WBGBIF2026_E0010,Anas platyrhynchos,Aves,Belgium,BEL,,,,,,high,0.0,0.0,false,
speciesnet_v403b_geo_supported_overlap,Gemini 3.5 Flash BP47,2,not_redistributed_public_staging_speciesnet_overlap_only,WBGBIF2026_E0011,Anas platyrhynchos,Aves,Belgium,BEL,Anas platyrhynchos,Anas,Anatidae,Anseriformes,Aves,medium,5.0,5.0,false,
speciesnet_v403b_geo_supported_overlap,Gemini 3.5 Flash BP47,2,not_redistributed_public_staging_speciesnet_overlap_only,WBGBIF2026_E0012,Anas platyrhynchos,Aves,Belgium,BEL,Anas platyrhynchos,Anas,Anatidae,Anseriformes,Aves,high,5.0,5.0,false,
speciesnet_v403b_geo_supported_overlap,Gemini 3.5 Flash BP47,2,not_redistributed_public_staging_speciesnet_overlap_only,WBGBIF2026_E0013,Apodemus sylvaticus,Mammalia,Belgium,BEL,,Apodemus,Muridae,Rodentia,Mammalia,medium,3.0,3.0,false,
speciesnet_v403b_geo_supported_overlap,Gemini 3.5 Flash BP47,2,not_redistributed_public_staging_speciesnet_overlap_only,WBGBIF2026_E0014,Apodemus sylvaticus,Mammalia,Belgium,BEL,,Apodemus,Muridae,Rodentia,Mammalia,high,3.0,3.0,false,
speciesnet_v403b_geo_supported_overlap,Gemini 3.5 Flash BP47,2,not_redistributed_public_staging_speciesnet_overlap_only,WBGBIF2026_E0015,Apodemus sylvaticus,Mammalia,Belgium,BEL,,Apodemus,Muridae,Rodentia,Mammalia,medium,3.0,3.0,false,
speciesnet_v403b_geo_supported_overlap,Gemini 3.5 Flash BP47,2,not_redistributed_public_staging_speciesnet_overlap_only,WBGBIF2026_E0016,Ardea cinerea,Aves,Belgium,BEL,Ardea cinerea,Ardea,Ardeidae,Pelecaniformes,Aves,high,5.0,5.0,false,
speciesnet_v403b_geo_supported_overlap,Gemini 3.5 Flash BP47,2,not_redistributed_public_staging_speciesnet_overlap_only,WBGBIF2026_E0017,Ardea cinerea,Aves,Belgium,BEL,,,,,Aves,medium,0.5,0.5,false,
speciesnet_v403b_geo_supported_overlap,Gemini 3.5 Flash BP47,2,not_redistributed_public_staging_speciesnet_overlap_only,WBGBIF2026_E0018,Ardea cinerea,Aves,Belgium,BEL,Ardea cinerea,Ardea,Ardeidae,Pelecaniformes,Aves,high,5.0,5.0,false,
speciesnet_v403b_geo_supported_overlap,Gemini 3.5 Flash BP47,2,not_redistributed_public_staging_speciesnet_overlap_only,WBGBIF2026_E0019,Atelocynus microtis,Mammalia,Ecuador,ECU,Atelocynus microtis,Atelocynus,Canidae,Carnivora,Mammalia,high,5.0,5.0,false,
speciesnet_v403b_geo_supported_overlap,Gemini 3.5 Flash BP47,2,not_redistributed_public_staging_speciesnet_overlap_only,WBGBIF2026_E0020,Atelocynus microtis,Mammalia,Ecuador,ECU,Atelocynus microtis,Atelocynus,Canidae,Carnivora,Mammalia,high,5.0,5.0,false,
speciesnet_v403b_geo_supported_overlap,Gemini 3.5 Flash BP47,2,not_redistributed_public_staging_speciesnet_overlap_only,WBGBIF2026_E0021,Atelocynus microtis,Mammalia,Ecuador,ECU,,Dasyprocta,Dasyproctidae,Rodentia,Mammalia,medium,0.5,-4.5,true,
speciesnet_v403b_geo_supported_overlap,Gemini 3.5 Flash BP47,2,not_redistributed_public_staging_speciesnet_overlap_only,WBGBIF2026_E0022,Bos taurus,Mammalia,Belgium,BEL,Bos taurus,Bos,Bovidae,Artiodactyla,Mammalia,high,5.0,5.0,false,
speciesnet_v403b_geo_supported_overlap,Gemini 3.5 Flash BP47,2,not_redistributed_public_staging_speciesnet_overlap_only,WBGBIF2026_E0023,Bos taurus,Mammalia,Ecuador,ECU,Bos taurus,Bos,Bovidae,Artiodactyla,Mammalia,high,5.0,5.0,false,
speciesnet_v403b_geo_supported_overlap,Gemini 3.5 Flash BP47,2,not_redistributed_public_staging_speciesnet_overlap_only,WBGBIF2026_E0024,Bos taurus,Mammalia,Ecuador,ECU,,Mazama,Cervidae,Artiodactyla,Mammalia,medium,1.0,-4.0,true,
speciesnet_v403b_geo_supported_overlap,Gemini 3.5 Flash BP47,2,not_redistributed_public_staging_speciesnet_overlap_only,WBGBIF2026_E0028,Buteo buteo,Aves,Belgium,BEL,,,Strigidae,Strigiformes,Aves,medium,0.5,-4.5,true,
speciesnet_v403b_geo_supported_overlap,Gemini 3.5 Flash BP47,2,not_redistributed_public_staging_speciesnet_overlap_only,WBGBIF2026_E0029,Buteo buteo,Aves,Luxembourg,LUX,Buteo buteo,Buteo,Accipitridae,Accipitriformes,Aves,high,5.0,5.0,false,
speciesnet_v403b_geo_supported_overlap,Gemini 3.5 Flash BP47,2,not_redistributed_public_staging_speciesnet_overlap_only,WBGBIF2026_E0030,Buteo buteo,Aves,Belgium,BEL,Buteo buteo,Buteo,Accipitridae,Accipitriformes,Aves,high,5.0,5.0,false,
speciesnet_v403b_geo_supported_overlap,Gemini 3.5 Flash BP47,2,not_redistributed_public_staging_speciesnet_overlap_only,WBGBIF2026_E0034,Capreolus capreolus,Mammalia,Luxembourg,LUX,,,Cervidae,Artiodactyla,Mammalia,medium,2.0,2.0,false,
speciesnet_v403b_geo_supported_overlap,Gemini 3.5 Flash BP47,2,not_redistributed_public_staging_speciesnet_overlap_only,WBGBIF2026_E0035,Capreolus capreolus,Mammalia,Luxembourg,LUX,Capreolus capreolus,Capreolus,Cervidae,Artiodactyla,Mammalia,high,5.0,5.0,false,
speciesnet_v403b_geo_supported_overlap,Gemini 3.5 Flash BP47,2,not_redistributed_public_staging_speciesnet_overlap_only,WBGBIF2026_E0036,Capreolus capreolus,Mammalia,Luxembourg,LUX,Capreolus capreolus,Capreolus,Cervidae,Artiodactyla,Mammalia,high,5.0,5.0,false,
speciesnet_v403b_geo_supported_overlap,Gemini 3.5 Flash BP47,2,not_redistributed_public_staging_speciesnet_overlap_only,WBGBIF2026_E0037,Castor fiber,Mammalia,Belgium,BEL,,,,,Mammalia,medium,0.5,0.5,false,
speciesnet_v403b_geo_supported_overlap,Gemini 3.5 Flash BP47,2,not_redistributed_public_staging_speciesnet_overlap_only,WBGBIF2026_E0038,Castor fiber,Mammalia,Belgium,BEL,Meles meles,Meles,Mustelidae,Carnivora,Mammalia,medium,0.5,-4.5,true,
speciesnet_v403b_geo_supported_overlap,Gemini 3.5 Flash BP47,2,not_redistributed_public_staging_speciesnet_overlap_only,WBGBIF2026_E0039,Castor fiber,Mammalia,Belgium,BEL,Castor fiber,Castor,Castoridae,Rodentia,Mammalia,high,5.0,5.0,false,
speciesnet_v403b_geo_supported_overlap,Gemini 3.5 Flash BP47,2,not_redistributed_public_staging_speciesnet_overlap_only,WBGBIF2026_E0040,Cervus elaphus,Mammalia,Luxembourg,LUX,Capreolus capreolus,Capreolus,Cervidae,Artiodactyla,Mammalia,medium,2.0,-3.0,true,
speciesnet_v403b_geo_supported_overlap,Gemini 3.5 Flash BP47,2,not_redistributed_public_staging_speciesnet_overlap_only,WBGBIF2026_E0041,Cervus elaphus,Mammalia,Luxembourg,LUX,Cervus elaphus,Cervus,Cervidae,Artiodactyla,Mammalia,high,5.0,5.0,false,
speciesnet_v403b_geo_supported_overlap,Gemini 3.5 Flash BP47,2,not_redistributed_public_staging_speciesnet_overlap_only,WBGBIF2026_E0042,Cervus elaphus,Mammalia,Luxembourg,LUX,,,Cervidae,Artiodactyla,Mammalia,high,2.0,2.0,false,
speciesnet_v403b_geo_supported_overlap,Gemini 3.5 Flash BP47,2,not_redistributed_public_staging_speciesnet_overlap_only,WBGBIF2026_E0055,Columba palumbus,Aves,Belgium,BEL,Columba palumbus,Columba,Columbidae,Columbiformes,Aves,high,5.0,5.0,false,
speciesnet_v403b_geo_supported_overlap,Gemini 3.5 Flash BP47,2,not_redistributed_public_staging_speciesnet_overlap_only,WBGBIF2026_E0056,Columba palumbus,Aves,Belgium,BEL,,,,,,high,0.0,0.0,false,
speciesnet_v403b_geo_supported_overlap,Gemini 3.5 Flash BP47,2,not_redistributed_public_staging_speciesnet_overlap_only,WBGBIF2026_E0057,Columba palumbus,Aves,Belgium,BEL,Columba palumbus,Columba,Columbidae,Columbiformes,Aves,medium,5.0,5.0,false,
speciesnet_v403b_geo_supported_overlap,Gemini 3.5 Flash BP47,2,not_redistributed_public_staging_speciesnet_overlap_only,WBGBIF2026_E0058,Corvus corone,Aves,Belgium,BEL,,Corvus,Corvidae,Passeriformes,Aves,medium,3.0,3.0,false,
speciesnet_v403b_geo_supported_overlap,Gemini 3.5 Flash BP47,2,not_redistributed_public_staging_speciesnet_overlap_only,WBGBIF2026_E0059,Corvus corone,Aves,Luxembourg,LUX,,,,,,low,0.0,0.0,false,
speciesnet_v403b_geo_supported_overlap,Gemini 3.5 Flash BP47,2,not_redistributed_public_staging_speciesnet_overlap_only,WBGBIF2026_E0060,Corvus corone,Aves,Belgium,BEL,,Corvus,Corvidae,Passeriformes,Aves,high,3.0,3.0,false,
speciesnet_v403b_geo_supported_overlap,Gemini 3.5 Flash BP47,2,not_redistributed_public_staging_speciesnet_overlap_only,WBGBIF2026_E0061,Corvus frugilegus,Aves,Luxembourg,LUX,,Corvus,Corvidae,Passeriformes,Aves,medium,3.0,3.0,false,
speciesnet_v403b_geo_supported_overlap,Gemini 3.5 Flash BP47,2,not_redistributed_public_staging_speciesnet_overlap_only,WBGBIF2026_E0062,Corvus frugilegus,Aves,Luxembourg,LUX,Corvus corone,Corvus,Corvidae,Passeriformes,Aves,medium,3.0,-2.0,true,
speciesnet_v403b_geo_supported_overlap,Gemini 3.5 Flash BP47,2,not_redistributed_public_staging_speciesnet_overlap_only,WBGBIF2026_E0063,Corvus frugilegus,Aves,Luxembourg,LUX,Corvus corone,Corvus,Corvidae,Passeriformes,Aves,medium,3.0,-2.0,true,
speciesnet_v403b_geo_supported_overlap,Gemini 3.5 Flash BP47,2,not_redistributed_public_staging_speciesnet_overlap_only,WBGBIF2026_E0064,Cuniculus paca,Mammalia,Ecuador,ECU,Cuniculus paca,Cuniculus,Cuniculidae,Rodentia,Mammalia,medium,5.0,5.0,false,
speciesnet_v403b_geo_supported_overlap,Gemini 3.5 Flash BP47,2,not_redistributed_public_staging_speciesnet_overlap_only,WBGBIF2026_E0065,Cuniculus paca,Mammalia,Ecuador,ECU,Cuniculus paca,Cuniculus,Cuniculidae,Rodentia,Mammalia,medium,5.0,5.0,false,
speciesnet_v403b_geo_supported_overlap,Gemini 3.5 Flash BP47,2,not_redistributed_public_staging_speciesnet_overlap_only,WBGBIF2026_E0066,Cuniculus paca,Mammalia,Ecuador,ECU,Cuniculus paca,Cuniculus,Cuniculidae,Rodentia,Mammalia,medium,5.0,5.0,false,
speciesnet_v403b_geo_supported_overlap,Gemini 3.5 Flash BP47,2,not_redistributed_public_staging_speciesnet_overlap_only,WBGBIF2026_E0070,Dama dama,Mammalia,Belgium,BEL,Dama dama,Dama,Cervidae,Artiodactyla,Mammalia,high,5.0,5.0,false,
speciesnet_v403b_geo_supported_overlap,Gemini 3.5 Flash BP47,2,not_redistributed_public_staging_speciesnet_overlap_only,WBGBIF2026_E0071,Dama dama,Mammalia,Belgium,BEL,,,,,,low,0.0,0.0,false,
speciesnet_v403b_geo_supported_overlap,Gemini 3.5 Flash BP47,2,not_redistributed_public_staging_speciesnet_overlap_only,WBGBIF2026_E0072,Dama dama,Mammalia,Belgium,BEL,,,Cervidae,Artiodactyla,Mammalia,high,2.0,2.0,false,
speciesnet_v403b_geo_supported_overlap,Gemini 3.5 Flash BP47,2,not_redistributed_public_staging_speciesnet_overlap_only,WBGBIF2026_E0073,Dasyprocta fuliginosa,Mammalia,Ecuador,ECU,Dasyprocta fuliginosa,Dasyprocta,Dasyproctidae,Rodentia,Mammalia,high,5.0,5.0,false,
speciesnet_v403b_geo_supported_overlap,Gemini 3.5 Flash BP47,2,not_redistributed_public_staging_speciesnet_overlap_only,WBGBIF2026_E0074,Dasyprocta fuliginosa,Mammalia,Ecuador,ECU,,,,,Mammalia,medium,0.5,0.5,false,
speciesnet_v403b_geo_supported_overlap,Gemini 3.5 Flash BP47,2,not_redistributed_public_staging_speciesnet_overlap_only,WBGBIF2026_E0075,Dasyprocta fuliginosa,Mammalia,Ecuador,ECU,Dasyprocta fuliginosa,Dasyprocta,Dasyproctidae,Rodentia,Mammalia,medium,5.0,5.0,false,
speciesnet_v403b_geo_supported_overlap,Gemini 3.5 Flash BP47,2,not_redistributed_public_staging_speciesnet_overlap_only,WBGBIF2026_E0076,Dasyprocta punctata,Mammalia,Ecuador,ECU,,Dasyprocta,Dasyproctidae,Rodentia,Mammalia,high,3.0,3.0,false,
speciesnet_v403b_geo_supported_overlap,Gemini 3.5 Flash BP47,2,not_redistributed_public_staging_speciesnet_overlap_only,WBGBIF2026_E0077,Dasyprocta punctata,Mammalia,Ecuador,ECU,,,,Rodentia,Mammalia,medium,1.0,1.0,false,
speciesnet_v403b_geo_supported_overlap,Gemini 3.5 Flash BP47,2,not_redistributed_public_staging_speciesnet_overlap_only,WBGBIF2026_E0078,Dasyprocta punctata,Mammalia,Ecuador,ECU,,,,Rodentia,Mammalia,medium,1.0,1.0,false,
speciesnet_v403b_geo_supported_overlap,Gemini 3.5 Flash BP47,2,not_redistributed_public_staging_speciesnet_overlap_only,WBGBIF2026_E0079,Dasypus novemcinctus,Mammalia,Ecuador,ECU,,Nasua,Procyonidae,Carnivora,Mammalia,medium,0.5,-4.5,true,
speciesnet_v403b_geo_supported_overlap,Gemini 3.5 Flash BP47,2,not_redistributed_public_staging_speciesnet_overlap_only,WBGBIF2026_E0080,Dasypus novemcinctus,Mammalia,Ecuador,ECU,,Dasypus,Dasypodidae,Cingulata,Mammalia,high,3.0,3.0,false,
speciesnet_v403b_geo_supported_overlap,Gemini 3.5 Flash BP47,2,not_redistributed_public_staging_speciesnet_overlap_only,WBGBIF2026_E0081,Dasypus novemcinctus,Mammalia,Ecuador,ECU,Dasypus novemcinctus,Dasypus,Dasypodidae,Cingulata,Mammalia,medium,5.0,5.0,false,
speciesnet_v403b_geo_supported_overlap,Gemini 3.5 Flash BP47,2,not_redistributed_public_staging_speciesnet_overlap_only,WBGBIF2026_E0082,Dendrocopos major,Aves,Belgium,BEL,Dendrocopos major,Dendrocopos,Picidae,Piciformes,Aves,high,5.0,5.0,false,
speciesnet_v403b_geo_supported_overlap,Gemini 3.5 Flash BP47,2,not_redistributed_public_staging_speciesnet_overlap_only,WBGBIF2026_E0083,Dendrocopos major,Aves,Belgium,BEL,Dendrocopos major,Dendrocopos,Picidae,Piciformes,Aves,high,5.0,5.0,false,
speciesnet_v403b_geo_supported_overlap,Gemini 3.5 Flash BP47,2,not_redistributed_public_staging_speciesnet_overlap_only,WBGBIF2026_E0084,Dendrocopos major,Aves,Belgium,BEL,Dendrocopos major,Dendrocopos,Picidae,Piciformes,Aves,medium,5.0,5.0,false,
speciesnet_v403b_geo_supported_overlap,Gemini 3.5 Flash BP47,2,not_redistributed_public_staging_speciesnet_overlap_only,WBGBIF2026_E0088,Didelphis marsupialis,Mammalia,Ecuador,ECU,,Didelphis,Didelphidae,Didelphimorphia,Mammalia,high,3.0,3.0,false,
speciesnet_v403b_geo_supported_overlap,Gemini 3.5 Flash BP47,2,not_redistributed_public_staging_speciesnet_overlap_only,WBGBIF2026_E0089,Didelphis marsupialis,Mammalia,Ecuador,ECU,,,,,Mammalia,low,0.5,0.5,false,
speciesnet_v403b_geo_supported_overlap,Gemini 3.5 Flash BP47,2,not_redistributed_public_staging_speciesnet_overlap_only,WBGBIF2026_E0090,Didelphis marsupialis,Mammalia,Ecuador,ECU,,Didelphis,Didelphidae,Didelphimorphia,Mammalia,high,3.0,3.0,false,
speciesnet_v403b_geo_supported_overlap,Gemini 3.5 Flash BP47,2,not_redistributed_public_staging_speciesnet_overlap_only,WBGBIF2026_E0091,Dryocopus martius,Aves,Belgium,BEL,Dryocopus martius,Dryocopus,Picidae,Piciformes,Aves,high,5.0,5.0,false,
speciesnet_v403b_geo_supported_overlap,Gemini 3.5 Flash BP47,2,not_redistributed_public_staging_speciesnet_overlap_only,WBGBIF2026_E0092,Dryocopus martius,Aves,Belgium,BEL,Dryocopus martius,Dryocopus,Picidae,Piciformes,Aves,high,5.0,5.0,false,
speciesnet_v403b_geo_supported_overlap,Gemini 3.5 Flash BP47,2,not_redistributed_public_staging_speciesnet_overlap_only,WBGBIF2026_E0093,Dryocopus martius,Aves,Luxembourg,LUX,Dryocopus martius,Dryocopus,Picidae,Piciformes,Aves,high,5.0,5.0,false,
speciesnet_v403b_geo_supported_overlap,Gemini 3.5 Flash BP47,2,not_redistributed_public_staging_speciesnet_overlap_only,WBGBIF2026_E0094,Eira barbara,Mammalia,Ecuador,ECU,Eira barbara,Eira,Mustelidae,Carnivora,Mammalia,high,5.0,5.0,false,
speciesnet_v403b_geo_supported_overlap,Gemini 3.5 Flash BP47,2,not_redistributed_public_staging_speciesnet_overlap_only,WBGBIF2026_E0095,Eira barbara,Mammalia,Ecuador,ECU,Eira barbara,Eira,Mustelidae,Carnivora,Mammalia,high,5.0,5.0,false,
speciesnet_v403b_geo_supported_overlap,Gemini 3.5 Flash BP47,2,not_redistributed_public_staging_speciesnet_overlap_only,WBGBIF2026_E0096,Eira barbara,Mammalia,Ecuador,ECU,Eira barbara,Eira,Mustelidae,Carnivora,Mammalia,high,5.0,5.0,false,
speciesnet_v403b_geo_supported_overlap,Gemini 3.5 Flash BP47,2,not_redistributed_public_staging_speciesnet_overlap_only,WBGBIF2026_E0103,Erinaceus europaeus,Mammalia,Belgium,BEL,,,,,,low,0.0,0.0,false,
speciesnet_v403b_geo_supported_overlap,Gemini 3.5 Flash BP47,2,not_redistributed_public_staging_speciesnet_overlap_only,WBGBIF2026_E0104,Erinaceus europaeus,Mammalia,Belgium,BEL,Erinaceus europaeus,Erinaceus,Erinaceidae,Eulipotyphla,Mammalia,high,5.0,0.0,true,order
speciesnet_v403b_geo_supported_overlap,Gemini 3.5 Flash BP47,2,not_redistributed_public_staging_speciesnet_overlap_only,WBGBIF2026_E0105,Erinaceus europaeus,Mammalia,Belgium,BEL,,,,,,low,0.0,0.0,false,
speciesnet_v403b_geo_supported_overlap,Gemini 3.5 Flash BP47,2,not_redistributed_public_staging_speciesnet_overlap_only,WBGBIF2026_E0106,Erithacus rubecula,Aves,Germany,DEU,Erithacus rubecula,Erithacus,Muscicapidae,Passeriformes,Aves,high,5.0,5.0,false,
speciesnet_v403b_geo_supported_overlap,Gemini 3.5 Flash BP47,2,not_redistributed_public_staging_speciesnet_overlap_only,WBGBIF2026_E0107,Erithacus rubecula,Aves,Belgium,BEL,Erithacus rubecula,Erithacus,Muscicapidae,Passeriformes,Aves,medium,5.0,5.0,false,
speciesnet_v403b_geo_supported_overlap,Gemini 3.5 Flash BP47,2,not_redistributed_public_staging_speciesnet_overlap_only,WBGBIF2026_E0108,Erithacus rubecula,Aves,Belgium,BEL,,,,,,low,0.0,0.0,false,
speciesnet_v403b_geo_supported_overlap,Gemini 3.5 Flash BP47,2,not_redistributed_public_staging_speciesnet_overlap_only,WBGBIF2026_E0109,Falco tinnunculus,Aves,Luxembourg,LUX,Falco tinnunculus,Falco,Falconidae,Falconiformes,Aves,high,5.0,5.0,false,
speciesnet_v403b_geo_supported_overlap,Gemini 3.5 Flash BP47,2,not_redistributed_public_staging_speciesnet_overlap_only,WBGBIF2026_E0110,Falco tinnunculus,Aves,Luxembourg,LUX,,,,,Aves,high,0.5,0.5,false,
speciesnet_v403b_geo_supported_overlap,Gemini 3.5 Flash BP47,2,not_redistributed_public_staging_speciesnet_overlap_only,WBGBIF2026_E0111,Falco tinnunculus,Aves,Luxembourg,LUX,Falco tinnunculus,Falco,Falconidae,Falconiformes,Aves,high,5.0,5.0,false,
speciesnet_v403b_geo_supported_overlap,Gemini 3.5 Flash BP47,2,not_redistributed_public_staging_speciesnet_overlap_only,WBGBIF2026_E0112,Felis catus,Mammalia,Belgium,BEL,,Felis,Felidae,Carnivora,Mammalia,high,3.0,3.0,false,
speciesnet_v403b_geo_supported_overlap,Gemini 3.5 Flash BP47,2,not_redistributed_public_staging_speciesnet_overlap_only,WBGBIF2026_E0113,Felis catus,Mammalia,Belgium,BEL,,Felis,Felidae,Carnivora,Mammalia,high,3.0,3.0,false,
speciesnet_v403b_geo_supported_overlap,Gemini 3.5 Flash BP47,2,not_redistributed_public_staging_speciesnet_overlap_only,WBGBIF2026_E0114,Felis catus,Mammalia,Belgium,BEL,,Felis,Felidae,Carnivora,Mammalia,high,3.0,3.0,false,
speciesnet_v403b_geo_supported_overlap,Gemini 3.5 Flash BP47,2,not_redistributed_public_staging_speciesnet_overlap_only,WBGBIF2026_E0115,Felis silvestris,Mammalia,Luxembourg,LUX,Meles meles,Meles,Mustelidae,Carnivora,Mammalia,medium,1.0,-4.0,true,
speciesnet_v403b_geo_supported_overlap,Gemini 3.5 Flash BP47,2,not_redistributed_public_staging_speciesnet_overlap_only,WBGBIF2026_E0116,Felis silvestris,Mammalia,Luxembourg,LUX,Felis silvestris,Felis,Felidae,Carnivora,Mammalia,medium,5.0,5.0,false,
speciesnet_v403b_geo_supported_overlap,Gemini 3.5 Flash BP47,2,not_redistributed_public_staging_speciesnet_overlap_only,WBGBIF2026_E0117,Felis silvestris,Mammalia,Luxembourg,LUX,Felis silvestris,Felis,Felidae,Carnivora,Mammalia,medium,5.0,5.0,false,
speciesnet_v403b_geo_supported_overlap,Gemini 3.5 Flash BP47,2,not_redistributed_public_staging_speciesnet_overlap_only,WBGBIF2026_E0118,Fringilla coelebs,Aves,Germany,DEU,Fringilla coelebs,Fringilla,Fringillidae,Passeriformes,Aves,high,5.0,5.0,false,
speciesnet_v403b_geo_supported_overlap,Gemini 3.5 Flash BP47,2,not_redistributed_public_staging_speciesnet_overlap_only,WBGBIF2026_E0119,Fringilla coelebs,Aves,Luxembourg,LUX,,,,,,low,0.0,0.0,false,
speciesnet_v403b_geo_supported_overlap,Gemini 3.5 Flash BP47,2,not_redistributed_public_staging_speciesnet_overlap_only,WBGBIF2026_E0120,Fringilla coelebs,Aves,Luxembourg,LUX,Fringilla coelebs,Fringilla,Fringillidae,Passeriformes,Aves,medium,5.0,5.0,false,
speciesnet_v403b_geo_supported_overlap,Gemini 3.5 Flash BP47,2,not_redistributed_public_staging_speciesnet_overlap_only,WBGBIF2026_E0127,Gallinula chloropus,Aves,Luxembourg,LUX,Gallinula chloropus,Gallinula,Rallidae,Gruiformes,Aves,high,5.0,5.0,false,
speciesnet_v403b_geo_supported_overlap,Gemini 3.5 Flash BP47,2,not_redistributed_public_staging_speciesnet_overlap_only,WBGBIF2026_E0128,Gallinula chloropus,Aves,Luxembourg,LUX,Castor fiber,Castor,Castoridae,Rodentia,Mammalia,medium,0.0,-5.0,true,
speciesnet_v403b_geo_supported_overlap,Gemini 3.5 Flash BP47,2,not_redistributed_public_staging_speciesnet_overlap_only,WBGBIF2026_E0129,Gallinula chloropus,Aves,Luxembourg,LUX,Gallinula chloropus,Gallinula,Rallidae,Gruiformes,Aves,high,5.0,5.0,false,
speciesnet_v403b_geo_supported_overlap,Gemini 3.5 Flash BP47,2,not_redistributed_public_staging_speciesnet_overlap_only,WBGBIF2026_E0130,Garrulus glandarius,Aves,Luxembourg,LUX,Garrulus glandarius,Garrulus,Corvidae,Passeriformes,Aves,high,5.0,5.0,false,
speciesnet_v403b_geo_supported_overlap,Gemini 3.5 Flash BP47,2,not_redistributed_public_staging_speciesnet_overlap_only,WBGBIF2026_E0131,Garrulus glandarius,Aves,Luxembourg,LUX,Garrulus glandarius,Garrulus,Corvidae,Passeriformes,Aves,high,5.0,5.0,false,
speciesnet_v403b_geo_supported_overlap,Gemini 3.5 Flash BP47,2,not_redistributed_public_staging_speciesnet_overlap_only,WBGBIF2026_E0132,Garrulus glandarius,Aves,Belgium,BEL,,,,,,high,0.0,0.0,false,
speciesnet_v403b_geo_supported_overlap,Gemini 3.5 Flash BP47,2,not_redistributed_public_staging_speciesnet_overlap_only,WBGBIF2026_E0136,Leopardus pardalis,Mammalia,Ecuador,ECU,Leopardus pardalis,Leopardus,Felidae,Carnivora,Mammalia,high,5.0,5.0,false,
speciesnet_v403b_geo_supported_overlap,Gemini 3.5 Flash BP47,2,not_redistributed_public_staging_speciesnet_overlap_only,WBGBIF2026_E0137,Leopardus pardalis,Mammalia,Ecuador,ECU,Leopardus pardalis,Leopardus,Felidae,Carnivora,Mammalia,high,5.0,5.0,false,
speciesnet_v403b_geo_supported_overlap,Gemini 3.5 Flash BP47,2,not_redistributed_public_staging_speciesnet_overlap_only,WBGBIF2026_E0138,Leopardus pardalis,Mammalia,Ecuador,ECU,,Leopardus,Felidae,Carnivora,Mammalia,high,3.0,3.0,false,
speciesnet_v403b_geo_supported_overlap,Gemini 3.5 Flash BP47,2,not_redistributed_public_staging_speciesnet_overlap_only,WBGBIF2026_E0139,Leopardus wiedii,Mammalia,Ecuador,ECU,,Leopardus,Felidae,Carnivora,Mammalia,high,3.0,3.0,false,
speciesnet_v403b_geo_supported_overlap,Gemini 3.5 Flash BP47,2,not_redistributed_public_staging_speciesnet_overlap_only,WBGBIF2026_E0140,Leopardus wiedii,Mammalia,Ecuador,ECU,Leopardus pardalis,Leopardus,Felidae,Carnivora,Mammalia,high,3.0,-2.0,true,
speciesnet_v403b_geo_supported_overlap,Gemini 3.5 Flash BP47,2,not_redistributed_public_staging_speciesnet_overlap_only,WBGBIF2026_E0141,Leopardus wiedii,Mammalia,Ecuador,ECU,,Leopardus,Felidae,Carnivora,Mammalia,high,3.0,3.0,false,
speciesnet_v403b_geo_supported_overlap,Gemini 3.5 Flash BP47,2,not_redistributed_public_staging_speciesnet_overlap_only,WBGBIF2026_E0142,Lepus europaeus,Mammalia,Belgium,BEL,,,,,Mammalia,low,0.5,0.5,false,
speciesnet_v403b_geo_supported_overlap,Gemini 3.5 Flash BP47,2,not_redistributed_public_staging_speciesnet_overlap_only,WBGBIF2026_E0143,Lepus europaeus,Mammalia,Luxembourg,LUX,Lepus europaeus,Lepus,Leporidae,Lagomorpha,Mammalia,high,5.0,5.0,false,
speciesnet_v403b_geo_supported_overlap,Gemini 3.5 Flash BP47,2,not_redistributed_public_staging_speciesnet_overlap_only,WBGBIF2026_E0144,Lepus europaeus,Mammalia,Belgium,BEL,,Felis,Felidae,Carnivora,Mammalia,medium,0.5,-4.5,true,
speciesnet_v403b_geo_supported_overlap,Gemini 3.5 Flash BP47,2,not_redistributed_public_staging_speciesnet_overlap_only,WBGBIF2026_E0151,Martes foina,Mammalia,Luxembourg,LUX,Martes foina,Martes,Mustelidae,Carnivora,Mammalia,medium,5.0,5.0,false,
speciesnet_v403b_geo_supported_overlap,Gemini 3.5 Flash BP47,2,not_redistributed_public_staging_speciesnet_overlap_only,WBGBIF2026_E0152,Martes foina,Mammalia,Belgium,BEL,,Martes,Mustelidae,Carnivora,Mammalia,high,3.0,3.0,false,
speciesnet_v403b_geo_supported_overlap,Gemini 3.5 Flash BP47,2,not_redistributed_public_staging_speciesnet_overlap_only,WBGBIF2026_E0153,Martes foina,Mammalia,Belgium,BEL,,,Mustelidae,Carnivora,Mammalia,medium,2.0,2.0,false,
speciesnet_v403b_geo_supported_overlap,Gemini 3.5 Flash BP47,2,not_redistributed_public_staging_speciesnet_overlap_only,WBGBIF2026_E0154,Martes martes,Mammalia,Luxembourg,LUX,,Martes,Mustelidae,Carnivora,Mammalia,high,3.0,3.0,false,
speciesnet_v403b_geo_supported_overlap,Gemini 3.5 Flash BP47,2,not_redistributed_public_staging_speciesnet_overlap_only,WBGBIF2026_E0155,Martes martes,Mammalia,Luxembourg,LUX,Martes martes,Martes,Mustelidae,Carnivora,Mammalia,high,5.0,5.0,false,
speciesnet_v403b_geo_supported_overlap,Gemini 3.5 Flash BP47,2,not_redistributed_public_staging_speciesnet_overlap_only,WBGBIF2026_E0156,Martes martes,Mammalia,Luxembourg,LUX,Vulpes vulpes,Vulpes,Canidae,Carnivora,Mammalia,medium,1.0,-4.0,true,
speciesnet_v403b_geo_supported_overlap,Gemini 3.5 Flash BP47,2,not_redistributed_public_staging_speciesnet_overlap_only,WBGBIF2026_E0157,Mazama americana,Mammalia,Ecuador,ECU,,Mazama,Cervidae,Artiodactyla,Mammalia,high,3.0,3.0,false,
speciesnet_v403b_geo_supported_overlap,Gemini 3.5 Flash BP47,2,not_redistributed_public_staging_speciesnet_overlap_only,WBGBIF2026_E0158,Mazama americana,Mammalia,Ecuador,ECU,,Mazama,Cervidae,Artiodactyla,Mammalia,medium,3.0,3.0,false,
speciesnet_v403b_geo_supported_overlap,Gemini 3.5 Flash BP47,2,not_redistributed_public_staging_speciesnet_overlap_only,WBGBIF2026_E0159,Mazama americana,Mammalia,Ecuador,ECU,,Mazama,Cervidae,Artiodactyla,Mammalia,medium,3.0,3.0,false,
speciesnet_v403b_geo_supported_overlap,Gemini 3.5 Flash BP47,2,not_redistributed_public_staging_speciesnet_overlap_only,WBGBIF2026_E0160,Mazama gouazoubira,Mammalia,Ecuador,ECU,,Mazama,Cervidae,Artiodactyla,Mammalia,high,3.0,3.0,false,
speciesnet_v403b_geo_supported_overlap,Gemini 3.5 Flash BP47,2,not_redistributed_public_staging_speciesnet_overlap_only,WBGBIF2026_E0161,Mazama gouazoubira,Mammalia,Ecuador,ECU,,Mazama,Cervidae,Artiodactyla,Mammalia,high,3.0,3.0,false,
speciesnet_v403b_geo_supported_overlap,Gemini 3.5 Flash BP47,2,not_redistributed_public_staging_speciesnet_overlap_only,WBGBIF2026_E0162,Mazama gouazoubira,Mammalia,Ecuador,ECU,,,,,,low,0.0,0.0,false,
speciesnet_v403b_geo_supported_overlap,Gemini 3.5 Flash BP47,2,not_redistributed_public_staging_speciesnet_overlap_only,WBGBIF2026_E0163,Meles meles,Mammalia,Luxembourg,LUX,Sus scrofa,Sus,Suidae,Artiodactyla,Mammalia,high,0.5,-4.5,true,
speciesnet_v403b_geo_supported_overlap,Gemini 3.5 Flash BP47,2,not_redistributed_public_staging_speciesnet_overlap_only,WBGBIF2026_E0164,Meles meles,Mammalia,Luxembourg,LUX,Meles meles,Meles,Mustelidae,Carnivora,Mammalia,high,5.0,5.0,false,
speciesnet_v403b_geo_supported_overlap,Gemini 3.5 Flash BP47,2,not_redistributed_public_staging_speciesnet_overlap_only,WBGBIF2026_E0165,Meles meles,Mammalia,Belgium,BEL,,,,,,low,0.0,0.0,false,
speciesnet_v403b_geo_supported_overlap,Gemini 3.5 Flash BP47,2,not_redistributed_public_staging_speciesnet_overlap_only,WBGBIF2026_E0166,Metachirus nudicaudatus,Mammalia,Ecuador,ECU,,,Didelphidae,Didelphimorphia,Mammalia,medium,2.0,2.0,false,
speciesnet_v403b_geo_supported_overlap,Gemini 3.5 Flash BP47,2,not_redistributed_public_staging_speciesnet_overlap_only,WBGBIF2026_E0167,Metachirus nudicaudatus,Mammalia,Ecuador,ECU,,,Didelphidae,Didelphimorphia,Mammalia,medium,2.0,2.0,false,
speciesnet_v403b_geo_supported_overlap,Gemini 3.5 Flash BP47,2,not_redistributed_public_staging_speciesnet_overlap_only,WBGBIF2026_E0168,Metachirus nudicaudatus,Mammalia,Ecuador,ECU,,,Didelphidae,Didelphimorphia,Mammalia,medium,2.0,2.0,false,
speciesnet_v403b_geo_supported_overlap,Gemini 3.5 Flash BP47,2,not_redistributed_public_staging_speciesnet_overlap_only,WBGBIF2026_E0169,Mitu salvini,Aves,Ecuador,ECU,Mitu salvini,Mitu,Cracidae,Galliformes,Aves,high,5.0,5.0,false,
speciesnet_v403b_geo_supported_overlap,Gemini 3.5 Flash BP47,2,not_redistributed_public_staging_speciesnet_overlap_only,WBGBIF2026_E0170,Mitu salvini,Aves,Ecuador,ECU,,Mitu,Cracidae,Galliformes,Aves,high,3.0,3.0,false,
speciesnet_v403b_geo_supported_overlap,Gemini 3.5 Flash BP47,2,not_redistributed_public_staging_speciesnet_overlap_only,WBGBIF2026_E0171,Mitu salvini,Aves,Ecuador,ECU,,,Cracidae,Galliformes,Aves,high,2.0,2.0,false,
speciesnet_v403b_geo_supported_overlap,Gemini 3.5 Flash BP47,2,not_redistributed_public_staging_speciesnet_overlap_only,WBGBIF2026_E0175,Motacilla flava,Aves,Luxembourg,LUX,,Motacilla,Motacillidae,Passeriformes,Aves,medium,3.0,3.0,false,
speciesnet_v403b_geo_supported_overlap,Gemini 3.5 Flash BP47,2,not_redistributed_public_staging_speciesnet_overlap_only,WBGBIF2026_E0176,Motacilla flava,Aves,Luxembourg,LUX,Motacilla flava,Motacilla,Motacillidae,Passeriformes,Aves,high,5.0,5.0,false,
speciesnet_v403b_geo_supported_overlap,Gemini 3.5 Flash BP47,2,not_redistributed_public_staging_speciesnet_overlap_only,WBGBIF2026_E0177,Motacilla flava,Aves,Luxembourg,LUX,Motacilla alba,Motacilla,Motacillidae,Passeriformes,Aves,medium,3.0,-2.0,true,
speciesnet_v403b_geo_supported_overlap,Gemini 3.5 Flash BP47,2,not_redistributed_public_staging_speciesnet_overlap_only,WBGBIF2026_E0178,Mustela erminea,Mammalia,Belgium,BEL,,,,,,low,0.0,0.0,false,
speciesnet_v403b_geo_supported_overlap,Gemini 3.5 Flash BP47,2,not_redistributed_public_staging_speciesnet_overlap_only,WBGBIF2026_E0179,Mustela erminea,Mammalia,Luxembourg,LUX,Mustela erminea,Mustela,Mustelidae,Carnivora,Mammalia,high,5.0,5.0,false,
speciesnet_v403b_geo_supported_overlap,Gemini 3.5 Flash BP47,2,not_redistributed_public_staging_speciesnet_overlap_only,WBGBIF2026_E0180,Mustela erminea,Mammalia,Luxembourg,LUX,Mustela erminea,Mustela,Mustelidae,Carnivora,Mammalia,high,5.0,5.0,false,
speciesnet_v403b_geo_supported_overlap,Gemini 3.5 Flash BP47,2,not_redistributed_public_staging_speciesnet_overlap_only,WBGBIF2026_E0181,Mustela putorius,Mammalia,Luxembourg,LUX,Mustela putorius,Mustela,Mustelidae,Carnivora,Mammalia,medium,5.0,5.0,false,
speciesnet_v403b_geo_supported_overlap,Gemini 3.5 Flash BP47,2,not_redistributed_public_staging_speciesnet_overlap_only,WBGBIF2026_E0182,Mustela putorius,Mammalia,Belgium,BEL,Meles meles,Meles,Mustelidae,Carnivora,Mammalia,high,2.0,-3.0,true,
speciesnet_v403b_geo_supported_overlap,Gemini 3.5 Flash BP47,2,not_redistributed_public_staging_speciesnet_overlap_only,WBGBIF2026_E0183,Mustela putorius,Mammalia,Luxembourg,LUX,Meles meles,Meles,Mustelidae,Carnivora,Mammalia,high,2.0,-3.0,true,
speciesnet_v403b_geo_supported_overlap,Gemini 3.5 Flash BP47,2,not_redistributed_public_staging_speciesnet_overlap_only,WBGBIF2026_E0184,Myoprocta pratti,Mammalia,Ecuador,ECU,,,Dasyproctidae,Rodentia,Mammalia,medium,2.0,2.0,false,
speciesnet_v403b_geo_supported_overlap,Gemini 3.5 Flash BP47,2,not_redistributed_public_staging_speciesnet_overlap_only,WBGBIF2026_E0185,Myoprocta pratti,Mammalia,Ecuador,ECU,,Dasyprocta,Dasyproctidae,Rodentia,Mammalia,medium,2.0,-3.0,true,
speciesnet_v403b_geo_supported_overlap,Gemini 3.5 Flash BP47,2,not_redistributed_public_staging_speciesnet_overlap_only,WBGBIF2026_E0186,Myoprocta pratti,Mammalia,Ecuador,ECU,Dasyprocta fuliginosa,Dasyprocta,Dasyproctidae,Rodentia,Mammalia,medium,2.0,-3.0,true,
speciesnet_v403b_geo_supported_overlap,Gemini 3.5 Flash BP47,2,not_redistributed_public_staging_speciesnet_overlap_only,WBGBIF2026_E0187,Myrmecophaga tridactyla,Mammalia,Ecuador,ECU,Myrmecophaga tridactyla,Myrmecophaga,Myrmecophagidae,Pilosa,Mammalia,high,5.0,5.0,false,
speciesnet_v403b_geo_supported_overlap,Gemini 3.5 Flash BP47,2,not_redistributed_public_staging_speciesnet_overlap_only,WBGBIF2026_E0188,Myrmecophaga tridactyla,Mammalia,Ecuador,ECU,Myrmecophaga tridactyla,Myrmecophaga,Myrmecophagidae,Pilosa,Mammalia,medium,5.0,5.0,false,
speciesnet_v403b_geo_supported_overlap,Gemini 3.5 Flash BP47,2,not_redistributed_public_staging_speciesnet_overlap_only,WBGBIF2026_E0189,Myrmecophaga tridactyla,Mammalia,Ecuador,ECU,Myrmecophaga tridactyla,Myrmecophaga,Myrmecophagidae,Pilosa,Mammalia,high,5.0,5.0,false,
speciesnet_v403b_geo_supported_overlap,Gemini 3.5 Flash BP47,2,not_redistributed_public_staging_speciesnet_overlap_only,WBGBIF2026_E0190,Nothocrax urumutum,Aves,Ecuador,ECU,Nothocrax urumutum,Nothocrax,Cracidae,Galliformes,Aves,high,5.0,5.0,false,
speciesnet_v403b_geo_supported_overlap,Gemini 3.5 Flash BP47,2,not_redistributed_public_staging_speciesnet_overlap_only,WBGBIF2026_E0191,Nothocrax urumutum,Aves,Ecuador,ECU,Neomorphus geoffroyi,Neomorphus,Cuculidae,Cuculiformes,Aves,medium,0.5,-4.5,true,species|genus|family|order
speciesnet_v403b_geo_supported_overlap,Gemini 3.5 Flash BP47,2,not_redistributed_public_staging_speciesnet_overlap_only,WBGBIF2026_E0192,Nothocrax urumutum,Aves,Ecuador,ECU,,,Cracidae,Galliformes,Aves,high,2.0,2.0,false,
speciesnet_v403b_geo_supported_overlap,Gemini 3.5 Flash BP47,2,not_redistributed_public_staging_speciesnet_overlap_only,WBGBIF2026_E0193,Oryctolagus cuniculus,Mammalia,Belgium,BEL,Oryctolagus cuniculus,Oryctolagus,Leporidae,Lagomorpha,Mammalia,medium,5.0,5.0,false,
speciesnet_v403b_geo_supported_overlap,Gemini 3.5 Flash BP47,2,not_redistributed_public_staging_speciesnet_overlap_only,WBGBIF2026_E0194,Oryctolagus cuniculus,Mammalia,Belgium,BEL,,,Leporidae,Lagomorpha,Mammalia,medium,2.0,2.0,false,
speciesnet_v403b_geo_supported_overlap,Gemini 3.5 Flash BP47,2,not_redistributed_public_staging_speciesnet_overlap_only,WBGBIF2026_E0195,Oryctolagus cuniculus,Mammalia,Luxembourg,LUX,,,,,Mammalia,high,0.5,0.5,false,
speciesnet_v403b_geo_supported_overlap,Gemini 3.5 Flash BP47,2,not_redistributed_public_staging_speciesnet_overlap_only,WBGBIF2026_E0196,Ovis aries,Mammalia,Belgium,BEL,,Ovis,Bovidae,Artiodactyla,Mammalia,high,3.0,3.0,false,
speciesnet_v403b_geo_supported_overlap,Gemini 3.5 Flash BP47,2,not_redistributed_public_staging_speciesnet_overlap_only,WBGBIF2026_E0197,Ovis aries,Mammalia,Belgium,BEL,Ovis gmelini,Ovis,Bovidae,Artiodactyla,Mammalia,high,3.0,-2.0,true,species
speciesnet_v403b_geo_supported_overlap,Gemini 3.5 Flash BP47,2,not_redistributed_public_staging_speciesnet_overlap_only,WBGBIF2026_E0198,Ovis aries,Mammalia,Belgium,BEL,Bos taurus,Bos,Bovidae,Artiodactyla,Mammalia,high,2.0,-3.0,true,
speciesnet_v403b_geo_supported_overlap,Gemini 3.5 Flash BP47,2,not_redistributed_public_staging_speciesnet_overlap_only,WBGBIF2026_E0199,Panthera onca,Mammalia,Ecuador,ECU,Panthera onca,Panthera,Felidae,Carnivora,Mammalia,high,5.0,5.0,false,
speciesnet_v403b_geo_supported_overlap,Gemini 3.5 Flash BP47,2,not_redistributed_public_staging_speciesnet_overlap_only,WBGBIF2026_E0200,Panthera onca,Mammalia,Ecuador,ECU,Panthera onca,Panthera,Felidae,Carnivora,Mammalia,high,5.0,5.0,false,
speciesnet_v403b_geo_supported_overlap,Gemini 3.5 Flash BP47,2,not_redistributed_public_staging_speciesnet_overlap_only,WBGBIF2026_E0201,Panthera onca,Mammalia,Ecuador,ECU,Panthera onca,Panthera,Felidae,Carnivora,Mammalia,medium,5.0,5.0,false,
speciesnet_v403b_geo_supported_overlap,Gemini 3.5 Flash BP47,2,not_redistributed_public_staging_speciesnet_overlap_only,WBGBIF2026_E0205,Passer domesticus,Aves,Luxembourg,LUX,Passer domesticus,Passer,Passeridae,Passeriformes,Aves,medium,5.0,5.0,false,
speciesnet_v403b_geo_supported_overlap,Gemini 3.5 Flash BP47,2,not_redistributed_public_staging_speciesnet_overlap_only,WBGBIF2026_E0206,Passer domesticus,Aves,Luxembourg,LUX,,,Turdidae,Passeriformes,Aves,medium,1.0,-4.0,true,
speciesnet_v403b_geo_supported_overlap,Gemini 3.5 Flash BP47,2,not_redistributed_public_staging_speciesnet_overlap_only,WBGBIF2026_E0207,Passer domesticus,Aves,Luxembourg,LUX,Prunella modularis,Prunella,Prunellidae,Passeriformes,Aves,medium,1.0,-4.0,true,
speciesnet_v403b_geo_supported_overlap,Gemini 3.5 Flash BP47,2,not_redistributed_public_staging_speciesnet_overlap_only,WBGBIF2026_E0208,Pecari tajacu,Mammalia,Ecuador,ECU,Tayassu pecari,Tayassu,Tayassuidae,Artiodactyla,Mammalia,high,2.0,-3.0,true,
speciesnet_v403b_geo_supported_overlap,Gemini 3.5 Flash BP47,2,not_redistributed_public_staging_speciesnet_overlap_only,WBGBIF2026_E0209,Pecari tajacu,Mammalia,Ecuador,ECU,Pecari tajacu,Pecari,Tayassuidae,Artiodactyla,Mammalia,high,5.0,5.0,false,
speciesnet_v403b_geo_supported_overlap,Gemini 3.5 Flash BP47,2,not_redistributed_public_staging_speciesnet_overlap_only,WBGBIF2026_E0210,Pecari tajacu,Mammalia,Ecuador,ECU,,,Tayassuidae,Artiodactyla,Mammalia,high,2.0,2.0,false,
speciesnet_v403b_geo_supported_overlap,Gemini 3.5 Flash BP47,2,not_redistributed_public_staging_speciesnet_overlap_only,WBGBIF2026_E0211,Penelope purpurascens,Aves,Ecuador,ECU,,Penelope,Cracidae,Galliformes,Aves,medium,3.0,3.0,false,
speciesnet_v403b_geo_supported_overlap,Gemini 3.5 Flash BP47,2,not_redistributed_public_staging_speciesnet_overlap_only,WBGBIF2026_E0212,Penelope purpurascens,Aves,Ecuador,ECU,,,Cracidae,Galliformes,Aves,medium,2.0,2.0,false,
speciesnet_v403b_geo_supported_overlap,Gemini 3.5 Flash BP47,2,not_redistributed_public_staging_speciesnet_overlap_only,WBGBIF2026_E0213,Penelope purpurascens,Aves,Ecuador,ECU,,Penelope,Cracidae,Galliformes,Aves,high,3.0,3.0,false,
speciesnet_v403b_geo_supported_overlap,Gemini 3.5 Flash BP47,2,not_redistributed_public_staging_speciesnet_overlap_only,WBGBIF2026_E0214,Phasianus colchicus,Aves,Belgium,BEL,Meles meles,Meles,Mustelidae,Carnivora,Mammalia,high,0.0,-5.0,true,
speciesnet_v403b_geo_supported_overlap,Gemini 3.5 Flash BP47,2,not_redistributed_public_staging_speciesnet_overlap_only,WBGBIF2026_E0215,Phasianus colchicus,Aves,Belgium,BEL,Phasianus colchicus,Phasianus,Phasianidae,Galliformes,Aves,high,5.0,5.0,false,
speciesnet_v403b_geo_supported_overlap,Gemini 3.5 Flash BP47,2,not_redistributed_public_staging_speciesnet_overlap_only,WBGBIF2026_E0216,Phasianus colchicus,Aves,Belgium,BEL,Phasianus colchicus,Phasianus,Phasianidae,Galliformes,Aves,high,5.0,5.0,false,
speciesnet_v403b_geo_supported_overlap,Gemini 3.5 Flash BP47,2,not_redistributed_public_staging_speciesnet_overlap_only,WBGBIF2026_E0217,Phoenicurus ochruros,Aves,Luxembourg,LUX,Erithacus rubecula,Erithacus,Muscicapidae,Passeriformes,Aves,medium,2.0,-3.0,true,
speciesnet_v403b_geo_supported_overlap,Gemini 3.5 Flash BP47,2,not_redistributed_public_staging_speciesnet_overlap_only,WBGBIF2026_E0218,Phoenicurus ochruros,Aves,Luxembourg,LUX,Phoenicurus ochruros,Phoenicurus,Muscicapidae,Passeriformes,Aves,high,5.0,5.0,false,
speciesnet_v403b_geo_supported_overlap,Gemini 3.5 Flash BP47,2,not_redistributed_public_staging_speciesnet_overlap_only,WBGBIF2026_E0219,Phoenicurus ochruros,Aves,Luxembourg,LUX,,,,,,low,0.0,0.0,false,
speciesnet_v403b_geo_supported_overlap,Gemini 3.5 Flash BP47,2,not_redistributed_public_staging_speciesnet_overlap_only,WBGBIF2026_E0220,Phoenicurus phoenicurus,Aves,Luxembourg,LUX,,,Muscicapidae,Passeriformes,Aves,high,2.0,2.0,false,
speciesnet_v403b_geo_supported_overlap,Gemini 3.5 Flash BP47,2,not_redistributed_public_staging_speciesnet_overlap_only,WBGBIF2026_E0221,Phoenicurus phoenicurus,Aves,Luxembourg,LUX,Phoenicurus phoenicurus,Phoenicurus,Muscicapidae,Passeriformes,Aves,high,5.0,5.0,false,
speciesnet_v403b_geo_supported_overlap,Gemini 3.5 Flash BP47,2,not_redistributed_public_staging_speciesnet_overlap_only,WBGBIF2026_E0222,Phoenicurus phoenicurus,Aves,Luxembourg,LUX,,,,Passeriformes,Aves,high,1.0,1.0,false,
speciesnet_v403b_geo_supported_overlap,Gemini 3.5 Flash BP47,2,not_redistributed_public_staging_speciesnet_overlap_only,WBGBIF2026_E0226,Pica pica,Aves,Belgium,BEL,Pica pica,Pica,Corvidae,Passeriformes,Aves,high,5.0,5.0,false,
speciesnet_v403b_geo_supported_overlap,Gemini 3.5 Flash BP47,2,not_redistributed_public_staging_speciesnet_overlap_only,WBGBIF2026_E0227,Pica pica,Aves,Belgium,BEL,Pica pica,Pica,Corvidae,Passeriformes,Aves,high,5.0,5.0,false,
speciesnet_v403b_geo_supported_overlap,Gemini 3.5 Flash BP47,2,not_redistributed_public_staging_speciesnet_overlap_only,WBGBIF2026_E0228,Pica pica,Aves,Belgium,BEL,,,,,,low,0.0,0.0,false,
speciesnet_v403b_geo_supported_overlap,Gemini 3.5 Flash BP47,2,not_redistributed_public_staging_speciesnet_overlap_only,WBGBIF2026_E0229,Picus viridis,Aves,Belgium,BEL,Picus viridis,Picus,Picidae,Piciformes,Aves,high,5.0,5.0,false,
speciesnet_v403b_geo_supported_overlap,Gemini 3.5 Flash BP47,2,not_redistributed_public_staging_speciesnet_overlap_only,WBGBIF2026_E0230,Picus viridis,Aves,Luxembourg,LUX,Picus viridis,Picus,Picidae,Piciformes,Aves,medium,5.0,5.0,false,
speciesnet_v403b_geo_supported_overlap,Gemini 3.5 Flash BP47,2,not_redistributed_public_staging_speciesnet_overlap_only,WBGBIF2026_E0231,Picus viridis,Aves,Luxembourg,LUX,Picus viridis,Picus,Picidae,Piciformes,Aves,high,5.0,5.0,false,
speciesnet_v403b_geo_supported_overlap,Gemini 3.5 Flash BP47,2,not_redistributed_public_staging_speciesnet_overlap_only,WBGBIF2026_E0238,Proechimys semispinosus,Mammalia,Ecuador,ECU,,,,Rodentia,Mammalia,high,1.0,1.0,false,
speciesnet_v403b_geo_supported_overlap,Gemini 3.5 Flash BP47,2,not_redistributed_public_staging_speciesnet_overlap_only,WBGBIF2026_E0239,Proechimys semispinosus,Mammalia,Ecuador,ECU,,Marmosa,Didelphidae,Didelphimorphia,Mammalia,medium,0.5,-4.5,true,
speciesnet_v403b_geo_supported_overlap,Gemini 3.5 Flash BP47,2,not_redistributed_public_staging_speciesnet_overlap_only,WBGBIF2026_E0240,Proechimys semispinosus,Mammalia,Ecuador,ECU,,,,Rodentia,Mammalia,high,1.0,1.0,false,
speciesnet_v403b_geo_supported_overlap,Gemini 3.5 Flash BP47,2,not_redistributed_public_staging_speciesnet_overlap_only,WBGBIF2026_E0244,Psophia crepitans,Aves,Ecuador,ECU,Psophia crepitans,Psophia,Psophiidae,Gruiformes,Aves,high,5.0,5.0,false,
speciesnet_v403b_geo_supported_overlap,Gemini 3.5 Flash BP47,2,not_redistributed_public_staging_speciesnet_overlap_only,WBGBIF2026_E0245,Psophia crepitans,Aves,Ecuador,ECU,,Psophia,Psophiidae,Gruiformes,Aves,high,3.0,3.0,false,
speciesnet_v403b_geo_supported_overlap,Gemini 3.5 Flash BP47,2,not_redistributed_public_staging_speciesnet_overlap_only,WBGBIF2026_E0246,Psophia crepitans,Aves,Ecuador,ECU,,,,,Mammalia,low,0.0,-5.0,true,
speciesnet_v403b_geo_supported_overlap,Gemini 3.5 Flash BP47,2,not_redistributed_public_staging_speciesnet_overlap_only,WBGBIF2026_E0247,Puma concolor,Mammalia,Ecuador,ECU,Puma concolor,Puma,Felidae,Carnivora,Mammalia,high,5.0,5.0,false,
speciesnet_v403b_geo_supported_overlap,Gemini 3.5 Flash BP47,2,not_redistributed_public_staging_speciesnet_overlap_only,WBGBIF2026_E0248,Puma concolor,Mammalia,Ecuador,ECU,Puma concolor,Puma,Felidae,Carnivora,Mammalia,high,5.0,5.0,false,
speciesnet_v403b_geo_supported_overlap,Gemini 3.5 Flash BP47,2,not_redistributed_public_staging_speciesnet_overlap_only,WBGBIF2026_E0249,Puma concolor,Mammalia,Ecuador,ECU,,,,,Mammalia,low,0.5,0.5,false,
speciesnet_v403b_geo_supported_overlap,Gemini 3.5 Flash BP47,2,not_redistributed_public_staging_speciesnet_overlap_only,WBGBIF2026_E0253,Rattus norvegicus,Mammalia,Belgium,BEL,,,,Rodentia,Mammalia,medium,1.0,1.0,false,
speciesnet_v403b_geo_supported_overlap,Gemini 3.5 Flash BP47,2,not_redistributed_public_staging_speciesnet_overlap_only,WBGBIF2026_E0254,Rattus norvegicus,Mammalia,Belgium,BEL,,,,Rodentia,Mammalia,medium,1.0,1.0,false,
speciesnet_v403b_geo_supported_overlap,Gemini 3.5 Flash BP47,2,not_redistributed_public_staging_speciesnet_overlap_only,WBGBIF2026_E0255,Rattus norvegicus,Mammalia,Belgium,BEL,,,,Rodentia,Mammalia,medium,1.0,1.0,false,
speciesnet_v403b_geo_supported_overlap,Gemini 3.5 Flash BP47,2,not_redistributed_public_staging_speciesnet_overlap_only,WBGBIF2026_E0259,Saxicola rubicola,Aves,Luxembourg,LUX,,,,Passeriformes,Aves,medium,1.0,1.0,false,
speciesnet_v403b_geo_supported_overlap,Gemini 3.5 Flash BP47,2,not_redistributed_public_staging_speciesnet_overlap_only,WBGBIF2026_E0260,Saxicola rubicola,Aves,Luxembourg,LUX,,Anthus,Motacillidae,Passeriformes,Aves,high,1.0,-4.0,true,genus
speciesnet_v403b_geo_supported_overlap,Gemini 3.5 Flash BP47,2,not_redistributed_public_staging_speciesnet_overlap_only,WBGBIF2026_E0261,Saxicola rubicola,Aves,Luxembourg,LUX,Saxicola rubicola,Saxicola,Muscicapidae,Passeriformes,Aves,high,5.0,5.0,false,
speciesnet_v403b_geo_supported_overlap,Gemini 3.5 Flash BP47,2,not_redistributed_public_staging_speciesnet_overlap_only,WBGBIF2026_E0262,Sciurus vulgaris,Mammalia,Luxembourg,LUX,,,,,,low,0.0,0.0,false,
speciesnet_v403b_geo_supported_overlap,Gemini 3.5 Flash BP47,2,not_redistributed_public_staging_speciesnet_overlap_only,WBGBIF2026_E0263,Sciurus vulgaris,Mammalia,Luxembourg,LUX,,,,,Mammalia,medium,0.5,0.5,false,
speciesnet_v403b_geo_supported_overlap,Gemini 3.5 Flash BP47,2,not_redistributed_public_staging_speciesnet_overlap_only,WBGBIF2026_E0264,Sciurus vulgaris,Mammalia,Luxembourg,LUX,Sciurus vulgaris,Sciurus,Sciuridae,Rodentia,Mammalia,high,5.0,5.0,false,
speciesnet_v403b_geo_supported_overlap,Gemini 3.5 Flash BP47,2,not_redistributed_public_staging_speciesnet_overlap_only,WBGBIF2026_E0265,Scolopax rusticola,Aves,Luxembourg,LUX,Scolopax rusticola,Scolopax,Scolopacidae,Charadriiformes,Aves,high,5.0,5.0,false,
speciesnet_v403b_geo_supported_overlap,Gemini 3.5 Flash BP47,2,not_redistributed_public_staging_speciesnet_overlap_only,WBGBIF2026_E0266,Scolopax rusticola,Aves,Belgium,BEL,,,,,,low,0.0,0.0,false,
speciesnet_v403b_geo_supported_overlap,Gemini 3.5 Flash BP47,2,not_redistributed_public_staging_speciesnet_overlap_only,WBGBIF2026_E0267,Scolopax rusticola,Aves,Belgium,BEL,Scolopax rusticola,Scolopax,Scolopacidae,Charadriiformes,Aves,high,5.0,5.0,false,
speciesnet_v403b_geo_supported_overlap,Gemini 3.5 Flash BP47,2,not_redistributed_public_staging_speciesnet_overlap_only,WBGBIF2026_E0268,Sitta europaea,Aves,Belgium,BEL,Sitta europaea,Sitta,Sittidae,Passeriformes,Aves,high,5.0,5.0,false,
speciesnet_v403b_geo_supported_overlap,Gemini 3.5 Flash BP47,2,not_redistributed_public_staging_speciesnet_overlap_only,WBGBIF2026_E0269,Sitta europaea,Aves,Belgium,BEL,,,,,,low,0.0,0.0,false,
speciesnet_v403b_geo_supported_overlap,Gemini 3.5 Flash BP47,2,not_redistributed_public_staging_speciesnet_overlap_only,WBGBIF2026_E0270,Sitta europaea,Aves,Belgium,BEL,Sitta europaea,Sitta,Sittidae,Passeriformes,Aves,high,5.0,5.0,false,
speciesnet_v403b_geo_supported_overlap,Gemini 3.5 Flash BP47,2,not_redistributed_public_staging_speciesnet_overlap_only,WBGBIF2026_E0271,Strix aluco,Aves,Belgium,BEL,Strix aluco,Strix,Strigidae,Strigiformes,Aves,high,5.0,5.0,false,
speciesnet_v403b_geo_supported_overlap,Gemini 3.5 Flash BP47,2,not_redistributed_public_staging_speciesnet_overlap_only,WBGBIF2026_E0272,Strix aluco,Aves,Belgium,BEL,Meles meles,Meles,Mustelidae,Carnivora,Mammalia,medium,0.0,-5.0,true,
speciesnet_v403b_geo_supported_overlap,Gemini 3.5 Flash BP47,2,not_redistributed_public_staging_speciesnet_overlap_only,WBGBIF2026_E0273,Strix aluco,Aves,Belgium,BEL,Strix aluco,Strix,Strigidae,Strigiformes,Aves,high,5.0,5.0,false,
speciesnet_v403b_geo_supported_overlap,Gemini 3.5 Flash BP47,2,not_redistributed_public_staging_speciesnet_overlap_only,WBGBIF2026_E0274,Sturnus vulgaris,Aves,Luxembourg,LUX,Sturnus vulgaris,Sturnus,Sturnidae,Passeriformes,Aves,high,5.0,5.0,false,
speciesnet_v403b_geo_supported_overlap,Gemini 3.5 Flash BP47,2,not_redistributed_public_staging_speciesnet_overlap_only,WBGBIF2026_E0275,Sturnus vulgaris,Aves,Luxembourg,LUX,,,,,Aves,medium,0.5,0.5,false,
speciesnet_v403b_geo_supported_overlap,Gemini 3.5 Flash BP47,2,not_redistributed_public_staging_speciesnet_overlap_only,WBGBIF2026_E0276,Sturnus vulgaris,Aves,France,FRA,Sturnus vulgaris,Sturnus,Sturnidae,Passeriformes,Aves,medium,5.0,5.0,false,
speciesnet_v403b_geo_supported_overlap,Gemini 3.5 Flash BP47,2,not_redistributed_public_staging_speciesnet_overlap_only,WBGBIF2026_E0277,Sus scrofa,Mammalia,Belgium,BEL,Sus scrofa,Sus,Suidae,Artiodactyla,Mammalia,medium,5.0,5.0,false,
speciesnet_v403b_geo_supported_overlap,Gemini 3.5 Flash BP47,2,not_redistributed_public_staging_speciesnet_overlap_only,WBGBIF2026_E0278,Sus scrofa,Mammalia,Belgium,BEL,,,,,,high,0.0,0.0,false,
speciesnet_v403b_geo_supported_overlap,Gemini 3.5 Flash BP47,2,not_redistributed_public_staging_speciesnet_overlap_only,WBGBIF2026_E0279,Sus scrofa,Mammalia,Belgium,BEL,Sus scrofa,Sus,Suidae,Artiodactyla,Mammalia,high,5.0,5.0,false,
speciesnet_v403b_geo_supported_overlap,Gemini 3.5 Flash BP47,2,not_redistributed_public_staging_speciesnet_overlap_only,WBGBIF2026_E0289,Syrmaticus reevesii,Aves,Belgium,BEL,Phasianus colchicus,Phasianus,Phasianidae,Galliformes,Aves,high,2.0,-3.0,true,
speciesnet_v403b_geo_supported_overlap,Gemini 3.5 Flash BP47,2,not_redistributed_public_staging_speciesnet_overlap_only,WBGBIF2026_E0290,Syrmaticus reevesii,Aves,Belgium,BEL,Syrmaticus reevesii,Syrmaticus,Phasianidae,Galliformes,Aves,high,5.0,5.0,false,
speciesnet_v403b_geo_supported_overlap,Gemini 3.5 Flash BP47,2,not_redistributed_public_staging_speciesnet_overlap_only,WBGBIF2026_E0291,Syrmaticus reevesii,Aves,Belgium,BEL,Phasianus colchicus,Phasianus,Phasianidae,Galliformes,Aves,medium,2.0,-3.0,true,
speciesnet_v403b_geo_supported_overlap,Gemini 3.5 Flash BP47,2,not_redistributed_public_staging_speciesnet_overlap_only,WBGBIF2026_E0292,Tapirus terrestris,Mammalia,Ecuador,ECU,,Tapirus,Tapiridae,Perissodactyla,Mammalia,medium,3.0,3.0,false,
speciesnet_v403b_geo_supported_overlap,Gemini 3.5 Flash BP47,2,not_redistributed_public_staging_speciesnet_overlap_only,WBGBIF2026_E0293,Tapirus terrestris,Mammalia,Ecuador,ECU,,Tapirus,Tapiridae,Perissodactyla,Mammalia,high,3.0,3.0,false,
speciesnet_v403b_geo_supported_overlap,Gemini 3.5 Flash BP47,2,not_redistributed_public_staging_speciesnet_overlap_only,WBGBIF2026_E0294,Tapirus terrestris,Mammalia,Ecuador,ECU,,Tapirus,Tapiridae,Perissodactyla,Mammalia,high,3.0,3.0,false,
speciesnet_v403b_geo_supported_overlap,Gemini 3.5 Flash BP47,2,not_redistributed_public_staging_speciesnet_overlap_only,WBGBIF2026_E0295,Tayassu pecari,Mammalia,Ecuador,ECU,,Dasyprocta,Dasyproctidae,Rodentia,Mammalia,high,0.5,-4.5,true,
speciesnet_v403b_geo_supported_overlap,Gemini 3.5 Flash BP47,2,not_redistributed_public_staging_speciesnet_overlap_only,WBGBIF2026_E0296,Tayassu pecari,Mammalia,Ecuador,ECU,,,,,,low,0.0,0.0,false,
speciesnet_v403b_geo_supported_overlap,Gemini 3.5 Flash BP47,2,not_redistributed_public_staging_speciesnet_overlap_only,WBGBIF2026_E0297,Tayassu pecari,Mammalia,Ecuador,ECU,Pecari tajacu,Pecari,Tayassuidae,Artiodactyla,Mammalia,medium,2.0,-3.0,true,
speciesnet_v403b_geo_supported_overlap,Gemini 3.5 Flash BP47,2,not_redistributed_public_staging_speciesnet_overlap_only,WBGBIF2026_E0298,Tinamus major,Aves,Ecuador,ECU,,,Tinamidae,Tinamiformes,Aves,high,2.0,2.0,false,
speciesnet_v403b_geo_supported_overlap,Gemini 3.5 Flash BP47,2,not_redistributed_public_staging_speciesnet_overlap_only,WBGBIF2026_E0299,Tinamus major,Aves,Ecuador,ECU,Tinamus major,Tinamus,Tinamidae,Tinamiformes,Aves,medium,5.0,5.0,false,
speciesnet_v403b_geo_supported_overlap,Gemini 3.5 Flash BP47,2,not_redistributed_public_staging_speciesnet_overlap_only,WBGBIF2026_E0300,Tinamus major,Aves,Ecuador,ECU,,,Tinamidae,Tinamiformes,Aves,medium,2.0,2.0,false,
speciesnet_v403b_geo_supported_overlap,Gemini 3.5 Flash BP47,2,not_redistributed_public_staging_speciesnet_overlap_only,WBGBIF2026_E0301,Tinamus tao,Aves,Ecuador,ECU,,Crypturellus,Tinamidae,Tinamiformes,Aves,high,2.0,-3.0,true,
speciesnet_v403b_geo_supported_overlap,Gemini 3.5 Flash BP47,2,not_redistributed_public_staging_speciesnet_overlap_only,WBGBIF2026_E0302,Tinamus tao,Aves,Ecuador,ECU,,,Tinamidae,Tinamiformes,Aves,medium,2.0,2.0,false,
speciesnet_v403b_geo_supported_overlap,Gemini 3.5 Flash BP47,2,not_redistributed_public_staging_speciesnet_overlap_only,WBGBIF2026_E0303,Tinamus tao,Aves,Ecuador,ECU,,,,,,low,0.0,0.0,false,
speciesnet_v403b_geo_supported_overlap,Gemini 3.5 Flash BP47,2,not_redistributed_public_staging_speciesnet_overlap_only,WBGBIF2026_E0304,Tremarctos ornatus,Mammalia,Ecuador,ECU,Tremarctos ornatus,Tremarctos,Ursidae,Carnivora,Mammalia,high,5.0,5.0,false,
speciesnet_v403b_geo_supported_overlap,Gemini 3.5 Flash BP47,2,not_redistributed_public_staging_speciesnet_overlap_only,WBGBIF2026_E0305,Tremarctos ornatus,Mammalia,Ecuador,ECU,,,,Pilosa,Mammalia,medium,0.5,-4.5,true,
speciesnet_v403b_geo_supported_overlap,Gemini 3.5 Flash BP47,2,not_redistributed_public_staging_speciesnet_overlap_only,WBGBIF2026_E0306,Tremarctos ornatus,Mammalia,Ecuador,ECU,Tremarctos ornatus,Tremarctos,Ursidae,Carnivora,Mammalia,high,5.0,5.0,false,
speciesnet_v403b_geo_supported_overlap,Gemini 3.5 Flash BP47,2,not_redistributed_public_staging_speciesnet_overlap_only,WBGBIF2026_E0307,Troglodytes troglodytes,Aves,Belgium,BEL,,,,,,low,0.0,0.0,false,
speciesnet_v403b_geo_supported_overlap,Gemini 3.5 Flash BP47,2,not_redistributed_public_staging_speciesnet_overlap_only,WBGBIF2026_E0308,Troglodytes troglodytes,Aves,Belgium,BEL,Troglodytes troglodytes,Troglodytes,Troglodytidae,Passeriformes,Aves,high,5.0,5.0,false,
speciesnet_v403b_geo_supported_overlap,Gemini 3.5 Flash BP47,2,not_redistributed_public_staging_speciesnet_overlap_only,WBGBIF2026_E0309,Troglodytes troglodytes,Aves,Belgium,BEL,,,,,,low,0.0,0.0,false,
speciesnet_v403b_geo_supported_overlap,Gemini 3.5 Flash BP47,2,not_redistributed_public_staging_speciesnet_overlap_only,WBGBIF2026_E0310,Turdus iliacus,Aves,Belgium,BEL,Turdus iliacus,Turdus,Turdidae,Passeriformes,Aves,high,5.0,5.0,false,
speciesnet_v403b_geo_supported_overlap,Gemini 3.5 Flash BP47,2,not_redistributed_public_staging_speciesnet_overlap_only,WBGBIF2026_E0311,Turdus iliacus,Aves,Belgium,BEL,Turdus iliacus,Turdus,Turdidae,Passeriformes,Aves,medium,5.0,5.0,false,
speciesnet_v403b_geo_supported_overlap,Gemini 3.5 Flash BP47,2,not_redistributed_public_staging_speciesnet_overlap_only,WBGBIF2026_E0312,Turdus iliacus,Aves,Belgium,BEL,,,,,,low,0.0,0.0,false,
speciesnet_v403b_geo_supported_overlap,Gemini 3.5 Flash BP47,2,not_redistributed_public_staging_speciesnet_overlap_only,WBGBIF2026_E0313,Turdus merula,Aves,Belgium,BEL,Turdus merula,Turdus,Turdidae,Passeriformes,Aves,high,5.0,5.0,false,
speciesnet_v403b_geo_supported_overlap,Gemini 3.5 Flash BP47,2,not_redistributed_public_staging_speciesnet_overlap_only,WBGBIF2026_E0314,Turdus merula,Aves,Belgium,BEL,Turdus merula,Turdus,Turdidae,Passeriformes,Aves,medium,5.0,5.0,false,
speciesnet_v403b_geo_supported_overlap,Gemini 3.5 Flash BP47,2,not_redistributed_public_staging_speciesnet_overlap_only,WBGBIF2026_E0315,Turdus merula,Aves,Belgium,BEL,,,,,,low,0.0,0.0,false,
speciesnet_v403b_geo_supported_overlap,Gemini 3.5 Flash BP47,2,not_redistributed_public_staging_speciesnet_overlap_only,WBGBIF2026_E0316,Turdus philomelos,Aves,Belgium,BEL,,,,,,low,0.0,0.0,false,
speciesnet_v403b_geo_supported_overlap,Gemini 3.5 Flash BP47,2,not_redistributed_public_staging_speciesnet_overlap_only,WBGBIF2026_E0317,Turdus philomelos,Aves,Belgium,BEL,,,,,,low,0.0,0.0,false,
speciesnet_v403b_geo_supported_overlap,Gemini 3.5 Flash BP47,2,not_redistributed_public_staging_speciesnet_overlap_only,WBGBIF2026_E0318,Turdus philomelos,Aves,Belgium,BEL,Turdus philomelos,Turdus,Turdidae,Passeriformes,Aves,high,5.0,5.0,false,
speciesnet_v403b_geo_supported_overlap,Gemini 3.5 Flash BP47,2,not_redistributed_public_staging_speciesnet_overlap_only,WBGBIF2026_E0319,Turdus pilaris,Aves,Germany,DEU,Tetrastes bonasia,Tetrastes,Phasianidae,Galliformes,Aves,medium,0.5,-4.5,true,species|genus
speciesnet_v403b_geo_supported_overlap,Gemini 3.5 Flash BP47,2,not_redistributed_public_staging_speciesnet_overlap_only,WBGBIF2026_E0320,Turdus pilaris,Aves,Germany,DEU,Turdus pilaris,Turdus,Turdidae,Passeriformes,Aves,medium,5.0,5.0,false,
speciesnet_v403b_geo_supported_overlap,Gemini 3.5 Flash BP47,2,not_redistributed_public_staging_speciesnet_overlap_only,WBGBIF2026_E0321,Turdus pilaris,Aves,Luxembourg,LUX,,,,,Aves,medium,0.5,0.5,false,
speciesnet_v403b_geo_supported_overlap,Gemini 3.5 Flash BP47,2,not_redistributed_public_staging_speciesnet_overlap_only,WBGBIF2026_E0325,Turdus viscivorus,Aves,Belgium,BEL,,,,Passeriformes,Aves,high,1.0,1.0,false,
speciesnet_v403b_geo_supported_overlap,Gemini 3.5 Flash BP47,2,not_redistributed_public_staging_speciesnet_overlap_only,WBGBIF2026_E0326,Turdus viscivorus,Aves,Belgium,BEL,Turdus philomelos,Turdus,Turdidae,Passeriformes,Aves,high,3.0,-2.0,true,
speciesnet_v403b_geo_supported_overlap,Gemini 3.5 Flash BP47,2,not_redistributed_public_staging_speciesnet_overlap_only,WBGBIF2026_E0327,Turdus viscivorus,Aves,Luxembourg,LUX,Turdus viscivorus,Turdus,Turdidae,Passeriformes,Aves,high,5.0,5.0,false,
speciesnet_v403b_geo_supported_overlap,Gemini 3.5 Flash BP47,2,not_redistributed_public_staging_speciesnet_overlap_only,WBGBIF2026_E0328,Vulpes vulpes,Mammalia,Belgium,BEL,,,,,,low,0.0,0.0,false,
speciesnet_v403b_geo_supported_overlap,Gemini 3.5 Flash BP47,2,not_redistributed_public_staging_speciesnet_overlap_only,WBGBIF2026_E0329,Vulpes vulpes,Mammalia,Belgium,BEL,Vulpes vulpes,Vulpes,Canidae,Carnivora,Mammalia,high,5.0,5.0,false,
speciesnet_v403b_geo_supported_overlap,Gemini 3.5 Flash BP47,2,not_redistributed_public_staging_speciesnet_overlap_only,WBGBIF2026_E0330,Vulpes vulpes,Mammalia,Luxembourg,LUX,Vulpes vulpes,Vulpes,Canidae,Carnivora,Mammalia,high,5.0,5.0,false,
speciesnet_v403b_geo_supported_overlap,Gemini 3.5 Flash BP47,3,not_redistributed_public_staging_speciesnet_overlap_only,WBGBIF2026_E0001,Accipiter nisus,Aves,Belgium,BEL,Accipiter nisus,Accipiter,Accipitridae,Accipitriformes,Aves,medium,5.0,5.0,false,
speciesnet_v403b_geo_supported_overlap,Gemini 3.5 Flash BP47,3,not_redistributed_public_staging_speciesnet_overlap_only,WBGBIF2026_E0002,Accipiter nisus,Aves,Luxembourg,LUX,Accipiter gentilis,Accipiter,Accipitridae,Accipitriformes,Aves,high,3.0,-2.0,true,species
speciesnet_v403b_geo_supported_overlap,Gemini 3.5 Flash BP47,3,not_redistributed_public_staging_speciesnet_overlap_only,WBGBIF2026_E0003,Accipiter nisus,Aves,Luxembourg,LUX,Accipiter nisus,Accipiter,Accipitridae,Accipitriformes,Aves,medium,5.0,5.0,false,
speciesnet_v403b_geo_supported_overlap,Gemini 3.5 Flash BP47,3,not_redistributed_public_staging_speciesnet_overlap_only,WBGBIF2026_E0007,Alopochen aegyptiaca,Aves,Belgium,BEL,Alopochen aegyptiaca,Alopochen,Anatidae,Anseriformes,Aves,high,5.0,5.0,false,
speciesnet_v403b_geo_supported_overlap,Gemini 3.5 Flash BP47,3,not_redistributed_public_staging_speciesnet_overlap_only,WBGBIF2026_E0008,Alopochen aegyptiaca,Aves,Belgium,BEL,Alopochen aegyptiaca,Alopochen,Anatidae,Anseriformes,Aves,high,5.0,5.0,false,
speciesnet_v403b_geo_supported_overlap,Gemini 3.5 Flash BP47,3,not_redistributed_public_staging_speciesnet_overlap_only,WBGBIF2026_E0009,Alopochen aegyptiaca,Aves,Belgium,BEL,,,,,,low,0.0,0.0,false,
speciesnet_v403b_geo_supported_overlap,Gemini 3.5 Flash BP47,3,not_redistributed_public_staging_speciesnet_overlap_only,WBGBIF2026_E0010,Anas platyrhynchos,Aves,Belgium,BEL,,,,,,high,0.0,0.0,false,
speciesnet_v403b_geo_supported_overlap,Gemini 3.5 Flash BP47,3,not_redistributed_public_staging_speciesnet_overlap_only,WBGBIF2026_E0011,Anas platyrhynchos,Aves,Belgium,BEL,Anas platyrhynchos,Anas,Anatidae,Anseriformes,Aves,medium,5.0,5.0,false,
speciesnet_v403b_geo_supported_overlap,Gemini 3.5 Flash BP47,3,not_redistributed_public_staging_speciesnet_overlap_only,WBGBIF2026_E0012,Anas platyrhynchos,Aves,Belgium,BEL,Anas platyrhynchos,Anas,Anatidae,Anseriformes,Aves,high,5.0,5.0,false,
speciesnet_v403b_geo_supported_overlap,Gemini 3.5 Flash BP47,3,not_redistributed_public_staging_speciesnet_overlap_only,WBGBIF2026_E0013,Apodemus sylvaticus,Mammalia,Belgium,BEL,,Apodemus,Muridae,Rodentia,Mammalia,high,3.0,3.0,false,
speciesnet_v403b_geo_supported_overlap,Gemini 3.5 Flash BP47,3,not_redistributed_public_staging_speciesnet_overlap_only,WBGBIF2026_E0014,Apodemus sylvaticus,Mammalia,Belgium,BEL,,Apodemus,Muridae,Rodentia,Mammalia,high,3.0,3.0,false,
speciesnet_v403b_geo_supported_overlap,Gemini 3.5 Flash BP47,3,not_redistributed_public_staging_speciesnet_overlap_only,WBGBIF2026_E0015,Apodemus sylvaticus,Mammalia,Belgium,BEL,,,Muridae,Rodentia,Mammalia,medium,2.0,2.0,false,
speciesnet_v403b_geo_supported_overlap,Gemini 3.5 Flash BP47,3,not_redistributed_public_staging_speciesnet_overlap_only,WBGBIF2026_E0016,Ardea cinerea,Aves,Belgium,BEL,Ardea cinerea,Ardea,Ardeidae,Pelecaniformes,Aves,high,5.0,5.0,false,
speciesnet_v403b_geo_supported_overlap,Gemini 3.5 Flash BP47,3,not_redistributed_public_staging_speciesnet_overlap_only,WBGBIF2026_E0017,Ardea cinerea,Aves,Belgium,BEL,Ardea cinerea,Ardea,Ardeidae,Pelecaniformes,Aves,medium,5.0,5.0,false,
speciesnet_v403b_geo_supported_overlap,Gemini 3.5 Flash BP47,3,not_redistributed_public_staging_speciesnet_overlap_only,WBGBIF2026_E0018,Ardea cinerea,Aves,Belgium,BEL,Ardea cinerea,Ardea,Ardeidae,Pelecaniformes,Aves,high,5.0,5.0,false,
speciesnet_v403b_geo_supported_overlap,Gemini 3.5 Flash BP47,3,not_redistributed_public_staging_speciesnet_overlap_only,WBGBIF2026_E0019,Atelocynus microtis,Mammalia,Ecuador,ECU,Atelocynus microtis,Atelocynus,Canidae,Carnivora,Mammalia,high,5.0,5.0,false,
speciesnet_v403b_geo_supported_overlap,Gemini 3.5 Flash BP47,3,not_redistributed_public_staging_speciesnet_overlap_only,WBGBIF2026_E0020,Atelocynus microtis,Mammalia,Ecuador,ECU,Atelocynus microtis,Atelocynus,Canidae,Carnivora,Mammalia,high,5.0,5.0,false,
speciesnet_v403b_geo_supported_overlap,Gemini 3.5 Flash BP47,3,not_redistributed_public_staging_speciesnet_overlap_only,WBGBIF2026_E0021,Atelocynus microtis,Mammalia,Ecuador,ECU,,,,Carnivora,Mammalia,medium,1.0,1.0,false,
speciesnet_v403b_geo_supported_overlap,Gemini 3.5 Flash BP47,3,not_redistributed_public_staging_speciesnet_overlap_only,WBGBIF2026_E0022,Bos taurus,Mammalia,Belgium,BEL,Bos taurus,Bos,Bovidae,Artiodactyla,Mammalia,high,5.0,5.0,false,
speciesnet_v403b_geo_supported_overlap,Gemini 3.5 Flash BP47,3,not_redistributed_public_staging_speciesnet_overlap_only,WBGBIF2026_E0023,Bos taurus,Mammalia,Ecuador,ECU,Bos taurus,Bos,Bovidae,Artiodactyla,Mammalia,high,5.0,5.0,false,
speciesnet_v403b_geo_supported_overlap,Gemini 3.5 Flash BP47,3,not_redistributed_public_staging_speciesnet_overlap_only,WBGBIF2026_E0024,Bos taurus,Mammalia,Ecuador,ECU,,Tapirus,Tapiridae,Perissodactyla,Mammalia,medium,0.5,-4.5,true,
speciesnet_v403b_geo_supported_overlap,Gemini 3.5 Flash BP47,3,not_redistributed_public_staging_speciesnet_overlap_only,WBGBIF2026_E0028,Buteo buteo,Aves,Belgium,BEL,Accipiter nisus,Accipiter,Accipitridae,Accipitriformes,Aves,medium,2.0,-3.0,true,
speciesnet_v403b_geo_supported_overlap,Gemini 3.5 Flash BP47,3,not_redistributed_public_staging_speciesnet_overlap_only,WBGBIF2026_E0029,Buteo buteo,Aves,Luxembourg,LUX,Buteo buteo,Buteo,Accipitridae,Accipitriformes,Aves,high,5.0,5.0,false,
speciesnet_v403b_geo_supported_overlap,Gemini 3.5 Flash BP47,3,not_redistributed_public_staging_speciesnet_overlap_only,WBGBIF2026_E0030,Buteo buteo,Aves,Belgium,BEL,Buteo buteo,Buteo,Accipitridae,Accipitriformes,Aves,high,5.0,5.0,false,
speciesnet_v403b_geo_supported_overlap,Gemini 3.5 Flash BP47,3,not_redistributed_public_staging_speciesnet_overlap_only,WBGBIF2026_E0034,Capreolus capreolus,Mammalia,Luxembourg,LUX,,,Cervidae,Artiodactyla,Mammalia,medium,2.0,2.0,false,
speciesnet_v403b_geo_supported_overlap,Gemini 3.5 Flash BP47,3,not_redistributed_public_staging_speciesnet_overlap_only,WBGBIF2026_E0035,Capreolus capreolus,Mammalia,Luxembourg,LUX,Capreolus capreolus,Capreolus,Cervidae,Artiodactyla,Mammalia,high,5.0,5.0,false,
speciesnet_v403b_geo_supported_overlap,Gemini 3.5 Flash BP47,3,not_redistributed_public_staging_speciesnet_overlap_only,WBGBIF2026_E0036,Capreolus capreolus,Mammalia,Luxembourg,LUX,Capreolus capreolus,Capreolus,Cervidae,Artiodactyla,Mammalia,high,5.0,5.0,false,
speciesnet_v403b_geo_supported_overlap,Gemini 3.5 Flash BP47,3,not_redistributed_public_staging_speciesnet_overlap_only,WBGBIF2026_E0037,Castor fiber,Mammalia,Belgium,BEL,,,,,Mammalia,high,0.5,0.5,false,
speciesnet_v403b_geo_supported_overlap,Gemini 3.5 Flash BP47,3,not_redistributed_public_staging_speciesnet_overlap_only,WBGBIF2026_E0038,Castor fiber,Mammalia,Belgium,BEL,Meles meles,Meles,Mustelidae,Carnivora,Mammalia,medium,0.5,-4.5,true,
speciesnet_v403b_geo_supported_overlap,Gemini 3.5 Flash BP47,3,not_redistributed_public_staging_speciesnet_overlap_only,WBGBIF2026_E0039,Castor fiber,Mammalia,Belgium,BEL,Castor fiber,Castor,Castoridae,Rodentia,Mammalia,high,5.0,5.0,false,
speciesnet_v403b_geo_supported_overlap,Gemini 3.5 Flash BP47,3,not_redistributed_public_staging_speciesnet_overlap_only,WBGBIF2026_E0040,Cervus elaphus,Mammalia,Luxembourg,LUX,Capreolus capreolus,Capreolus,Cervidae,Artiodactyla,Mammalia,medium,2.0,-3.0,true,
speciesnet_v403b_geo_supported_overlap,Gemini 3.5 Flash BP47,3,not_redistributed_public_staging_speciesnet_overlap_only,WBGBIF2026_E0041,Cervus elaphus,Mammalia,Luxembourg,LUX,Cervus elaphus,Cervus,Cervidae,Artiodactyla,Mammalia,high,5.0,5.0,false,
speciesnet_v403b_geo_supported_overlap,Gemini 3.5 Flash BP47,3,not_redistributed_public_staging_speciesnet_overlap_only,WBGBIF2026_E0042,Cervus elaphus,Mammalia,Luxembourg,LUX,,,Cervidae,Artiodactyla,Mammalia,high,2.0,2.0,false,
speciesnet_v403b_geo_supported_overlap,Gemini 3.5 Flash BP47,3,not_redistributed_public_staging_speciesnet_overlap_only,WBGBIF2026_E0055,Columba palumbus,Aves,Belgium,BEL,Columba palumbus,Columba,Columbidae,Columbiformes,Aves,high,5.0,5.0,false,
speciesnet_v403b_geo_supported_overlap,Gemini 3.5 Flash BP47,3,not_redistributed_public_staging_speciesnet_overlap_only,WBGBIF2026_E0056,Columba palumbus,Aves,Belgium,BEL,,,,,,high,0.0,0.0,false,
speciesnet_v403b_geo_supported_overlap,Gemini 3.5 Flash BP47,3,not_redistributed_public_staging_speciesnet_overlap_only,WBGBIF2026_E0057,Columba palumbus,Aves,Belgium,BEL,Columba palumbus,Columba,Columbidae,Columbiformes,Aves,medium,5.0,5.0,false,
speciesnet_v403b_geo_supported_overlap,Gemini 3.5 Flash BP47,3,not_redistributed_public_staging_speciesnet_overlap_only,WBGBIF2026_E0058,Corvus corone,Aves,Belgium,BEL,,Corvus,Corvidae,Passeriformes,Aves,high,3.0,3.0,false,
speciesnet_v403b_geo_supported_overlap,Gemini 3.5 Flash BP47,3,not_redistributed_public_staging_speciesnet_overlap_only,WBGBIF2026_E0059,Corvus corone,Aves,Luxembourg,LUX,,,,,,low,0.0,0.0,false,
speciesnet_v403b_geo_supported_overlap,Gemini 3.5 Flash BP47,3,not_redistributed_public_staging_speciesnet_overlap_only,WBGBIF2026_E0060,Corvus corone,Aves,Belgium,BEL,,Corvus,Corvidae,Passeriformes,Aves,medium,3.0,3.0,false,
speciesnet_v403b_geo_supported_overlap,Gemini 3.5 Flash BP47,3,not_redistributed_public_staging_speciesnet_overlap_only,WBGBIF2026_E0061,Corvus frugilegus,Aves,Luxembourg,LUX,,Corvus,Corvidae,Passeriformes,Aves,medium,3.0,3.0,false,
speciesnet_v403b_geo_supported_overlap,Gemini 3.5 Flash BP47,3,not_redistributed_public_staging_speciesnet_overlap_only,WBGBIF2026_E0062,Corvus frugilegus,Aves,Luxembourg,LUX,,Corvus,Corvidae,Passeriformes,Aves,high,3.0,3.0,false,
speciesnet_v403b_geo_supported_overlap,Gemini 3.5 Flash BP47,3,not_redistributed_public_staging_speciesnet_overlap_only,WBGBIF2026_E0063,Corvus frugilegus,Aves,Luxembourg,LUX,Corvus corone,Corvus,Corvidae,Passeriformes,Aves,medium,3.0,-2.0,true,
speciesnet_v403b_geo_supported_overlap,Gemini 3.5 Flash BP47,3,not_redistributed_public_staging_speciesnet_overlap_only,WBGBIF2026_E0064,Cuniculus paca,Mammalia,Ecuador,ECU,,Cuniculus,Cuniculidae,Rodentia,Mammalia,high,3.0,3.0,false,
speciesnet_v403b_geo_supported_overlap,Gemini 3.5 Flash BP47,3,not_redistributed_public_staging_speciesnet_overlap_only,WBGBIF2026_E0065,Cuniculus paca,Mammalia,Ecuador,ECU,,Cuniculus,Cuniculidae,Rodentia,Mammalia,medium,3.0,3.0,false,
speciesnet_v403b_geo_supported_overlap,Gemini 3.5 Flash BP47,3,not_redistributed_public_staging_speciesnet_overlap_only,WBGBIF2026_E0066,Cuniculus paca,Mammalia,Ecuador,ECU,,Cuniculus,Cuniculidae,Rodentia,Mammalia,high,3.0,3.0,false,
speciesnet_v403b_geo_supported_overlap,Gemini 3.5 Flash BP47,3,not_redistributed_public_staging_speciesnet_overlap_only,WBGBIF2026_E0070,Dama dama,Mammalia,Belgium,BEL,Dama dama,Dama,Cervidae,Artiodactyla,Mammalia,high,5.0,5.0,false,
speciesnet_v403b_geo_supported_overlap,Gemini 3.5 Flash BP47,3,not_redistributed_public_staging_speciesnet_overlap_only,WBGBIF2026_E0071,Dama dama,Mammalia,Belgium,BEL,,,,,,low,0.0,0.0,false,
speciesnet_v403b_geo_supported_overlap,Gemini 3.5 Flash BP47,3,not_redistributed_public_staging_speciesnet_overlap_only,WBGBIF2026_E0072,Dama dama,Mammalia,Belgium,BEL,,,Cervidae,Artiodactyla,Mammalia,medium,2.0,2.0,false,
speciesnet_v403b_geo_supported_overlap,Gemini 3.5 Flash BP47,3,not_redistributed_public_staging_speciesnet_overlap_only,WBGBIF2026_E0073,Dasyprocta fuliginosa,Mammalia,Ecuador,ECU,Dasyprocta fuliginosa,Dasyprocta,Dasyproctidae,Rodentia,Mammalia,medium,5.0,5.0,false,
speciesnet_v403b_geo_supported_overlap,Gemini 3.5 Flash BP47,3,not_redistributed_public_staging_speciesnet_overlap_only,WBGBIF2026_E0074,Dasyprocta fuliginosa,Mammalia,Ecuador,ECU,,,,,Mammalia,medium,0.5,0.5,false,
speciesnet_v403b_geo_supported_overlap,Gemini 3.5 Flash BP47,3,not_redistributed_public_staging_speciesnet_overlap_only,WBGBIF2026_E0075,Dasyprocta fuliginosa,Mammalia,Ecuador,ECU,Dasyprocta fuliginosa,Dasyprocta,Dasyproctidae,Rodentia,Mammalia,medium,5.0,5.0,false,
speciesnet_v403b_geo_supported_overlap,Gemini 3.5 Flash BP47,3,not_redistributed_public_staging_speciesnet_overlap_only,WBGBIF2026_E0076,Dasyprocta punctata,Mammalia,Ecuador,ECU,,Dasyprocta,Dasyproctidae,Rodentia,Mammalia,high,3.0,3.0,false,
speciesnet_v403b_geo_supported_overlap,Gemini 3.5 Flash BP47,3,not_redistributed_public_staging_speciesnet_overlap_only,WBGBIF2026_E0077,Dasyprocta punctata,Mammalia,Ecuador,ECU,,Dasypus,Dasypodidae,Cingulata,Mammalia,medium,0.5,-4.5,true,
speciesnet_v403b_geo_supported_overlap,Gemini 3.5 Flash BP47,3,not_redistributed_public_staging_speciesnet_overlap_only,WBGBIF2026_E0078,Dasyprocta punctata,Mammalia,Ecuador,ECU,,,,Rodentia,Mammalia,medium,1.0,1.0,false,
speciesnet_v403b_geo_supported_overlap,Gemini 3.5 Flash BP47,3,not_redistributed_public_staging_speciesnet_overlap_only,WBGBIF2026_E0079,Dasypus novemcinctus,Mammalia,Ecuador,ECU,,Nasua,Procyonidae,Carnivora,Mammalia,medium,0.5,-4.5,true,
speciesnet_v403b_geo_supported_overlap,Gemini 3.5 Flash BP47,3,not_redistributed_public_staging_speciesnet_overlap_only,WBGBIF2026_E0080,Dasypus novemcinctus,Mammalia,Ecuador,ECU,,Dasypus,Dasypodidae,Cingulata,Mammalia,high,3.0,3.0,false,
speciesnet_v403b_geo_supported_overlap,Gemini 3.5 Flash BP47,3,not_redistributed_public_staging_speciesnet_overlap_only,WBGBIF2026_E0081,Dasypus novemcinctus,Mammalia,Ecuador,ECU,Dasypus novemcinctus,Dasypus,Dasypodidae,Cingulata,Mammalia,medium,5.0,5.0,false,
speciesnet_v403b_geo_supported_overlap,Gemini 3.5 Flash BP47,3,not_redistributed_public_staging_speciesnet_overlap_only,WBGBIF2026_E0082,Dendrocopos major,Aves,Belgium,BEL,Dendrocopos major,Dendrocopos,Picidae,Piciformes,Aves,high,5.0,5.0,false,
speciesnet_v403b_geo_supported_overlap,Gemini 3.5 Flash BP47,3,not_redistributed_public_staging_speciesnet_overlap_only,WBGBIF2026_E0083,Dendrocopos major,Aves,Belgium,BEL,Dendrocopos major,Dendrocopos,Picidae,Piciformes,Aves,medium,5.0,5.0,false,
speciesnet_v403b_geo_supported_overlap,Gemini 3.5 Flash BP47,3,not_redistributed_public_staging_speciesnet_overlap_only,WBGBIF2026_E0084,Dendrocopos major,Aves,Belgium,BEL,Dendrocopos major,Dendrocopos,Picidae,Piciformes,Aves,high,5.0,5.0,false,
speciesnet_v403b_geo_supported_overlap,Gemini 3.5 Flash BP47,3,not_redistributed_public_staging_speciesnet_overlap_only,WBGBIF2026_E0088,Didelphis marsupialis,Mammalia,Ecuador,ECU,,Didelphis,Didelphidae,Didelphimorphia,Mammalia,high,3.0,3.0,false,
speciesnet_v403b_geo_supported_overlap,Gemini 3.5 Flash BP47,3,not_redistributed_public_staging_speciesnet_overlap_only,WBGBIF2026_E0089,Didelphis marsupialis,Mammalia,Ecuador,ECU,,,,,,low,0.0,0.0,false,
speciesnet_v403b_geo_supported_overlap,Gemini 3.5 Flash BP47,3,not_redistributed_public_staging_speciesnet_overlap_only,WBGBIF2026_E0090,Didelphis marsupialis,Mammalia,Ecuador,ECU,Didelphis marsupialis,Didelphis,Didelphidae,Didelphimorphia,Mammalia,high,5.0,5.0,false,
speciesnet_v403b_geo_supported_overlap,Gemini 3.5 Flash BP47,3,not_redistributed_public_staging_speciesnet_overlap_only,WBGBIF2026_E0091,Dryocopus martius,Aves,Belgium,BEL,Dryocopus martius,Dryocopus,Picidae,Piciformes,Aves,high,5.0,5.0,false,
speciesnet_v403b_geo_supported_overlap,Gemini 3.5 Flash BP47,3,not_redistributed_public_staging_speciesnet_overlap_only,WBGBIF2026_E0092,Dryocopus martius,Aves,Belgium,BEL,Dryocopus martius,Dryocopus,Picidae,Piciformes,Aves,high,5.0,5.0,false,
speciesnet_v403b_geo_supported_overlap,Gemini 3.5 Flash BP47,3,not_redistributed_public_staging_speciesnet_overlap_only,WBGBIF2026_E0093,Dryocopus martius,Aves,Luxembourg,LUX,Dryocopus martius,Dryocopus,Picidae,Piciformes,Aves,high,5.0,5.0,false,
speciesnet_v403b_geo_supported_overlap,Gemini 3.5 Flash BP47,3,not_redistributed_public_staging_speciesnet_overlap_only,WBGBIF2026_E0094,Eira barbara,Mammalia,Ecuador,ECU,Eira barbara,Eira,Mustelidae,Carnivora,Mammalia,high,5.0,5.0,false,
speciesnet_v403b_geo_supported_overlap,Gemini 3.5 Flash BP47,3,not_redistributed_public_staging_speciesnet_overlap_only,WBGBIF2026_E0095,Eira barbara,Mammalia,Ecuador,ECU,Eira barbara,Eira,Mustelidae,Carnivora,Mammalia,high,5.0,5.0,false,
speciesnet_v403b_geo_supported_overlap,Gemini 3.5 Flash BP47,3,not_redistributed_public_staging_speciesnet_overlap_only,WBGBIF2026_E0096,Eira barbara,Mammalia,Ecuador,ECU,Eira barbara,Eira,Mustelidae,Carnivora,Mammalia,high,5.0,5.0,false,
speciesnet_v403b_geo_supported_overlap,Gemini 3.5 Flash BP47,3,not_redistributed_public_staging_speciesnet_overlap_only,WBGBIF2026_E0103,Erinaceus europaeus,Mammalia,Belgium,BEL,,,,,,low,0.0,0.0,false,
speciesnet_v403b_geo_supported_overlap,Gemini 3.5 Flash BP47,3,not_redistributed_public_staging_speciesnet_overlap_only,WBGBIF2026_E0104,Erinaceus europaeus,Mammalia,Belgium,BEL,Erinaceus europaeus,Erinaceus,Erinaceidae,Eulipotyphla,Mammalia,high,5.0,0.0,true,order
speciesnet_v403b_geo_supported_overlap,Gemini 3.5 Flash BP47,3,not_redistributed_public_staging_speciesnet_overlap_only,WBGBIF2026_E0105,Erinaceus europaeus,Mammalia,Belgium,BEL,,,,,,low,0.0,0.0,false,
speciesnet_v403b_geo_supported_overlap,Gemini 3.5 Flash BP47,3,not_redistributed_public_staging_speciesnet_overlap_only,WBGBIF2026_E0106,Erithacus rubecula,Aves,Germany,DEU,Erithacus rubecula,Erithacus,Muscicapidae,Passeriformes,Aves,high,5.0,5.0,false,
speciesnet_v403b_geo_supported_overlap,Gemini 3.5 Flash BP47,3,not_redistributed_public_staging_speciesnet_overlap_only,WBGBIF2026_E0107,Erithacus rubecula,Aves,Belgium,BEL,Erithacus rubecula,Erithacus,Muscicapidae,Passeriformes,Aves,high,5.0,5.0,false,
speciesnet_v403b_geo_supported_overlap,Gemini 3.5 Flash BP47,3,not_redistributed_public_staging_speciesnet_overlap_only,WBGBIF2026_E0108,Erithacus rubecula,Aves,Belgium,BEL,,,,,,low,0.0,0.0,false,
speciesnet_v403b_geo_supported_overlap,Gemini 3.5 Flash BP47,3,not_redistributed_public_staging_speciesnet_overlap_only,WBGBIF2026_E0109,Falco tinnunculus,Aves,Luxembourg,LUX,Falco tinnunculus,Falco,Falconidae,Falconiformes,Aves,high,5.0,5.0,false,
speciesnet_v403b_geo_supported_overlap,Gemini 3.5 Flash BP47,3,not_redistributed_public_staging_speciesnet_overlap_only,WBGBIF2026_E0110,Falco tinnunculus,Aves,Luxembourg,LUX,,,,,Aves,high,0.5,0.5,false,
speciesnet_v403b_geo_supported_overlap,Gemini 3.5 Flash BP47,3,not_redistributed_public_staging_speciesnet_overlap_only,WBGBIF2026_E0111,Falco tinnunculus,Aves,Luxembourg,LUX,Falco tinnunculus,Falco,Falconidae,Falconiformes,Aves,high,5.0,5.0,false,
speciesnet_v403b_geo_supported_overlap,Gemini 3.5 Flash BP47,3,not_redistributed_public_staging_speciesnet_overlap_only,WBGBIF2026_E0112,Felis catus,Mammalia,Belgium,BEL,,Felis,Felidae,Carnivora,Mammalia,high,3.0,3.0,false,
speciesnet_v403b_geo_supported_overlap,Gemini 3.5 Flash BP47,3,not_redistributed_public_staging_speciesnet_overlap_only,WBGBIF2026_E0113,Felis catus,Mammalia,Belgium,BEL,,Felis,Felidae,Carnivora,Mammalia,high,3.0,3.0,false,
speciesnet_v403b_geo_supported_overlap,Gemini 3.5 Flash BP47,3,not_redistributed_public_staging_speciesnet_overlap_only,WBGBIF2026_E0114,Felis catus,Mammalia,Belgium,BEL,,Felis,Felidae,Carnivora,Mammalia,high,3.0,3.0,false,
speciesnet_v403b_geo_supported_overlap,Gemini 3.5 Flash BP47,3,not_redistributed_public_staging_speciesnet_overlap_only,WBGBIF2026_E0115,Felis silvestris,Mammalia,Luxembourg,LUX,Meles meles,Meles,Mustelidae,Carnivora,Mammalia,medium,1.0,-4.0,true,
speciesnet_v403b_geo_supported_overlap,Gemini 3.5 Flash BP47,3,not_redistributed_public_staging_speciesnet_overlap_only,WBGBIF2026_E0116,Felis silvestris,Mammalia,Luxembourg,LUX,Felis silvestris,Felis,Felidae,Carnivora,Mammalia,medium,5.0,5.0,false,
speciesnet_v403b_geo_supported_overlap,Gemini 3.5 Flash BP47,3,not_redistributed_public_staging_speciesnet_overlap_only,WBGBIF2026_E0117,Felis silvestris,Mammalia,Luxembourg,LUX,Felis silvestris,Felis,Felidae,Carnivora,Mammalia,high,5.0,5.0,false,
speciesnet_v403b_geo_supported_overlap,Gemini 3.5 Flash BP47,3,not_redistributed_public_staging_speciesnet_overlap_only,WBGBIF2026_E0118,Fringilla coelebs,Aves,Germany,DEU,Fringilla coelebs,Fringilla,Fringillidae,Passeriformes,Aves,high,5.0,5.0,false,
speciesnet_v403b_geo_supported_overlap,Gemini 3.5 Flash BP47,3,not_redistributed_public_staging_speciesnet_overlap_only,WBGBIF2026_E0119,Fringilla coelebs,Aves,Luxembourg,LUX,,,,,,low,0.0,0.0,false,
speciesnet_v403b_geo_supported_overlap,Gemini 3.5 Flash BP47,3,not_redistributed_public_staging_speciesnet_overlap_only,WBGBIF2026_E0120,Fringilla coelebs,Aves,Luxembourg,LUX,Fringilla coelebs,Fringilla,Fringillidae,Passeriformes,Aves,medium,5.0,5.0,false,
speciesnet_v403b_geo_supported_overlap,Gemini 3.5 Flash BP47,3,not_redistributed_public_staging_speciesnet_overlap_only,WBGBIF2026_E0127,Gallinula chloropus,Aves,Luxembourg,LUX,Gallinula chloropus,Gallinula,Rallidae,Gruiformes,Aves,high,5.0,5.0,false,
speciesnet_v403b_geo_supported_overlap,Gemini 3.5 Flash BP47,3,not_redistributed_public_staging_speciesnet_overlap_only,WBGBIF2026_E0128,Gallinula chloropus,Aves,Luxembourg,LUX,Castor fiber,Castor,Castoridae,Rodentia,Mammalia,medium,0.0,-5.0,true,
speciesnet_v403b_geo_supported_overlap,Gemini 3.5 Flash BP47,3,not_redistributed_public_staging_speciesnet_overlap_only,WBGBIF2026_E0129,Gallinula chloropus,Aves,Luxembourg,LUX,Gallinula chloropus,Gallinula,Rallidae,Gruiformes,Aves,high,5.0,5.0,false,
speciesnet_v403b_geo_supported_overlap,Gemini 3.5 Flash BP47,3,not_redistributed_public_staging_speciesnet_overlap_only,WBGBIF2026_E0130,Garrulus glandarius,Aves,Luxembourg,LUX,Garrulus glandarius,Garrulus,Corvidae,Passeriformes,Aves,high,5.0,5.0,false,
speciesnet_v403b_geo_supported_overlap,Gemini 3.5 Flash BP47,3,not_redistributed_public_staging_speciesnet_overlap_only,WBGBIF2026_E0131,Garrulus glandarius,Aves,Luxembourg,LUX,Garrulus glandarius,Garrulus,Corvidae,Passeriformes,Aves,high,5.0,5.0,false,
speciesnet_v403b_geo_supported_overlap,Gemini 3.5 Flash BP47,3,not_redistributed_public_staging_speciesnet_overlap_only,WBGBIF2026_E0132,Garrulus glandarius,Aves,Belgium,BEL,,,,,,low,0.0,0.0,false,
speciesnet_v403b_geo_supported_overlap,Gemini 3.5 Flash BP47,3,not_redistributed_public_staging_speciesnet_overlap_only,WBGBIF2026_E0136,Leopardus pardalis,Mammalia,Ecuador,ECU,Leopardus wiedii,Leopardus,Felidae,Carnivora,Mammalia,high,3.0,-2.0,true,
speciesnet_v403b_geo_supported_overlap,Gemini 3.5 Flash BP47,3,not_redistributed_public_staging_speciesnet_overlap_only,WBGBIF2026_E0137,Leopardus pardalis,Mammalia,Ecuador,ECU,Leopardus pardalis,Leopardus,Felidae,Carnivora,Mammalia,high,5.0,5.0,false,
speciesnet_v403b_geo_supported_overlap,Gemini 3.5 Flash BP47,3,not_redistributed_public_staging_speciesnet_overlap_only,WBGBIF2026_E0138,Leopardus pardalis,Mammalia,Ecuador,ECU,,Leopardus,Felidae,Carnivora,Mammalia,high,3.0,3.0,false,
speciesnet_v403b_geo_supported_overlap,Gemini 3.5 Flash BP47,3,not_redistributed_public_staging_speciesnet_overlap_only,WBGBIF2026_E0139,Leopardus wiedii,Mammalia,Ecuador,ECU,Leopardus wiedii,Leopardus,Felidae,Carnivora,Mammalia,medium,5.0,5.0,false,
speciesnet_v403b_geo_supported_overlap,Gemini 3.5 Flash BP47,3,not_redistributed_public_staging_speciesnet_overlap_only,WBGBIF2026_E0140,Leopardus wiedii,Mammalia,Ecuador,ECU,Leopardus pardalis,Leopardus,Felidae,Carnivora,Mammalia,high,3.0,-2.0,true,
speciesnet_v403b_geo_supported_overlap,Gemini 3.5 Flash BP47,3,not_redistributed_public_staging_speciesnet_overlap_only,WBGBIF2026_E0141,Leopardus wiedii,Mammalia,Ecuador,ECU,,Leopardus,Felidae,Carnivora,Mammalia,high,3.0,3.0,false,
speciesnet_v403b_geo_supported_overlap,Gemini 3.5 Flash BP47,3,not_redistributed_public_staging_speciesnet_overlap_only,WBGBIF2026_E0142,Lepus europaeus,Mammalia,Belgium,BEL,,,,,Mammalia,low,0.5,0.5,false,
speciesnet_v403b_geo_supported_overlap,Gemini 3.5 Flash BP47,3,not_redistributed_public_staging_speciesnet_overlap_only,WBGBIF2026_E0143,Lepus europaeus,Mammalia,Luxembourg,LUX,Lepus europaeus,Lepus,Leporidae,Lagomorpha,Mammalia,high,5.0,5.0,false,
speciesnet_v403b_geo_supported_overlap,Gemini 3.5 Flash BP47,3,not_redistributed_public_staging_speciesnet_overlap_only,WBGBIF2026_E0144,Lepus europaeus,Mammalia,Belgium,BEL,,Felis,Felidae,Carnivora,Mammalia,medium,0.5,-4.5,true,
speciesnet_v403b_geo_supported_overlap,Gemini 3.5 Flash BP47,3,not_redistributed_public_staging_speciesnet_overlap_only,WBGBIF2026_E0151,Martes foina,Mammalia,Luxembourg,LUX,Martes foina,Martes,Mustelidae,Carnivora,Mammalia,medium,5.0,5.0,false,
speciesnet_v403b_geo_supported_overlap,Gemini 3.5 Flash BP47,3,not_redistributed_public_staging_speciesnet_overlap_only,WBGBIF2026_E0152,Martes foina,Mammalia,Belgium,BEL,,Martes,Mustelidae,Carnivora,Mammalia,high,3.0,3.0,false,
speciesnet_v403b_geo_supported_overlap,Gemini 3.5 Flash BP47,3,not_redistributed_public_staging_speciesnet_overlap_only,WBGBIF2026_E0153,Martes foina,Mammalia,Belgium,BEL,,Martes,Mustelidae,Carnivora,Mammalia,medium,3.0,3.0,false,
speciesnet_v403b_geo_supported_overlap,Gemini 3.5 Flash BP47,3,not_redistributed_public_staging_speciesnet_overlap_only,WBGBIF2026_E0154,Martes martes,Mammalia,Luxembourg,LUX,,Martes,Mustelidae,Carnivora,Mammalia,high,3.0,3.0,false,
speciesnet_v403b_geo_supported_overlap,Gemini 3.5 Flash BP47,3,not_redistributed_public_staging_speciesnet_overlap_only,WBGBIF2026_E0155,Martes martes,Mammalia,Luxembourg,LUX,Martes martes,Martes,Mustelidae,Carnivora,Mammalia,high,5.0,5.0,false,
speciesnet_v403b_geo_supported_overlap,Gemini 3.5 Flash BP47,3,not_redistributed_public_staging_speciesnet_overlap_only,WBGBIF2026_E0156,Martes martes,Mammalia,Luxembourg,LUX,Vulpes vulpes,Vulpes,Canidae,Carnivora,Mammalia,medium,1.0,-4.0,true,
speciesnet_v403b_geo_supported_overlap,Gemini 3.5 Flash BP47,3,not_redistributed_public_staging_speciesnet_overlap_only,WBGBIF2026_E0157,Mazama americana,Mammalia,Ecuador,ECU,,Mazama,Cervidae,Artiodactyla,Mammalia,high,3.0,3.0,false,
speciesnet_v403b_geo_supported_overlap,Gemini 3.5 Flash BP47,3,not_redistributed_public_staging_speciesnet_overlap_only,WBGBIF2026_E0158,Mazama americana,Mammalia,Ecuador,ECU,,Mazama,Cervidae,Artiodactyla,Mammalia,medium,3.0,3.0,false,
speciesnet_v403b_geo_supported_overlap,Gemini 3.5 Flash BP47,3,not_redistributed_public_staging_speciesnet_overlap_only,WBGBIF2026_E0159,Mazama americana,Mammalia,Ecuador,ECU,,Mazama,Cervidae,Artiodactyla,Mammalia,medium,3.0,3.0,false,
speciesnet_v403b_geo_supported_overlap,Gemini 3.5 Flash BP47,3,not_redistributed_public_staging_speciesnet_overlap_only,WBGBIF2026_E0160,Mazama gouazoubira,Mammalia,Ecuador,ECU,,Mazama,Cervidae,Artiodactyla,Mammalia,medium,3.0,3.0,false,
speciesnet_v403b_geo_supported_overlap,Gemini 3.5 Flash BP47,3,not_redistributed_public_staging_speciesnet_overlap_only,WBGBIF2026_E0161,Mazama gouazoubira,Mammalia,Ecuador,ECU,,Mazama,Cervidae,Artiodactyla,Mammalia,high,3.0,3.0,false,
speciesnet_v403b_geo_supported_overlap,Gemini 3.5 Flash BP47,3,not_redistributed_public_staging_speciesnet_overlap_only,WBGBIF2026_E0162,Mazama gouazoubira,Mammalia,Ecuador,ECU,,,,,,low,0.0,0.0,false,
speciesnet_v403b_geo_supported_overlap,Gemini 3.5 Flash BP47,3,not_redistributed_public_staging_speciesnet_overlap_only,WBGBIF2026_E0163,Meles meles,Mammalia,Luxembourg,LUX,Sus scrofa,Sus,Suidae,Artiodactyla,Mammalia,high,0.5,-4.5,true,
speciesnet_v403b_geo_supported_overlap,Gemini 3.5 Flash BP47,3,not_redistributed_public_staging_speciesnet_overlap_only,WBGBIF2026_E0164,Meles meles,Mammalia,Luxembourg,LUX,Meles meles,Meles,Mustelidae,Carnivora,Mammalia,high,5.0,5.0,false,
speciesnet_v403b_geo_supported_overlap,Gemini 3.5 Flash BP47,3,not_redistributed_public_staging_speciesnet_overlap_only,WBGBIF2026_E0165,Meles meles,Mammalia,Belgium,BEL,,,,,,low,0.0,0.0,false,
speciesnet_v403b_geo_supported_overlap,Gemini 3.5 Flash BP47,3,not_redistributed_public_staging_speciesnet_overlap_only,WBGBIF2026_E0166,Metachirus nudicaudatus,Mammalia,Ecuador,ECU,,,Didelphidae,Didelphimorphia,Mammalia,high,2.0,2.0,false,
speciesnet_v403b_geo_supported_overlap,Gemini 3.5 Flash BP47,3,not_redistributed_public_staging_speciesnet_overlap_only,WBGBIF2026_E0167,Metachirus nudicaudatus,Mammalia,Ecuador,ECU,,,Didelphidae,Didelphimorphia,Mammalia,medium,2.0,2.0,false,
speciesnet_v403b_geo_supported_overlap,Gemini 3.5 Flash BP47,3,not_redistributed_public_staging_speciesnet_overlap_only,WBGBIF2026_E0168,Metachirus nudicaudatus,Mammalia,Ecuador,ECU,,Metachirus,Didelphidae,Didelphimorphia,Mammalia,medium,3.0,3.0,false,
speciesnet_v403b_geo_supported_overlap,Gemini 3.5 Flash BP47,3,not_redistributed_public_staging_speciesnet_overlap_only,WBGBIF2026_E0169,Mitu salvini,Aves,Ecuador,ECU,Mitu salvini,Mitu,Cracidae,Galliformes,Aves,high,5.0,5.0,false,
speciesnet_v403b_geo_supported_overlap,Gemini 3.5 Flash BP47,3,not_redistributed_public_staging_speciesnet_overlap_only,WBGBIF2026_E0170,Mitu salvini,Aves,Ecuador,ECU,,Mitu,Cracidae,Galliformes,Aves,high,3.0,3.0,false,
speciesnet_v403b_geo_supported_overlap,Gemini 3.5 Flash BP47,3,not_redistributed_public_staging_speciesnet_overlap_only,WBGBIF2026_E0171,Mitu salvini,Aves,Ecuador,ECU,Mitu salvini,Mitu,Cracidae,Galliformes,Aves,medium,5.0,5.0,false,
speciesnet_v403b_geo_supported_overlap,Gemini 3.5 Flash BP47,3,not_redistributed_public_staging_speciesnet_overlap_only,WBGBIF2026_E0175,Motacilla flava,Aves,Luxembourg,LUX,,,,Passeriformes,Aves,medium,1.0,1.0,false,
speciesnet_v403b_geo_supported_overlap,Gemini 3.5 Flash BP47,3,not_redistributed_public_staging_speciesnet_overlap_only,WBGBIF2026_E0176,Motacilla flava,Aves,Luxembourg,LUX,Motacilla flava,Motacilla,Motacillidae,Passeriformes,Aves,high,5.0,5.0,false,
speciesnet_v403b_geo_supported_overlap,Gemini 3.5 Flash BP47,3,not_redistributed_public_staging_speciesnet_overlap_only,WBGBIF2026_E0177,Motacilla flava,Aves,Luxembourg,LUX,Motacilla alba,Motacilla,Motacillidae,Passeriformes,Aves,medium,3.0,-2.0,true,
speciesnet_v403b_geo_supported_overlap,Gemini 3.5 Flash BP47,3,not_redistributed_public_staging_speciesnet_overlap_only,WBGBIF2026_E0178,Mustela erminea,Mammalia,Belgium,BEL,,,,,,low,0.0,0.0,false,
speciesnet_v403b_geo_supported_overlap,Gemini 3.5 Flash BP47,3,not_redistributed_public_staging_speciesnet_overlap_only,WBGBIF2026_E0179,Mustela erminea,Mammalia,Luxembourg,LUX,Mustela erminea,Mustela,Mustelidae,Carnivora,Mammalia,high,5.0,5.0,false,
speciesnet_v403b_geo_supported_overlap,Gemini 3.5 Flash BP47,3,not_redistributed_public_staging_speciesnet_overlap_only,WBGBIF2026_E0180,Mustela erminea,Mammalia,Luxembourg,LUX,Mustela erminea,Mustela,Mustelidae,Carnivora,Mammalia,high,5.0,5.0,false,
speciesnet_v403b_geo_supported_overlap,Gemini 3.5 Flash BP47,3,not_redistributed_public_staging_speciesnet_overlap_only,WBGBIF2026_E0181,Mustela putorius,Mammalia,Luxembourg,LUX,,Martes,Mustelidae,Carnivora,Mammalia,high,2.0,-3.0,true,
speciesnet_v403b_geo_supported_overlap,Gemini 3.5 Flash BP47,3,not_redistributed_public_staging_speciesnet_overlap_only,WBGBIF2026_E0182,Mustela putorius,Mammalia,Belgium,BEL,Meles meles,Meles,Mustelidae,Carnivora,Mammalia,high,2.0,-3.0,true,
speciesnet_v403b_geo_supported_overlap,Gemini 3.5 Flash BP47,3,not_redistributed_public_staging_speciesnet_overlap_only,WBGBIF2026_E0183,Mustela putorius,Mammalia,Luxembourg,LUX,Mustela putorius,Mustela,Mustelidae,Carnivora,Mammalia,high,5.0,5.0,false,
speciesnet_v403b_geo_supported_overlap,Gemini 3.5 Flash BP47,3,not_redistributed_public_staging_speciesnet_overlap_only,WBGBIF2026_E0184,Myoprocta pratti,Mammalia,Ecuador,ECU,,,Dasyproctidae,Rodentia,Mammalia,medium,2.0,2.0,false,
speciesnet_v403b_geo_supported_overlap,Gemini 3.5 Flash BP47,3,not_redistributed_public_staging_speciesnet_overlap_only,WBGBIF2026_E0185,Myoprocta pratti,Mammalia,Ecuador,ECU,,Dasyprocta,Dasyproctidae,Rodentia,Mammalia,medium,2.0,-3.0,true,
speciesnet_v403b_geo_supported_overlap,Gemini 3.5 Flash BP47,3,not_redistributed_public_staging_speciesnet_overlap_only,WBGBIF2026_E0186,Myoprocta pratti,Mammalia,Ecuador,ECU,Dasyprocta fuliginosa,Dasyprocta,Dasyproctidae,Rodentia,Mammalia,medium,2.0,-3.0,true,
speciesnet_v403b_geo_supported_overlap,Gemini 3.5 Flash BP47,3,not_redistributed_public_staging_speciesnet_overlap_only,WBGBIF2026_E0187,Myrmecophaga tridactyla,Mammalia,Ecuador,ECU,Myrmecophaga tridactyla,Myrmecophaga,Myrmecophagidae,Pilosa,Mammalia,high,5.0,5.0,false,
speciesnet_v403b_geo_supported_overlap,Gemini 3.5 Flash BP47,3,not_redistributed_public_staging_speciesnet_overlap_only,WBGBIF2026_E0188,Myrmecophaga tridactyla,Mammalia,Ecuador,ECU,Myrmecophaga tridactyla,Myrmecophaga,Myrmecophagidae,Pilosa,Mammalia,medium,5.0,5.0,false,
speciesnet_v403b_geo_supported_overlap,Gemini 3.5 Flash BP47,3,not_redistributed_public_staging_speciesnet_overlap_only,WBGBIF2026_E0189,Myrmecophaga tridactyla,Mammalia,Ecuador,ECU,Myrmecophaga tridactyla,Myrmecophaga,Myrmecophagidae,Pilosa,Mammalia,high,5.0,5.0,false,
speciesnet_v403b_geo_supported_overlap,Gemini 3.5 Flash BP47,3,not_redistributed_public_staging_speciesnet_overlap_only,WBGBIF2026_E0190,Nothocrax urumutum,Aves,Ecuador,ECU,Nothocrax urumutum,Nothocrax,Cracidae,Galliformes,Aves,high,5.0,5.0,false,
speciesnet_v403b_geo_supported_overlap,Gemini 3.5 Flash BP47,3,not_redistributed_public_staging_speciesnet_overlap_only,WBGBIF2026_E0191,Nothocrax urumutum,Aves,Ecuador,ECU,Tinamus major,Tinamus,Tinamidae,Tinamiformes,Aves,medium,0.5,-4.5,true,
speciesnet_v403b_geo_supported_overlap,Gemini 3.5 Flash BP47,3,not_redistributed_public_staging_speciesnet_overlap_only,WBGBIF2026_E0192,Nothocrax urumutum,Aves,Ecuador,ECU,,,Cracidae,Galliformes,Aves,medium,2.0,2.0,false,
speciesnet_v403b_geo_supported_overlap,Gemini 3.5 Flash BP47,3,not_redistributed_public_staging_speciesnet_overlap_only,WBGBIF2026_E0193,Oryctolagus cuniculus,Mammalia,Belgium,BEL,Oryctolagus cuniculus,Oryctolagus,Leporidae,Lagomorpha,Mammalia,high,5.0,5.0,false,
speciesnet_v403b_geo_supported_overlap,Gemini 3.5 Flash BP47,3,not_redistributed_public_staging_speciesnet_overlap_only,WBGBIF2026_E0194,Oryctolagus cuniculus,Mammalia,Belgium,BEL,,,Leporidae,Lagomorpha,Mammalia,medium,2.0,2.0,false,
speciesnet_v403b_geo_supported_overlap,Gemini 3.5 Flash BP47,3,not_redistributed_public_staging_speciesnet_overlap_only,WBGBIF2026_E0195,Oryctolagus cuniculus,Mammalia,Luxembourg,LUX,,,Leporidae,Lagomorpha,Mammalia,medium,2.0,2.0,false,
speciesnet_v403b_geo_supported_overlap,Gemini 3.5 Flash BP47,3,not_redistributed_public_staging_speciesnet_overlap_only,WBGBIF2026_E0196,Ovis aries,Mammalia,Belgium,BEL,Ovis aries,Ovis,Bovidae,Artiodactyla,Mammalia,high,5.0,5.0,false,
speciesnet_v403b_geo_supported_overlap,Gemini 3.5 Flash BP47,3,not_redistributed_public_staging_speciesnet_overlap_only,WBGBIF2026_E0197,Ovis aries,Mammalia,Belgium,BEL,Ovis gmelini,Ovis,Bovidae,Artiodactyla,Mammalia,high,3.0,-2.0,true,species
speciesnet_v403b_geo_supported_overlap,Gemini 3.5 Flash BP47,3,not_redistributed_public_staging_speciesnet_overlap_only,WBGBIF2026_E0198,Ovis aries,Mammalia,Belgium,BEL,Bos taurus,Bos,Bovidae,Artiodactyla,Mammalia,high,2.0,-3.0,true,
speciesnet_v403b_geo_supported_overlap,Gemini 3.5 Flash BP47,3,not_redistributed_public_staging_speciesnet_overlap_only,WBGBIF2026_E0199,Panthera onca,Mammalia,Ecuador,ECU,Panthera onca,Panthera,Felidae,Carnivora,Mammalia,high,5.0,5.0,false,
speciesnet_v403b_geo_supported_overlap,Gemini 3.5 Flash BP47,3,not_redistributed_public_staging_speciesnet_overlap_only,WBGBIF2026_E0200,Panthera onca,Mammalia,Ecuador,ECU,Panthera onca,Panthera,Felidae,Carnivora,Mammalia,high,5.0,5.0,false,
speciesnet_v403b_geo_supported_overlap,Gemini 3.5 Flash BP47,3,not_redistributed_public_staging_speciesnet_overlap_only,WBGBIF2026_E0201,Panthera onca,Mammalia,Ecuador,ECU,Panthera onca,Panthera,Felidae,Carnivora,Mammalia,medium,5.0,5.0,false,
speciesnet_v403b_geo_supported_overlap,Gemini 3.5 Flash BP47,3,not_redistributed_public_staging_speciesnet_overlap_only,WBGBIF2026_E0205,Passer domesticus,Aves,Luxembourg,LUX,Passer domesticus,Passer,Passeridae,Passeriformes,Aves,high,5.0,5.0,false,
speciesnet_v403b_geo_supported_overlap,Gemini 3.5 Flash BP47,3,not_redistributed_public_staging_speciesnet_overlap_only,WBGBIF2026_E0206,Passer domesticus,Aves,Luxembourg,LUX,,,,Passeriformes,Aves,high,1.0,1.0,false,
speciesnet_v403b_geo_supported_overlap,Gemini 3.5 Flash BP47,3,not_redistributed_public_staging_speciesnet_overlap_only,WBGBIF2026_E0207,Passer domesticus,Aves,Luxembourg,LUX,Prunella modularis,Prunella,Prunellidae,Passeriformes,Aves,high,1.0,-4.0,true,
speciesnet_v403b_geo_supported_overlap,Gemini 3.5 Flash BP47,3,not_redistributed_public_staging_speciesnet_overlap_only,WBGBIF2026_E0208,Pecari tajacu,Mammalia,Ecuador,ECU,Tayassu pecari,Tayassu,Tayassuidae,Artiodactyla,Mammalia,high,2.0,-3.0,true,
speciesnet_v403b_geo_supported_overlap,Gemini 3.5 Flash BP47,3,not_redistributed_public_staging_speciesnet_overlap_only,WBGBIF2026_E0209,Pecari tajacu,Mammalia,Ecuador,ECU,Pecari tajacu,Pecari,Tayassuidae,Artiodactyla,Mammalia,high,5.0,5.0,false,
speciesnet_v403b_geo_supported_overlap,Gemini 3.5 Flash BP47,3,not_redistributed_public_staging_speciesnet_overlap_only,WBGBIF2026_E0210,Pecari tajacu,Mammalia,Ecuador,ECU,,,Tayassuidae,Artiodactyla,Mammalia,high,2.0,2.0,false,
speciesnet_v403b_geo_supported_overlap,Gemini 3.5 Flash BP47,3,not_redistributed_public_staging_speciesnet_overlap_only,WBGBIF2026_E0211,Penelope purpurascens,Aves,Ecuador,ECU,,Penelope,Cracidae,Galliformes,Aves,high,3.0,3.0,false,
speciesnet_v403b_geo_supported_overlap,Gemini 3.5 Flash BP47,3,not_redistributed_public_staging_speciesnet_overlap_only,WBGBIF2026_E0212,Penelope purpurascens,Aves,Ecuador,ECU,,,Cracidae,Galliformes,Aves,high,2.0,2.0,false,
speciesnet_v403b_geo_supported_overlap,Gemini 3.5 Flash BP47,3,not_redistributed_public_staging_speciesnet_overlap_only,WBGBIF2026_E0213,Penelope purpurascens,Aves,Ecuador,ECU,,Penelope,Cracidae,Galliformes,Aves,high,3.0,3.0,false,
speciesnet_v403b_geo_supported_overlap,Gemini 3.5 Flash BP47,3,not_redistributed_public_staging_speciesnet_overlap_only,WBGBIF2026_E0214,Phasianus colchicus,Aves,Belgium,BEL,Procyon lotor,Procyon,Procyonidae,Carnivora,Mammalia,high,0.0,-5.0,true,
speciesnet_v403b_geo_supported_overlap,Gemini 3.5 Flash BP47,3,not_redistributed_public_staging_speciesnet_overlap_only,WBGBIF2026_E0215,Phasianus colchicus,Aves,Belgium,BEL,Phasianus colchicus,Phasianus,Phasianidae,Galliformes,Aves,high,5.0,5.0,false,
speciesnet_v403b_geo_supported_overlap,Gemini 3.5 Flash BP47,3,not_redistributed_public_staging_speciesnet_overlap_only,WBGBIF2026_E0216,Phasianus colchicus,Aves,Belgium,BEL,Phasianus colchicus,Phasianus,Phasianidae,Galliformes,Aves,high,5.0,5.0,false,
speciesnet_v403b_geo_supported_overlap,Gemini 3.5 Flash BP47,3,not_redistributed_public_staging_speciesnet_overlap_only,WBGBIF2026_E0217,Phoenicurus ochruros,Aves,Luxembourg,LUX,Erithacus rubecula,Erithacus,Muscicapidae,Passeriformes,Aves,medium,2.0,-3.0,true,
speciesnet_v403b_geo_supported_overlap,Gemini 3.5 Flash BP47,3,not_redistributed_public_staging_speciesnet_overlap_only,WBGBIF2026_E0218,Phoenicurus ochruros,Aves,Luxembourg,LUX,Phoenicurus ochruros,Phoenicurus,Muscicapidae,Passeriformes,Aves,high,5.0,5.0,false,
speciesnet_v403b_geo_supported_overlap,Gemini 3.5 Flash BP47,3,not_redistributed_public_staging_speciesnet_overlap_only,WBGBIF2026_E0219,Phoenicurus ochruros,Aves,Luxembourg,LUX,,,,,,low,0.0,0.0,false,
speciesnet_v403b_geo_supported_overlap,Gemini 3.5 Flash BP47,3,not_redistributed_public_staging_speciesnet_overlap_only,WBGBIF2026_E0220,Phoenicurus phoenicurus,Aves,Luxembourg,LUX,Luscinia megarhynchos,Luscinia,Muscicapidae,Passeriformes,Aves,medium,2.0,-3.0,true,
speciesnet_v403b_geo_supported_overlap,Gemini 3.5 Flash BP47,3,not_redistributed_public_staging_speciesnet_overlap_only,WBGBIF2026_E0221,Phoenicurus phoenicurus,Aves,Luxembourg,LUX,Phoenicurus phoenicurus,Phoenicurus,Muscicapidae,Passeriformes,Aves,high,5.0,5.0,false,
speciesnet_v403b_geo_supported_overlap,Gemini 3.5 Flash BP47,3,not_redistributed_public_staging_speciesnet_overlap_only,WBGBIF2026_E0222,Phoenicurus phoenicurus,Aves,Luxembourg,LUX,,,,Passeriformes,Aves,medium,1.0,1.0,false,
speciesnet_v403b_geo_supported_overlap,Gemini 3.5 Flash BP47,3,not_redistributed_public_staging_speciesnet_overlap_only,WBGBIF2026_E0226,Pica pica,Aves,Belgium,BEL,Pica pica,Pica,Corvidae,Passeriformes,Aves,high,5.0,5.0,false,
speciesnet_v403b_geo_supported_overlap,Gemini 3.5 Flash BP47,3,not_redistributed_public_staging_speciesnet_overlap_only,WBGBIF2026_E0227,Pica pica,Aves,Belgium,BEL,Pica pica,Pica,Corvidae,Passeriformes,Aves,high,5.0,5.0,false,
speciesnet_v403b_geo_supported_overlap,Gemini 3.5 Flash BP47,3,not_redistributed_public_staging_speciesnet_overlap_only,WBGBIF2026_E0228,Pica pica,Aves,Belgium,BEL,,,,,,low,0.0,0.0,false,
speciesnet_v403b_geo_supported_overlap,Gemini 3.5 Flash BP47,3,not_redistributed_public_staging_speciesnet_overlap_only,WBGBIF2026_E0229,Picus viridis,Aves,Belgium,BEL,Picus viridis,Picus,Picidae,Piciformes,Aves,high,5.0,5.0,false,
speciesnet_v403b_geo_supported_overlap,Gemini 3.5 Flash BP47,3,not_redistributed_public_staging_speciesnet_overlap_only,WBGBIF2026_E0230,Picus viridis,Aves,Luxembourg,LUX,Picus viridis,Picus,Picidae,Piciformes,Aves,medium,5.0,5.0,false,
speciesnet_v403b_geo_supported_overlap,Gemini 3.5 Flash BP47,3,not_redistributed_public_staging_speciesnet_overlap_only,WBGBIF2026_E0231,Picus viridis,Aves,Luxembourg,LUX,Picus viridis,Picus,Picidae,Piciformes,Aves,high,5.0,5.0,false,
speciesnet_v403b_geo_supported_overlap,Gemini 3.5 Flash BP47,3,not_redistributed_public_staging_speciesnet_overlap_only,WBGBIF2026_E0238,Proechimys semispinosus,Mammalia,Ecuador,ECU,,,Cricetidae,Rodentia,Mammalia,medium,1.0,-4.0,true,
speciesnet_v403b_geo_supported_overlap,Gemini 3.5 Flash BP47,3,not_redistributed_public_staging_speciesnet_overlap_only,WBGBIF2026_E0239,Proechimys semispinosus,Mammalia,Ecuador,ECU,,,Didelphidae,Didelphimorphia,Mammalia,high,0.5,-4.5,true,
speciesnet_v403b_geo_supported_overlap,Gemini 3.5 Flash BP47,3,not_redistributed_public_staging_speciesnet_overlap_only,WBGBIF2026_E0240,Proechimys semispinosus,Mammalia,Ecuador,ECU,,,,Rodentia,Mammalia,high,1.0,1.0,false,
speciesnet_v403b_geo_supported_overlap,Gemini 3.5 Flash BP47,3,not_redistributed_public_staging_speciesnet_overlap_only,WBGBIF2026_E0244,Psophia crepitans,Aves,Ecuador,ECU,Psophia crepitans,Psophia,Psophiidae,Gruiformes,Aves,high,5.0,5.0,false,
speciesnet_v403b_geo_supported_overlap,Gemini 3.5 Flash BP47,3,not_redistributed_public_staging_speciesnet_overlap_only,WBGBIF2026_E0245,Psophia crepitans,Aves,Ecuador,ECU,Psophia crepitans,Psophia,Psophiidae,Gruiformes,Aves,high,5.0,5.0,false,
speciesnet_v403b_geo_supported_overlap,Gemini 3.5 Flash BP47,3,not_redistributed_public_staging_speciesnet_overlap_only,WBGBIF2026_E0246,Psophia crepitans,Aves,Ecuador,ECU,,,,,,low,0.0,0.0,false,
speciesnet_v403b_geo_supported_overlap,Gemini 3.5 Flash BP47,3,not_redistributed_public_staging_speciesnet_overlap_only,WBGBIF2026_E0247,Puma concolor,Mammalia,Ecuador,ECU,Puma concolor,Puma,Felidae,Carnivora,Mammalia,high,5.0,5.0,false,
speciesnet_v403b_geo_supported_overlap,Gemini 3.5 Flash BP47,3,not_redistributed_public_staging_speciesnet_overlap_only,WBGBIF2026_E0248,Puma concolor,Mammalia,Ecuador,ECU,Puma concolor,Puma,Felidae,Carnivora,Mammalia,high,5.0,5.0,false,
speciesnet_v403b_geo_supported_overlap,Gemini 3.5 Flash BP47,3,not_redistributed_public_staging_speciesnet_overlap_only,WBGBIF2026_E0249,Puma concolor,Mammalia,Ecuador,ECU,,,,,Mammalia,low,0.5,0.5,false,
speciesnet_v403b_geo_supported_overlap,Gemini 3.5 Flash BP47,3,not_redistributed_public_staging_speciesnet_overlap_only,WBGBIF2026_E0253,Rattus norvegicus,Mammalia,Belgium,BEL,,,,Rodentia,Mammalia,high,1.0,1.0,false,
speciesnet_v403b_geo_supported_overlap,Gemini 3.5 Flash BP47,3,not_redistributed_public_staging_speciesnet_overlap_only,WBGBIF2026_E0254,Rattus norvegicus,Mammalia,Belgium,BEL,Erinaceus europaeus,Erinaceus,Erinaceidae,Eulipotyphla,Mammalia,medium,0.5,-4.5,true,order
speciesnet_v403b_geo_supported_overlap,Gemini 3.5 Flash BP47,3,not_redistributed_public_staging_speciesnet_overlap_only,WBGBIF2026_E0255,Rattus norvegicus,Mammalia,Belgium,BEL,,,,Rodentia,Mammalia,medium,1.0,1.0,false,
speciesnet_v403b_geo_supported_overlap,Gemini 3.5 Flash BP47,3,not_redistributed_public_staging_speciesnet_overlap_only,WBGBIF2026_E0259,Saxicola rubicola,Aves,Luxembourg,LUX,,,,Passeriformes,Aves,medium,1.0,1.0,false,
speciesnet_v403b_geo_supported_overlap,Gemini 3.5 Flash BP47,3,not_redistributed_public_staging_speciesnet_overlap_only,WBGBIF2026_E0260,Saxicola rubicola,Aves,Luxembourg,LUX,,Anthus,Motacillidae,Passeriformes,Aves,medium,1.0,-4.0,true,genus
speciesnet_v403b_geo_supported_overlap,Gemini 3.5 Flash BP47,3,not_redistributed_public_staging_speciesnet_overlap_only,WBGBIF2026_E0261,Saxicola rubicola,Aves,Luxembourg,LUX,Saxicola rubicola,Saxicola,Muscicapidae,Passeriformes,Aves,medium,5.0,5.0,false,
speciesnet_v403b_geo_supported_overlap,Gemini 3.5 Flash BP47,3,not_redistributed_public_staging_speciesnet_overlap_only,WBGBIF2026_E0262,Sciurus vulgaris,Mammalia,Luxembourg,LUX,,,,,,low,0.0,0.0,false,
speciesnet_v403b_geo_supported_overlap,Gemini 3.5 Flash BP47,3,not_redistributed_public_staging_speciesnet_overlap_only,WBGBIF2026_E0263,Sciurus vulgaris,Mammalia,Luxembourg,LUX,,,,,Mammalia,medium,0.5,0.5,false,
speciesnet_v403b_geo_supported_overlap,Gemini 3.5 Flash BP47,3,not_redistributed_public_staging_speciesnet_overlap_only,WBGBIF2026_E0264,Sciurus vulgaris,Mammalia,Luxembourg,LUX,Sciurus vulgaris,Sciurus,Sciuridae,Rodentia,Mammalia,high,5.0,5.0,false,
speciesnet_v403b_geo_supported_overlap,Gemini 3.5 Flash BP47,3,not_redistributed_public_staging_speciesnet_overlap_only,WBGBIF2026_E0265,Scolopax rusticola,Aves,Luxembourg,LUX,Scolopax rusticola,Scolopax,Scolopacidae,Charadriiformes,Aves,high,5.0,5.0,false,
speciesnet_v403b_geo_supported_overlap,Gemini 3.5 Flash BP47,3,not_redistributed_public_staging_speciesnet_overlap_only,WBGBIF2026_E0266,Scolopax rusticola,Aves,Belgium,BEL,,,,,,low,0.0,0.0,false,
speciesnet_v403b_geo_supported_overlap,Gemini 3.5 Flash BP47,3,not_redistributed_public_staging_speciesnet_overlap_only,WBGBIF2026_E0267,Scolopax rusticola,Aves,Belgium,BEL,Scolopax rusticola,Scolopax,Scolopacidae,Charadriiformes,Aves,high,5.0,5.0,false,
speciesnet_v403b_geo_supported_overlap,Gemini 3.5 Flash BP47,3,not_redistributed_public_staging_speciesnet_overlap_only,WBGBIF2026_E0268,Sitta europaea,Aves,Belgium,BEL,Sitta europaea,Sitta,Sittidae,Passeriformes,Aves,high,5.0,5.0,false,
speciesnet_v403b_geo_supported_overlap,Gemini 3.5 Flash BP47,3,not_redistributed_public_staging_speciesnet_overlap_only,WBGBIF2026_E0269,Sitta europaea,Aves,Belgium,BEL,,,,,,high,0.0,0.0,false,
speciesnet_v403b_geo_supported_overlap,Gemini 3.5 Flash BP47,3,not_redistributed_public_staging_speciesnet_overlap_only,WBGBIF2026_E0270,Sitta europaea,Aves,Belgium,BEL,Sitta europaea,Sitta,Sittidae,Passeriformes,Aves,high,5.0,5.0,false,
speciesnet_v403b_geo_supported_overlap,Gemini 3.5 Flash BP47,3,not_redistributed_public_staging_speciesnet_overlap_only,WBGBIF2026_E0271,Strix aluco,Aves,Belgium,BEL,Strix aluco,Strix,Strigidae,Strigiformes,Aves,medium,5.0,5.0,false,
speciesnet_v403b_geo_supported_overlap,Gemini 3.5 Flash BP47,3,not_redistributed_public_staging_speciesnet_overlap_only,WBGBIF2026_E0272,Strix aluco,Aves,Belgium,BEL,Meles meles,Meles,Mustelidae,Carnivora,Mammalia,medium,0.0,-5.0,true,
speciesnet_v403b_geo_supported_overlap,Gemini 3.5 Flash BP47,3,not_redistributed_public_staging_speciesnet_overlap_only,WBGBIF2026_E0273,Strix aluco,Aves,Belgium,BEL,Strix aluco,Strix,Strigidae,Strigiformes,Aves,high,5.0,5.0,false,
speciesnet_v403b_geo_supported_overlap,Gemini 3.5 Flash BP47,3,not_redistributed_public_staging_speciesnet_overlap_only,WBGBIF2026_E0274,Sturnus vulgaris,Aves,Luxembourg,LUX,Sturnus vulgaris,Sturnus,Sturnidae,Passeriformes,Aves,high,5.0,5.0,false,
speciesnet_v403b_geo_supported_overlap,Gemini 3.5 Flash BP47,3,not_redistributed_public_staging_speciesnet_overlap_only,WBGBIF2026_E0275,Sturnus vulgaris,Aves,Luxembourg,LUX,,,,,Aves,medium,0.5,0.5,false,
speciesnet_v403b_geo_supported_overlap,Gemini 3.5 Flash BP47,3,not_redistributed_public_staging_speciesnet_overlap_only,WBGBIF2026_E0276,Sturnus vulgaris,Aves,France,FRA,Sturnus vulgaris,Sturnus,Sturnidae,Passeriformes,Aves,medium,5.0,5.0,false,
speciesnet_v403b_geo_supported_overlap,Gemini 3.5 Flash BP47,3,not_redistributed_public_staging_speciesnet_overlap_only,WBGBIF2026_E0277,Sus scrofa,Mammalia,Belgium,BEL,,,,,Mammalia,high,0.5,0.5,false,
speciesnet_v403b_geo_supported_overlap,Gemini 3.5 Flash BP47,3,not_redistributed_public_staging_speciesnet_overlap_only,WBGBIF2026_E0278,Sus scrofa,Mammalia,Belgium,BEL,,,,,,low,0.0,0.0,false,
speciesnet_v403b_geo_supported_overlap,Gemini 3.5 Flash BP47,3,not_redistributed_public_staging_speciesnet_overlap_only,WBGBIF2026_E0279,Sus scrofa,Mammalia,Belgium,BEL,Sus scrofa,Sus,Suidae,Artiodactyla,Mammalia,high,5.0,5.0,false,
speciesnet_v403b_geo_supported_overlap,Gemini 3.5 Flash BP47,3,not_redistributed_public_staging_speciesnet_overlap_only,WBGBIF2026_E0289,Syrmaticus reevesii,Aves,Belgium,BEL,Phasianus colchicus,Phasianus,Phasianidae,Galliformes,Aves,high,2.0,-3.0,true,
speciesnet_v403b_geo_supported_overlap,Gemini 3.5 Flash BP47,3,not_redistributed_public_staging_speciesnet_overlap_only,WBGBIF2026_E0290,Syrmaticus reevesii,Aves,Belgium,BEL,Syrmaticus reevesii,Syrmaticus,Phasianidae,Galliformes,Aves,high,5.0,5.0,false,
speciesnet_v403b_geo_supported_overlap,Gemini 3.5 Flash BP47,3,not_redistributed_public_staging_speciesnet_overlap_only,WBGBIF2026_E0291,Syrmaticus reevesii,Aves,Belgium,BEL,Phasianus colchicus,Phasianus,Phasianidae,Galliformes,Aves,medium,2.0,-3.0,true,
speciesnet_v403b_geo_supported_overlap,Gemini 3.5 Flash BP47,3,not_redistributed_public_staging_speciesnet_overlap_only,WBGBIF2026_E0292,Tapirus terrestris,Mammalia,Ecuador,ECU,,Tapirus,Tapiridae,Perissodactyla,Mammalia,medium,3.0,3.0,false,
speciesnet_v403b_geo_supported_overlap,Gemini 3.5 Flash BP47,3,not_redistributed_public_staging_speciesnet_overlap_only,WBGBIF2026_E0293,Tapirus terrestris,Mammalia,Ecuador,ECU,Tapirus terrestris,Tapirus,Tapiridae,Perissodactyla,Mammalia,high,5.0,5.0,false,
speciesnet_v403b_geo_supported_overlap,Gemini 3.5 Flash BP47,3,not_redistributed_public_staging_speciesnet_overlap_only,WBGBIF2026_E0294,Tapirus terrestris,Mammalia,Ecuador,ECU,,Tapirus,Tapiridae,Perissodactyla,Mammalia,high,3.0,3.0,false,
speciesnet_v403b_geo_supported_overlap,Gemini 3.5 Flash BP47,3,not_redistributed_public_staging_speciesnet_overlap_only,WBGBIF2026_E0295,Tayassu pecari,Mammalia,Ecuador,ECU,,Dasyprocta,Dasyproctidae,Rodentia,Mammalia,high,0.5,-4.5,true,
speciesnet_v403b_geo_supported_overlap,Gemini 3.5 Flash BP47,3,not_redistributed_public_staging_speciesnet_overlap_only,WBGBIF2026_E0296,Tayassu pecari,Mammalia,Ecuador,ECU,,,,,,low,0.0,0.0,false,
speciesnet_v403b_geo_supported_overlap,Gemini 3.5 Flash BP47,3,not_redistributed_public_staging_speciesnet_overlap_only,WBGBIF2026_E0297,Tayassu pecari,Mammalia,Ecuador,ECU,,,Tayassuidae,Artiodactyla,Mammalia,high,2.0,2.0,false,
speciesnet_v403b_geo_supported_overlap,Gemini 3.5 Flash BP47,3,not_redistributed_public_staging_speciesnet_overlap_only,WBGBIF2026_E0298,Tinamus major,Aves,Ecuador,ECU,,,Tinamidae,Tinamiformes,Aves,high,2.0,2.0,false,
speciesnet_v403b_geo_supported_overlap,Gemini 3.5 Flash BP47,3,not_redistributed_public_staging_speciesnet_overlap_only,WBGBIF2026_E0299,Tinamus major,Aves,Ecuador,ECU,,,Tinamidae,Tinamiformes,Aves,high,2.0,2.0,false,
speciesnet_v403b_geo_supported_overlap,Gemini 3.5 Flash BP47,3,not_redistributed_public_staging_speciesnet_overlap_only,WBGBIF2026_E0300,Tinamus major,Aves,Ecuador,ECU,,,Tinamidae,Tinamiformes,Aves,medium,2.0,2.0,false,
speciesnet_v403b_geo_supported_overlap,Gemini 3.5 Flash BP47,3,not_redistributed_public_staging_speciesnet_overlap_only,WBGBIF2026_E0301,Tinamus tao,Aves,Ecuador,ECU,,,Tinamidae,Tinamiformes,Aves,high,2.0,2.0,false,
speciesnet_v403b_geo_supported_overlap,Gemini 3.5 Flash BP47,3,not_redistributed_public_staging_speciesnet_overlap_only,WBGBIF2026_E0302,Tinamus tao,Aves,Ecuador,ECU,,,Tinamidae,Tinamiformes,Aves,high,2.0,2.0,false,
speciesnet_v403b_geo_supported_overlap,Gemini 3.5 Flash BP47,3,not_redistributed_public_staging_speciesnet_overlap_only,WBGBIF2026_E0303,Tinamus tao,Aves,Ecuador,ECU,,,,,,low,0.0,0.0,false,
speciesnet_v403b_geo_supported_overlap,Gemini 3.5 Flash BP47,3,not_redistributed_public_staging_speciesnet_overlap_only,WBGBIF2026_E0304,Tremarctos ornatus,Mammalia,Ecuador,ECU,Tremarctos ornatus,Tremarctos,Ursidae,Carnivora,Mammalia,high,5.0,5.0,false,
speciesnet_v403b_geo_supported_overlap,Gemini 3.5 Flash BP47,3,not_redistributed_public_staging_speciesnet_overlap_only,WBGBIF2026_E0305,Tremarctos ornatus,Mammalia,Ecuador,ECU,,,,Pilosa,Mammalia,medium,0.5,-4.5,true,
speciesnet_v403b_geo_supported_overlap,Gemini 3.5 Flash BP47,3,not_redistributed_public_staging_speciesnet_overlap_only,WBGBIF2026_E0306,Tremarctos ornatus,Mammalia,Ecuador,ECU,Tremarctos ornatus,Tremarctos,Ursidae,Carnivora,Mammalia,high,5.0,5.0,false,
speciesnet_v403b_geo_supported_overlap,Gemini 3.5 Flash BP47,3,not_redistributed_public_staging_speciesnet_overlap_only,WBGBIF2026_E0307,Troglodytes troglodytes,Aves,Belgium,BEL,,,,,,low,0.0,0.0,false,
speciesnet_v403b_geo_supported_overlap,Gemini 3.5 Flash BP47,3,not_redistributed_public_staging_speciesnet_overlap_only,WBGBIF2026_E0308,Troglodytes troglodytes,Aves,Belgium,BEL,Troglodytes troglodytes,Troglodytes,Troglodytidae,Passeriformes,Aves,high,5.0,5.0,false,
speciesnet_v403b_geo_supported_overlap,Gemini 3.5 Flash BP47,3,not_redistributed_public_staging_speciesnet_overlap_only,WBGBIF2026_E0309,Troglodytes troglodytes,Aves,Belgium,BEL,,,,,,low,0.0,0.0,false,
speciesnet_v403b_geo_supported_overlap,Gemini 3.5 Flash BP47,3,not_redistributed_public_staging_speciesnet_overlap_only,WBGBIF2026_E0310,Turdus iliacus,Aves,Belgium,BEL,Turdus iliacus,Turdus,Turdidae,Passeriformes,Aves,medium,5.0,5.0,false,
speciesnet_v403b_geo_supported_overlap,Gemini 3.5 Flash BP47,3,not_redistributed_public_staging_speciesnet_overlap_only,WBGBIF2026_E0311,Turdus iliacus,Aves,Belgium,BEL,Turdus iliacus,Turdus,Turdidae,Passeriformes,Aves,medium,5.0,5.0,false,
speciesnet_v403b_geo_supported_overlap,Gemini 3.5 Flash BP47,3,not_redistributed_public_staging_speciesnet_overlap_only,WBGBIF2026_E0312,Turdus iliacus,Aves,Belgium,BEL,,,,,,high,0.0,0.0,false,
speciesnet_v403b_geo_supported_overlap,Gemini 3.5 Flash BP47,3,not_redistributed_public_staging_speciesnet_overlap_only,WBGBIF2026_E0313,Turdus merula,Aves,Belgium,BEL,Turdus merula,Turdus,Turdidae,Passeriformes,Aves,high,5.0,5.0,false,
speciesnet_v403b_geo_supported_overlap,Gemini 3.5 Flash BP47,3,not_redistributed_public_staging_speciesnet_overlap_only,WBGBIF2026_E0314,Turdus merula,Aves,Belgium,BEL,Turdus merula,Turdus,Turdidae,Passeriformes,Aves,medium,5.0,5.0,false,
speciesnet_v403b_geo_supported_overlap,Gemini 3.5 Flash BP47,3,not_redistributed_public_staging_speciesnet_overlap_only,WBGBIF2026_E0315,Turdus merula,Aves,Belgium,BEL,,,,,,low,0.0,0.0,false,
speciesnet_v403b_geo_supported_overlap,Gemini 3.5 Flash BP47,3,not_redistributed_public_staging_speciesnet_overlap_only,WBGBIF2026_E0316,Turdus philomelos,Aves,Belgium,BEL,,,,,Mammalia,low,0.0,-5.0,true,
speciesnet_v403b_geo_supported_overlap,Gemini 3.5 Flash BP47,3,not_redistributed_public_staging_speciesnet_overlap_only,WBGBIF2026_E0317,Turdus philomelos,Aves,Belgium,BEL,,,,,,low,0.0,0.0,false,
speciesnet_v403b_geo_supported_overlap,Gemini 3.5 Flash BP47,3,not_redistributed_public_staging_speciesnet_overlap_only,WBGBIF2026_E0318,Turdus philomelos,Aves,Belgium,BEL,Turdus philomelos,Turdus,Turdidae,Passeriformes,Aves,high,5.0,5.0,false,
speciesnet_v403b_geo_supported_overlap,Gemini 3.5 Flash BP47,3,not_redistributed_public_staging_speciesnet_overlap_only,WBGBIF2026_E0319,Turdus pilaris,Aves,Germany,DEU,Tetrastes bonasia,Tetrastes,Phasianidae,Galliformes,Aves,medium,0.5,-4.5,true,species|genus
speciesnet_v403b_geo_supported_overlap,Gemini 3.5 Flash BP47,3,not_redistributed_public_staging_speciesnet_overlap_only,WBGBIF2026_E0320,Turdus pilaris,Aves,Germany,DEU,Turdus pilaris,Turdus,Turdidae,Passeriformes,Aves,medium,5.0,5.0,false,
speciesnet_v403b_geo_supported_overlap,Gemini 3.5 Flash BP47,3,not_redistributed_public_staging_speciesnet_overlap_only,WBGBIF2026_E0321,Turdus pilaris,Aves,Luxembourg,LUX,,,,,Aves,medium,0.5,0.5,false,
speciesnet_v403b_geo_supported_overlap,Gemini 3.5 Flash BP47,3,not_redistributed_public_staging_speciesnet_overlap_only,WBGBIF2026_E0325,Turdus viscivorus,Aves,Belgium,BEL,,,Turdidae,Passeriformes,Aves,medium,2.0,2.0,false,
speciesnet_v403b_geo_supported_overlap,Gemini 3.5 Flash BP47,3,not_redistributed_public_staging_speciesnet_overlap_only,WBGBIF2026_E0326,Turdus viscivorus,Aves,Belgium,BEL,Turdus philomelos,Turdus,Turdidae,Passeriformes,Aves,high,3.0,-2.0,true,
speciesnet_v403b_geo_supported_overlap,Gemini 3.5 Flash BP47,3,not_redistributed_public_staging_speciesnet_overlap_only,WBGBIF2026_E0327,Turdus viscivorus,Aves,Luxembourg,LUX,Turdus viscivorus,Turdus,Turdidae,Passeriformes,Aves,high,5.0,5.0,false,
speciesnet_v403b_geo_supported_overlap,Gemini 3.5 Flash BP47,3,not_redistributed_public_staging_speciesnet_overlap_only,WBGBIF2026_E0328,Vulpes vulpes,Mammalia,Belgium,BEL,,,,,,low,0.0,0.0,false,
speciesnet_v403b_geo_supported_overlap,Gemini 3.5 Flash BP47,3,not_redistributed_public_staging_speciesnet_overlap_only,WBGBIF2026_E0329,Vulpes vulpes,Mammalia,Belgium,BEL,Vulpes vulpes,Vulpes,Canidae,Carnivora,Mammalia,high,5.0,5.0,false,
speciesnet_v403b_geo_supported_overlap,Gemini 3.5 Flash BP47,3,not_redistributed_public_staging_speciesnet_overlap_only,WBGBIF2026_E0330,Vulpes vulpes,Mammalia,Luxembourg,LUX,Vulpes vulpes,Vulpes,Canidae,Carnivora,Mammalia,high,5.0,5.0,false,
speciesnet_v403b_geo_supported_overlap,Qwen3-VL-30B BP47,1,not_redistributed_public_staging_speciesnet_overlap_only,WBGBIF2026_E0001,Accipiter nisus,Aves,Belgium,BEL,Strix aluco,Strix,Strigidae,Strigiformes,Aves,medium,0.5,-4.5,true,
speciesnet_v403b_geo_supported_overlap,Qwen3-VL-30B BP47,1,not_redistributed_public_staging_speciesnet_overlap_only,WBGBIF2026_E0002,Accipiter nisus,Aves,Luxembourg,LUX,Accipiter nisus,Accipiter,Accipitridae,Accipitriformes,Aves,high,5.0,5.0,false,
speciesnet_v403b_geo_supported_overlap,Qwen3-VL-30B BP47,1,not_redistributed_public_staging_speciesnet_overlap_only,WBGBIF2026_E0003,Accipiter nisus,Aves,Luxembourg,LUX,Accipiter gentilis,Accipiter,Accipitridae,Accipitriformes,Aves,high,3.0,-2.0,true,species
speciesnet_v403b_geo_supported_overlap,Qwen3-VL-30B BP47,1,not_redistributed_public_staging_speciesnet_overlap_only,WBGBIF2026_E0007,Alopochen aegyptiaca,Aves,Belgium,BEL,,Alopochen,Anatidae,Anseriformes,Aves,low,3.0,3.0,false,
speciesnet_v403b_geo_supported_overlap,Qwen3-VL-30B BP47,1,not_redistributed_public_staging_speciesnet_overlap_only,WBGBIF2026_E0008,Alopochen aegyptiaca,Aves,Belgium,BEL,Alopochen aegyptiaca,Alopochen,Anatidae,Anseriformes,Aves,high,5.0,5.0,false,
speciesnet_v403b_geo_supported_overlap,Qwen3-VL-30B BP47,1,not_redistributed_public_staging_speciesnet_overlap_only,WBGBIF2026_E0009,Alopochen aegyptiaca,Aves,Belgium,BEL,,,,,,low,0.0,0.0,false,
speciesnet_v403b_geo_supported_overlap,Qwen3-VL-30B BP47,1,not_redistributed_public_staging_speciesnet_overlap_only,WBGBIF2026_E0010,Anas platyrhynchos,Aves,Belgium,BEL,,,,,,low,0.0,0.0,false,
speciesnet_v403b_geo_supported_overlap,Qwen3-VL-30B BP47,1,not_redistributed_public_staging_speciesnet_overlap_only,WBGBIF2026_E0011,Anas platyrhynchos,Aves,Belgium,BEL,,,,,,low,0.0,0.0,false,
speciesnet_v403b_geo_supported_overlap,Qwen3-VL-30B BP47,1,not_redistributed_public_staging_speciesnet_overlap_only,WBGBIF2026_E0012,Anas platyrhynchos,Aves,Belgium,BEL,Anas platyrhynchos,Anas,Anatidae,Anseriformes,Aves,high,5.0,5.0,false,
speciesnet_v403b_geo_supported_overlap,Qwen3-VL-30B BP47,1,not_redistributed_public_staging_speciesnet_overlap_only,WBGBIF2026_E0013,Apodemus sylvaticus,Mammalia,Belgium,BEL,Apodemus sylvaticus,Apodemus,Muridae,Rodentia,Mammalia,medium,5.0,5.0,false,
speciesnet_v403b_geo_supported_overlap,Qwen3-VL-30B BP47,1,not_redistributed_public_staging_speciesnet_overlap_only,WBGBIF2026_E0014,Apodemus sylvaticus,Mammalia,Belgium,BEL,,,,,,low,0.0,0.0,false,
speciesnet_v403b_geo_supported_overlap,Qwen3-VL-30B BP47,1,not_redistributed_public_staging_speciesnet_overlap_only,WBGBIF2026_E0015,Apodemus sylvaticus,Mammalia,Belgium,BEL,,,,,,low,0.0,0.0,false,
speciesnet_v403b_geo_supported_overlap,Qwen3-VL-30B BP47,1,not_redistributed_public_staging_speciesnet_overlap_only,WBGBIF2026_E0016,Ardea cinerea,Aves,Belgium,BEL,Ardea cinerea,Ardea,Ardeidae,Ciconiiformes,Aves,high,5.0,0.0,true,
speciesnet_v403b_geo_supported_overlap,Qwen3-VL-30B BP47,1,not_redistributed_public_staging_speciesnet_overlap_only,WBGBIF2026_E0017,Ardea cinerea,Aves,Belgium,BEL,,,,,,low,0.0,0.0,false,
speciesnet_v403b_geo_supported_overlap,Qwen3-VL-30B BP47,1,not_redistributed_public_staging_speciesnet_overlap_only,WBGBIF2026_E0018,Ardea cinerea,Aves,Belgium,BEL,,,,,,low,0.0,0.0,false,
speciesnet_v403b_geo_supported_overlap,Qwen3-VL-30B BP47,1,not_redistributed_public_staging_speciesnet_overlap_only,WBGBIF2026_E0019,Atelocynus microtis,Mammalia,Ecuador,ECU,Nasua nasua,Nasua,Procyonidae,Carnivora,Mammalia,medium,1.0,-4.0,true,
speciesnet_v403b_geo_supported_overlap,Qwen3-VL-30B BP47,1,not_redistributed_public_staging_speciesnet_overlap_only,WBGBIF2026_E0020,Atelocynus microtis,Mammalia,Ecuador,ECU,Genetta tigrina,Genetta,Viverridae,Carnivora,Mammalia,medium,1.0,-4.0,true,species|genus|family
speciesnet_v403b_geo_supported_overlap,Qwen3-VL-30B BP47,1,not_redistributed_public_staging_speciesnet_overlap_only,WBGBIF2026_E0021,Atelocynus microtis,Mammalia,Ecuador,ECU,,,,,,low,0.0,0.0,false,
speciesnet_v403b_geo_supported_overlap,Qwen3-VL-30B BP47,1,not_redistributed_public_staging_speciesnet_overlap_only,WBGBIF2026_E0022,Bos taurus,Mammalia,Belgium,BEL,,,,,,low,0.0,0.0,false,
speciesnet_v403b_geo_supported_overlap,Qwen3-VL-30B BP47,1,not_redistributed_public_staging_speciesnet_overlap_only,WBGBIF2026_E0023,Bos taurus,Mammalia,Ecuador,ECU,Tayassu tajacu,Tayassu,Tayassuidae,Artiodactyla,Mammalia,high,1.0,-4.0,true,species
speciesnet_v403b_geo_supported_overlap,Qwen3-VL-30B BP47,1,not_redistributed_public_staging_speciesnet_overlap_only,WBGBIF2026_E0024,Bos taurus,Mammalia,Ecuador,ECU,,Odocoileus,Cervidae,Artiodactyla,Mammalia,low,1.0,-4.0,true,genus
speciesnet_v403b_geo_supported_overlap,Qwen3-VL-30B BP47,1,not_redistributed_public_staging_speciesnet_overlap_only,WBGBIF2026_E0028,Buteo buteo,Aves,Belgium,BEL,,,,Strigiformes,Aves,low,0.5,-4.5,true,
speciesnet_v403b_geo_supported_overlap,Qwen3-VL-30B BP47,1,not_redistributed_public_staging_speciesnet_overlap_only,WBGBIF2026_E0029,Buteo buteo,Aves,Luxembourg,LUX,Buteo buteo,Buteo,Accipitridae,Accipitriformes,Aves,high,5.0,5.0,false,
speciesnet_v403b_geo_supported_overlap,Qwen3-VL-30B BP47,1,not_redistributed_public_staging_speciesnet_overlap_only,WBGBIF2026_E0030,Buteo buteo,Aves,Belgium,BEL,Buteo buteo,Buteo,Accipitridae,Accipitriformes,Aves,high,5.0,5.0,false,
speciesnet_v403b_geo_supported_overlap,Qwen3-VL-30B BP47,1,not_redistributed_public_staging_speciesnet_overlap_only,WBGBIF2026_E0034,Capreolus capreolus,Mammalia,Luxembourg,LUX,Capreolus capreolus,Capreolus,Cervidae,Artiodactyla,Mammalia,medium,5.0,5.0,false,
speciesnet_v403b_geo_supported_overlap,Qwen3-VL-30B BP47,1,not_redistributed_public_staging_speciesnet_overlap_only,WBGBIF2026_E0035,Capreolus capreolus,Mammalia,Luxembourg,LUX,Capreolus capreolus,Capreolus,Cervidae,Artiodactyla,Mammalia,high,5.0,5.0,false,
speciesnet_v403b_geo_supported_overlap,Qwen3-VL-30B BP47,1,not_redistributed_public_staging_speciesnet_overlap_only,WBGBIF2026_E0036,Capreolus capreolus,Mammalia,Luxembourg,LUX,Capreolus capreolus,Capreolus,Cervidae,Artiodactyla,Mammalia,high,5.0,5.0,false,
speciesnet_v403b_geo_supported_overlap,Qwen3-VL-30B BP47,1,not_redistributed_public_staging_speciesnet_overlap_only,WBGBIF2026_E0037,Castor fiber,Mammalia,Belgium,BEL,,,,,,low,0.0,0.0,false,
speciesnet_v403b_geo_supported_overlap,Qwen3-VL-30B BP47,1,not_redistributed_public_staging_speciesnet_overlap_only,WBGBIF2026_E0038,Castor fiber,Mammalia,Belgium,BEL,Sus scrofa,Sus,Suidae,Artiodactyla,Mammalia,medium,0.5,-4.5,true,
speciesnet_v403b_geo_supported_overlap,Qwen3-VL-30B BP47,1,not_redistributed_public_staging_speciesnet_overlap_only,WBGBIF2026_E0039,Castor fiber,Mammalia,Belgium,BEL,Castor fiber,Castor,Castoridae,Rodentia,Mammalia,high,5.0,5.0,false,
speciesnet_v403b_geo_supported_overlap,Qwen3-VL-30B BP47,1,not_redistributed_public_staging_speciesnet_overlap_only,WBGBIF2026_E0040,Cervus elaphus,Mammalia,Luxembourg,LUX,null,null,Cervidae,Artiodactyla,Mammalia,low,2.0,2.0,false,
speciesnet_v403b_geo_supported_overlap,Qwen3-VL-30B BP47,1,not_redistributed_public_staging_speciesnet_overlap_only,WBGBIF2026_E0041,Cervus elaphus,Mammalia,Luxembourg,LUX,Cervus elaphus,Cervus,Cervidae,Artiodactyla,Mammalia,high,5.0,5.0,false,
speciesnet_v403b_geo_supported_overlap,Qwen3-VL-30B BP47,1,not_redistributed_public_staging_speciesnet_overlap_only,WBGBIF2026_E0042,Cervus elaphus,Mammalia,Luxembourg,LUX,Capreolus capreolus,Capreolus,Cervidae,Artiodactyla,Mammalia,medium,2.0,-3.0,true,
speciesnet_v403b_geo_supported_overlap,Qwen3-VL-30B BP47,1,not_redistributed_public_staging_speciesnet_overlap_only,WBGBIF2026_E0055,Columba palumbus,Aves,Belgium,BEL,Columba palumbus,Columba,Columbidae,Columbiformes,Aves,high,5.0,5.0,false,
speciesnet_v403b_geo_supported_overlap,Qwen3-VL-30B BP47,1,not_redistributed_public_staging_speciesnet_overlap_only,WBGBIF2026_E0056,Columba palumbus,Aves,Belgium,BEL,,,,,,low,0.0,0.0,false,
speciesnet_v403b_geo_supported_overlap,Qwen3-VL-30B BP47,1,not_redistributed_public_staging_speciesnet_overlap_only,WBGBIF2026_E0057,Columba palumbus,Aves,Belgium,BEL,,,,,,low,0.0,0.0,false,
speciesnet_v403b_geo_supported_overlap,Qwen3-VL-30B BP47,1,not_redistributed_public_staging_speciesnet_overlap_only,WBGBIF2026_E0058,Corvus corone,Aves,Belgium,BEL,Corvus corax,Corvus,Corvidae,Passeriformes,Aves,medium,3.0,-2.0,true,species
speciesnet_v403b_geo_supported_overlap,Qwen3-VL-30B BP47,1,not_redistributed_public_staging_speciesnet_overlap_only,WBGBIF2026_E0059,Corvus corone,Aves,Luxembourg,LUX,,,,,,low,0.0,0.0,false,
speciesnet_v403b_geo_supported_overlap,Qwen3-VL-30B BP47,1,not_redistributed_public_staging_speciesnet_overlap_only,WBGBIF2026_E0060,Corvus corone,Aves,Belgium,BEL,,,,,,low,0.0,0.0,false,
speciesnet_v403b_geo_supported_overlap,Qwen3-VL-30B BP47,1,not_redistributed_public_staging_speciesnet_overlap_only,WBGBIF2026_E0061,Corvus frugilegus,Aves,Luxembourg,LUX,,,,,,low,0.0,0.0,false,
speciesnet_v403b_geo_supported_overlap,Qwen3-VL-30B BP47,1,not_redistributed_public_staging_speciesnet_overlap_only,WBGBIF2026_E0062,Corvus frugilegus,Aves,Luxembourg,LUX,Corvus corone,Corvus,Corvidae,Passeriformes,Aves,high,3.0,-2.0,true,
speciesnet_v403b_geo_supported_overlap,Qwen3-VL-30B BP47,1,not_redistributed_public_staging_speciesnet_overlap_only,WBGBIF2026_E0063,Corvus frugilegus,Aves,Luxembourg,LUX,Corvus cornix,Corvus,Corvidae,Passeriformes,Aves,medium,3.0,-2.0,true,species
speciesnet_v403b_geo_supported_overlap,Qwen3-VL-30B BP47,1,not_redistributed_public_staging_speciesnet_overlap_only,WBGBIF2026_E0064,Cuniculus paca,Mammalia,Ecuador,ECU,Dasyprocta iacki,Dasyprocta,Dasyproctidae,Rodentia,Mammalia,high,1.0,-4.0,true,species
speciesnet_v403b_geo_supported_overlap,Qwen3-VL-30B BP47,1,not_redistributed_public_staging_speciesnet_overlap_only,WBGBIF2026_E0065,Cuniculus paca,Mammalia,Ecuador,ECU,,,,,,low,0.0,0.0,false,
speciesnet_v403b_geo_supported_overlap,Qwen3-VL-30B BP47,1,not_redistributed_public_staging_speciesnet_overlap_only,WBGBIF2026_E0066,Cuniculus paca,Mammalia,Ecuador,ECU,Tapirus terrestris,Tapirus,Tapiridae,Perissodactyla,Mammalia,medium,0.5,-4.5,true,
speciesnet_v403b_geo_supported_overlap,Qwen3-VL-30B BP47,1,not_redistributed_public_staging_speciesnet_overlap_only,WBGBIF2026_E0070,Dama dama,Mammalia,Belgium,BEL,Dama dama,Dama,Cervidae,Artiodactyla,Mammalia,high,5.0,5.0,false,
speciesnet_v403b_geo_supported_overlap,Qwen3-VL-30B BP47,1,not_redistributed_public_staging_speciesnet_overlap_only,WBGBIF2026_E0071,Dama dama,Mammalia,Belgium,BEL,,,,,,low,0.0,0.0,false,
speciesnet_v403b_geo_supported_overlap,Qwen3-VL-30B BP47,1,not_redistributed_public_staging_speciesnet_overlap_only,WBGBIF2026_E0072,Dama dama,Mammalia,Belgium,BEL,Capreolus capreolus,Capreolus,Cervidae,Artiodactyla,Mammalia,medium,2.0,-3.0,true,
speciesnet_v403b_geo_supported_overlap,Qwen3-VL-30B BP47,1,not_redistributed_public_staging_speciesnet_overlap_only,WBGBIF2026_E0073,Dasyprocta fuliginosa,Mammalia,Ecuador,ECU,Tamandua tetradactyla,Tamandua,Myrmecophagidae,Pilosa,Mammalia,medium,0.5,-4.5,true,
speciesnet_v403b_geo_supported_overlap,Qwen3-VL-30B BP47,1,not_redistributed_public_staging_speciesnet_overlap_only,WBGBIF2026_E0074,Dasyprocta fuliginosa,Mammalia,Ecuador,ECU,,,,,,low,0.0,0.0,false,
speciesnet_v403b_geo_supported_overlap,Qwen3-VL-30B BP47,1,not_redistributed_public_staging_speciesnet_overlap_only,WBGBIF2026_E0075,Dasyprocta fuliginosa,Mammalia,Ecuador,ECU,Dasyprocta punctata,Dasyprocta,Dasyproctidae,Rodentia,Mammalia,medium,3.0,-2.0,true,
speciesnet_v403b_geo_supported_overlap,Qwen3-VL-30B BP47,1,not_redistributed_public_staging_speciesnet_overlap_only,WBGBIF2026_E0076,Dasyprocta punctata,Mammalia,Ecuador,ECU,Dasyprocta punctata,Dasyprocta,Dasyproctidae,Rodentia,Mammalia,medium,5.0,5.0,false,
speciesnet_v403b_geo_supported_overlap,Qwen3-VL-30B BP47,1,not_redistributed_public_staging_speciesnet_overlap_only,WBGBIF2026_E0077,Dasyprocta punctata,Mammalia,Ecuador,ECU,,,,,,low,0.0,0.0,false,
speciesnet_v403b_geo_supported_overlap,Qwen3-VL-30B BP47,1,not_redistributed_public_staging_speciesnet_overlap_only,WBGBIF2026_E0078,Dasyprocta punctata,Mammalia,Ecuador,ECU,,,,,,low,0.0,0.0,false,
speciesnet_v403b_geo_supported_overlap,Qwen3-VL-30B BP47,1,not_redistributed_public_staging_speciesnet_overlap_only,WBGBIF2026_E0079,Dasypus novemcinctus,Mammalia,Ecuador,ECU,,,,,,low,0.0,0.0,false,
speciesnet_v403b_geo_supported_overlap,Qwen3-VL-30B BP47,1,not_redistributed_public_staging_speciesnet_overlap_only,WBGBIF2026_E0080,Dasypus novemcinctus,Mammalia,Ecuador,ECU,null,Cabassous,Dasypodidae,Cingulata,Mammalia,medium,2.0,-3.0,true,genus
speciesnet_v403b_geo_supported_overlap,Qwen3-VL-30B BP47,1,not_redistributed_public_staging_speciesnet_overlap_only,WBGBIF2026_E0081,Dasypus novemcinctus,Mammalia,Ecuador,ECU,Dasypus novemcinctus,Dasypus,Dasypodidae,Cingulata,Mammalia,medium,5.0,5.0,false,
speciesnet_v403b_geo_supported_overlap,Qwen3-VL-30B BP47,1,not_redistributed_public_staging_speciesnet_overlap_only,WBGBIF2026_E0082,Dendrocopos major,Aves,Belgium,BEL,Dendrocopos major,Dendrocopos,Picidae,Piciformes,Aves,high,5.0,5.0,false,
speciesnet_v403b_geo_supported_overlap,Qwen3-VL-30B BP47,1,not_redistributed_public_staging_speciesnet_overlap_only,WBGBIF2026_E0083,Dendrocopos major,Aves,Belgium,BEL,,,,,,low,0.0,0.0,false,
speciesnet_v403b_geo_supported_overlap,Qwen3-VL-30B BP47,1,not_redistributed_public_staging_speciesnet_overlap_only,WBGBIF2026_E0084,Dendrocopos major,Aves,Belgium,BEL,,,,,,low,0.0,0.0,false,
speciesnet_v403b_geo_supported_overlap,Qwen3-VL-30B BP47,1,not_redistributed_public_staging_speciesnet_overlap_only,WBGBIF2026_E0088,Didelphis marsupialis,Mammalia,Ecuador,ECU,Paguma larvata,Paguma,Viverridae,Carnivora,Mammalia,medium,0.5,-4.5,true,species|genus|family
speciesnet_v403b_geo_supported_overlap,Qwen3-VL-30B BP47,1,not_redistributed_public_staging_speciesnet_overlap_only,WBGBIF2026_E0089,Didelphis marsupialis,Mammalia,Ecuador,ECU,,,,,,low,0.0,0.0,false,
speciesnet_v403b_geo_supported_overlap,Qwen3-VL-30B BP47,1,not_redistributed_public_staging_speciesnet_overlap_only,WBGBIF2026_E0090,Didelphis marsupialis,Mammalia,Ecuador,ECU,Didelphis marsupialis,Didelphis,Didelphidae,Didelphimorphia,Mammalia,medium,5.0,5.0,false,
speciesnet_v403b_geo_supported_overlap,Qwen3-VL-30B BP47,1,not_redistributed_public_staging_speciesnet_overlap_only,WBGBIF2026_E0091,Dryocopus martius,Aves,Belgium,BEL,Dryocopus martius,Dryocopus,Picidae,Piciformes,Aves,high,5.0,5.0,false,
speciesnet_v403b_geo_supported_overlap,Qwen3-VL-30B BP47,1,not_redistributed_public_staging_speciesnet_overlap_only,WBGBIF2026_E0092,Dryocopus martius,Aves,Belgium,BEL,Tetrao tetrix,Tetrao,Phasianidae,Galliformes,Aves,medium,0.5,-4.5,true,species|genus
speciesnet_v403b_geo_supported_overlap,Qwen3-VL-30B BP47,1,not_redistributed_public_staging_speciesnet_overlap_only,WBGBIF2026_E0093,Dryocopus martius,Aves,Luxembourg,LUX,Dryocopus martius,Dryocopus,Picidae,Piciformes,Aves,high,5.0,5.0,false,
speciesnet_v403b_geo_supported_overlap,Qwen3-VL-30B BP47,1,not_redistributed_public_staging_speciesnet_overlap_only,WBGBIF2026_E0094,Eira barbara,Mammalia,Ecuador,ECU,Potos flavus,Potos,Procyonidae,Carnivora,Mammalia,medium,1.0,-4.0,true,
speciesnet_v403b_geo_supported_overlap,Qwen3-VL-30B BP47,1,not_redistributed_public_staging_speciesnet_overlap_only,WBGBIF2026_E0095,Eira barbara,Mammalia,Ecuador,ECU,Nasua nasua,Nasua,Procyonidae,Carnivora,Mammalia,medium,1.0,-4.0,true,
speciesnet_v403b_geo_supported_overlap,Qwen3-VL-30B BP47,1,not_redistributed_public_staging_speciesnet_overlap_only,WBGBIF2026_E0096,Eira barbara,Mammalia,Ecuador,ECU,Pecari tajacu,Pecari,Tayassuidae,Artiodactyla,Mammalia,medium,0.5,-4.5,true,
speciesnet_v403b_geo_supported_overlap,Qwen3-VL-30B BP47,1,not_redistributed_public_staging_speciesnet_overlap_only,WBGBIF2026_E0103,Erinaceus europaeus,Mammalia,Belgium,BEL,,,,,,low,0.0,0.0,false,
speciesnet_v403b_geo_supported_overlap,Qwen3-VL-30B BP47,1,not_redistributed_public_staging_speciesnet_overlap_only,WBGBIF2026_E0104,Erinaceus europaeus,Mammalia,Belgium,BEL,Erinaceus europaeus,Erinaceus,Erinaceidae,Erinaceomorpha,Mammalia,high,5.0,5.0,false,
speciesnet_v403b_geo_supported_overlap,Qwen3-VL-30B BP47,1,not_redistributed_public_staging_speciesnet_overlap_only,WBGBIF2026_E0105,Erinaceus europaeus,Mammalia,Belgium,BEL,,,,,,low,0.0,0.0,false,
speciesnet_v403b_geo_supported_overlap,Qwen3-VL-30B BP47,1,not_redistributed_public_staging_speciesnet_overlap_only,WBGBIF2026_E0106,Erithacus rubecula,Aves,Germany,DEU,Erithacus rubecula,Erithacus,Eurasian robins,Passeriformes,Aves,high,5.0,0.0,true,family
speciesnet_v403b_geo_supported_overlap,Qwen3-VL-30B BP47,1,not_redistributed_public_staging_speciesnet_overlap_only,WBGBIF2026_E0107,Erithacus rubecula,Aves,Belgium,BEL,,,,,,low,0.0,0.0,false,
speciesnet_v403b_geo_supported_overlap,Qwen3-VL-30B BP47,1,not_redistributed_public_staging_speciesnet_overlap_only,WBGBIF2026_E0108,Erithacus rubecula,Aves,Belgium,BEL,,,,,,low,0.0,0.0,false,
speciesnet_v403b_geo_supported_overlap,Qwen3-VL-30B BP47,1,not_redistributed_public_staging_speciesnet_overlap_only,WBGBIF2026_E0109,Falco tinnunculus,Aves,Luxembourg,LUX,Falco tinnunculus,Falco,Falconidae,Falconiformes,Aves,high,5.0,5.0,false,
speciesnet_v403b_geo_supported_overlap,Qwen3-VL-30B BP47,1,not_redistributed_public_staging_speciesnet_overlap_only,WBGBIF2026_E0110,Falco tinnunculus,Aves,Luxembourg,LUX,,,Accipitridae,Accipitriformes,Aves,low,0.5,-4.5,true,
speciesnet_v403b_geo_supported_overlap,Qwen3-VL-30B BP47,1,not_redistributed_public_staging_speciesnet_overlap_only,WBGBIF2026_E0111,Falco tinnunculus,Aves,Luxembourg,LUX,Falco tinnunculus,Falco,Falconidae,Accipitriformes,Aves,high,5.0,0.0,true,
speciesnet_v403b_geo_supported_overlap,Qwen3-VL-30B BP47,1,not_redistributed_public_staging_speciesnet_overlap_only,WBGBIF2026_E0112,Felis catus,Mammalia,Belgium,BEL,Meles meles,Meles,Mustelidae,Carnivora,Mammalia,high,1.0,-4.0,true,
speciesnet_v403b_geo_supported_overlap,Qwen3-VL-30B BP47,1,not_redistributed_public_staging_speciesnet_overlap_only,WBGBIF2026_E0113,Felis catus,Mammalia,Belgium,BEL,Felis catus,Felis,Felidae,Carnivora,Mammalia,high,5.0,5.0,false,
speciesnet_v403b_geo_supported_overlap,Qwen3-VL-30B BP47,1,not_redistributed_public_staging_speciesnet_overlap_only,WBGBIF2026_E0114,Felis catus,Mammalia,Belgium,BEL,Vulpes vulpes,Vulpes,Canidae,Carnivora,Mammalia,high,1.0,-4.0,true,
speciesnet_v403b_geo_supported_overlap,Qwen3-VL-30B BP47,1,not_redistributed_public_staging_speciesnet_overlap_only,WBGBIF2026_E0115,Felis silvestris,Mammalia,Luxembourg,LUX,Meles meles,Meles,Mustelidae,Carnivora,Mammalia,high,1.0,-4.0,true,
speciesnet_v403b_geo_supported_overlap,Qwen3-VL-30B BP47,1,not_redistributed_public_staging_speciesnet_overlap_only,WBGBIF2026_E0116,Felis silvestris,Mammalia,Luxembourg,LUX,Felis silvestris,Felis,Felidae,Carnivora,Mammalia,high,5.0,5.0,false,
speciesnet_v403b_geo_supported_overlap,Qwen3-VL-30B BP47,1,not_redistributed_public_staging_speciesnet_overlap_only,WBGBIF2026_E0117,Felis silvestris,Mammalia,Luxembourg,LUX,Felis silvestris,Felis,Felidae,Carnivora,Mammalia,high,5.0,5.0,false,
speciesnet_v403b_geo_supported_overlap,Qwen3-VL-30B BP47,1,not_redistributed_public_staging_speciesnet_overlap_only,WBGBIF2026_E0118,Fringilla coelebs,Aves,Germany,DEU,Fringilla coelebs,Fringilla,Fringillidae,Passeriformes,Aves,high,5.0,5.0,false,
speciesnet_v403b_geo_supported_overlap,Qwen3-VL-30B BP47,1,not_redistributed_public_staging_speciesnet_overlap_only,WBGBIF2026_E0119,Fringilla coelebs,Aves,Luxembourg,LUX,,,,,,low,0.0,0.0,false,
speciesnet_v403b_geo_supported_overlap,Qwen3-VL-30B BP47,1,not_redistributed_public_staging_speciesnet_overlap_only,WBGBIF2026_E0120,Fringilla coelebs,Aves,Luxembourg,LUX,Fringilla coelebs,Fringilla,Fringillidae,Passeriformes,Aves,high,5.0,5.0,false,
speciesnet_v403b_geo_supported_overlap,Qwen3-VL-30B BP47,1,not_redistributed_public_staging_speciesnet_overlap_only,WBGBIF2026_E0127,Gallinula chloropus,Aves,Luxembourg,LUX,Gallinula chloropus,Gallinula,Rallidae,Gruiformes,Aves,high,5.0,5.0,false,
speciesnet_v403b_geo_supported_overlap,Qwen3-VL-30B BP47,1,not_redistributed_public_staging_speciesnet_overlap_only,WBGBIF2026_E0128,Gallinula chloropus,Aves,Luxembourg,LUX,,,,,,low,0.0,0.0,false,
speciesnet_v403b_geo_supported_overlap,Qwen3-VL-30B BP47,1,not_redistributed_public_staging_speciesnet_overlap_only,WBGBIF2026_E0129,Gallinula chloropus,Aves,Luxembourg,LUX,Gallinula chloropus,Gallinula,Rallidae,Gruiformes,Aves,high,5.0,5.0,false,
speciesnet_v403b_geo_supported_overlap,Qwen3-VL-30B BP47,1,not_redistributed_public_staging_speciesnet_overlap_only,WBGBIF2026_E0130,Garrulus glandarius,Aves,Luxembourg,LUX,Garrulus glandarius,Garrulus,Corvidae,Passeriformes,Aves,high,5.0,5.0,false,
speciesnet_v403b_geo_supported_overlap,Qwen3-VL-30B BP47,1,not_redistributed_public_staging_speciesnet_overlap_only,WBGBIF2026_E0131,Garrulus glandarius,Aves,Luxembourg,LUX,Garrulus glandarius,Garrulus,Corvidae,Passeriformes,Aves,high,5.0,5.0,false,
speciesnet_v403b_geo_supported_overlap,Qwen3-VL-30B BP47,1,not_redistributed_public_staging_speciesnet_overlap_only,WBGBIF2026_E0132,Garrulus glandarius,Aves,Belgium,BEL,,,,,,low,0.0,0.0,false,
speciesnet_v403b_geo_supported_overlap,Qwen3-VL-30B BP47,1,not_redistributed_public_staging_speciesnet_overlap_only,WBGBIF2026_E0136,Leopardus pardalis,Mammalia,Ecuador,ECU,null,Leopardus,Felidae,Carnivora,Mammalia,low,3.0,3.0,false,
speciesnet_v403b_geo_supported_overlap,Qwen3-VL-30B BP47,1,not_redistributed_public_staging_speciesnet_overlap_only,WBGBIF2026_E0137,Leopardus pardalis,Mammalia,Ecuador,ECU,Leopardus pardalis,Leopardus,Felidae,Carnivora,Mammalia,high,5.0,5.0,false,
speciesnet_v403b_geo_supported_overlap,Qwen3-VL-30B BP47,1,not_redistributed_public_staging_speciesnet_overlap_only,WBGBIF2026_E0138,Leopardus pardalis,Mammalia,Ecuador,ECU,Herpailurus yagouaroundi,Herpailurus,Felidae,Carnivora,Mammalia,low,2.0,-3.0,true,genus
speciesnet_v403b_geo_supported_overlap,Qwen3-VL-30B BP47,1,not_redistributed_public_staging_speciesnet_overlap_only,WBGBIF2026_E0139,Leopardus wiedii,Mammalia,Ecuador,ECU,Leopardus pardalis,Leopardus,Felidae,Carnivora,Mammalia,high,3.0,-2.0,true,
speciesnet_v403b_geo_supported_overlap,Qwen3-VL-30B BP47,1,not_redistributed_public_staging_speciesnet_overlap_only,WBGBIF2026_E0140,Leopardus wiedii,Mammalia,Ecuador,ECU,Leopardus pardalis,Leopardus,Felidae,Carnivora,Mammalia,high,3.0,-2.0,true,
speciesnet_v403b_geo_supported_overlap,Qwen3-VL-30B BP47,1,not_redistributed_public_staging_speciesnet_overlap_only,WBGBIF2026_E0141,Leopardus wiedii,Mammalia,Ecuador,ECU,Leopardus guttulus,Leopardus,Felidae,Carnivora,Mammalia,medium,3.0,-2.0,true,species
speciesnet_v403b_geo_supported_overlap,Qwen3-VL-30B BP47,1,not_redistributed_public_staging_speciesnet_overlap_only,WBGBIF2026_E0142,Lepus europaeus,Mammalia,Belgium,BEL,,,,,,low,0.0,0.0,false,
speciesnet_v403b_geo_supported_overlap,Qwen3-VL-30B BP47,1,not_redistributed_public_staging_speciesnet_overlap_only,WBGBIF2026_E0143,Lepus europaeus,Mammalia,Luxembourg,LUX,Lepus europaeus,Lepus,Leporidae,Lagomorpha,Mammalia,high,5.0,5.0,false,
speciesnet_v403b_geo_supported_overlap,Qwen3-VL-30B BP47,1,not_redistributed_public_staging_speciesnet_overlap_only,WBGBIF2026_E0144,Lepus europaeus,Mammalia,Belgium,BEL,,,,,,low,0.0,0.0,false,
speciesnet_v403b_geo_supported_overlap,Qwen3-VL-30B BP47,1,not_redistributed_public_staging_speciesnet_overlap_only,WBGBIF2026_E0151,Martes foina,Mammalia,Luxembourg,LUX,Martes martes,Martes,Mustelidae,Carnivora,Mammalia,high,3.0,-2.0,true,
speciesnet_v403b_geo_supported_overlap,Qwen3-VL-30B BP47,1,not_redistributed_public_staging_speciesnet_overlap_only,WBGBIF2026_E0152,Martes foina,Mammalia,Belgium,BEL,Mustela nivalis,Mustela,Mustelidae,Carnivora,Mammalia,medium,2.0,-3.0,true,
speciesnet_v403b_geo_supported_overlap,Qwen3-VL-30B BP47,1,not_redistributed_public_staging_speciesnet_overlap_only,WBGBIF2026_E0153,Martes foina,Mammalia,Belgium,BEL,Mustela nivalis,Mustela,Mustelidae,Carnivora,Mammalia,medium,2.0,-3.0,true,
speciesnet_v403b_geo_supported_overlap,Qwen3-VL-30B BP47,1,not_redistributed_public_staging_speciesnet_overlap_only,WBGBIF2026_E0154,Martes martes,Mammalia,Luxembourg,LUX,Procyon lotor,Procyon,Procyonidae,Carnivora,Mammalia,high,1.0,-4.0,true,
speciesnet_v403b_geo_supported_overlap,Qwen3-VL-30B BP47,1,not_redistributed_public_staging_speciesnet_overlap_only,WBGBIF2026_E0155,Martes martes,Mammalia,Luxembourg,LUX,Martes martes,Martes,Mustelidae,Carnivora,Mammalia,high,5.0,5.0,false,
speciesnet_v403b_geo_supported_overlap,Qwen3-VL-30B BP47,1,not_redistributed_public_staging_speciesnet_overlap_only,WBGBIF2026_E0156,Martes martes,Mammalia,Luxembourg,LUX,,,,,,low,0.0,0.0,false,
speciesnet_v403b_geo_supported_overlap,Qwen3-VL-30B BP47,1,not_redistributed_public_staging_speciesnet_overlap_only,WBGBIF2026_E0157,Mazama americana,Mammalia,Ecuador,ECU,,,Cervidae,Artiodactyla,Mammalia,low,2.0,2.0,false,
speciesnet_v403b_geo_supported_overlap,Qwen3-VL-30B BP47,1,not_redistributed_public_staging_speciesnet_overlap_only,WBGBIF2026_E0158,Mazama americana,Mammalia,Ecuador,ECU,,,,Artiodactyla,Mammalia,low,1.0,1.0,false,
speciesnet_v403b_geo_supported_overlap,Qwen3-VL-30B BP47,1,not_redistributed_public_staging_speciesnet_overlap_only,WBGBIF2026_E0159,Mazama americana,Mammalia,Ecuador,ECU,Mazama gouazoubira,Mazama,Cervidae,Artiodactyla,Mammalia,medium,3.0,-2.0,true,
speciesnet_v403b_geo_supported_overlap,Qwen3-VL-30B BP47,1,not_redistributed_public_staging_speciesnet_overlap_only,WBGBIF2026_E0160,Mazama gouazoubira,Mammalia,Ecuador,ECU,null,Mazama,Cervidae,Artiodactyla,Mammalia,medium,3.0,3.0,false,
speciesnet_v403b_geo_supported_overlap,Qwen3-VL-30B BP47,1,not_redistributed_public_staging_speciesnet_overlap_only,WBGBIF2026_E0161,Mazama gouazoubira,Mammalia,Ecuador,ECU,Mazama americana,Mazama,Cervidae,Artiodactyla,Mammalia,medium,3.0,-2.0,true,
speciesnet_v403b_geo_supported_overlap,Qwen3-VL-30B BP47,1,not_redistributed_public_staging_speciesnet_overlap_only,WBGBIF2026_E0162,Mazama gouazoubira,Mammalia,Ecuador,ECU,,,,,,low,0.0,0.0,false,
speciesnet_v403b_geo_supported_overlap,Qwen3-VL-30B BP47,1,not_redistributed_public_staging_speciesnet_overlap_only,WBGBIF2026_E0163,Meles meles,Mammalia,Luxembourg,LUX,Meles meles,Meles,Mustelidae,Carnivora,Mammalia,high,5.0,5.0,false,
speciesnet_v403b_geo_supported_overlap,Qwen3-VL-30B BP47,1,not_redistributed_public_staging_speciesnet_overlap_only,WBGBIF2026_E0164,Meles meles,Mammalia,Luxembourg,LUX,Meles meles,Meles,Mustelidae,Carnivora,Mammalia,high,5.0,5.0,false,
speciesnet_v403b_geo_supported_overlap,Qwen3-VL-30B BP47,1,not_redistributed_public_staging_speciesnet_overlap_only,WBGBIF2026_E0165,Meles meles,Mammalia,Belgium,BEL,,,,,,low,0.0,0.0,false,
speciesnet_v403b_geo_supported_overlap,Qwen3-VL-30B BP47,1,not_redistributed_public_staging_speciesnet_overlap_only,WBGBIF2026_E0166,Metachirus nudicaudatus,Mammalia,Ecuador,ECU,Marmosops incanus,Marmosops,Didelphidae,Didelphimorphia,Mammalia,medium,2.0,-3.0,true,species|genus
speciesnet_v403b_geo_supported_overlap,Qwen3-VL-30B BP47,1,not_redistributed_public_staging_speciesnet_overlap_only,WBGBIF2026_E0167,Metachirus nudicaudatus,Mammalia,Ecuador,ECU,,Caenolestes,Caenolestidae,Paucituberculata,Mammalia,medium,0.5,-4.5,true,genus|family|order
speciesnet_v403b_geo_supported_overlap,Qwen3-VL-30B BP47,1,not_redistributed_public_staging_speciesnet_overlap_only,WBGBIF2026_E0168,Metachirus nudicaudatus,Mammalia,Ecuador,ECU,,Caenolestes,Caenolestidae,Paucituberculata,Mammalia,medium,0.5,-4.5,true,genus|family|order
speciesnet_v403b_geo_supported_overlap,Qwen3-VL-30B BP47,1,not_redistributed_public_staging_speciesnet_overlap_only,WBGBIF2026_E0169,Mitu salvini,Aves,Ecuador,ECU,Crax blumenbachii,Crax,Cracidae,Galliformes,Aves,high,2.0,-3.0,true,species
speciesnet_v403b_geo_supported_overlap,Qwen3-VL-30B BP47,1,not_redistributed_public_staging_speciesnet_overlap_only,WBGBIF2026_E0170,Mitu salvini,Aves,Ecuador,ECU,Ramphastos toco,Ramphastos,Ramphastidae,Piciformes,Aves,high,0.5,-4.5,true,species|genus|family
speciesnet_v403b_geo_supported_overlap,Qwen3-VL-30B BP47,1,not_redistributed_public_staging_speciesnet_overlap_only,WBGBIF2026_E0171,Mitu salvini,Aves,Ecuador,ECU,,Neomorphus,Cuculidae,Cuculiformes,Aves,low,0.5,-4.5,true,genus|family|order
speciesnet_v403b_geo_supported_overlap,Qwen3-VL-30B BP47,1,not_redistributed_public_staging_speciesnet_overlap_only,WBGBIF2026_E0175,Motacilla flava,Aves,Luxembourg,LUX,,,,,,low,0.0,0.0,false,
speciesnet_v403b_geo_supported_overlap,Qwen3-VL-30B BP47,1,not_redistributed_public_staging_speciesnet_overlap_only,WBGBIF2026_E0176,Motacilla flava,Aves,Luxembourg,LUX,Motacilla flava,Motacilla,Motacillidae,Passeriformes,Aves,high,5.0,5.0,false,
speciesnet_v403b_geo_supported_overlap,Qwen3-VL-30B BP47,1,not_redistributed_public_staging_speciesnet_overlap_only,WBGBIF2026_E0177,Motacilla flava,Aves,Luxembourg,LUX,,Anthus,Motacillidae,Passeriformes,Aves,medium,2.0,-3.0,true,genus
speciesnet_v403b_geo_supported_overlap,Qwen3-VL-30B BP47,1,not_redistributed_public_staging_speciesnet_overlap_only,WBGBIF2026_E0178,Mustela erminea,Mammalia,Belgium,BEL,,,,,,low,0.0,0.0,false,
speciesnet_v403b_geo_supported_overlap,Qwen3-VL-30B BP47,1,not_redistributed_public_staging_speciesnet_overlap_only,WBGBIF2026_E0179,Mustela erminea,Mammalia,Luxembourg,LUX,Mustela nivalis,Mustela,Mustelidae,Carnivora,Mammalia,high,3.0,-2.0,true,
speciesnet_v403b_geo_supported_overlap,Qwen3-VL-30B BP47,1,not_redistributed_public_staging_speciesnet_overlap_only,WBGBIF2026_E0180,Mustela erminea,Mammalia,Luxembourg,LUX,Mustela nivalis,Mustela,Mustelidae,Carnivora,Mammalia,medium,3.0,-2.0,true,
speciesnet_v403b_geo_supported_overlap,Qwen3-VL-30B BP47,1,not_redistributed_public_staging_speciesnet_overlap_only,WBGBIF2026_E0181,Mustela putorius,Mammalia,Luxembourg,LUX,Martes martes,Martes,Mustelidae,Carnivora,Mammalia,high,2.0,-3.0,true,
speciesnet_v403b_geo_supported_overlap,Qwen3-VL-30B BP47,1,not_redistributed_public_staging_speciesnet_overlap_only,WBGBIF2026_E0182,Mustela putorius,Mammalia,Belgium,BEL,Meles meles,Meles,Mustelidae,Carnivora,Mammalia,high,2.0,-3.0,true,
speciesnet_v403b_geo_supported_overlap,Qwen3-VL-30B BP47,1,not_redistributed_public_staging_speciesnet_overlap_only,WBGBIF2026_E0183,Mustela putorius,Mammalia,Luxembourg,LUX,Felis silvestris,Felis,Felidae,Carnivora,Mammalia,medium,1.0,-4.0,true,
speciesnet_v403b_geo_supported_overlap,Qwen3-VL-30B BP47,1,not_redistributed_public_staging_speciesnet_overlap_only,WBGBIF2026_E0184,Myoprocta pratti,Mammalia,Ecuador,ECU,,,,,,low,0.0,0.0,false,
speciesnet_v403b_geo_supported_overlap,Qwen3-VL-30B BP47,1,not_redistributed_public_staging_speciesnet_overlap_only,WBGBIF2026_E0185,Myoprocta pratti,Mammalia,Ecuador,ECU,Dasyprocta punctata,Dasyprocta,Dasyproctidae,Rodentia,Mammalia,medium,2.0,-3.0,true,
speciesnet_v403b_geo_supported_overlap,Qwen3-VL-30B BP47,1,not_redistributed_public_staging_speciesnet_overlap_only,WBGBIF2026_E0186,Myoprocta pratti,Mammalia,Ecuador,ECU,Dasyprocta punctata,Dasyprocta,Dasyproctidae,Rodentia,Mammalia,medium,2.0,-3.0,true,
speciesnet_v403b_geo_supported_overlap,Qwen3-VL-30B BP47,1,not_redistributed_public_staging_speciesnet_overlap_only,WBGBIF2026_E0187,Myrmecophaga tridactyla,Mammalia,Ecuador,ECU,Tamandua tetradactyla,Tamandua,Myrmecophagidae,Pilosa,Mammalia,high,2.0,-3.0,true,
speciesnet_v403b_geo_supported_overlap,Qwen3-VL-30B BP47,1,not_redistributed_public_staging_speciesnet_overlap_only,WBGBIF2026_E0188,Myrmecophaga tridactyla,Mammalia,Ecuador,ECU,null,Coendou,Erethizontidae,Rodentia,Mammalia,medium,0.5,-4.5,true,genus
speciesnet_v403b_geo_supported_overlap,Qwen3-VL-30B BP47,1,not_redistributed_public_staging_speciesnet_overlap_only,WBGBIF2026_E0189,Myrmecophaga tridactyla,Mammalia,Ecuador,ECU,Myrmecophaga tridactyla,Myrmecophaga,Myrmecophagidae,Pilosa,Mammalia,high,5.0,5.0,false,
speciesnet_v403b_geo_supported_overlap,Qwen3-VL-30B BP47,1,not_redistributed_public_staging_speciesnet_overlap_only,WBGBIF2026_E0190,Nothocrax urumutum,Aves,Ecuador,ECU,,Tinamus,Tinamidae,Tinamiformes,Aves,medium,0.5,-4.5,true,
speciesnet_v403b_geo_supported_overlap,Qwen3-VL-30B BP47,1,not_redistributed_public_staging_speciesnet_overlap_only,WBGBIF2026_E0191,Nothocrax urumutum,Aves,Ecuador,ECU,,,,,,low,0.0,0.0,false,
speciesnet_v403b_geo_supported_overlap,Qwen3-VL-30B BP47,1,not_redistributed_public_staging_speciesnet_overlap_only,WBGBIF2026_E0192,Nothocrax urumutum,Aves,Ecuador,ECU,,,,,,low,0.0,0.0,false,
speciesnet_v403b_geo_supported_overlap,Qwen3-VL-30B BP47,1,not_redistributed_public_staging_speciesnet_overlap_only,WBGBIF2026_E0193,Oryctolagus cuniculus,Mammalia,Belgium,BEL,Oryctolagus cuniculus,Oryctolagus,Leporidae,Lagomorpha,Mammalia,high,5.0,5.0,false,
speciesnet_v403b_geo_supported_overlap,Qwen3-VL-30B BP47,1,not_redistributed_public_staging_speciesnet_overlap_only,WBGBIF2026_E0194,Oryctolagus cuniculus,Mammalia,Belgium,BEL,,,,,,low,0.0,0.0,false,
speciesnet_v403b_geo_supported_overlap,Qwen3-VL-30B BP47,1,not_redistributed_public_staging_speciesnet_overlap_only,WBGBIF2026_E0195,Oryctolagus cuniculus,Mammalia,Luxembourg,LUX,,,,,,low,0.0,0.0,false,
speciesnet_v403b_geo_supported_overlap,Qwen3-VL-30B BP47,1,not_redistributed_public_staging_speciesnet_overlap_only,WBGBIF2026_E0196,Ovis aries,Mammalia,Belgium,BEL,Ovis aries,Ovis,Bovidae,Artiodactyla,Mammalia,high,5.0,5.0,false,
speciesnet_v403b_geo_supported_overlap,Qwen3-VL-30B BP47,1,not_redistributed_public_staging_speciesnet_overlap_only,WBGBIF2026_E0197,Ovis aries,Mammalia,Belgium,BEL,Bos taurus,Bos,Bovidae,Artiodactyla,Mammalia,high,2.0,-3.0,true,
speciesnet_v403b_geo_supported_overlap,Qwen3-VL-30B BP47,1,not_redistributed_public_staging_speciesnet_overlap_only,WBGBIF2026_E0198,Ovis aries,Mammalia,Belgium,BEL,,,,,,low,0.0,0.0,false,
speciesnet_v403b_geo_supported_overlap,Qwen3-VL-30B BP47,1,not_redistributed_public_staging_speciesnet_overlap_only,WBGBIF2026_E0199,Panthera onca,Mammalia,Ecuador,ECU,Panthera onca,Panthera,Felidae,Carnivora,Mammalia,high,5.0,5.0,false,
speciesnet_v403b_geo_supported_overlap,Qwen3-VL-30B BP47,1,not_redistributed_public_staging_speciesnet_overlap_only,WBGBIF2026_E0200,Panthera onca,Mammalia,Ecuador,ECU,Panthera onca,Panthera,Felidae,Carnivora,Mammalia,high,5.0,5.0,false,
speciesnet_v403b_geo_supported_overlap,Qwen3-VL-30B BP47,1,not_redistributed_public_staging_speciesnet_overlap_only,WBGBIF2026_E0201,Panthera onca,Mammalia,Ecuador,ECU,,,,,,low,0.0,0.0,false,
speciesnet_v403b_geo_supported_overlap,Qwen3-VL-30B BP47,1,not_redistributed_public_staging_speciesnet_overlap_only,WBGBIF2026_E0205,Passer domesticus,Aves,Luxembourg,LUX,Passer domesticus,Passer,Passeridae,Passeriformes,Aves,high,5.0,5.0,false,
speciesnet_v403b_geo_supported_overlap,Qwen3-VL-30B BP47,1,not_redistributed_public_staging_speciesnet_overlap_only,WBGBIF2026_E0206,Passer domesticus,Aves,Luxembourg,LUX,,,,,,low,0.0,0.0,false,
speciesnet_v403b_geo_supported_overlap,Qwen3-VL-30B BP47,1,not_redistributed_public_staging_speciesnet_overlap_only,WBGBIF2026_E0207,Passer domesticus,Aves,Luxembourg,LUX,Passer domesticus,Passer,Passeridae,Passeriformes,Aves,high,5.0,5.0,false,
speciesnet_v403b_geo_supported_overlap,Qwen3-VL-30B BP47,1,not_redistributed_public_staging_speciesnet_overlap_only,WBGBIF2026_E0208,Pecari tajacu,Mammalia,Ecuador,ECU,Tayassu pecari,Tayassu,Tayassuidae,Artiodactyla,Mammalia,high,2.0,-3.0,true,
speciesnet_v403b_geo_supported_overlap,Qwen3-VL-30B BP47,1,not_redistributed_public_staging_speciesnet_overlap_only,WBGBIF2026_E0209,Pecari tajacu,Mammalia,Ecuador,ECU,Pecari tajacu,Pecari,Tayassuidae,Artiodactyla,Mammalia,medium,5.0,5.0,false,
speciesnet_v403b_geo_supported_overlap,Qwen3-VL-30B BP47,1,not_redistributed_public_staging_speciesnet_overlap_only,WBGBIF2026_E0210,Pecari tajacu,Mammalia,Ecuador,ECU,Tayassu pecari,Tayassu,Tayassuidae,Artiodactyla,Mammalia,medium,2.0,-3.0,true,
speciesnet_v403b_geo_supported_overlap,Qwen3-VL-30B BP47,1,not_redistributed_public_staging_speciesnet_overlap_only,WBGBIF2026_E0211,Penelope purpurascens,Aves,Ecuador,ECU,Crax rubra,Crax,Cracidae,Galliformes,Aves,high,2.0,-3.0,true,species
speciesnet_v403b_geo_supported_overlap,Qwen3-VL-30B BP47,1,not_redistributed_public_staging_speciesnet_overlap_only,WBGBIF2026_E0212,Penelope purpurascens,Aves,Ecuador,ECU,Tinamus major,Tinamus,Tinamidae,Tinamiformes,Aves,medium,0.5,-4.5,true,
speciesnet_v403b_geo_supported_overlap,Qwen3-VL-30B BP47,1,not_redistributed_public_staging_speciesnet_overlap_only,WBGBIF2026_E0213,Penelope purpurascens,Aves,Ecuador,ECU,Penelope perspicax,Penelope,Cracidae,Galliformes,Aves,medium,3.0,-2.0,true,species
speciesnet_v403b_geo_supported_overlap,Qwen3-VL-30B BP47,1,not_redistributed_public_staging_speciesnet_overlap_only,WBGBIF2026_E0214,Phasianus colchicus,Aves,Belgium,BEL,,,,,,low,0.0,0.0,false,
speciesnet_v403b_geo_supported_overlap,Qwen3-VL-30B BP47,1,not_redistributed_public_staging_speciesnet_overlap_only,WBGBIF2026_E0215,Phasianus colchicus,Aves,Belgium,BEL,Phasianus colchicus,Phasianus,Phasianidae,Galliformes,Aves,high,5.0,5.0,false,
speciesnet_v403b_geo_supported_overlap,Qwen3-VL-30B BP47,1,not_redistributed_public_staging_speciesnet_overlap_only,WBGBIF2026_E0216,Phasianus colchicus,Aves,Belgium,BEL,Phasianus colchicus,Phasianus,Phasianidae,Galliformes,Aves,high,5.0,5.0,false,
speciesnet_v403b_geo_supported_overlap,Qwen3-VL-30B BP47,1,not_redistributed_public_staging_speciesnet_overlap_only,WBGBIF2026_E0217,Phoenicurus ochruros,Aves,Luxembourg,LUX,Turdus philomelos,Turdus,Turdidae,Passeriformes,Aves,medium,1.0,-4.0,true,
speciesnet_v403b_geo_supported_overlap,Qwen3-VL-30B BP47,1,not_redistributed_public_staging_speciesnet_overlap_only,WBGBIF2026_E0218,Phoenicurus ochruros,Aves,Luxembourg,LUX,Erithacus rubecula,Erithacus,Muscicapidae,Passeriformes,Aves,high,2.0,-3.0,true,
speciesnet_v403b_geo_supported_overlap,Qwen3-VL-30B BP47,1,not_redistributed_public_staging_speciesnet_overlap_only,WBGBIF2026_E0219,Phoenicurus ochruros,Aves,Luxembourg,LUX,,,,,,low,0.0,0.0,false,
speciesnet_v403b_geo_supported_overlap,Qwen3-VL-30B BP47,1,not_redistributed_public_staging_speciesnet_overlap_only,WBGBIF2026_E0220,Phoenicurus phoenicurus,Aves,Luxembourg,LUX,Turdus philomelos,Turdus,Turdidae,Passeriformes,Aves,high,1.0,-4.0,true,
speciesnet_v403b_geo_supported_overlap,Qwen3-VL-30B BP47,1,not_redistributed_public_staging_speciesnet_overlap_only,WBGBIF2026_E0221,Phoenicurus phoenicurus,Aves,Luxembourg,LUX,Phoenicurus phoenicurus,Phoenicurus,Muscicapidae,Passeriformes,Aves,high,5.0,5.0,false,
speciesnet_v403b_geo_supported_overlap,Qwen3-VL-30B BP47,1,not_redistributed_public_staging_speciesnet_overlap_only,WBGBIF2026_E0222,Phoenicurus phoenicurus,Aves,Luxembourg,LUX,,,,,,low,0.0,0.0,false,
speciesnet_v403b_geo_supported_overlap,Qwen3-VL-30B BP47,1,not_redistributed_public_staging_speciesnet_overlap_only,WBGBIF2026_E0226,Pica pica,Aves,Belgium,BEL,Pica pica,Pica,Corvidae,Passeriformes,Aves,high,5.0,5.0,false,
speciesnet_v403b_geo_supported_overlap,Qwen3-VL-30B BP47,1,not_redistributed_public_staging_speciesnet_overlap_only,WBGBIF2026_E0227,Pica pica,Aves,Belgium,BEL,Pica pica,Pica,Corvidae,Passeriformes,Aves,high,5.0,5.0,false,
speciesnet_v403b_geo_supported_overlap,Qwen3-VL-30B BP47,1,not_redistributed_public_staging_speciesnet_overlap_only,WBGBIF2026_E0228,Pica pica,Aves,Belgium,BEL,,,,,,low,0.0,0.0,false,
speciesnet_v403b_geo_supported_overlap,Qwen3-VL-30B BP47,1,not_redistributed_public_staging_speciesnet_overlap_only,WBGBIF2026_E0229,Picus viridis,Aves,Belgium,BEL,Picus viridis,Picus,Picidae,Piciformes,Aves,high,5.0,5.0,false,
speciesnet_v403b_geo_supported_overlap,Qwen3-VL-30B BP47,1,not_redistributed_public_staging_speciesnet_overlap_only,WBGBIF2026_E0230,Picus viridis,Aves,Luxembourg,LUX,,,,,,low,0.0,0.0,false,
speciesnet_v403b_geo_supported_overlap,Qwen3-VL-30B BP47,1,not_redistributed_public_staging_speciesnet_overlap_only,WBGBIF2026_E0231,Picus viridis,Aves,Luxembourg,LUX,Picus viridis,Picus,Picidae,Piciformes,Aves,high,5.0,5.0,false,
speciesnet_v403b_geo_supported_overlap,Qwen3-VL-30B BP47,1,not_redistributed_public_staging_speciesnet_overlap_only,WBGBIF2026_E0238,Proechimys semispinosus,Mammalia,Ecuador,ECU,,Rattus,Muridae,Rodentia,Mammalia,medium,1.0,-4.0,true,
speciesnet_v403b_geo_supported_overlap,Qwen3-VL-30B BP47,1,not_redistributed_public_staging_speciesnet_overlap_only,WBGBIF2026_E0239,Proechimys semispinosus,Mammalia,Ecuador,ECU,,,,Rodentia,Mammalia,low,1.0,1.0,false,
speciesnet_v403b_geo_supported_overlap,Qwen3-VL-30B BP47,1,not_redistributed_public_staging_speciesnet_overlap_only,WBGBIF2026_E0240,Proechimys semispinosus,Mammalia,Ecuador,ECU,,Oryzomys,Cricetidae,Rodentia,Mammalia,medium,1.0,-4.0,true,genus
speciesnet_v403b_geo_supported_overlap,Qwen3-VL-30B BP47,1,not_redistributed_public_staging_speciesnet_overlap_only,WBGBIF2026_E0244,Psophia crepitans,Aves,Ecuador,ECU,Tinamus guttatus,Tinamus,Tinamidae,Tinamiformes,Aves,medium,0.5,-4.5,true,species
speciesnet_v403b_geo_supported_overlap,Qwen3-VL-30B BP47,1,not_redistributed_public_staging_speciesnet_overlap_only,WBGBIF2026_E0245,Psophia crepitans,Aves,Ecuador,ECU,Tinamus tao,Tinamus,Tinamidae,Tinamiformes,Aves,medium,0.5,-4.5,true,
speciesnet_v403b_geo_supported_overlap,Qwen3-VL-30B BP47,1,not_redistributed_public_staging_speciesnet_overlap_only,WBGBIF2026_E0246,Psophia crepitans,Aves,Ecuador,ECU,,,,,,low,0.0,0.0,false,
speciesnet_v403b_geo_supported_overlap,Qwen3-VL-30B BP47,1,not_redistributed_public_staging_speciesnet_overlap_only,WBGBIF2026_E0247,Puma concolor,Mammalia,Ecuador,ECU,Leopardus wiedii,Leopardus,Felidae,Carnivora,Mammalia,medium,2.0,-3.0,true,
speciesnet_v403b_geo_supported_overlap,Qwen3-VL-30B BP47,1,not_redistributed_public_staging_speciesnet_overlap_only,WBGBIF2026_E0248,Puma concolor,Mammalia,Ecuador,ECU,Puma concolor,Puma,Felidae,Carnivora,Mammalia,high,5.0,5.0,false,
speciesnet_v403b_geo_supported_overlap,Qwen3-VL-30B BP47,1,not_redistributed_public_staging_speciesnet_overlap_only,WBGBIF2026_E0249,Puma concolor,Mammalia,Ecuador,ECU,,,,,,low,0.0,0.0,false,
speciesnet_v403b_geo_supported_overlap,Qwen3-VL-30B BP47,1,not_redistributed_public_staging_speciesnet_overlap_only,WBGBIF2026_E0253,Rattus norvegicus,Mammalia,Belgium,BEL,Arvicola amphibius,Arvicola,Cricetidae,Rodentia,Mammalia,medium,1.0,-4.0,true,species|genus
speciesnet_v403b_geo_supported_overlap,Qwen3-VL-30B BP47,1,not_redistributed_public_staging_speciesnet_overlap_only,WBGBIF2026_E0254,Rattus norvegicus,Mammalia,Belgium,BEL,,,,Rodentia,Mammalia,low,1.0,1.0,false,
speciesnet_v403b_geo_supported_overlap,Qwen3-VL-30B BP47,1,not_redistributed_public_staging_speciesnet_overlap_only,WBGBIF2026_E0255,Rattus norvegicus,Mammalia,Belgium,BEL,,,,,,low,0.0,0.0,false,
speciesnet_v403b_geo_supported_overlap,Qwen3-VL-30B BP47,1,not_redistributed_public_staging_speciesnet_overlap_only,WBGBIF2026_E0259,Saxicola rubicola,Aves,Luxembourg,LUX,,,,,,low,0.0,0.0,false,
speciesnet_v403b_geo_supported_overlap,Qwen3-VL-30B BP47,1,not_redistributed_public_staging_speciesnet_overlap_only,WBGBIF2026_E0260,Saxicola rubicola,Aves,Luxembourg,LUX,Saxicola rubetra,Saxicola,Muscicapidae,Passeriformes,Aves,medium,3.0,-2.0,true,
speciesnet_v403b_geo_supported_overlap,Qwen3-VL-30B BP47,1,not_redistributed_public_staging_speciesnet_overlap_only,WBGBIF2026_E0261,Saxicola rubicola,Aves,Luxembourg,LUX,Emberiza schoeniclus,Emberiza,Emberizidae,Passeriformes,Aves,medium,1.0,-4.0,true,
speciesnet_v403b_geo_supported_overlap,Qwen3-VL-30B BP47,1,not_redistributed_public_staging_speciesnet_overlap_only,WBGBIF2026_E0262,Sciurus vulgaris,Mammalia,Luxembourg,LUX,,,,,,low,0.0,0.0,false,
speciesnet_v403b_geo_supported_overlap,Qwen3-VL-30B BP47,1,not_redistributed_public_staging_speciesnet_overlap_only,WBGBIF2026_E0263,Sciurus vulgaris,Mammalia,Luxembourg,LUX,,,,,,low,0.0,0.0,false,
speciesnet_v403b_geo_supported_overlap,Qwen3-VL-30B BP47,1,not_redistributed_public_staging_speciesnet_overlap_only,WBGBIF2026_E0264,Sciurus vulgaris,Mammalia,Luxembourg,LUX,Sciurus vulgaris,Sciurus,Sciuridae,Rodentia,Mammalia,high,5.0,5.0,false,
speciesnet_v403b_geo_supported_overlap,Qwen3-VL-30B BP47,1,not_redistributed_public_staging_speciesnet_overlap_only,WBGBIF2026_E0265,Scolopax rusticola,Aves,Luxembourg,LUX,Perdix perdix,Perdix,Phasianidae,Galliformes,Aves,medium,0.5,-4.5,true,
speciesnet_v403b_geo_supported_overlap,Qwen3-VL-30B BP47,1,not_redistributed_public_staging_speciesnet_overlap_only,WBGBIF2026_E0266,Scolopax rusticola,Aves,Belgium,BEL,,,,,,low,0.0,0.0,false,
speciesnet_v403b_geo_supported_overlap,Qwen3-VL-30B BP47,1,not_redistributed_public_staging_speciesnet_overlap_only,WBGBIF2026_E0267,Scolopax rusticola,Aves,Belgium,BEL,Meles meles,Meles,Mustelidae,Carnivora,Mammalia,high,0.0,-5.0,true,
speciesnet_v403b_geo_supported_overlap,Qwen3-VL-30B BP47,1,not_redistributed_public_staging_speciesnet_overlap_only,WBGBIF2026_E0268,Sitta europaea,Aves,Belgium,BEL,Sitta europaea,Sitta,Sittidae,Passeriformes,Aves,high,5.0,5.0,false,
speciesnet_v403b_geo_supported_overlap,Qwen3-VL-30B BP47,1,not_redistributed_public_staging_speciesnet_overlap_only,WBGBIF2026_E0269,Sitta europaea,Aves,Belgium,BEL,,,,,,low,0.0,0.0,false,
speciesnet_v403b_geo_supported_overlap,Qwen3-VL-30B BP47,1,not_redistributed_public_staging_speciesnet_overlap_only,WBGBIF2026_E0270,Sitta europaea,Aves,Belgium,BEL,,,,,,low,0.0,0.0,false,
speciesnet_v403b_geo_supported_overlap,Qwen3-VL-30B BP47,1,not_redistributed_public_staging_speciesnet_overlap_only,WBGBIF2026_E0271,Strix aluco,Aves,Belgium,BEL,Bubo bubo,Bubo,Strigidae,Strigiformes,Aves,high,2.0,-3.0,true,species|genus
speciesnet_v403b_geo_supported_overlap,Qwen3-VL-30B BP47,1,not_redistributed_public_staging_speciesnet_overlap_only,WBGBIF2026_E0272,Strix aluco,Aves,Belgium,BEL,,,,,,low,0.0,0.0,false,
speciesnet_v403b_geo_supported_overlap,Qwen3-VL-30B BP47,1,not_redistributed_public_staging_speciesnet_overlap_only,WBGBIF2026_E0273,Strix aluco,Aves,Belgium,BEL,Asio otus,Asio,Strigidae,Strigiformes,Aves,medium,2.0,-3.0,true,species|genus
speciesnet_v403b_geo_supported_overlap,Qwen3-VL-30B BP47,1,not_redistributed_public_staging_speciesnet_overlap_only,WBGBIF2026_E0274,Sturnus vulgaris,Aves,Luxembourg,LUX,Sturnus vulgaris,Sturnus,Sturnidae,Passeriformes,Aves,high,5.0,5.0,false,
speciesnet_v403b_geo_supported_overlap,Qwen3-VL-30B BP47,1,not_redistributed_public_staging_speciesnet_overlap_only,WBGBIF2026_E0275,Sturnus vulgaris,Aves,Luxembourg,LUX,,,,,,low,0.0,0.0,false,
speciesnet_v403b_geo_supported_overlap,Qwen3-VL-30B BP47,1,not_redistributed_public_staging_speciesnet_overlap_only,WBGBIF2026_E0276,Sturnus vulgaris,Aves,France,FRA,,,,,,low,0.0,0.0,false,
speciesnet_v403b_geo_supported_overlap,Qwen3-VL-30B BP47,1,not_redistributed_public_staging_speciesnet_overlap_only,WBGBIF2026_E0277,Sus scrofa,Mammalia,Belgium,BEL,,,,,,low,0.0,0.0,false,
speciesnet_v403b_geo_supported_overlap,Qwen3-VL-30B BP47,1,not_redistributed_public_staging_speciesnet_overlap_only,WBGBIF2026_E0278,Sus scrofa,Mammalia,Belgium,BEL,,,,,,low,0.0,0.0,false,
speciesnet_v403b_geo_supported_overlap,Qwen3-VL-30B BP47,1,not_redistributed_public_staging_speciesnet_overlap_only,WBGBIF2026_E0279,Sus scrofa,Mammalia,Belgium,BEL,Sus scrofa,Sus,Suidae,Artiodactyla,Mammalia,high,5.0,5.0,false,
speciesnet_v403b_geo_supported_overlap,Qwen3-VL-30B BP47,1,not_redistributed_public_staging_speciesnet_overlap_only,WBGBIF2026_E0289,Syrmaticus reevesii,Aves,Belgium,BEL,Phasianus colchicus,Phasianus,Phasianidae,Galliformes,Aves,high,2.0,-3.0,true,
speciesnet_v403b_geo_supported_overlap,Qwen3-VL-30B BP47,1,not_redistributed_public_staging_speciesnet_overlap_only,WBGBIF2026_E0290,Syrmaticus reevesii,Aves,Belgium,BEL,Phasianus colchicus,Phasianus,Phasianidae,Galliformes,Aves,high,2.0,-3.0,true,
speciesnet_v403b_geo_supported_overlap,Qwen3-VL-30B BP47,1,not_redistributed_public_staging_speciesnet_overlap_only,WBGBIF2026_E0291,Syrmaticus reevesii,Aves,Belgium,BEL,,,Phasianidae,Galliformes,Aves,low,2.0,2.0,false,
speciesnet_v403b_geo_supported_overlap,Qwen3-VL-30B BP47,1,not_redistributed_public_staging_speciesnet_overlap_only,WBGBIF2026_E0292,Tapirus terrestris,Mammalia,Ecuador,ECU,,,,,,low,0.0,0.0,false,
speciesnet_v403b_geo_supported_overlap,Qwen3-VL-30B BP47,1,not_redistributed_public_staging_speciesnet_overlap_only,WBGBIF2026_E0293,Tapirus terrestris,Mammalia,Ecuador,ECU,Tapirus terrestris,Tapirus,Tapiridae,Perissodactyla,Mammalia,high,5.0,5.0,false,
speciesnet_v403b_geo_supported_overlap,Qwen3-VL-30B BP47,1,not_redistributed_public_staging_speciesnet_overlap_only,WBGBIF2026_E0294,Tapirus terrestris,Mammalia,Ecuador,ECU,Tapirus terrestris,Tapirus,Tapiridae,Perissodactyla,Mammalia,high,5.0,5.0,false,
speciesnet_v403b_geo_supported_overlap,Qwen3-VL-30B BP47,1,not_redistributed_public_staging_speciesnet_overlap_only,WBGBIF2026_E0295,Tayassu pecari,Mammalia,Ecuador,ECU,Pecari tajacu,Pecari,Tayassuidae,Artiodactyla,Mammalia,medium,2.0,-3.0,true,
speciesnet_v403b_geo_supported_overlap,Qwen3-VL-30B BP47,1,not_redistributed_public_staging_speciesnet_overlap_only,WBGBIF2026_E0296,Tayassu pecari,Mammalia,Ecuador,ECU,,,,Carnivora,Mammalia,low,0.5,-4.5,true,
speciesnet_v403b_geo_supported_overlap,Qwen3-VL-30B BP47,1,not_redistributed_public_staging_speciesnet_overlap_only,WBGBIF2026_E0297,Tayassu pecari,Mammalia,Ecuador,ECU,Tayassu tajacu,Tayassu,Tayassuidae,Artiodactyla,Mammalia,high,3.0,-2.0,true,species
speciesnet_v403b_geo_supported_overlap,Qwen3-VL-30B BP47,1,not_redistributed_public_staging_speciesnet_overlap_only,WBGBIF2026_E0298,Tinamus major,Aves,Ecuador,ECU,,Tinamus,Tinamidae,Tinamiformes,Aves,medium,3.0,3.0,false,
speciesnet_v403b_geo_supported_overlap,Qwen3-VL-30B BP47,1,not_redistributed_public_staging_speciesnet_overlap_only,WBGBIF2026_E0299,Tinamus major,Aves,Ecuador,ECU,Tinamus major,Tinamus,Tinamidae,Tinamiformes,Aves,medium,5.0,5.0,false,
speciesnet_v403b_geo_supported_overlap,Qwen3-VL-30B BP47,1,not_redistributed_public_staging_speciesnet_overlap_only,WBGBIF2026_E0300,Tinamus major,Aves,Ecuador,ECU,,,,,,low,0.0,0.0,false,
speciesnet_v403b_geo_supported_overlap,Qwen3-VL-30B BP47,1,not_redistributed_public_staging_speciesnet_overlap_only,WBGBIF2026_E0301,Tinamus tao,Aves,Ecuador,ECU,Nothura maculosa,Nothura,Tinamidae,Tinamiformes,Aves,medium,2.0,-3.0,true,species|genus
speciesnet_v403b_geo_supported_overlap,Qwen3-VL-30B BP47,1,not_redistributed_public_staging_speciesnet_overlap_only,WBGBIF2026_E0302,Tinamus tao,Aves,Ecuador,ECU,Laterallus leucopyrrhus,Laterallus,Rallidae,Gruiformes,Aves,medium,0.5,-4.5,true,species|genus
speciesnet_v403b_geo_supported_overlap,Qwen3-VL-30B BP47,1,not_redistributed_public_staging_speciesnet_overlap_only,WBGBIF2026_E0303,Tinamus tao,Aves,Ecuador,ECU,,,,,,low,0.0,0.0,false,
speciesnet_v403b_geo_supported_overlap,Qwen3-VL-30B BP47,1,not_redistributed_public_staging_speciesnet_overlap_only,WBGBIF2026_E0304,Tremarctos ornatus,Mammalia,Ecuador,ECU,Tremarctos ornatus,Tremarctos,Ursidae,Carnivora,Mammalia,medium,5.0,5.0,false,
speciesnet_v403b_geo_supported_overlap,Qwen3-VL-30B BP47,1,not_redistributed_public_staging_speciesnet_overlap_only,WBGBIF2026_E0305,Tremarctos ornatus,Mammalia,Ecuador,ECU,,,,,,low,0.0,0.0,false,
speciesnet_v403b_geo_supported_overlap,Qwen3-VL-30B BP47,1,not_redistributed_public_staging_speciesnet_overlap_only,WBGBIF2026_E0306,Tremarctos ornatus,Mammalia,Ecuador,ECU,Tremarctos ornatus,Tremarctos,Ursidae,Carnivora,Mammalia,high,5.0,5.0,false,
speciesnet_v403b_geo_supported_overlap,Qwen3-VL-30B BP47,1,not_redistributed_public_staging_speciesnet_overlap_only,WBGBIF2026_E0307,Troglodytes troglodytes,Aves,Belgium,BEL,,,,,,low,0.0,0.0,false,
speciesnet_v403b_geo_supported_overlap,Qwen3-VL-30B BP47,1,not_redistributed_public_staging_speciesnet_overlap_only,WBGBIF2026_E0308,Troglodytes troglodytes,Aves,Belgium,BEL,,,,,,low,0.0,0.0,false,
speciesnet_v403b_geo_supported_overlap,Qwen3-VL-30B BP47,1,not_redistributed_public_staging_speciesnet_overlap_only,WBGBIF2026_E0309,Troglodytes troglodytes,Aves,Belgium,BEL,,,,,,low,0.0,0.0,false,
speciesnet_v403b_geo_supported_overlap,Qwen3-VL-30B BP47,1,not_redistributed_public_staging_speciesnet_overlap_only,WBGBIF2026_E0310,Turdus iliacus,Aves,Belgium,BEL,Martes foina,Martes,Mustelidae,Carnivora,Mammalia,medium,0.0,-5.0,true,
speciesnet_v403b_geo_supported_overlap,Qwen3-VL-30B BP47,1,not_redistributed_public_staging_speciesnet_overlap_only,WBGBIF2026_E0311,Turdus iliacus,Aves,Belgium,BEL,,,,,,low,0.0,0.0,false,
speciesnet_v403b_geo_supported_overlap,Qwen3-VL-30B BP47,1,not_redistributed_public_staging_speciesnet_overlap_only,WBGBIF2026_E0312,Turdus iliacus,Aves,Belgium,BEL,,,,,,low,0.0,0.0,false,
speciesnet_v403b_geo_supported_overlap,Qwen3-VL-30B BP47,1,not_redistributed_public_staging_speciesnet_overlap_only,WBGBIF2026_E0313,Turdus merula,Aves,Belgium,BEL,Turdus merula,Turdus,Turdidae,Passeriformes,Aves,high,5.0,5.0,false,
speciesnet_v403b_geo_supported_overlap,Qwen3-VL-30B BP47,1,not_redistributed_public_staging_speciesnet_overlap_only,WBGBIF2026_E0314,Turdus merula,Aves,Belgium,BEL,,Turdus,Turdidae,Passeriformes,Aves,medium,3.0,3.0,false,
speciesnet_v403b_geo_supported_overlap,Qwen3-VL-30B BP47,1,not_redistributed_public_staging_speciesnet_overlap_only,WBGBIF2026_E0315,Turdus merula,Aves,Belgium,BEL,,,,,,low,0.0,0.0,false,
speciesnet_v403b_geo_supported_overlap,Qwen3-VL-30B BP47,1,not_redistributed_public_staging_speciesnet_overlap_only,WBGBIF2026_E0316,Turdus philomelos,Aves,Belgium,BEL,,,,,,low,0.0,0.0,false,
speciesnet_v403b_geo_supported_overlap,Qwen3-VL-30B BP47,1,not_redistributed_public_staging_speciesnet_overlap_only,WBGBIF2026_E0317,Turdus philomelos,Aves,Belgium,BEL,,,,,,low,0.0,0.0,false,
speciesnet_v403b_geo_supported_overlap,Qwen3-VL-30B BP47,1,not_redistributed_public_staging_speciesnet_overlap_only,WBGBIF2026_E0318,Turdus philomelos,Aves,Belgium,BEL,Turdus philomelos,Turdus,Turdidae,Passeriformes,Aves,high,5.0,5.0,false,
speciesnet_v403b_geo_supported_overlap,Qwen3-VL-30B BP47,1,not_redistributed_public_staging_speciesnet_overlap_only,WBGBIF2026_E0319,Turdus pilaris,Aves,Germany,DEU,,,,,,low,0.0,0.0,false,
speciesnet_v403b_geo_supported_overlap,Qwen3-VL-30B BP47,1,not_redistributed_public_staging_speciesnet_overlap_only,WBGBIF2026_E0320,Turdus pilaris,Aves,Germany,DEU,,,Columbidae,Columbiformes,Aves,low,0.5,-4.5,true,
speciesnet_v403b_geo_supported_overlap,Qwen3-VL-30B BP47,1,not_redistributed_public_staging_speciesnet_overlap_only,WBGBIF2026_E0321,Turdus pilaris,Aves,Luxembourg,LUX,,,,,,low,0.0,0.0,false,
speciesnet_v403b_geo_supported_overlap,Qwen3-VL-30B BP47,1,not_redistributed_public_staging_speciesnet_overlap_only,WBGBIF2026_E0325,Turdus viscivorus,Aves,Belgium,BEL,,,,,,low,0.0,0.0,false,
speciesnet_v403b_geo_supported_overlap,Qwen3-VL-30B BP47,1,not_redistributed_public_staging_speciesnet_overlap_only,WBGBIF2026_E0326,Turdus viscivorus,Aves,Belgium,BEL,Turdus philomelos,Turdus,Turdidae,Passeriformes,Aves,high,3.0,-2.0,true,
speciesnet_v403b_geo_supported_overlap,Qwen3-VL-30B BP47,1,not_redistributed_public_staging_speciesnet_overlap_only,WBGBIF2026_E0327,Turdus viscivorus,Aves,Luxembourg,LUX,Turdus philomelos,Turdus,Turdidae,Passeriformes,Aves,high,3.0,-2.0,true,
speciesnet_v403b_geo_supported_overlap,Qwen3-VL-30B BP47,1,not_redistributed_public_staging_speciesnet_overlap_only,WBGBIF2026_E0328,Vulpes vulpes,Mammalia,Belgium,BEL,,,,,,low,0.0,0.0,false,
speciesnet_v403b_geo_supported_overlap,Qwen3-VL-30B BP47,1,not_redistributed_public_staging_speciesnet_overlap_only,WBGBIF2026_E0329,Vulpes vulpes,Mammalia,Belgium,BEL,Vulpes vulpes,Vulpes,Canidae,Carnivora,Mammalia,high,5.0,5.0,false,
speciesnet_v403b_geo_supported_overlap,Qwen3-VL-30B BP47,1,not_redistributed_public_staging_speciesnet_overlap_only,WBGBIF2026_E0330,Vulpes vulpes,Mammalia,Luxembourg,LUX,Vulpes vulpes,Vulpes,Canidae,Carnivora,Mammalia,high,5.0,5.0,false,
speciesnet_v403b_geo_supported_overlap,Qwen3-VL-30B BP47,2,not_redistributed_public_staging_speciesnet_overlap_only,WBGBIF2026_E0001,Accipiter nisus,Aves,Belgium,BEL,Bubo bubo,Bubo,Strigidae,Strigiformes,Aves,high,0.5,-4.5,true,species|genus
speciesnet_v403b_geo_supported_overlap,Qwen3-VL-30B BP47,2,not_redistributed_public_staging_speciesnet_overlap_only,WBGBIF2026_E0002,Accipiter nisus,Aves,Luxembourg,LUX,Accipiter gentilis,Accipiter,Accipitridae,Accipitriformes,Aves,high,3.0,-2.0,true,species
speciesnet_v403b_geo_supported_overlap,Qwen3-VL-30B BP47,2,not_redistributed_public_staging_speciesnet_overlap_only,WBGBIF2026_E0003,Accipiter nisus,Aves,Luxembourg,LUX,Accipiter nisus,Accipiter,Accipitridae,Accipitriformes,Aves,high,5.0,5.0,false,
speciesnet_v403b_geo_supported_overlap,Qwen3-VL-30B BP47,2,not_redistributed_public_staging_speciesnet_overlap_only,WBGBIF2026_E0007,Alopochen aegyptiaca,Aves,Belgium,BEL,,,,,,low,0.0,0.0,false,
speciesnet_v403b_geo_supported_overlap,Qwen3-VL-30B BP47,2,not_redistributed_public_staging_speciesnet_overlap_only,WBGBIF2026_E0008,Alopochen aegyptiaca,Aves,Belgium,BEL,Alopochen aegyptiaca,Alopochen,Anatidae,Anseriformes,Aves,high,5.0,5.0,false,
speciesnet_v403b_geo_supported_overlap,Qwen3-VL-30B BP47,2,not_redistributed_public_staging_speciesnet_overlap_only,WBGBIF2026_E0009,Alopochen aegyptiaca,Aves,Belgium,BEL,,,,,,low,0.0,0.0,false,
speciesnet_v403b_geo_supported_overlap,Qwen3-VL-30B BP47,2,not_redistributed_public_staging_speciesnet_overlap_only,WBGBIF2026_E0010,Anas platyrhynchos,Aves,Belgium,BEL,,,,,,low,0.0,0.0,false,
speciesnet_v403b_geo_supported_overlap,Qwen3-VL-30B BP47,2,not_redistributed_public_staging_speciesnet_overlap_only,WBGBIF2026_E0011,Anas platyrhynchos,Aves,Belgium,BEL,,,,,,low,0.0,0.0,false,
speciesnet_v403b_geo_supported_overlap,Qwen3-VL-30B BP47,2,not_redistributed_public_staging_speciesnet_overlap_only,WBGBIF2026_E0012,Anas platyrhynchos,Aves,Belgium,BEL,Anas platyrhynchos,Anas,Anatidae,Anseriformes,Aves,high,5.0,5.0,false,
speciesnet_v403b_geo_supported_overlap,Qwen3-VL-30B BP47,2,not_redistributed_public_staging_speciesnet_overlap_only,WBGBIF2026_E0013,Apodemus sylvaticus,Mammalia,Belgium,BEL,Apodemus sylvaticus,Apodemus,Muridae,Rodentia,Mammalia,medium,5.0,5.0,false,
speciesnet_v403b_geo_supported_overlap,Qwen3-VL-30B BP47,2,not_redistributed_public_staging_speciesnet_overlap_only,WBGBIF2026_E0014,Apodemus sylvaticus,Mammalia,Belgium,BEL,,Apodemus,Muridae,Rodentia,Mammalia,low,3.0,3.0,false,
speciesnet_v403b_geo_supported_overlap,Qwen3-VL-30B BP47,2,not_redistributed_public_staging_speciesnet_overlap_only,WBGBIF2026_E0015,Apodemus sylvaticus,Mammalia,Belgium,BEL,Muscardinus avellanarius,Muscardinus,Gliridae,Rodentia,Mammalia,medium,1.0,-4.0,true,species|genus|family
speciesnet_v403b_geo_supported_overlap,Qwen3-VL-30B BP47,2,not_redistributed_public_staging_speciesnet_overlap_only,WBGBIF2026_E0016,Ardea cinerea,Aves,Belgium,BEL,Ardea cinerea,Ardea,Ardeidae,Pelecaniformes,Aves,high,5.0,5.0,false,
speciesnet_v403b_geo_supported_overlap,Qwen3-VL-30B BP47,2,not_redistributed_public_staging_speciesnet_overlap_only,WBGBIF2026_E0017,Ardea cinerea,Aves,Belgium,BEL,,,,,,low,0.0,0.0,false,
speciesnet_v403b_geo_supported_overlap,Qwen3-VL-30B BP47,2,not_redistributed_public_staging_speciesnet_overlap_only,WBGBIF2026_E0018,Ardea cinerea,Aves,Belgium,BEL,,,,,,low,0.0,0.0,false,
speciesnet_v403b_geo_supported_overlap,Qwen3-VL-30B BP47,2,not_redistributed_public_staging_speciesnet_overlap_only,WBGBIF2026_E0019,Atelocynus microtis,Mammalia,Ecuador,ECU,Potos flavus,Potos,Procyonidae,Carnivora,Mammalia,high,1.0,-4.0,true,
speciesnet_v403b_geo_supported_overlap,Qwen3-VL-30B BP47,2,not_redistributed_public_staging_speciesnet_overlap_only,WBGBIF2026_E0020,Atelocynus microtis,Mammalia,Ecuador,ECU,,,,,,low,0.0,0.0,false,
speciesnet_v403b_geo_supported_overlap,Qwen3-VL-30B BP47,2,not_redistributed_public_staging_speciesnet_overlap_only,WBGBIF2026_E0021,Atelocynus microtis,Mammalia,Ecuador,ECU,,,,,,low,0.0,0.0,false,
speciesnet_v403b_geo_supported_overlap,Qwen3-VL-30B BP47,2,not_redistributed_public_staging_speciesnet_overlap_only,WBGBIF2026_E0022,Bos taurus,Mammalia,Belgium,BEL,Sus scrofa,Sus,Suidae,Artiodactyla,Mammalia,medium,1.0,-4.0,true,
speciesnet_v403b_geo_supported_overlap,Qwen3-VL-30B BP47,2,not_redistributed_public_staging_speciesnet_overlap_only,WBGBIF2026_E0023,Bos taurus,Mammalia,Ecuador,ECU,Pecari tajacu,Pecari,Tayassuidae,Artiodactyla,Mammalia,medium,1.0,-4.0,true,
speciesnet_v403b_geo_supported_overlap,Qwen3-VL-30B BP47,2,not_redistributed_public_staging_speciesnet_overlap_only,WBGBIF2026_E0024,Bos taurus,Mammalia,Ecuador,ECU,,Mazama,Cervidae,Artiodactyla,Mammalia,medium,1.0,-4.0,true,
speciesnet_v403b_geo_supported_overlap,Qwen3-VL-30B BP47,2,not_redistributed_public_staging_speciesnet_overlap_only,WBGBIF2026_E0028,Buteo buteo,Aves,Belgium,BEL,Sus scrofa,Sus,Suidae,Artiodactyla,Mammalia,high,0.0,-5.0,true,
speciesnet_v403b_geo_supported_overlap,Qwen3-VL-30B BP47,2,not_redistributed_public_staging_speciesnet_overlap_only,WBGBIF2026_E0029,Buteo buteo,Aves,Luxembourg,LUX,Buteo buteo,Buteo,Accipitridae,Accipitriformes,Aves,high,5.0,5.0,false,
speciesnet_v403b_geo_supported_overlap,Qwen3-VL-30B BP47,2,not_redistributed_public_staging_speciesnet_overlap_only,WBGBIF2026_E0030,Buteo buteo,Aves,Belgium,BEL,Buteo buteo,Buteo,Accipitridae,Accipitriformes,Aves,high,5.0,5.0,false,
speciesnet_v403b_geo_supported_overlap,Qwen3-VL-30B BP47,2,not_redistributed_public_staging_speciesnet_overlap_only,WBGBIF2026_E0034,Capreolus capreolus,Mammalia,Luxembourg,LUX,Cervus elaphus,Cervus,Cervidae,Artiodactyla,Mammalia,medium,2.0,-3.0,true,
speciesnet_v403b_geo_supported_overlap,Qwen3-VL-30B BP47,2,not_redistributed_public_staging_speciesnet_overlap_only,WBGBIF2026_E0035,Capreolus capreolus,Mammalia,Luxembourg,LUX,Capreolus capreolus,Capreolus,Cervidae,Artiodactyla,Mammalia,high,5.0,5.0,false,
speciesnet_v403b_geo_supported_overlap,Qwen3-VL-30B BP47,2,not_redistributed_public_staging_speciesnet_overlap_only,WBGBIF2026_E0036,Capreolus capreolus,Mammalia,Luxembourg,LUX,Capreolus capreolus,Capreolus,Cervidae,Artiodactyla,Mammalia,high,5.0,5.0,false,
speciesnet_v403b_geo_supported_overlap,Qwen3-VL-30B BP47,2,not_redistributed_public_staging_speciesnet_overlap_only,WBGBIF2026_E0037,Castor fiber,Mammalia,Belgium,BEL,,,,,,low,0.0,0.0,false,
speciesnet_v403b_geo_supported_overlap,Qwen3-VL-30B BP47,2,not_redistributed_public_staging_speciesnet_overlap_only,WBGBIF2026_E0038,Castor fiber,Mammalia,Belgium,BEL,,,,,,low,0.0,0.0,false,
speciesnet_v403b_geo_supported_overlap,Qwen3-VL-30B BP47,2,not_redistributed_public_staging_speciesnet_overlap_only,WBGBIF2026_E0039,Castor fiber,Mammalia,Belgium,BEL,Castor fiber,Castor,Castoridae,Rodentia,Mammalia,high,5.0,5.0,false,
speciesnet_v403b_geo_supported_overlap,Qwen3-VL-30B BP47,2,not_redistributed_public_staging_speciesnet_overlap_only,WBGBIF2026_E0040,Cervus elaphus,Mammalia,Luxembourg,LUX,Capreolus capreolus,Capreolus,Cervidae,Artiodactyla,Mammalia,high,2.0,-3.0,true,
speciesnet_v403b_geo_supported_overlap,Qwen3-VL-30B BP47,2,not_redistributed_public_staging_speciesnet_overlap_only,WBGBIF2026_E0041,Cervus elaphus,Mammalia,Luxembourg,LUX,Cervus elaphus,Cervus,Cervidae,Artiodactyla,Mammalia,high,5.0,5.0,false,
speciesnet_v403b_geo_supported_overlap,Qwen3-VL-30B BP47,2,not_redistributed_public_staging_speciesnet_overlap_only,WBGBIF2026_E0042,Cervus elaphus,Mammalia,Luxembourg,LUX,Capreolus capreolus,Capreolus,Cervidae,Artiodactyla,Mammalia,high,2.0,-3.0,true,
speciesnet_v403b_geo_supported_overlap,Qwen3-VL-30B BP47,2,not_redistributed_public_staging_speciesnet_overlap_only,WBGBIF2026_E0055,Columba palumbus,Aves,Belgium,BEL,Columba palumbus,Columba,Columbidae,Columbiformes,Aves,high,5.0,5.0,false,
speciesnet_v403b_geo_supported_overlap,Qwen3-VL-30B BP47,2,not_redistributed_public_staging_speciesnet_overlap_only,WBGBIF2026_E0056,Columba palumbus,Aves,Belgium,BEL,,,,,,low,0.0,0.0,false,
speciesnet_v403b_geo_supported_overlap,Qwen3-VL-30B BP47,2,not_redistributed_public_staging_speciesnet_overlap_only,WBGBIF2026_E0057,Columba palumbus,Aves,Belgium,BEL,,Anser,Anatidae,Anseriformes,Aves,low,0.5,-4.5,true,genus
speciesnet_v403b_geo_supported_overlap,Qwen3-VL-30B BP47,2,not_redistributed_public_staging_speciesnet_overlap_only,WBGBIF2026_E0058,Corvus corone,Aves,Belgium,BEL,Corvus corax,Corvus,Corvidae,Passeriformes,Aves,medium,3.0,-2.0,true,species
speciesnet_v403b_geo_supported_overlap,Qwen3-VL-30B BP47,2,not_redistributed_public_staging_speciesnet_overlap_only,WBGBIF2026_E0059,Corvus corone,Aves,Luxembourg,LUX,,,,,,low,0.0,0.0,false,
speciesnet_v403b_geo_supported_overlap,Qwen3-VL-30B BP47,2,not_redistributed_public_staging_speciesnet_overlap_only,WBGBIF2026_E0060,Corvus corone,Aves,Belgium,BEL,,,,,,low,0.0,0.0,false,
speciesnet_v403b_geo_supported_overlap,Qwen3-VL-30B BP47,2,not_redistributed_public_staging_speciesnet_overlap_only,WBGBIF2026_E0061,Corvus frugilegus,Aves,Luxembourg,LUX,,,,,,low,0.0,0.0,false,
speciesnet_v403b_geo_supported_overlap,Qwen3-VL-30B BP47,2,not_redistributed_public_staging_speciesnet_overlap_only,WBGBIF2026_E0062,Corvus frugilegus,Aves,Luxembourg,LUX,Corvus corone,Corvus,Corvidae,Passeriformes,Aves,high,3.0,-2.0,true,
speciesnet_v403b_geo_supported_overlap,Qwen3-VL-30B BP47,2,not_redistributed_public_staging_speciesnet_overlap_only,WBGBIF2026_E0063,Corvus frugilegus,Aves,Luxembourg,LUX,Corvus corax,Corvus,Corvidae,Passeriformes,Aves,medium,3.0,-2.0,true,species
speciesnet_v403b_geo_supported_overlap,Qwen3-VL-30B BP47,2,not_redistributed_public_staging_speciesnet_overlap_only,WBGBIF2026_E0064,Cuniculus paca,Mammalia,Ecuador,ECU,Dasyprocta variegata,Dasyprocta,Dasyproctidae,Rodentia,Mammalia,high,1.0,-4.0,true,species
speciesnet_v403b_geo_supported_overlap,Qwen3-VL-30B BP47,2,not_redistributed_public_staging_speciesnet_overlap_only,WBGBIF2026_E0065,Cuniculus paca,Mammalia,Ecuador,ECU,,,,,,low,0.0,0.0,false,
speciesnet_v403b_geo_supported_overlap,Qwen3-VL-30B BP47,2,not_redistributed_public_staging_speciesnet_overlap_only,WBGBIF2026_E0066,Cuniculus paca,Mammalia,Ecuador,ECU,Tapirus bairdii,Tapirus,Tapiridae,Perissodactyla,Mammalia,high,0.5,-4.5,true,species
speciesnet_v403b_geo_supported_overlap,Qwen3-VL-30B BP47,2,not_redistributed_public_staging_speciesnet_overlap_only,WBGBIF2026_E0070,Dama dama,Mammalia,Belgium,BEL,Dama dama,Dama,Cervidae,Artiodactyla,Mammalia,high,5.0,5.0,false,
speciesnet_v403b_geo_supported_overlap,Qwen3-VL-30B BP47,2,not_redistributed_public_staging_speciesnet_overlap_only,WBGBIF2026_E0071,Dama dama,Mammalia,Belgium,BEL,,,,,,low,0.0,0.0,false,
speciesnet_v403b_geo_supported_overlap,Qwen3-VL-30B BP47,2,not_redistributed_public_staging_speciesnet_overlap_only,WBGBIF2026_E0072,Dama dama,Mammalia,Belgium,BEL,Capreolus capreolus,Capreolus,Cervidae,Artiodactyla,Mammalia,medium,2.0,-3.0,true,
speciesnet_v403b_geo_supported_overlap,Qwen3-VL-30B BP47,2,not_redistributed_public_staging_speciesnet_overlap_only,WBGBIF2026_E0073,Dasyprocta fuliginosa,Mammalia,Ecuador,ECU,Nasua nasua,Nasua,Procyonidae,Carnivora,Mammalia,medium,0.5,-4.5,true,
speciesnet_v403b_geo_supported_overlap,Qwen3-VL-30B BP47,2,not_redistributed_public_staging_speciesnet_overlap_only,WBGBIF2026_E0074,Dasyprocta fuliginosa,Mammalia,Ecuador,ECU,,,,,,low,0.0,0.0,false,
speciesnet_v403b_geo_supported_overlap,Qwen3-VL-30B BP47,2,not_redistributed_public_staging_speciesnet_overlap_only,WBGBIF2026_E0075,Dasyprocta fuliginosa,Mammalia,Ecuador,ECU,Proechimys semispinosus,Proechimys,Echimyidae,Rodentia,Mammalia,medium,1.0,-4.0,true,
speciesnet_v403b_geo_supported_overlap,Qwen3-VL-30B BP47,2,not_redistributed_public_staging_speciesnet_overlap_only,WBGBIF2026_E0076,Dasyprocta punctata,Mammalia,Ecuador,ECU,Dasyprocta punctata,Dasyprocta,Dasyproctidae,Rodentia,Mammalia,medium,5.0,5.0,false,
speciesnet_v403b_geo_supported_overlap,Qwen3-VL-30B BP47,2,not_redistributed_public_staging_speciesnet_overlap_only,WBGBIF2026_E0077,Dasyprocta punctata,Mammalia,Ecuador,ECU,Didelphis marsupialis,Didelphis,Didelphidae,Didelphimorphia,Mammalia,medium,0.5,-4.5,true,
speciesnet_v403b_geo_supported_overlap,Qwen3-VL-30B BP47,2,not_redistributed_public_staging_speciesnet_overlap_only,WBGBIF2026_E0078,Dasyprocta punctata,Mammalia,Ecuador,ECU,,,,,,low,0.0,0.0,false,
speciesnet_v403b_geo_supported_overlap,Qwen3-VL-30B BP47,2,not_redistributed_public_staging_speciesnet_overlap_only,WBGBIF2026_E0079,Dasypus novemcinctus,Mammalia,Ecuador,ECU,,,,Rodentia,Mammalia,low,0.5,-4.5,true,
speciesnet_v403b_geo_supported_overlap,Qwen3-VL-30B BP47,2,not_redistributed_public_staging_speciesnet_overlap_only,WBGBIF2026_E0080,Dasypus novemcinctus,Mammalia,Ecuador,ECU,Tolypeutes tricinctus,Tolypeutes,Chlamyphoridae,Cingulata,Mammalia,medium,1.0,-4.0,true,species|genus|family
speciesnet_v403b_geo_supported_overlap,Qwen3-VL-30B BP47,2,not_redistributed_public_staging_speciesnet_overlap_only,WBGBIF2026_E0081,Dasypus novemcinctus,Mammalia,Ecuador,ECU,Zaedyus pichiy,Zaedyus,Chlamyphoridae,Cingulata,Mammalia,high,1.0,-4.0,true,species|genus|family
speciesnet_v403b_geo_supported_overlap,Qwen3-VL-30B BP47,2,not_redistributed_public_staging_speciesnet_overlap_only,WBGBIF2026_E0082,Dendrocopos major,Aves,Belgium,BEL,Dendrocopos major,Dendrocopos,Picidae,Piciformes,Aves,high,5.0,5.0,false,
speciesnet_v403b_geo_supported_overlap,Qwen3-VL-30B BP47,2,not_redistributed_public_staging_speciesnet_overlap_only,WBGBIF2026_E0083,Dendrocopos major,Aves,Belgium,BEL,Pica pica,Pica,Corvidae,Passeriformes,Aves,high,0.5,-4.5,true,
speciesnet_v403b_geo_supported_overlap,Qwen3-VL-30B BP47,2,not_redistributed_public_staging_speciesnet_overlap_only,WBGBIF2026_E0084,Dendrocopos major,Aves,Belgium,BEL,,,,,,low,0.0,0.0,false,
speciesnet_v403b_geo_supported_overlap,Qwen3-VL-30B BP47,2,not_redistributed_public_staging_speciesnet_overlap_only,WBGBIF2026_E0088,Didelphis marsupialis,Mammalia,Ecuador,ECU,Nasua nasua,Nasua,Procyonidae,Carnivora,Mammalia,high,0.5,-4.5,true,
speciesnet_v403b_geo_supported_overlap,Qwen3-VL-30B BP47,2,not_redistributed_public_staging_speciesnet_overlap_only,WBGBIF2026_E0089,Didelphis marsupialis,Mammalia,Ecuador,ECU,,,,,,low,0.0,0.0,false,
speciesnet_v403b_geo_supported_overlap,Qwen3-VL-30B BP47,2,not_redistributed_public_staging_speciesnet_overlap_only,WBGBIF2026_E0090,Didelphis marsupialis,Mammalia,Ecuador,ECU,,Didelphis,Didelphidae,Didelphimorphia,Mammalia,medium,3.0,3.0,false,
speciesnet_v403b_geo_supported_overlap,Qwen3-VL-30B BP47,2,not_redistributed_public_staging_speciesnet_overlap_only,WBGBIF2026_E0091,Dryocopus martius,Aves,Belgium,BEL,Dryocopus martius,Dryocopus,Picidae,Piciformes,Aves,high,5.0,5.0,false,
speciesnet_v403b_geo_supported_overlap,Qwen3-VL-30B BP47,2,not_redistributed_public_staging_speciesnet_overlap_only,WBGBIF2026_E0092,Dryocopus martius,Aves,Belgium,BEL,Tetrao tetrix,Tetrao,Phasianidae,Galliformes,Aves,medium,0.5,-4.5,true,species|genus
speciesnet_v403b_geo_supported_overlap,Qwen3-VL-30B BP47,2,not_redistributed_public_staging_speciesnet_overlap_only,WBGBIF2026_E0093,Dryocopus martius,Aves,Luxembourg,LUX,Dryocopus martius,Dryocopus,Picidae,Piciformes,Aves,high,5.0,5.0,false,
speciesnet_v403b_geo_supported_overlap,Qwen3-VL-30B BP47,2,not_redistributed_public_staging_speciesnet_overlap_only,WBGBIF2026_E0094,Eira barbara,Mammalia,Ecuador,ECU,Potos flavus,Potos,Procyonidae,Carnivora,Mammalia,medium,1.0,-4.0,true,
speciesnet_v403b_geo_supported_overlap,Qwen3-VL-30B BP47,2,not_redistributed_public_staging_speciesnet_overlap_only,WBGBIF2026_E0095,Eira barbara,Mammalia,Ecuador,ECU,Nasua nasua,Nasua,Procyonidae,Carnivora,Mammalia,medium,1.0,-4.0,true,
speciesnet_v403b_geo_supported_overlap,Qwen3-VL-30B BP47,2,not_redistributed_public_staging_speciesnet_overlap_only,WBGBIF2026_E0096,Eira barbara,Mammalia,Ecuador,ECU,null,Eira,Mustelidae,Carnivora,Mammalia,medium,3.0,3.0,false,
speciesnet_v403b_geo_supported_overlap,Qwen3-VL-30B BP47,2,not_redistributed_public_staging_speciesnet_overlap_only,WBGBIF2026_E0103,Erinaceus europaeus,Mammalia,Belgium,BEL,,,,,,low,0.0,0.0,false,
speciesnet_v403b_geo_supported_overlap,Qwen3-VL-30B BP47,2,not_redistributed_public_staging_speciesnet_overlap_only,WBGBIF2026_E0104,Erinaceus europaeus,Mammalia,Belgium,BEL,Erinaceus europaeus,Erinaceus,Erinaceidae,Erinaceomorpha,Mammalia,high,5.0,5.0,false,
speciesnet_v403b_geo_supported_overlap,Qwen3-VL-30B BP47,2,not_redistributed_public_staging_speciesnet_overlap_only,WBGBIF2026_E0105,Erinaceus europaeus,Mammalia,Belgium,BEL,,,,,,low,0.0,0.0,false,
speciesnet_v403b_geo_supported_overlap,Qwen3-VL-30B BP47,2,not_redistributed_public_staging_speciesnet_overlap_only,WBGBIF2026_E0106,Erithacus rubecula,Aves,Germany,DEU,Erithacus rubecula,Erithacus,Turdidae,Passeriformes,Aves,high,5.0,0.0,true,
speciesnet_v403b_geo_supported_overlap,Qwen3-VL-30B BP47,2,not_redistributed_public_staging_speciesnet_overlap_only,WBGBIF2026_E0107,Erithacus rubecula,Aves,Belgium,BEL,,,,,,low,0.0,0.0,false,
speciesnet_v403b_geo_supported_overlap,Qwen3-VL-30B BP47,2,not_redistributed_public_staging_speciesnet_overlap_only,WBGBIF2026_E0108,Erithacus rubecula,Aves,Belgium,BEL,,,,,,low,0.0,0.0,false,
speciesnet_v403b_geo_supported_overlap,Qwen3-VL-30B BP47,2,not_redistributed_public_staging_speciesnet_overlap_only,WBGBIF2026_E0109,Falco tinnunculus,Aves,Luxembourg,LUX,Falco tinnunculus,Falco,Falconidae,Falconiformes,Aves,high,5.0,5.0,false,
speciesnet_v403b_geo_supported_overlap,Qwen3-VL-30B BP47,2,not_redistributed_public_staging_speciesnet_overlap_only,WBGBIF2026_E0110,Falco tinnunculus,Aves,Luxembourg,LUX,Buteo buteo,Buteo,Accipitridae,Accipitriformes,Aves,high,0.5,-4.5,true,
speciesnet_v403b_geo_supported_overlap,Qwen3-VL-30B BP47,2,not_redistributed_public_staging_speciesnet_overlap_only,WBGBIF2026_E0111,Falco tinnunculus,Aves,Luxembourg,LUX,Falco tinnunculus,Falco,Falconidae,Falconiformes,Aves,high,5.0,5.0,false,
speciesnet_v403b_geo_supported_overlap,Qwen3-VL-30B BP47,2,not_redistributed_public_staging_speciesnet_overlap_only,WBGBIF2026_E0112,Felis catus,Mammalia,Belgium,BEL,Meles meles,Meles,Mustelidae,Carnivora,Mammalia,high,1.0,-4.0,true,
speciesnet_v403b_geo_supported_overlap,Qwen3-VL-30B BP47,2,not_redistributed_public_staging_speciesnet_overlap_only,WBGBIF2026_E0113,Felis catus,Mammalia,Belgium,BEL,Felis silvestris,Felis,Felidae,Carnivora,Mammalia,medium,3.0,-2.0,true,
speciesnet_v403b_geo_supported_overlap,Qwen3-VL-30B BP47,2,not_redistributed_public_staging_speciesnet_overlap_only,WBGBIF2026_E0114,Felis catus,Mammalia,Belgium,BEL,Vulpes vulpes,Vulpes,Canidae,Carnivora,Mammalia,high,1.0,-4.0,true,
speciesnet_v403b_geo_supported_overlap,Qwen3-VL-30B BP47,2,not_redistributed_public_staging_speciesnet_overlap_only,WBGBIF2026_E0115,Felis silvestris,Mammalia,Luxembourg,LUX,Meles meles,Meles,Mustelidae,Carnivora,Mammalia,high,1.0,-4.0,true,
speciesnet_v403b_geo_supported_overlap,Qwen3-VL-30B BP47,2,not_redistributed_public_staging_speciesnet_overlap_only,WBGBIF2026_E0116,Felis silvestris,Mammalia,Luxembourg,LUX,Felis silvestris,Felis,Felidae,Carnivora,Mammalia,high,5.0,5.0,false,
speciesnet_v403b_geo_supported_overlap,Qwen3-VL-30B BP47,2,not_redistributed_public_staging_speciesnet_overlap_only,WBGBIF2026_E0117,Felis silvestris,Mammalia,Luxembourg,LUX,Felis silvestris,Felis,Felidae,Carnivora,Mammalia,high,5.0,5.0,false,
speciesnet_v403b_geo_supported_overlap,Qwen3-VL-30B BP47,2,not_redistributed_public_staging_speciesnet_overlap_only,WBGBIF2026_E0118,Fringilla coelebs,Aves,Germany,DEU,Fringilla coelebs,Fringilla,Fringillidae,Passeriformes,Aves,high,5.0,5.0,false,
speciesnet_v403b_geo_supported_overlap,Qwen3-VL-30B BP47,2,not_redistributed_public_staging_speciesnet_overlap_only,WBGBIF2026_E0119,Fringilla coelebs,Aves,Luxembourg,LUX,,,,,,low,0.0,0.0,false,
speciesnet_v403b_geo_supported_overlap,Qwen3-VL-30B BP47,2,not_redistributed_public_staging_speciesnet_overlap_only,WBGBIF2026_E0120,Fringilla coelebs,Aves,Luxembourg,LUX,Chloris chloris,Chloris,Fringillidae,Passeriformes,Aves,high,2.0,-3.0,true,
speciesnet_v403b_geo_supported_overlap,Qwen3-VL-30B BP47,2,not_redistributed_public_staging_speciesnet_overlap_only,WBGBIF2026_E0127,Gallinula chloropus,Aves,Luxembourg,LUX,Gallinula chloropus,Gallinula,Rallidae,Gruiformes,Aves,high,5.0,5.0,false,
speciesnet_v403b_geo_supported_overlap,Qwen3-VL-30B BP47,2,not_redistributed_public_staging_speciesnet_overlap_only,WBGBIF2026_E0128,Gallinula chloropus,Aves,Luxembourg,LUX,,,,,,low,0.0,0.0,false,
speciesnet_v403b_geo_supported_overlap,Qwen3-VL-30B BP47,2,not_redistributed_public_staging_speciesnet_overlap_only,WBGBIF2026_E0129,Gallinula chloropus,Aves,Luxembourg,LUX,Gallinula chloropus,Gallinula,Rallidae,Gruiformes,Aves,high,5.0,5.0,false,
speciesnet_v403b_geo_supported_overlap,Qwen3-VL-30B BP47,2,not_redistributed_public_staging_speciesnet_overlap_only,WBGBIF2026_E0130,Garrulus glandarius,Aves,Luxembourg,LUX,Garrulus glandarius,Garrulus,Corvidae,Passeriformes,Aves,high,5.0,5.0,false,
speciesnet_v403b_geo_supported_overlap,Qwen3-VL-30B BP47,2,not_redistributed_public_staging_speciesnet_overlap_only,WBGBIF2026_E0131,Garrulus glandarius,Aves,Luxembourg,LUX,Garrulus glandarius,Garrulus,Corvidae,Passeriformes,Aves,high,5.0,5.0,false,
speciesnet_v403b_geo_supported_overlap,Qwen3-VL-30B BP47,2,not_redistributed_public_staging_speciesnet_overlap_only,WBGBIF2026_E0132,Garrulus glandarius,Aves,Belgium,BEL,,,,,,low,0.0,0.0,false,
speciesnet_v403b_geo_supported_overlap,Qwen3-VL-30B BP47,2,not_redistributed_public_staging_speciesnet_overlap_only,WBGBIF2026_E0136,Leopardus pardalis,Mammalia,Ecuador,ECU,Leopardus guttulus,Leopardus,Felidae,Carnivora,Mammalia,medium,3.0,-2.0,true,species
speciesnet_v403b_geo_supported_overlap,Qwen3-VL-30B BP47,2,not_redistributed_public_staging_speciesnet_overlap_only,WBGBIF2026_E0137,Leopardus pardalis,Mammalia,Ecuador,ECU,Leopardus pardalis,Leopardus,Felidae,Carnivora,Mammalia,high,5.0,5.0,false,
speciesnet_v403b_geo_supported_overlap,Qwen3-VL-30B BP47,2,not_redistributed_public_staging_speciesnet_overlap_only,WBGBIF2026_E0138,Leopardus pardalis,Mammalia,Ecuador,ECU,Leopardus wiedii,Leopardus,Felidae,Carnivora,Mammalia,medium,3.0,-2.0,true,
speciesnet_v403b_geo_supported_overlap,Qwen3-VL-30B BP47,2,not_redistributed_public_staging_speciesnet_overlap_only,WBGBIF2026_E0139,Leopardus wiedii,Mammalia,Ecuador,ECU,Leopardus pardalis,Leopardus,Felidae,Carnivora,Mammalia,high,3.0,-2.0,true,
speciesnet_v403b_geo_supported_overlap,Qwen3-VL-30B BP47,2,not_redistributed_public_staging_speciesnet_overlap_only,WBGBIF2026_E0140,Leopardus wiedii,Mammalia,Ecuador,ECU,Leopardus pardalis,Leopardus,Felidae,Carnivora,Mammalia,high,3.0,-2.0,true,
speciesnet_v403b_geo_supported_overlap,Qwen3-VL-30B BP47,2,not_redistributed_public_staging_speciesnet_overlap_only,WBGBIF2026_E0141,Leopardus wiedii,Mammalia,Ecuador,ECU,Leopardus guttulus,Leopardus,Felidae,Carnivora,Mammalia,low,3.0,-2.0,true,species
speciesnet_v403b_geo_supported_overlap,Qwen3-VL-30B BP47,2,not_redistributed_public_staging_speciesnet_overlap_only,WBGBIF2026_E0142,Lepus europaeus,Mammalia,Belgium,BEL,,,,,,low,0.0,0.0,false,
speciesnet_v403b_geo_supported_overlap,Qwen3-VL-30B BP47,2,not_redistributed_public_staging_speciesnet_overlap_only,WBGBIF2026_E0143,Lepus europaeus,Mammalia,Luxembourg,LUX,Lepus europaeus,Lepus,Leporidae,Lagomorpha,Mammalia,high,5.0,5.0,false,
speciesnet_v403b_geo_supported_overlap,Qwen3-VL-30B BP47,2,not_redistributed_public_staging_speciesnet_overlap_only,WBGBIF2026_E0144,Lepus europaeus,Mammalia,Belgium,BEL,,,,,,low,0.0,0.0,false,
speciesnet_v403b_geo_supported_overlap,Qwen3-VL-30B BP47,2,not_redistributed_public_staging_speciesnet_overlap_only,WBGBIF2026_E0151,Martes foina,Mammalia,Luxembourg,LUX,Martes martes,Martes,Mustelidae,Carnivora,Mammalia,high,3.0,-2.0,true,
speciesnet_v403b_geo_supported_overlap,Qwen3-VL-30B BP47,2,not_redistributed_public_staging_speciesnet_overlap_only,WBGBIF2026_E0152,Martes foina,Mammalia,Belgium,BEL,Mustela nivalis,Mustela,Mustelidae,Carnivora,Mammalia,medium,2.0,-3.0,true,
speciesnet_v403b_geo_supported_overlap,Qwen3-VL-30B BP47,2,not_redistributed_public_staging_speciesnet_overlap_only,WBGBIF2026_E0153,Martes foina,Mammalia,Belgium,BEL,Mustela nivalis,Mustela,Mustelidae,Carnivora,Mammalia,high,2.0,-3.0,true,
speciesnet_v403b_geo_supported_overlap,Qwen3-VL-30B BP47,2,not_redistributed_public_staging_speciesnet_overlap_only,WBGBIF2026_E0154,Martes martes,Mammalia,Luxembourg,LUX,Procyon lotor,Procyon,Procyonidae,Carnivora,Mammalia,high,1.0,-4.0,true,
speciesnet_v403b_geo_supported_overlap,Qwen3-VL-30B BP47,2,not_redistributed_public_staging_speciesnet_overlap_only,WBGBIF2026_E0155,Martes martes,Mammalia,Luxembourg,LUX,Mustela putorius,Mustela,Mustelidae,Carnivora,Mammalia,high,2.0,-3.0,true,
speciesnet_v403b_geo_supported_overlap,Qwen3-VL-30B BP47,2,not_redistributed_public_staging_speciesnet_overlap_only,WBGBIF2026_E0156,Martes martes,Mammalia,Luxembourg,LUX,,,,,,low,0.0,0.0,false,
speciesnet_v403b_geo_supported_overlap,Qwen3-VL-30B BP47,2,not_redistributed_public_staging_speciesnet_overlap_only,WBGBIF2026_E0157,Mazama americana,Mammalia,Ecuador,ECU,,Mazama,Cervidae,Artiodactyla,Mammalia,medium,3.0,3.0,false,
speciesnet_v403b_geo_supported_overlap,Qwen3-VL-30B BP47,2,not_redistributed_public_staging_speciesnet_overlap_only,WBGBIF2026_E0158,Mazama americana,Mammalia,Ecuador,ECU,null,Mazama,Cervidae,Artiodactyla,Mammalia,low,3.0,3.0,false,
speciesnet_v403b_geo_supported_overlap,Qwen3-VL-30B BP47,2,not_redistributed_public_staging_speciesnet_overlap_only,WBGBIF2026_E0159,Mazama americana,Mammalia,Ecuador,ECU,Odocoileus virginianus,Odocoileus,Cervidae,Artiodactyla,Mammalia,medium,2.0,-3.0,true,species|genus
speciesnet_v403b_geo_supported_overlap,Qwen3-VL-30B BP47,2,not_redistributed_public_staging_speciesnet_overlap_only,WBGBIF2026_E0160,Mazama gouazoubira,Mammalia,Ecuador,ECU,Mazama gouazoubira,Mazama,Cervidae,Artiodactyla,Mammalia,medium,5.0,5.0,false,
speciesnet_v403b_geo_supported_overlap,Qwen3-VL-30B BP47,2,not_redistributed_public_staging_speciesnet_overlap_only,WBGBIF2026_E0161,Mazama gouazoubira,Mammalia,Ecuador,ECU,Mazama gouazoubira,Mazama,Cervidae,Artiodactyla,Mammalia,medium,5.0,5.0,false,
speciesnet_v403b_geo_supported_overlap,Qwen3-VL-30B BP47,2,not_redistributed_public_staging_speciesnet_overlap_only,WBGBIF2026_E0162,Mazama gouazoubira,Mammalia,Ecuador,ECU,,,,,,low,0.0,0.0,false,
speciesnet_v403b_geo_supported_overlap,Qwen3-VL-30B BP47,2,not_redistributed_public_staging_speciesnet_overlap_only,WBGBIF2026_E0163,Meles meles,Mammalia,Luxembourg,LUX,Meles meles,Meles,Mustelidae,Carnivora,Mammalia,high,5.0,5.0,false,
speciesnet_v403b_geo_supported_overlap,Qwen3-VL-30B BP47,2,not_redistributed_public_staging_speciesnet_overlap_only,WBGBIF2026_E0164,Meles meles,Mammalia,Luxembourg,LUX,Meles meles,Meles,Mustelidae,Carnivora,Mammalia,high,5.0,5.0,false,
speciesnet_v403b_geo_supported_overlap,Qwen3-VL-30B BP47,2,not_redistributed_public_staging_speciesnet_overlap_only,WBGBIF2026_E0165,Meles meles,Mammalia,Belgium,BEL,,,,,,low,0.0,0.0,false,
speciesnet_v403b_geo_supported_overlap,Qwen3-VL-30B BP47,2,not_redistributed_public_staging_speciesnet_overlap_only,WBGBIF2026_E0166,Metachirus nudicaudatus,Mammalia,Ecuador,ECU,null,null,Mustelidae,Carnivora,Mammalia,low,0.5,-4.5,true,
speciesnet_v403b_geo_supported_overlap,Qwen3-VL-30B BP47,2,not_redistributed_public_staging_speciesnet_overlap_only,WBGBIF2026_E0167,Metachirus nudicaudatus,Mammalia,Ecuador,ECU,Caenolestes caniventer,Caenolestes,Caenolestidae,Paucituberculata,Mammalia,medium,0.5,-4.5,true,species|genus|family|order
speciesnet_v403b_geo_supported_overlap,Qwen3-VL-30B BP47,2,not_redistributed_public_staging_speciesnet_overlap_only,WBGBIF2026_E0168,Metachirus nudicaudatus,Mammalia,Ecuador,ECU,Caenolestes concolor,Caenolestes,Caenolestidae,Paucituberculata,Mammalia,medium,0.5,-4.5,true,species|genus|family|order
speciesnet_v403b_geo_supported_overlap,Qwen3-VL-30B BP47,2,not_redistributed_public_staging_speciesnet_overlap_only,WBGBIF2026_E0169,Mitu salvini,Aves,Ecuador,ECU,Penelope purpurascens,Penelope,Cracidae,Galliformes,Aves,high,2.0,-3.0,true,
speciesnet_v403b_geo_supported_overlap,Qwen3-VL-30B BP47,2,not_redistributed_public_staging_speciesnet_overlap_only,WBGBIF2026_E0170,Mitu salvini,Aves,Ecuador,ECU,Ramphastos ambiguus,Ramphastos,Ramphastidae,Piciformes,Aves,high,0.5,-4.5,true,species|genus|family
speciesnet_v403b_geo_supported_overlap,Qwen3-VL-30B BP47,2,not_redistributed_public_staging_speciesnet_overlap_only,WBGBIF2026_E0171,Mitu salvini,Aves,Ecuador,ECU,,,,,,low,0.0,0.0,false,
speciesnet_v403b_geo_supported_overlap,Qwen3-VL-30B BP47,2,not_redistributed_public_staging_speciesnet_overlap_only,WBGBIF2026_E0175,Motacilla flava,Aves,Luxembourg,LUX,,,,,,low,0.0,0.0,false,
speciesnet_v403b_geo_supported_overlap,Qwen3-VL-30B BP47,2,not_redistributed_public_staging_speciesnet_overlap_only,WBGBIF2026_E0176,Motacilla flava,Aves,Luxembourg,LUX,Motacilla flava,Motacilla,Motacillidae,Passeriformes,Aves,high,5.0,5.0,false,
speciesnet_v403b_geo_supported_overlap,Qwen3-VL-30B BP47,2,not_redistributed_public_staging_speciesnet_overlap_only,WBGBIF2026_E0177,Motacilla flava,Aves,Luxembourg,LUX,Alauda arvensis,Alauda,Alaudidae,Passeriformes,Aves,medium,1.0,-4.0,true,
speciesnet_v403b_geo_supported_overlap,Qwen3-VL-30B BP47,2,not_redistributed_public_staging_speciesnet_overlap_only,WBGBIF2026_E0178,Mustela erminea,Mammalia,Belgium,BEL,,,,,,low,0.0,0.0,false,
speciesnet_v403b_geo_supported_overlap,Qwen3-VL-30B BP47,2,not_redistributed_public_staging_speciesnet_overlap_only,WBGBIF2026_E0179,Mustela erminea,Mammalia,Luxembourg,LUX,Mustela putorius,Mustela,Mustelidae,Carnivora,Mammalia,high,3.0,-2.0,true,
speciesnet_v403b_geo_supported_overlap,Qwen3-VL-30B BP47,2,not_redistributed_public_staging_speciesnet_overlap_only,WBGBIF2026_E0180,Mustela erminea,Mammalia,Luxembourg,LUX,Mustela putorius,Mustela,Mustelidae,Carnivora,Mammalia,medium,3.0,-2.0,true,
speciesnet_v403b_geo_supported_overlap,Qwen3-VL-30B BP47,2,not_redistributed_public_staging_speciesnet_overlap_only,WBGBIF2026_E0181,Mustela putorius,Mammalia,Luxembourg,LUX,Martes martes,Martes,Mustelidae,Carnivora,Mammalia,high,2.0,-3.0,true,
speciesnet_v403b_geo_supported_overlap,Qwen3-VL-30B BP47,2,not_redistributed_public_staging_speciesnet_overlap_only,WBGBIF2026_E0182,Mustela putorius,Mammalia,Belgium,BEL,Meles meles,Meles,Mustelidae,Carnivora,Mammalia,high,2.0,-3.0,true,
speciesnet_v403b_geo_supported_overlap,Qwen3-VL-30B BP47,2,not_redistributed_public_staging_speciesnet_overlap_only,WBGBIF2026_E0183,Mustela putorius,Mammalia,Luxembourg,LUX,Meles meles,Meles,Mustelidae,Carnivora,Mammalia,high,2.0,-3.0,true,
speciesnet_v403b_geo_supported_overlap,Qwen3-VL-30B BP47,2,not_redistributed_public_staging_speciesnet_overlap_only,WBGBIF2026_E0184,Myoprocta pratti,Mammalia,Ecuador,ECU,,,,,,low,0.0,0.0,false,
speciesnet_v403b_geo_supported_overlap,Qwen3-VL-30B BP47,2,not_redistributed_public_staging_speciesnet_overlap_only,WBGBIF2026_E0185,Myoprocta pratti,Mammalia,Ecuador,ECU,,,Echimyidae,Rodentia,Mammalia,low,1.0,-4.0,true,
speciesnet_v403b_geo_supported_overlap,Qwen3-VL-30B BP47,2,not_redistributed_public_staging_speciesnet_overlap_only,WBGBIF2026_E0186,Myoprocta pratti,Mammalia,Ecuador,ECU,Dasyprocta punctata,Dasyprocta,Dasyproctidae,Rodentia,Mammalia,medium,2.0,-3.0,true,
speciesnet_v403b_geo_supported_overlap,Qwen3-VL-30B BP47,2,not_redistributed_public_staging_speciesnet_overlap_only,WBGBIF2026_E0187,Myrmecophaga tridactyla,Mammalia,Ecuador,ECU,Myrmecophaga tridactyla,Myrmecophaga,Myrmecophagidae,Pilosa,Mammalia,high,5.0,5.0,false,
speciesnet_v403b_geo_supported_overlap,Qwen3-VL-30B BP47,2,not_redistributed_public_staging_speciesnet_overlap_only,WBGBIF2026_E0188,Myrmecophaga tridactyla,Mammalia,Ecuador,ECU,null,Coendou,Erethizontidae,Rodentia,Mammalia,medium,0.5,-4.5,true,genus
speciesnet_v403b_geo_supported_overlap,Qwen3-VL-30B BP47,2,not_redistributed_public_staging_speciesnet_overlap_only,WBGBIF2026_E0189,Myrmecophaga tridactyla,Mammalia,Ecuador,ECU,Myrmecophaga tridactyla,Myrmecophaga,Myrmecophagidae,Pilosa,Mammalia,high,5.0,5.0,false,
speciesnet_v403b_geo_supported_overlap,Qwen3-VL-30B BP47,2,not_redistributed_public_staging_speciesnet_overlap_only,WBGBIF2026_E0190,Nothocrax urumutum,Aves,Ecuador,ECU,Nothocercus julius,Nothocercus,Phasianidae,Galliformes,Aves,medium,1.0,-4.0,true,species|genus
speciesnet_v403b_geo_supported_overlap,Qwen3-VL-30B BP47,2,not_redistributed_public_staging_speciesnet_overlap_only,WBGBIF2026_E0191,Nothocrax urumutum,Aves,Ecuador,ECU,Crax rubra,Crax,Cracidae,Galliformes,Aves,high,2.0,-3.0,true,species
speciesnet_v403b_geo_supported_overlap,Qwen3-VL-30B BP47,2,not_redistributed_public_staging_speciesnet_overlap_only,WBGBIF2026_E0192,Nothocrax urumutum,Aves,Ecuador,ECU,,,,,,low,0.0,0.0,false,
speciesnet_v403b_geo_supported_overlap,Qwen3-VL-30B BP47,2,not_redistributed_public_staging_speciesnet_overlap_only,WBGBIF2026_E0193,Oryctolagus cuniculus,Mammalia,Belgium,BEL,Oryctolagus cuniculus,Oryctolagus,Leporidae,Lagomorpha,Mammalia,high,5.0,5.0,false,
speciesnet_v403b_geo_supported_overlap,Qwen3-VL-30B BP47,2,not_redistributed_public_staging_speciesnet_overlap_only,WBGBIF2026_E0194,Oryctolagus cuniculus,Mammalia,Belgium,BEL,,,,,,low,0.0,0.0,false,
speciesnet_v403b_geo_supported_overlap,Qwen3-VL-30B BP47,2,not_redistributed_public_staging_speciesnet_overlap_only,WBGBIF2026_E0195,Oryctolagus cuniculus,Mammalia,Luxembourg,LUX,,,,,,low,0.0,0.0,false,
speciesnet_v403b_geo_supported_overlap,Qwen3-VL-30B BP47,2,not_redistributed_public_staging_speciesnet_overlap_only,WBGBIF2026_E0196,Ovis aries,Mammalia,Belgium,BEL,Ovis aries,Ovis,Bovidae,Artiodactyla,Mammalia,high,5.0,5.0,false,
speciesnet_v403b_geo_supported_overlap,Qwen3-VL-30B BP47,2,not_redistributed_public_staging_speciesnet_overlap_only,WBGBIF2026_E0197,Ovis aries,Mammalia,Belgium,BEL,Sus scrofa,Sus,Suidae,Artiodactyla,Mammalia,high,1.0,-4.0,true,
speciesnet_v403b_geo_supported_overlap,Qwen3-VL-30B BP47,2,not_redistributed_public_staging_speciesnet_overlap_only,WBGBIF2026_E0198,Ovis aries,Mammalia,Belgium,BEL,,,,,,low,0.0,0.0,false,
speciesnet_v403b_geo_supported_overlap,Qwen3-VL-30B BP47,2,not_redistributed_public_staging_speciesnet_overlap_only,WBGBIF2026_E0199,Panthera onca,Mammalia,Ecuador,ECU,Panthera onca,Panthera,Felidae,Carnivora,Mammalia,high,5.0,5.0,false,
speciesnet_v403b_geo_supported_overlap,Qwen3-VL-30B BP47,2,not_redistributed_public_staging_speciesnet_overlap_only,WBGBIF2026_E0200,Panthera onca,Mammalia,Ecuador,ECU,Panthera onca,Panthera,Felidae,Carnivora,Mammalia,high,5.0,5.0,false,
speciesnet_v403b_geo_supported_overlap,Qwen3-VL-30B BP47,2,not_redistributed_public_staging_speciesnet_overlap_only,WBGBIF2026_E0201,Panthera onca,Mammalia,Ecuador,ECU,,,,,,low,0.0,0.0,false,
speciesnet_v403b_geo_supported_overlap,Qwen3-VL-30B BP47,2,not_redistributed_public_staging_speciesnet_overlap_only,WBGBIF2026_E0205,Passer domesticus,Aves,Luxembourg,LUX,Passer domesticus,Passer,Passeridae,Passeriformes,Aves,high,5.0,5.0,false,
speciesnet_v403b_geo_supported_overlap,Qwen3-VL-30B BP47,2,not_redistributed_public_staging_speciesnet_overlap_only,WBGBIF2026_E0206,Passer domesticus,Aves,Luxembourg,LUX,,,,,,low,0.0,0.0,false,
speciesnet_v403b_geo_supported_overlap,Qwen3-VL-30B BP47,2,not_redistributed_public_staging_speciesnet_overlap_only,WBGBIF2026_E0207,Passer domesticus,Aves,Luxembourg,LUX,Passer domesticus,Passer,Passeridae,Passeriformes,Aves,medium,5.0,5.0,false,
speciesnet_v403b_geo_supported_overlap,Qwen3-VL-30B BP47,2,not_redistributed_public_staging_speciesnet_overlap_only,WBGBIF2026_E0208,Pecari tajacu,Mammalia,Ecuador,ECU,Pecari tajacu,Pecari,Tayassuidae,Artiodactyla,Mammalia,high,5.0,5.0,false,
speciesnet_v403b_geo_supported_overlap,Qwen3-VL-30B BP47,2,not_redistributed_public_staging_speciesnet_overlap_only,WBGBIF2026_E0209,Pecari tajacu,Mammalia,Ecuador,ECU,Pecari tajacu,Pecari,Tayassuidae,Artiodactyla,Mammalia,medium,5.0,5.0,false,
speciesnet_v403b_geo_supported_overlap,Qwen3-VL-30B BP47,2,not_redistributed_public_staging_speciesnet_overlap_only,WBGBIF2026_E0210,Pecari tajacu,Mammalia,Ecuador,ECU,Pecari tajacu,Pecari,Tayassuidae,Artiodactyla,Mammalia,medium,5.0,5.0,false,
speciesnet_v403b_geo_supported_overlap,Qwen3-VL-30B BP47,2,not_redistributed_public_staging_speciesnet_overlap_only,WBGBIF2026_E0211,Penelope purpurascens,Aves,Ecuador,ECU,Nothura minor,Nothura,Tinamidae,Tinamiformes,Aves,medium,0.5,-4.5,true,species|genus
speciesnet_v403b_geo_supported_overlap,Qwen3-VL-30B BP47,2,not_redistributed_public_staging_speciesnet_overlap_only,WBGBIF2026_E0212,Penelope purpurascens,Aves,Ecuador,ECU,,,Cracidae,Galliformes,Aves,low,2.0,2.0,false,
speciesnet_v403b_geo_supported_overlap,Qwen3-VL-30B BP47,2,not_redistributed_public_staging_speciesnet_overlap_only,WBGBIF2026_E0213,Penelope purpurascens,Aves,Ecuador,ECU,Penelope argyrotis,Penelope,Phasianidae,Galliformes,Aves,medium,3.0,-2.0,true,species
speciesnet_v403b_geo_supported_overlap,Qwen3-VL-30B BP47,2,not_redistributed_public_staging_speciesnet_overlap_only,WBGBIF2026_E0214,Phasianus colchicus,Aves,Belgium,BEL,,,,,,low,0.0,0.0,false,
speciesnet_v403b_geo_supported_overlap,Qwen3-VL-30B BP47,2,not_redistributed_public_staging_speciesnet_overlap_only,WBGBIF2026_E0215,Phasianus colchicus,Aves,Belgium,BEL,Phasianus colchicus,Phasianus,Phasianidae,Galliformes,Aves,high,5.0,5.0,false,
speciesnet_v403b_geo_supported_overlap,Qwen3-VL-30B BP47,2,not_redistributed_public_staging_speciesnet_overlap_only,WBGBIF2026_E0216,Phasianus colchicus,Aves,Belgium,BEL,Phasianus colchicus,Phasianus,Phasianidae,Galliformes,Aves,medium,5.0,5.0,false,
speciesnet_v403b_geo_supported_overlap,Qwen3-VL-30B BP47,2,not_redistributed_public_staging_speciesnet_overlap_only,WBGBIF2026_E0217,Phoenicurus ochruros,Aves,Luxembourg,LUX,Turdus merula,Turdus,Turdidae,Passeriformes,Aves,high,1.0,-4.0,true,
speciesnet_v403b_geo_supported_overlap,Qwen3-VL-30B BP47,2,not_redistributed_public_staging_speciesnet_overlap_only,WBGBIF2026_E0218,Phoenicurus ochruros,Aves,Luxembourg,LUX,Phoenicurus phoenicurus,Phoenicurus,Muscicapidae,Passeriformes,Aves,high,3.0,-2.0,true,
speciesnet_v403b_geo_supported_overlap,Qwen3-VL-30B BP47,2,not_redistributed_public_staging_speciesnet_overlap_only,WBGBIF2026_E0219,Phoenicurus ochruros,Aves,Luxembourg,LUX,,,,,,low,0.0,0.0,false,
speciesnet_v403b_geo_supported_overlap,Qwen3-VL-30B BP47,2,not_redistributed_public_staging_speciesnet_overlap_only,WBGBIF2026_E0220,Phoenicurus phoenicurus,Aves,Luxembourg,LUX,Turdus iliacus,Turdus,Turdidae,Passeriformes,Aves,medium,1.0,-4.0,true,
speciesnet_v403b_geo_supported_overlap,Qwen3-VL-30B BP47,2,not_redistributed_public_staging_speciesnet_overlap_only,WBGBIF2026_E0221,Phoenicurus phoenicurus,Aves,Luxembourg,LUX,Phoenicurus phoenicurus,Phoenicurus,Muscicapidae,Passeriformes,Aves,high,5.0,5.0,false,
speciesnet_v403b_geo_supported_overlap,Qwen3-VL-30B BP47,2,not_redistributed_public_staging_speciesnet_overlap_only,WBGBIF2026_E0222,Phoenicurus phoenicurus,Aves,Luxembourg,LUX,,,,,,low,0.0,0.0,false,
speciesnet_v403b_geo_supported_overlap,Qwen3-VL-30B BP47,2,not_redistributed_public_staging_speciesnet_overlap_only,WBGBIF2026_E0226,Pica pica,Aves,Belgium,BEL,Pica pica,Pica,Corvidae,Passeriformes,Aves,high,5.0,5.0,false,
speciesnet_v403b_geo_supported_overlap,Qwen3-VL-30B BP47,2,not_redistributed_public_staging_speciesnet_overlap_only,WBGBIF2026_E0227,Pica pica,Aves,Belgium,BEL,Pica pica,Pica,Corvidae,Passeriformes,Aves,medium,5.0,5.0,false,
speciesnet_v403b_geo_supported_overlap,Qwen3-VL-30B BP47,2,not_redistributed_public_staging_speciesnet_overlap_only,WBGBIF2026_E0228,Pica pica,Aves,Belgium,BEL,,,,,,low,0.0,0.0,false,
speciesnet_v403b_geo_supported_overlap,Qwen3-VL-30B BP47,2,not_redistributed_public_staging_speciesnet_overlap_only,WBGBIF2026_E0229,Picus viridis,Aves,Belgium,BEL,Picus viridis,Picus,Picidae,Piciformes,Aves,high,5.0,5.0,false,
speciesnet_v403b_geo_supported_overlap,Qwen3-VL-30B BP47,2,not_redistributed_public_staging_speciesnet_overlap_only,WBGBIF2026_E0230,Picus viridis,Aves,Luxembourg,LUX,,Sylvia,Sylviidae,Passeriformes,Aves,low,0.5,-4.5,true,
speciesnet_v403b_geo_supported_overlap,Qwen3-VL-30B BP47,2,not_redistributed_public_staging_speciesnet_overlap_only,WBGBIF2026_E0231,Picus viridis,Aves,Luxembourg,LUX,Picus viridis,Picus,Picidae,Piciformes,Aves,high,5.0,5.0,false,
speciesnet_v403b_geo_supported_overlap,Qwen3-VL-30B BP47,2,not_redistributed_public_staging_speciesnet_overlap_only,WBGBIF2026_E0238,Proechimys semispinosus,Mammalia,Ecuador,ECU,null,Proechimys,Echimyidae,Rodentia,Mammalia,medium,3.0,3.0,false,
speciesnet_v403b_geo_supported_overlap,Qwen3-VL-30B BP47,2,not_redistributed_public_staging_speciesnet_overlap_only,WBGBIF2026_E0239,Proechimys semispinosus,Mammalia,Ecuador,ECU,null,null,Didelphidae,Didelphimorphia,Mammalia,low,0.5,-4.5,true,
speciesnet_v403b_geo_supported_overlap,Qwen3-VL-30B BP47,2,not_redistributed_public_staging_speciesnet_overlap_only,WBGBIF2026_E0240,Proechimys semispinosus,Mammalia,Ecuador,ECU,,,Cricetidae,Rodentia,Mammalia,low,1.0,-4.0,true,
speciesnet_v403b_geo_supported_overlap,Qwen3-VL-30B BP47,2,not_redistributed_public_staging_speciesnet_overlap_only,WBGBIF2026_E0244,Psophia crepitans,Aves,Ecuador,ECU,Tinamus guttatus,Tinamus,Tinamidae,Tinamiformes,Aves,medium,0.5,-4.5,true,species
speciesnet_v403b_geo_supported_overlap,Qwen3-VL-30B BP47,2,not_redistributed_public_staging_speciesnet_overlap_only,WBGBIF2026_E0245,Psophia crepitans,Aves,Ecuador,ECU,Megapodius freycinet,Megapodius,Megapodiidae,Galliformes,Aves,medium,0.5,-4.5,true,species|genus|family
speciesnet_v403b_geo_supported_overlap,Qwen3-VL-30B BP47,2,not_redistributed_public_staging_speciesnet_overlap_only,WBGBIF2026_E0246,Psophia crepitans,Aves,Ecuador,ECU,,,,,,low,0.0,0.0,false,
speciesnet_v403b_geo_supported_overlap,Qwen3-VL-30B BP47,2,not_redistributed_public_staging_speciesnet_overlap_only,WBGBIF2026_E0247,Puma concolor,Mammalia,Ecuador,ECU,Leopardus wiedii,Leopardus,Felidae,Carnivora,Mammalia,medium,2.0,-3.0,true,
speciesnet_v403b_geo_supported_overlap,Qwen3-VL-30B BP47,2,not_redistributed_public_staging_speciesnet_overlap_only,WBGBIF2026_E0248,Puma concolor,Mammalia,Ecuador,ECU,Puma concolor,Puma,Felidae,Carnivora,Mammalia,high,5.0,5.0,false,
speciesnet_v403b_geo_supported_overlap,Qwen3-VL-30B BP47,2,not_redistributed_public_staging_speciesnet_overlap_only,WBGBIF2026_E0249,Puma concolor,Mammalia,Ecuador,ECU,,,,,,low,0.0,0.0,false,
speciesnet_v403b_geo_supported_overlap,Qwen3-VL-30B BP47,2,not_redistributed_public_staging_speciesnet_overlap_only,WBGBIF2026_E0253,Rattus norvegicus,Mammalia,Belgium,BEL,Apodemus sylvaticus,Apodemus,Muridae,Rodentia,Mammalia,medium,2.0,-3.0,true,
speciesnet_v403b_geo_supported_overlap,Qwen3-VL-30B BP47,2,not_redistributed_public_staging_speciesnet_overlap_only,WBGBIF2026_E0254,Rattus norvegicus,Mammalia,Belgium,BEL,,Erinaceus,Erinaceidae,Erinaceomorpha,Mammalia,low,0.5,-4.5,true,
speciesnet_v403b_geo_supported_overlap,Qwen3-VL-30B BP47,2,not_redistributed_public_staging_speciesnet_overlap_only,WBGBIF2026_E0255,Rattus norvegicus,Mammalia,Belgium,BEL,,,,,,low,0.0,0.0,false,
speciesnet_v403b_geo_supported_overlap,Qwen3-VL-30B BP47,2,not_redistributed_public_staging_speciesnet_overlap_only,WBGBIF2026_E0259,Saxicola rubicola,Aves,Luxembourg,LUX,,,,,,low,0.0,0.0,false,
speciesnet_v403b_geo_supported_overlap,Qwen3-VL-30B BP47,2,not_redistributed_public_staging_speciesnet_overlap_only,WBGBIF2026_E0260,Saxicola rubicola,Aves,Luxembourg,LUX,Saxicola rubicola,Saxicola,Muscicapidae,Passeriformes,Aves,medium,5.0,5.0,false,
speciesnet_v403b_geo_supported_overlap,Qwen3-VL-30B BP47,2,not_redistributed_public_staging_speciesnet_overlap_only,WBGBIF2026_E0261,Saxicola rubicola,Aves,Luxembourg,LUX,Emberiza schoeniclus,Emberiza,Emberizidae,Passeriformes,Aves,medium,1.0,-4.0,true,
speciesnet_v403b_geo_supported_overlap,Qwen3-VL-30B BP47,2,not_redistributed_public_staging_speciesnet_overlap_only,WBGBIF2026_E0262,Sciurus vulgaris,Mammalia,Luxembourg,LUX,,,,,,low,0.0,0.0,false,
speciesnet_v403b_geo_supported_overlap,Qwen3-VL-30B BP47,2,not_redistributed_public_staging_speciesnet_overlap_only,WBGBIF2026_E0263,Sciurus vulgaris,Mammalia,Luxembourg,LUX,,,,,,low,0.0,0.0,false,
speciesnet_v403b_geo_supported_overlap,Qwen3-VL-30B BP47,2,not_redistributed_public_staging_speciesnet_overlap_only,WBGBIF2026_E0264,Sciurus vulgaris,Mammalia,Luxembourg,LUX,Sciurus vulgaris,Sciurus,Sciuridae,Rodentia,Mammalia,high,5.0,5.0,false,
speciesnet_v403b_geo_supported_overlap,Qwen3-VL-30B BP47,2,not_redistributed_public_staging_speciesnet_overlap_only,WBGBIF2026_E0265,Scolopax rusticola,Aves,Luxembourg,LUX,Perdix perdix,Perdix,Phasianidae,Galliformes,Aves,medium,0.5,-4.5,true,
speciesnet_v403b_geo_supported_overlap,Qwen3-VL-30B BP47,2,not_redistributed_public_staging_speciesnet_overlap_only,WBGBIF2026_E0266,Scolopax rusticola,Aves,Belgium,BEL,,,,,,low,0.0,0.0,false,
speciesnet_v403b_geo_supported_overlap,Qwen3-VL-30B BP47,2,not_redistributed_public_staging_speciesnet_overlap_only,WBGBIF2026_E0267,Scolopax rusticola,Aves,Belgium,BEL,Meles meles,Meles,Mustelidae,Carnivora,Mammalia,high,0.0,-5.0,true,
speciesnet_v403b_geo_supported_overlap,Qwen3-VL-30B BP47,2,not_redistributed_public_staging_speciesnet_overlap_only,WBGBIF2026_E0268,Sitta europaea,Aves,Belgium,BEL,Sitta europaea,Sitta,Sittidae,Passeriformes,Aves,high,5.0,5.0,false,
speciesnet_v403b_geo_supported_overlap,Qwen3-VL-30B BP47,2,not_redistributed_public_staging_speciesnet_overlap_only,WBGBIF2026_E0269,Sitta europaea,Aves,Belgium,BEL,,,,,,low,0.0,0.0,false,
speciesnet_v403b_geo_supported_overlap,Qwen3-VL-30B BP47,2,not_redistributed_public_staging_speciesnet_overlap_only,WBGBIF2026_E0270,Sitta europaea,Aves,Belgium,BEL,,,,,,low,0.0,0.0,false,
speciesnet_v403b_geo_supported_overlap,Qwen3-VL-30B BP47,2,not_redistributed_public_staging_speciesnet_overlap_only,WBGBIF2026_E0271,Strix aluco,Aves,Belgium,BEL,Bubo virginianus,Bubo,Strigidae,Strigiformes,Aves,high,2.0,-3.0,true,species|genus
speciesnet_v403b_geo_supported_overlap,Qwen3-VL-30B BP47,2,not_redistributed_public_staging_speciesnet_overlap_only,WBGBIF2026_E0272,Strix aluco,Aves,Belgium,BEL,Meles meles,Meles,Mustelidae,Carnivora,Mammalia,medium,0.0,-5.0,true,
speciesnet_v403b_geo_supported_overlap,Qwen3-VL-30B BP47,2,not_redistributed_public_staging_speciesnet_overlap_only,WBGBIF2026_E0273,Strix aluco,Aves,Belgium,BEL,Asio otus,Asio,Strigidae,Strigiformes,Aves,high,2.0,-3.0,true,species|genus
speciesnet_v403b_geo_supported_overlap,Qwen3-VL-30B BP47,2,not_redistributed_public_staging_speciesnet_overlap_only,WBGBIF2026_E0274,Sturnus vulgaris,Aves,Luxembourg,LUX,Sturnus vulgaris,Sturnus,Sturnidae,Passeriformes,Aves,high,5.0,5.0,false,
speciesnet_v403b_geo_supported_overlap,Qwen3-VL-30B BP47,2,not_redistributed_public_staging_speciesnet_overlap_only,WBGBIF2026_E0275,Sturnus vulgaris,Aves,Luxembourg,LUX,,,,,,low,0.0,0.0,false,
speciesnet_v403b_geo_supported_overlap,Qwen3-VL-30B BP47,2,not_redistributed_public_staging_speciesnet_overlap_only,WBGBIF2026_E0276,Sturnus vulgaris,Aves,France,FRA,,,,,,low,0.0,0.0,false,
speciesnet_v403b_geo_supported_overlap,Qwen3-VL-30B BP47,2,not_redistributed_public_staging_speciesnet_overlap_only,WBGBIF2026_E0277,Sus scrofa,Mammalia,Belgium,BEL,,,,,,low,0.0,0.0,false,
speciesnet_v403b_geo_supported_overlap,Qwen3-VL-30B BP47,2,not_redistributed_public_staging_speciesnet_overlap_only,WBGBIF2026_E0278,Sus scrofa,Mammalia,Belgium,BEL,,,,,,low,0.0,0.0,false,
speciesnet_v403b_geo_supported_overlap,Qwen3-VL-30B BP47,2,not_redistributed_public_staging_speciesnet_overlap_only,WBGBIF2026_E0279,Sus scrofa,Mammalia,Belgium,BEL,Sus scrofa,Sus,Suidae,Artiodactyla,Mammalia,high,5.0,5.0,false,
speciesnet_v403b_geo_supported_overlap,Qwen3-VL-30B BP47,2,not_redistributed_public_staging_speciesnet_overlap_only,WBGBIF2026_E0289,Syrmaticus reevesii,Aves,Belgium,BEL,Phasianus colchicus,Phasianus,Phasianidae,Galliformes,Aves,high,2.0,-3.0,true,
speciesnet_v403b_geo_supported_overlap,Qwen3-VL-30B BP47,2,not_redistributed_public_staging_speciesnet_overlap_only,WBGBIF2026_E0290,Syrmaticus reevesii,Aves,Belgium,BEL,Tetrastes bonasia,Tetrastes,Phasianidae,Galliformes,Aves,medium,2.0,-3.0,true,species|genus
speciesnet_v403b_geo_supported_overlap,Qwen3-VL-30B BP47,2,not_redistributed_public_staging_speciesnet_overlap_only,WBGBIF2026_E0291,Syrmaticus reevesii,Aves,Belgium,BEL,,,,,,low,0.0,0.0,false,
speciesnet_v403b_geo_supported_overlap,Qwen3-VL-30B BP47,2,not_redistributed_public_staging_speciesnet_overlap_only,WBGBIF2026_E0292,Tapirus terrestris,Mammalia,Ecuador,ECU,,,,,,low,0.0,0.0,false,
speciesnet_v403b_geo_supported_overlap,Qwen3-VL-30B BP47,2,not_redistributed_public_staging_speciesnet_overlap_only,WBGBIF2026_E0293,Tapirus terrestris,Mammalia,Ecuador,ECU,Tapirus terrestris,Tapirus,Tapiridae,Perissodactyla,Mammalia,high,5.0,5.0,false,
speciesnet_v403b_geo_supported_overlap,Qwen3-VL-30B BP47,2,not_redistributed_public_staging_speciesnet_overlap_only,WBGBIF2026_E0294,Tapirus terrestris,Mammalia,Ecuador,ECU,Tapirus terrestris,Tapirus,Tapiridae,Perissodactyla,Mammalia,high,5.0,5.0,false,
speciesnet_v403b_geo_supported_overlap,Qwen3-VL-30B BP47,2,not_redistributed_public_staging_speciesnet_overlap_only,WBGBIF2026_E0295,Tayassu pecari,Mammalia,Ecuador,ECU,Dicotyles tajacu,Dicotyles,Tayassuidae,Artiodactyla,Mammalia,medium,2.0,-3.0,true,species|genus
speciesnet_v403b_geo_supported_overlap,Qwen3-VL-30B BP47,2,not_redistributed_public_staging_speciesnet_overlap_only,WBGBIF2026_E0296,Tayassu pecari,Mammalia,Ecuador,ECU,,Nasua,Procyonidae,Carnivora,Mammalia,low,0.5,-4.5,true,
speciesnet_v403b_geo_supported_overlap,Qwen3-VL-30B BP47,2,not_redistributed_public_staging_speciesnet_overlap_only,WBGBIF2026_E0297,Tayassu pecari,Mammalia,Ecuador,ECU,Dicotyles torquatus,Dicotyles,Tayassuidae,Artiodactyla,Mammalia,high,2.0,-3.0,true,species|genus
speciesnet_v403b_geo_supported_overlap,Qwen3-VL-30B BP47,2,not_redistributed_public_staging_speciesnet_overlap_only,WBGBIF2026_E0298,Tinamus major,Aves,Ecuador,ECU,Nothoprocta pentlandii,Nothoprocta,Tinamidae,Tinamiformes,Aves,medium,2.0,-3.0,true,species|genus
speciesnet_v403b_geo_supported_overlap,Qwen3-VL-30B BP47,2,not_redistributed_public_staging_speciesnet_overlap_only,WBGBIF2026_E0299,Tinamus major,Aves,Ecuador,ECU,Nothocercus bonapartei,Nothocercus,Tinamidae,Tinamiformes,Aves,high,2.0,-3.0,true,species|genus
speciesnet_v403b_geo_supported_overlap,Qwen3-VL-30B BP47,2,not_redistributed_public_staging_speciesnet_overlap_only,WBGBIF2026_E0300,Tinamus major,Aves,Ecuador,ECU,,,,,,low,0.0,0.0,false,
speciesnet_v403b_geo_supported_overlap,Qwen3-VL-30B BP47,2,not_redistributed_public_staging_speciesnet_overlap_only,WBGBIF2026_E0301,Tinamus tao,Aves,Ecuador,ECU,,Tinamus,Tinamidae,Tinamiformes,Aves,medium,3.0,3.0,false,
speciesnet_v403b_geo_supported_overlap,Qwen3-VL-30B BP47,2,not_redistributed_public_staging_speciesnet_overlap_only,WBGBIF2026_E0302,Tinamus tao,Aves,Ecuador,ECU,,Crypturellus,Tinamidae,Tinamiformes,Aves,medium,2.0,-3.0,true,
speciesnet_v403b_geo_supported_overlap,Qwen3-VL-30B BP47,2,not_redistributed_public_staging_speciesnet_overlap_only,WBGBIF2026_E0303,Tinamus tao,Aves,Ecuador,ECU,,,,,,low,0.0,0.0,false,
speciesnet_v403b_geo_supported_overlap,Qwen3-VL-30B BP47,2,not_redistributed_public_staging_speciesnet_overlap_only,WBGBIF2026_E0304,Tremarctos ornatus,Mammalia,Ecuador,ECU,Tremarctos ornatus,Tremarctos,Ursidae,Carnivora,Mammalia,medium,5.0,5.0,false,
speciesnet_v403b_geo_supported_overlap,Qwen3-VL-30B BP47,2,not_redistributed_public_staging_speciesnet_overlap_only,WBGBIF2026_E0305,Tremarctos ornatus,Mammalia,Ecuador,ECU,,,,,,low,0.0,0.0,false,
speciesnet_v403b_geo_supported_overlap,Qwen3-VL-30B BP47,2,not_redistributed_public_staging_speciesnet_overlap_only,WBGBIF2026_E0306,Tremarctos ornatus,Mammalia,Ecuador,ECU,Tremarctos ornatus,Tremarctos,Ursidae,Carnivora,Mammalia,medium,5.0,5.0,false,
speciesnet_v403b_geo_supported_overlap,Qwen3-VL-30B BP47,2,not_redistributed_public_staging_speciesnet_overlap_only,WBGBIF2026_E0307,Troglodytes troglodytes,Aves,Belgium,BEL,,,,,,low,0.0,0.0,false,
speciesnet_v403b_geo_supported_overlap,Qwen3-VL-30B BP47,2,not_redistributed_public_staging_speciesnet_overlap_only,WBGBIF2026_E0308,Troglodytes troglodytes,Aves,Belgium,BEL,,,,,,low,0.0,0.0,false,
speciesnet_v403b_geo_supported_overlap,Qwen3-VL-30B BP47,2,not_redistributed_public_staging_speciesnet_overlap_only,WBGBIF2026_E0309,Troglodytes troglodytes,Aves,Belgium,BEL,,,,Passeriformes,Aves,low,1.0,1.0,false,
speciesnet_v403b_geo_supported_overlap,Qwen3-VL-30B BP47,2,not_redistributed_public_staging_speciesnet_overlap_only,WBGBIF2026_E0310,Turdus iliacus,Aves,Belgium,BEL,Martes martes,Martes,Mustelidae,Carnivora,Mammalia,high,0.0,-5.0,true,
speciesnet_v403b_geo_supported_overlap,Qwen3-VL-30B BP47,2,not_redistributed_public_staging_speciesnet_overlap_only,WBGBIF2026_E0311,Turdus iliacus,Aves,Belgium,BEL,,,,,,low,0.0,0.0,false,
speciesnet_v403b_geo_supported_overlap,Qwen3-VL-30B BP47,2,not_redistributed_public_staging_speciesnet_overlap_only,WBGBIF2026_E0312,Turdus iliacus,Aves,Belgium,BEL,,,,,,low,0.0,0.0,false,
speciesnet_v403b_geo_supported_overlap,Qwen3-VL-30B BP47,2,not_redistributed_public_staging_speciesnet_overlap_only,WBGBIF2026_E0313,Turdus merula,Aves,Belgium,BEL,Turdus merula,Turdus,Turdidae,Passeriformes,Aves,high,5.0,5.0,false,
speciesnet_v403b_geo_supported_overlap,Qwen3-VL-30B BP47,2,not_redistributed_public_staging_speciesnet_overlap_only,WBGBIF2026_E0314,Turdus merula,Aves,Belgium,BEL,Turdus philomelos,Turdus,Turdidae,Passeriformes,Aves,medium,3.0,-2.0,true,
speciesnet_v403b_geo_supported_overlap,Qwen3-VL-30B BP47,2,not_redistributed_public_staging_speciesnet_overlap_only,WBGBIF2026_E0315,Turdus merula,Aves,Belgium,BEL,,,,,,low,0.0,0.0,false,
speciesnet_v403b_geo_supported_overlap,Qwen3-VL-30B BP47,2,not_redistributed_public_staging_speciesnet_overlap_only,WBGBIF2026_E0316,Turdus philomelos,Aves,Belgium,BEL,,,,,,low,0.0,0.0,false,
speciesnet_v403b_geo_supported_overlap,Qwen3-VL-30B BP47,2,not_redistributed_public_staging_speciesnet_overlap_only,WBGBIF2026_E0317,Turdus philomelos,Aves,Belgium,BEL,,,,,,low,0.0,0.0,false,
speciesnet_v403b_geo_supported_overlap,Qwen3-VL-30B BP47,2,not_redistributed_public_staging_speciesnet_overlap_only,WBGBIF2026_E0318,Turdus philomelos,Aves,Belgium,BEL,Turdus philomelos,Turdus,Turdidae,Passeriformes,Aves,high,5.0,5.0,false,
speciesnet_v403b_geo_supported_overlap,Qwen3-VL-30B BP47,2,not_redistributed_public_staging_speciesnet_overlap_only,WBGBIF2026_E0319,Turdus pilaris,Aves,Germany,DEU,,,,,,low,0.0,0.0,false,
speciesnet_v403b_geo_supported_overlap,Qwen3-VL-30B BP47,2,not_redistributed_public_staging_speciesnet_overlap_only,WBGBIF2026_E0320,Turdus pilaris,Aves,Germany,DEU,,,,,,low,0.0,0.0,false,
speciesnet_v403b_geo_supported_overlap,Qwen3-VL-30B BP47,2,not_redistributed_public_staging_speciesnet_overlap_only,WBGBIF2026_E0321,Turdus pilaris,Aves,Luxembourg,LUX,,,,,,low,0.0,0.0,false,
speciesnet_v403b_geo_supported_overlap,Qwen3-VL-30B BP47,2,not_redistributed_public_staging_speciesnet_overlap_only,WBGBIF2026_E0325,Turdus viscivorus,Aves,Belgium,BEL,,,,,,low,0.0,0.0,false,
speciesnet_v403b_geo_supported_overlap,Qwen3-VL-30B BP47,2,not_redistributed_public_staging_speciesnet_overlap_only,WBGBIF2026_E0326,Turdus viscivorus,Aves,Belgium,BEL,Turdus philomelos,Turdus,Turdidae,Passeriformes,Aves,high,3.0,-2.0,true,
speciesnet_v403b_geo_supported_overlap,Qwen3-VL-30B BP47,2,not_redistributed_public_staging_speciesnet_overlap_only,WBGBIF2026_E0327,Turdus viscivorus,Aves,Luxembourg,LUX,Turdus philomelos,Turdus,Turdidae,Passeriformes,Aves,high,3.0,-2.0,true,
speciesnet_v403b_geo_supported_overlap,Qwen3-VL-30B BP47,2,not_redistributed_public_staging_speciesnet_overlap_only,WBGBIF2026_E0328,Vulpes vulpes,Mammalia,Belgium,BEL,,,,,,low,0.0,0.0,false,
speciesnet_v403b_geo_supported_overlap,Qwen3-VL-30B BP47,2,not_redistributed_public_staging_speciesnet_overlap_only,WBGBIF2026_E0329,Vulpes vulpes,Mammalia,Belgium,BEL,Vulpes vulpes,Vulpes,Canidae,Carnivora,Mammalia,high,5.0,5.0,false,
speciesnet_v403b_geo_supported_overlap,Qwen3-VL-30B BP47,2,not_redistributed_public_staging_speciesnet_overlap_only,WBGBIF2026_E0330,Vulpes vulpes,Mammalia,Luxembourg,LUX,Vulpes vulpes,Vulpes,Canidae,Carnivora,Mammalia,high,5.0,5.0,false,
