event_id,media_id,image_policy,relative_path,file_present,frame_order,source_frame_index,sha256,source_export_sha256,licence,licence_url,redistribution_decision
WBGBIF2026_E0001,WBGBIF2026_E0001_F00_cropped,cropped,model_inputs/images_cropped/WBGBIF2026_E0001_F00_cropped.jpg,true,0,0,6b1f356dfaef59daff65833b6c79bb8742b84e817326fd0b80f57179271ae4ae,6b1f356dfaef59daff65833b6c79bb8742b84e817326fd0b80f57179271ae4ae,CC0-1.0,http://creativecommons.org/publicdomain/zero/1.0/legalcode,redistribute_derivative_rights_review_passed
WBGBIF2026_E0001,WBGBIF2026_E0001_F01_cropped,cropped,model_inputs/images_cropped/WBGBIF2026_E0001_F01_cropped.jpg,true,1,1,e06f7dd472dfe7cec0aebccd1f28b331054eb31b33745bb6dcb9a0afd9b04068,e06f7dd472dfe7cec0aebccd1f28b331054eb31b33745bb6dcb9a0afd9b04068,CC0-1.0,http://creativecommons.org/publicdomain/zero/1.0/legalcode,redistribute_derivative_rights_review_passed
WBGBIF2026_E0001,WBGBIF2026_E0001_F02_cropped,cropped,model_inputs/images_cropped/WBGBIF2026_E0001_F02_cropped.jpg,true,2,2,a9ccfe2e0b69003a43b4d55f91948974c978e8ab436406f0982891a2c52558cf,a9ccfe2e0b69003a43b4d55f91948974c978e8ab436406f0982891a2c52558cf,CC0-1.0,http://creativecommons.org/publicdomain/zero/1.0/legalcode,redistribute_derivative_rights_review_passed
WBGBIF2026_E0001,WBGBIF2026_E0001_F03_cropped,cropped,model_inputs/images_cropped/WBGBIF2026_E0001_F03_cropped.jpg,true,3,3,b8f69e473402af8da822fca70f7e76fc95c83b96d5a1d6bf08ad533b94922e7e,b8f69e473402af8da822fca70f7e76fc95c83b96d5a1d6bf08ad533b94922e7e,CC0-1.0,http://creativecommons.org/publicdomain/zero/1.0/legalcode,redistribute_derivative_rights_review_passed
WBGBIF2026_E0001,WBGBIF2026_E0001_F04_cropped,cropped,model_inputs/images_cropped/WBGBIF2026_E0001_F04_cropped.jpg,true,4,4,a669a2d76203d94926f8d949a282788b531d81d39dd0864842a8d692ffe7f6e3,a669a2d76203d94926f8d949a282788b531d81d39dd0864842a8d692ffe7f6e3,CC0-1.0,http://creativecommons.org/publicdomain/zero/1.0/legalcode,redistribute_derivative_rights_review_passed
WBGBIF2026_E0002,WBGBIF2026_E0002_F00_cropped,cropped,model_inputs/images_cropped/WBGBIF2026_E0002_F00_cropped.jpg,true,0,0,d1bdd8926688bdf81d0fb47bd822f44ff1c4b64c32d5e4a0b6f6d3419c3c92dc,d1bdd8926688bdf81d0fb47bd822f44ff1c4b64c32d5e4a0b6f6d3419c3c92dc,CC0-1.0,http://creativecommons.org/publicdomain/zero/1.0/legalcode,redistribute_derivative_rights_review_passed
WBGBIF2026_E0002,WBGBIF2026_E0002_F01_cropped,cropped,model_inputs/images_cropped/WBGBIF2026_E0002_F01_cropped.jpg,true,1,1,42f73b617c459c55fe23fcb6d4615945182a31645771bc6648b21a4b88da7ad6,42f73b617c459c55fe23fcb6d4615945182a31645771bc6648b21a4b88da7ad6,CC0-1.0,http://creativecommons.org/publicdomain/zero/1.0/legalcode,redistribute_derivative_rights_review_passed
WBGBIF2026_E0003,WBGBIF2026_E0003_F00_cropped,cropped,model_inputs/images_cropped/WBGBIF2026_E0003_F00_cropped.jpg,true,0,0,544befde9586423b1197cdfb08f039cd34690171ed5b2c1fc2f6c0d225692d0a,544befde9586423b1197cdfb08f039cd34690171ed5b2c1fc2f6c0d225692d0a,CC0-1.0,http://creativecommons.org/publicdomain/zero/1.0/legalcode,redistribute_derivative_rights_review_passed
WBGBIF2026_E0003,WBGBIF2026_E0003_F01_cropped,cropped,model_inputs/images_cropped/WBGBIF2026_E0003_F01_cropped.jpg,true,1,1,15810f6210da1bb3211b7334c76b415a9a57ed235b92a660e036b10d7153a8f2,15810f6210da1bb3211b7334c76b415a9a57ed235b92a660e036b10d7153a8f2,CC0-1.0,http://creativecommons.org/publicdomain/zero/1.0/legalcode,redistribute_derivative_rights_review_passed
WBGBIF2026_E0007,WBGBIF2026_E0007_F00_cropped,cropped,model_inputs/images_cropped/WBGBIF2026_E0007_F00_cropped.jpg,true,0,0,cb790c2e31968fbbbdf0fe2bc0bd1b9e16ef12f929496029decb5a37c17261db,cb790c2e31968fbbbdf0fe2bc0bd1b9e16ef12f929496029decb5a37c17261db,CC0-1.0,http://creativecommons.org/publicdomain/zero/1.0/legalcode,redistribute_derivative_rights_review_passed
WBGBIF2026_E0007,WBGBIF2026_E0007_F01_cropped,cropped,model_inputs/images_cropped/WBGBIF2026_E0007_F01_cropped.jpg,true,1,2,1144d6ec58f353cfc3ddd87e9c0a33914d6158cb92e3fc4794f490fd50c7237d,1144d6ec58f353cfc3ddd87e9c0a33914d6158cb92e3fc4794f490fd50c7237d,CC0-1.0,http://creativecommons.org/publicdomain/zero/1.0/legalcode,redistribute_derivative_rights_review_passed
WBGBIF2026_E0007,WBGBIF2026_E0007_F02_cropped,cropped,model_inputs/images_cropped/WBGBIF2026_E0007_F02_cropped.jpg,true,2,4,f5619f597ed11d8feb74b6f48da52e4fb820ee692062683440e62a7056f3e8d8,f5619f597ed11d8feb74b6f48da52e4fb820ee692062683440e62a7056f3e8d8,CC0-1.0,http://creativecommons.org/publicdomain/zero/1.0/legalcode,redistribute_derivative_rights_review_passed
WBGBIF2026_E0007,WBGBIF2026_E0007_F03_cropped,cropped,model_inputs/images_cropped/WBGBIF2026_E0007_F03_cropped.jpg,true,3,6,084e9c8d11b7fcc1ccadddc354d14f699b3b03498d3798482804609d33e6c464,084e9c8d11b7fcc1ccadddc354d14f699b3b03498d3798482804609d33e6c464,CC0-1.0,http://creativecommons.org/publicdomain/zero/1.0/legalcode,redistribute_derivative_rights_review_passed
WBGBIF2026_E0007,WBGBIF2026_E0007_F04_cropped,cropped,model_inputs/images_cropped/WBGBIF2026_E0007_F04_cropped.jpg,true,4,8,fe0d1a73cc12beb5702ed61db4cd0e9b844193bebaa6099c9f053ba9c012290c,fe0d1a73cc12beb5702ed61db4cd0e9b844193bebaa6099c9f053ba9c012290c,CC0-1.0,http://creativecommons.org/publicdomain/zero/1.0/legalcode,redistribute_derivative_rights_review_passed
WBGBIF2026_E0008,WBGBIF2026_E0008_F00_cropped,cropped,model_inputs/images_cropped/WBGBIF2026_E0008_F00_cropped.jpg,true,0,0,d18dc18aa5b3092bc9f0d1a86dd762e88dc04a61f823c0c389ff6b1b2a1e1d92,d18dc18aa5b3092bc9f0d1a86dd762e88dc04a61f823c0c389ff6b1b2a1e1d92,CC0-1.0,http://creativecommons.org/publicdomain/zero/1.0/legalcode,redistribute_derivative_rights_review_passed
WBGBIF2026_E0008,WBGBIF2026_E0008_F01_cropped,cropped,model_inputs/images_cropped/WBGBIF2026_E0008_F01_cropped.jpg,true,1,15,b4e7610fafbb7c8e6f2720bedcc3efa79ef06a797b7314aea02e27011b63cbb9,b4e7610fafbb7c8e6f2720bedcc3efa79ef06a797b7314aea02e27011b63cbb9,CC0-1.0,http://creativecommons.org/publicdomain/zero/1.0/legalcode,redistribute_derivative_rights_review_passed
WBGBIF2026_E0008,WBGBIF2026_E0008_F02_cropped,cropped,model_inputs/images_cropped/WBGBIF2026_E0008_F02_cropped.jpg,true,2,29,115136d1e92768a583f2d1785243974834dc3f3195b552039e43bee3fc3fca56,115136d1e92768a583f2d1785243974834dc3f3195b552039e43bee3fc3fca56,CC0-1.0,http://creativecommons.org/publicdomain/zero/1.0/legalcode,redistribute_derivative_rights_review_passed
WBGBIF2026_E0008,WBGBIF2026_E0008_F03_cropped,cropped,model_inputs/images_cropped/WBGBIF2026_E0008_F03_cropped.jpg,true,3,30,eab843033ce691f350f82e7f69f7ff23e01f6c95f936aa9774c74154c2bf2bec,eab843033ce691f350f82e7f69f7ff23e01f6c95f936aa9774c74154c2bf2bec,CC0-1.0,http://creativecommons.org/publicdomain/zero/1.0/legalcode,redistribute_derivative_rights_review_passed
WBGBIF2026_E0008,WBGBIF2026_E0008_F04_cropped,cropped,model_inputs/images_cropped/WBGBIF2026_E0008_F04_cropped.jpg,true,4,31,46c04793f5f86101e6f621cdabdf28c01b8afb6fe46efd9638f3f45f8e97328d,46c04793f5f86101e6f621cdabdf28c01b8afb6fe46efd9638f3f45f8e97328d,CC0-1.0,http://creativecommons.org/publicdomain/zero/1.0/legalcode,redistribute_derivative_rights_review_passed
WBGBIF2026_E0009,WBGBIF2026_E0009_F00_cropped,cropped,model_inputs/images_cropped/WBGBIF2026_E0009_F00_cropped.jpg,true,0,0,cae1008576d73bb7d4a253a316a6d9463eeda97bd4d56c0403a43511c4f7a985,cae1008576d73bb7d4a253a316a6d9463eeda97bd4d56c0403a43511c4f7a985,CC0-1.0,http://creativecommons.org/publicdomain/zero/1.0/legalcode,redistribute_derivative_rights_review_passed
WBGBIF2026_E0009,WBGBIF2026_E0009_F01_cropped,cropped,model_inputs/images_cropped/WBGBIF2026_E0009_F01_cropped.jpg,true,1,1,d9d8c5afb3d5f22a7ccee1ea04cc13e028b31955c4de5ea42fed66ca5496fc17,d9d8c5afb3d5f22a7ccee1ea04cc13e028b31955c4de5ea42fed66ca5496fc17,CC0-1.0,http://creativecommons.org/publicdomain/zero/1.0/legalcode,redistribute_derivative_rights_review_passed
WBGBIF2026_E0009,WBGBIF2026_E0009_F02_cropped,cropped,model_inputs/images_cropped/WBGBIF2026_E0009_F02_cropped.jpg,true,2,2,0eb596c1dbca96a654b4887cbfa3b25a122ffecd7aaa2720c913bafe9fdcfd1d,0eb596c1dbca96a654b4887cbfa3b25a122ffecd7aaa2720c913bafe9fdcfd1d,CC0-1.0,http://creativecommons.org/publicdomain/zero/1.0/legalcode,redistribute_derivative_rights_review_passed
WBGBIF2026_E0009,WBGBIF2026_E0009_F03_cropped,cropped,model_inputs/images_cropped/WBGBIF2026_E0009_F03_cropped.jpg,true,3,3,cc7625b47d24509e81503018dcb76048dd4cb53c27e70f81663e8b6311c22c3f,cc7625b47d24509e81503018dcb76048dd4cb53c27e70f81663e8b6311c22c3f,CC0-1.0,http://creativecommons.org/publicdomain/zero/1.0/legalcode,redistribute_derivative_rights_review_passed
WBGBIF2026_E0009,WBGBIF2026_E0009_F04_cropped,cropped,model_inputs/images_cropped/WBGBIF2026_E0009_F04_cropped.jpg,true,4,4,27e0764b9d09b9362187a19bfce984498d54ff21face6346c1aab166a27130e4,27e0764b9d09b9362187a19bfce984498d54ff21face6346c1aab166a27130e4,CC0-1.0,http://creativecommons.org/publicdomain/zero/1.0/legalcode,redistribute_derivative_rights_review_passed
WBGBIF2026_E0010,WBGBIF2026_E0010_F00_cropped,cropped,model_inputs/images_cropped/WBGBIF2026_E0010_F00_cropped.jpg,true,0,0,5e61d7854ec2e008ac21fb56ded21b0a42f40b84f3777df1687ec294b89ce108,5e61d7854ec2e008ac21fb56ded21b0a42f40b84f3777df1687ec294b89ce108,CC0-1.0,http://creativecommons.org/publicdomain/zero/1.0/legalcode,redistribute_derivative_rights_review_passed
WBGBIF2026_E0010,WBGBIF2026_E0010_F01_cropped,cropped,model_inputs/images_cropped/WBGBIF2026_E0010_F01_cropped.jpg,true,1,1,41053a8c6223fd6a25d4184d956ac104554768bac7423225f8cf9c203d7ec73e,41053a8c6223fd6a25d4184d956ac104554768bac7423225f8cf9c203d7ec73e,CC0-1.0,http://creativecommons.org/publicdomain/zero/1.0/legalcode,redistribute_derivative_rights_review_passed
WBGBIF2026_E0010,WBGBIF2026_E0010_F02_cropped,cropped,model_inputs/images_cropped/WBGBIF2026_E0010_F02_cropped.jpg,true,2,2,a4aada61ccfc7ced58837dad0c42f8d2b8adf3aa7efa8c1d0ee65c6a61fcf059,a4aada61ccfc7ced58837dad0c42f8d2b8adf3aa7efa8c1d0ee65c6a61fcf059,CC0-1.0,http://creativecommons.org/publicdomain/zero/1.0/legalcode,redistribute_derivative_rights_review_passed
WBGBIF2026_E0010,WBGBIF2026_E0010_F03_cropped,cropped,model_inputs/images_cropped/WBGBIF2026_E0010_F03_cropped.jpg,true,3,3,2411c8cbd81539896e723c37bdad4c06aaf6038bd1c53869220bf1fb23b31715,2411c8cbd81539896e723c37bdad4c06aaf6038bd1c53869220bf1fb23b31715,CC0-1.0,http://creativecommons.org/publicdomain/zero/1.0/legalcode,redistribute_derivative_rights_review_passed
WBGBIF2026_E0010,WBGBIF2026_E0010_F04_cropped,cropped,model_inputs/images_cropped/WBGBIF2026_E0010_F04_cropped.jpg,true,4,4,dd3e611701d0febb11f6144b4380327c35c6d82fb565c8ab43fbe970b156eb60,dd3e611701d0febb11f6144b4380327c35c6d82fb565c8ab43fbe970b156eb60,CC0-1.0,http://creativecommons.org/publicdomain/zero/1.0/legalcode,redistribute_derivative_rights_review_passed
WBGBIF2026_E0011,WBGBIF2026_E0011_F00_cropped,cropped,model_inputs/images_cropped/WBGBIF2026_E0011_F00_cropped.jpg,true,0,0,74bce4351224366d12c69fcc5e43cafa7632ebe58a90779dcadc491f60adbee9,74bce4351224366d12c69fcc5e43cafa7632ebe58a90779dcadc491f60adbee9,CC0-1.0,http://creativecommons.org/publicdomain/zero/1.0/legalcode,redistribute_derivative_rights_review_passed
WBGBIF2026_E0011,WBGBIF2026_E0011_F01_cropped,cropped,model_inputs/images_cropped/WBGBIF2026_E0011_F01_cropped.jpg,true,1,1,0f8e31ef3a23a7988e017585f1ece24f33282ec7631e0889b8bb32fc751150b3,0f8e31ef3a23a7988e017585f1ece24f33282ec7631e0889b8bb32fc751150b3,CC0-1.0,http://creativecommons.org/publicdomain/zero/1.0/legalcode,redistribute_derivative_rights_review_passed
WBGBIF2026_E0011,WBGBIF2026_E0011_F02_cropped,cropped,model_inputs/images_cropped/WBGBIF2026_E0011_F02_cropped.jpg,true,2,2,3e562d8239abc63f4e3b8a38404020462be345859253c5a166f63405565b70ea,3e562d8239abc63f4e3b8a38404020462be345859253c5a166f63405565b70ea,CC0-1.0,http://creativecommons.org/publicdomain/zero/1.0/legalcode,redistribute_derivative_rights_review_passed
WBGBIF2026_E0011,WBGBIF2026_E0011_F03_cropped,cropped,model_inputs/images_cropped/WBGBIF2026_E0011_F03_cropped.jpg,true,3,3,ea6a5da2f1a056626bb157c775bc0b31a21329b0bfef43ec385190bc9602923c,ea6a5da2f1a056626bb157c775bc0b31a21329b0bfef43ec385190bc9602923c,CC0-1.0,http://creativecommons.org/publicdomain/zero/1.0/legalcode,redistribute_derivative_rights_review_passed
WBGBIF2026_E0011,WBGBIF2026_E0011_F04_cropped,cropped,model_inputs/images_cropped/WBGBIF2026_E0011_F04_cropped.jpg,true,4,4,67a126d5ca994c40e6edc43b2c2ed4ba98b9bcae59fa2b3ac725386ecd268c66,67a126d5ca994c40e6edc43b2c2ed4ba98b9bcae59fa2b3ac725386ecd268c66,CC0-1.0,http://creativecommons.org/publicdomain/zero/1.0/legalcode,redistribute_derivative_rights_review_passed
WBGBIF2026_E0012,WBGBIF2026_E0012_F00_cropped,cropped,model_inputs/images_cropped/WBGBIF2026_E0012_F00_cropped.jpg,true,0,0,a9c756d67a216c345a3bc1087035fb0b53d61c3edee13547df3367bfd5cb2bb5,a9c756d67a216c345a3bc1087035fb0b53d61c3edee13547df3367bfd5cb2bb5,CC0-1.0,http://creativecommons.org/publicdomain/zero/1.0/legalcode,redistribute_derivative_rights_review_passed
WBGBIF2026_E0012,WBGBIF2026_E0012_F01_cropped,cropped,model_inputs/images_cropped/WBGBIF2026_E0012_F01_cropped.jpg,true,1,1,b70ad1c74befe638e21404a059f85561f04974c63c86b23c09a5749b36a874c6,b70ad1c74befe638e21404a059f85561f04974c63c86b23c09a5749b36a874c6,CC0-1.0,http://creativecommons.org/publicdomain/zero/1.0/legalcode,redistribute_derivative_rights_review_passed
WBGBIF2026_E0012,WBGBIF2026_E0012_F02_cropped,cropped,model_inputs/images_cropped/WBGBIF2026_E0012_F02_cropped.jpg,true,2,2,a9e2d19d1b3ce2ef8c6614c9580d4fc647cfe3e625d17bce29017e27a2435bed,a9e2d19d1b3ce2ef8c6614c9580d4fc647cfe3e625d17bce29017e27a2435bed,CC0-1.0,http://creativecommons.org/publicdomain/zero/1.0/legalcode,redistribute_derivative_rights_review_passed
WBGBIF2026_E0012,WBGBIF2026_E0012_F03_cropped,cropped,model_inputs/images_cropped/WBGBIF2026_E0012_F03_cropped.jpg,true,3,3,8fc42ec69fc04babd6450200b46fca7da34c5e4e369c22cae89d0b8c18014688,8fc42ec69fc04babd6450200b46fca7da34c5e4e369c22cae89d0b8c18014688,CC0-1.0,http://creativecommons.org/publicdomain/zero/1.0/legalcode,redistribute_derivative_rights_review_passed
WBGBIF2026_E0012,WBGBIF2026_E0012_F04_cropped,cropped,model_inputs/images_cropped/WBGBIF2026_E0012_F04_cropped.jpg,true,4,4,69b61264c27ebd25022956bd10dfc5b70880ffda9f8b8e3eed437aee978c7c7e,69b61264c27ebd25022956bd10dfc5b70880ffda9f8b8e3eed437aee978c7c7e,CC0-1.0,http://creativecommons.org/publicdomain/zero/1.0/legalcode,redistribute_derivative_rights_review_passed
WBGBIF2026_E0013,WBGBIF2026_E0013_F00_cropped,cropped,model_inputs/images_cropped/WBGBIF2026_E0013_F00_cropped.jpg,true,0,0,7d6406a27c2ce0d7631fb4ac24a6ce5a55d1b43c5634ae88fe326e576bc37486,7d6406a27c2ce0d7631fb4ac24a6ce5a55d1b43c5634ae88fe326e576bc37486,CC0-1.0,http://creativecommons.org/publicdomain/zero/1.0/legalcode,redistribute_derivative_rights_review_passed
WBGBIF2026_E0013,WBGBIF2026_E0013_F01_cropped,cropped,model_inputs/images_cropped/WBGBIF2026_E0013_F01_cropped.jpg,true,1,2,6b70e52519ab05e8bfe71a65147572f8921379dc84f574bf14b82e6826c5721d,6b70e52519ab05e8bfe71a65147572f8921379dc84f574bf14b82e6826c5721d,CC0-1.0,http://creativecommons.org/publicdomain/zero/1.0/legalcode,redistribute_derivative_rights_review_passed
WBGBIF2026_E0013,WBGBIF2026_E0013_F02_cropped,cropped,model_inputs/images_cropped/WBGBIF2026_E0013_F02_cropped.jpg,true,2,4,85f4301187b7c01f7432bd1c5c31a69c1b109913033baa4a3ae60e914b19da99,85f4301187b7c01f7432bd1c5c31a69c1b109913033baa4a3ae60e914b19da99,CC0-1.0,http://creativecommons.org/publicdomain/zero/1.0/legalcode,redistribute_derivative_rights_review_passed
WBGBIF2026_E0013,WBGBIF2026_E0013_F03_cropped,cropped,model_inputs/images_cropped/WBGBIF2026_E0013_F03_cropped.jpg,true,3,6,594520dd027238a9b28b7007a3d00cf694d4bf93322cfd75a8ce69099f8a1a72,594520dd027238a9b28b7007a3d00cf694d4bf93322cfd75a8ce69099f8a1a72,CC0-1.0,http://creativecommons.org/publicdomain/zero/1.0/legalcode,redistribute_derivative_rights_review_passed
WBGBIF2026_E0013,WBGBIF2026_E0013_F04_cropped,cropped,model_inputs/images_cropped/WBGBIF2026_E0013_F04_cropped.jpg,true,4,8,e633c2fb27e63e71f07626cd9df46cf0c35805e3e50d445d24345fe633da22a8,e633c2fb27e63e71f07626cd9df46cf0c35805e3e50d445d24345fe633da22a8,CC0-1.0,http://creativecommons.org/publicdomain/zero/1.0/legalcode,redistribute_derivative_rights_review_passed
WBGBIF2026_E0014,WBGBIF2026_E0014_F00_cropped,cropped,model_inputs/images_cropped/WBGBIF2026_E0014_F00_cropped.jpg,true,0,0,1c4db2eefe8eee263c88123e408a5af9969bc9bef4558a131c885d941d143ca8,1c4db2eefe8eee263c88123e408a5af9969bc9bef4558a131c885d941d143ca8,CC0-1.0,http://creativecommons.org/publicdomain/zero/1.0/legalcode,redistribute_derivative_rights_review_passed
WBGBIF2026_E0014,WBGBIF2026_E0014_F01_cropped,cropped,model_inputs/images_cropped/WBGBIF2026_E0014_F01_cropped.jpg,true,1,1,b0381ff39732cd3914ddafed749d439a1e1d65767935950ef43f3357130b8b4d,b0381ff39732cd3914ddafed749d439a1e1d65767935950ef43f3357130b8b4d,CC0-1.0,http://creativecommons.org/publicdomain/zero/1.0/legalcode,redistribute_derivative_rights_review_passed
WBGBIF2026_E0014,WBGBIF2026_E0014_F02_cropped,cropped,model_inputs/images_cropped/WBGBIF2026_E0014_F02_cropped.jpg,true,2,2,99026346e1d8e033d616e9380762ffa8fb9c298bc4c81a5e50db0a4f7ae53379,99026346e1d8e033d616e9380762ffa8fb9c298bc4c81a5e50db0a4f7ae53379,CC0-1.0,http://creativecommons.org/publicdomain/zero/1.0/legalcode,redistribute_derivative_rights_review_passed
WBGBIF2026_E0014,WBGBIF2026_E0014_F03_cropped,cropped,model_inputs/images_cropped/WBGBIF2026_E0014_F03_cropped.jpg,true,3,3,d778ea7ee8834b523c48055a9d65093871de52e3ec4f4cd1f4205e8f81e7e1f4,d778ea7ee8834b523c48055a9d65093871de52e3ec4f4cd1f4205e8f81e7e1f4,CC0-1.0,http://creativecommons.org/publicdomain/zero/1.0/legalcode,redistribute_derivative_rights_review_passed
WBGBIF2026_E0014,WBGBIF2026_E0014_F04_cropped,cropped,model_inputs/images_cropped/WBGBIF2026_E0014_F04_cropped.jpg,true,4,4,b1f7767c9d8aad0214f53980936dcc4a776b3e682bd5063d21f4d87fdca0ce70,b1f7767c9d8aad0214f53980936dcc4a776b3e682bd5063d21f4d87fdca0ce70,CC0-1.0,http://creativecommons.org/publicdomain/zero/1.0/legalcode,redistribute_derivative_rights_review_passed
WBGBIF2026_E0015,WBGBIF2026_E0015_F00_cropped,cropped,model_inputs/images_cropped/WBGBIF2026_E0015_F00_cropped.jpg,true,0,0,2b3dfbb73a6726a8af028d9133cc214459fbae6fdd77b19e1d1fd3c864761980,2b3dfbb73a6726a8af028d9133cc214459fbae6fdd77b19e1d1fd3c864761980,CC0-1.0,http://creativecommons.org/publicdomain/zero/1.0/legalcode,redistribute_derivative_rights_review_passed
WBGBIF2026_E0015,WBGBIF2026_E0015_F01_cropped,cropped,model_inputs/images_cropped/WBGBIF2026_E0015_F01_cropped.jpg,true,1,1,92608c725dd253d8722e1eaeba2a3d4e20272aa9fc2ce1c592103e6b7589aa53,92608c725dd253d8722e1eaeba2a3d4e20272aa9fc2ce1c592103e6b7589aa53,CC0-1.0,http://creativecommons.org/publicdomain/zero/1.0/legalcode,redistribute_derivative_rights_review_passed
WBGBIF2026_E0015,WBGBIF2026_E0015_F02_cropped,cropped,model_inputs/images_cropped/WBGBIF2026_E0015_F02_cropped.jpg,true,2,2,680764a89996a03573667fe678177247e27a3222f6db4d1f68b6870e8fa9bd72,680764a89996a03573667fe678177247e27a3222f6db4d1f68b6870e8fa9bd72,CC0-1.0,http://creativecommons.org/publicdomain/zero/1.0/legalcode,redistribute_derivative_rights_review_passed
WBGBIF2026_E0015,WBGBIF2026_E0015_F03_cropped,cropped,model_inputs/images_cropped/WBGBIF2026_E0015_F03_cropped.jpg,true,3,3,27cbecc77cdff21e889988335e3aecc17c06e78eb51c34c95d14f774858365a3,27cbecc77cdff21e889988335e3aecc17c06e78eb51c34c95d14f774858365a3,CC0-1.0,http://creativecommons.org/publicdomain/zero/1.0/legalcode,redistribute_derivative_rights_review_passed
WBGBIF2026_E0015,WBGBIF2026_E0015_F04_cropped,cropped,model_inputs/images_cropped/WBGBIF2026_E0015_F04_cropped.jpg,true,4,4,4790e9a160e4908aba26d6b9abb4dfdec2bdbf7152d4493cc80e4cf490a32691,4790e9a160e4908aba26d6b9abb4dfdec2bdbf7152d4493cc80e4cf490a32691,CC0-1.0,http://creativecommons.org/publicdomain/zero/1.0/legalcode,redistribute_derivative_rights_review_passed
WBGBIF2026_E0016,WBGBIF2026_E0016_F00_cropped,cropped,model_inputs/images_cropped/WBGBIF2026_E0016_F00_cropped.jpg,true,0,0,d054296d2b5f647a779120af6a2f0706cbd58ee9e4bd233dea5db9a964c8fe33,d054296d2b5f647a779120af6a2f0706cbd58ee9e4bd233dea5db9a964c8fe33,CC0-1.0,http://creativecommons.org/publicdomain/zero/1.0/legalcode,redistribute_derivative_rights_review_passed
WBGBIF2026_E0016,WBGBIF2026_E0016_F01_cropped,cropped,model_inputs/images_cropped/WBGBIF2026_E0016_F01_cropped.jpg,true,1,1,4ac6e6fe72cb4c7b75261c54b34221370ca24bca2a5df9bd385cae20c556fb7d,4ac6e6fe72cb4c7b75261c54b34221370ca24bca2a5df9bd385cae20c556fb7d,CC0-1.0,http://creativecommons.org/publicdomain/zero/1.0/legalcode,redistribute_derivative_rights_review_passed
WBGBIF2026_E0016,WBGBIF2026_E0016_F02_cropped,cropped,model_inputs/images_cropped/WBGBIF2026_E0016_F02_cropped.jpg,true,2,2,be4b6d2ca42747ca462216536349e555fdd5622e33f1992746928c35c8f59f45,be4b6d2ca42747ca462216536349e555fdd5622e33f1992746928c35c8f59f45,CC0-1.0,http://creativecommons.org/publicdomain/zero/1.0/legalcode,redistribute_derivative_rights_review_passed
WBGBIF2026_E0016,WBGBIF2026_E0016_F03_cropped,cropped,model_inputs/images_cropped/WBGBIF2026_E0016_F03_cropped.jpg,true,3,3,8e625f4621b73d3a1db41db8a9ce43075aed5b38e8351f0589354af76c1058b4,8e625f4621b73d3a1db41db8a9ce43075aed5b38e8351f0589354af76c1058b4,CC0-1.0,http://creativecommons.org/publicdomain/zero/1.0/legalcode,redistribute_derivative_rights_review_passed
WBGBIF2026_E0016,WBGBIF2026_E0016_F04_cropped,cropped,model_inputs/images_cropped/WBGBIF2026_E0016_F04_cropped.jpg,true,4,4,d39a5190c3ed52e4e8661960ae1c7728d68c7e73d3906500a1ea9e0da2f01c4e,d39a5190c3ed52e4e8661960ae1c7728d68c7e73d3906500a1ea9e0da2f01c4e,CC0-1.0,http://creativecommons.org/publicdomain/zero/1.0/legalcode,redistribute_derivative_rights_review_passed
WBGBIF2026_E0017,WBGBIF2026_E0017_F00_cropped,cropped,model_inputs/images_cropped/WBGBIF2026_E0017_F00_cropped.jpg,true,0,0,fcead537ad09c039fa049cdbc59f58ebfd5da001a431debffba48042d8355971,fcead537ad09c039fa049cdbc59f58ebfd5da001a431debffba48042d8355971,CC0-1.0,http://creativecommons.org/publicdomain/zero/1.0/legalcode,redistribute_derivative_rights_review_passed
WBGBIF2026_E0017,WBGBIF2026_E0017_F01_cropped,cropped,model_inputs/images_cropped/WBGBIF2026_E0017_F01_cropped.jpg,true,1,1,5ae7b44c8e7f63c20c701fa64601bb238b3b90b177d245d596d65df885f567ea,5ae7b44c8e7f63c20c701fa64601bb238b3b90b177d245d596d65df885f567ea,CC0-1.0,http://creativecommons.org/publicdomain/zero/1.0/legalcode,redistribute_derivative_rights_review_passed
WBGBIF2026_E0017,WBGBIF2026_E0017_F02_cropped,cropped,model_inputs/images_cropped/WBGBIF2026_E0017_F02_cropped.jpg,true,2,2,5d7d4fdca206e9f7e987f23d0cfcd84a844fe766a93a229993ed08cd1ef75396,5d7d4fdca206e9f7e987f23d0cfcd84a844fe766a93a229993ed08cd1ef75396,CC0-1.0,http://creativecommons.org/publicdomain/zero/1.0/legalcode,redistribute_derivative_rights_review_passed
WBGBIF2026_E0017,WBGBIF2026_E0017_F03_cropped,cropped,model_inputs/images_cropped/WBGBIF2026_E0017_F03_cropped.jpg,true,3,3,88fe253d36da6bb7fe81633ad6e3303c0ac124f6a386afca8d401c610341c027,88fe253d36da6bb7fe81633ad6e3303c0ac124f6a386afca8d401c610341c027,CC0-1.0,http://creativecommons.org/publicdomain/zero/1.0/legalcode,redistribute_derivative_rights_review_passed
WBGBIF2026_E0017,WBGBIF2026_E0017_F04_cropped,cropped,model_inputs/images_cropped/WBGBIF2026_E0017_F04_cropped.jpg,true,4,4,3c16613d81dff5f8d474c118aadf7f1db4f1bdc8591d49e7a36e83345c3c58c1,3c16613d81dff5f8d474c118aadf7f1db4f1bdc8591d49e7a36e83345c3c58c1,CC0-1.0,http://creativecommons.org/publicdomain/zero/1.0/legalcode,redistribute_derivative_rights_review_passed
WBGBIF2026_E0018,WBGBIF2026_E0018_F00_cropped,cropped,model_inputs/images_cropped/WBGBIF2026_E0018_F00_cropped.jpg,true,0,0,a7e343cb8b721fc75d7d083db5fb7ec612e4c6aefdd6a00ecfa9ccd6b3a571f1,a7e343cb8b721fc75d7d083db5fb7ec612e4c6aefdd6a00ecfa9ccd6b3a571f1,CC0-1.0,http://creativecommons.org/publicdomain/zero/1.0/legalcode,redistribute_derivative_rights_review_passed
WBGBIF2026_E0018,WBGBIF2026_E0018_F01_cropped,cropped,model_inputs/images_cropped/WBGBIF2026_E0018_F01_cropped.jpg,true,1,1,f49f889c9a99cab22592237a5f0e5180c9d7a7f27a61524fb0b13cf4041b7d87,f49f889c9a99cab22592237a5f0e5180c9d7a7f27a61524fb0b13cf4041b7d87,CC0-1.0,http://creativecommons.org/publicdomain/zero/1.0/legalcode,redistribute_derivative_rights_review_passed
WBGBIF2026_E0018,WBGBIF2026_E0018_F02_cropped,cropped,model_inputs/images_cropped/WBGBIF2026_E0018_F02_cropped.jpg,true,2,2,218573975f70496cc526c5e650a958498624bd06189f4fc68340f81c1fbf7c34,218573975f70496cc526c5e650a958498624bd06189f4fc68340f81c1fbf7c34,CC0-1.0,http://creativecommons.org/publicdomain/zero/1.0/legalcode,redistribute_derivative_rights_review_passed
WBGBIF2026_E0018,WBGBIF2026_E0018_F03_cropped,cropped,model_inputs/images_cropped/WBGBIF2026_E0018_F03_cropped.jpg,true,3,3,3f19d0b66782d9bf1364a670f0955e2d68a3eb892f27b6cdbc566fe7a76a2afa,3f19d0b66782d9bf1364a670f0955e2d68a3eb892f27b6cdbc566fe7a76a2afa,CC0-1.0,http://creativecommons.org/publicdomain/zero/1.0/legalcode,redistribute_derivative_rights_review_passed
WBGBIF2026_E0018,WBGBIF2026_E0018_F04_cropped,cropped,model_inputs/images_cropped/WBGBIF2026_E0018_F04_cropped.jpg,true,4,4,b9ea216917db87394023b4de9156127d68eca15b3de5ce582b1efcd3a08103b0,b9ea216917db87394023b4de9156127d68eca15b3de5ce582b1efcd3a08103b0,CC0-1.0,http://creativecommons.org/publicdomain/zero/1.0/legalcode,redistribute_derivative_rights_review_passed
WBGBIF2026_E0019,WBGBIF2026_E0019_F00_cropped,cropped,model_inputs/images_cropped/WBGBIF2026_E0019_F00_cropped.jpg,true,0,0,d6e8490cd004567aee8efc0a5d3336d49a341f5fcd3fa984298ebd08957037e1,d6e8490cd004567aee8efc0a5d3336d49a341f5fcd3fa984298ebd08957037e1,CC-BY-4.0,http://creativecommons.org/licenses/by/4.0/legalcode,redistribute_derivative_with_attribution_rights_review_passed
WBGBIF2026_E0019,WBGBIF2026_E0019_F01_cropped,cropped,model_inputs/images_cropped/WBGBIF2026_E0019_F01_cropped.jpg,true,1,1,e13cb0970f23966faefa712d2db555f96095dc1c8b6befb6c0e55741ec178c83,e13cb0970f23966faefa712d2db555f96095dc1c8b6befb6c0e55741ec178c83,CC-BY-4.0,http://creativecommons.org/licenses/by/4.0/legalcode,redistribute_derivative_with_attribution_rights_review_passed
WBGBIF2026_E0019,WBGBIF2026_E0019_F02_cropped,cropped,model_inputs/images_cropped/WBGBIF2026_E0019_F02_cropped.jpg,true,2,2,4ce1627c553859d4e139bd982298184e24d140f8d1742e730eaa4cae437a817d,4ce1627c553859d4e139bd982298184e24d140f8d1742e730eaa4cae437a817d,CC-BY-4.0,http://creativecommons.org/licenses/by/4.0/legalcode,redistribute_derivative_with_attribution_rights_review_passed
WBGBIF2026_E0019,WBGBIF2026_E0019_F03_cropped,cropped,model_inputs/images_cropped/WBGBIF2026_E0019_F03_cropped.jpg,true,3,3,7bdfd6a4be25db01551116f1af0571dc5eb82f8526c0570edbaca7052373765b,7bdfd6a4be25db01551116f1af0571dc5eb82f8526c0570edbaca7052373765b,CC-BY-4.0,http://creativecommons.org/licenses/by/4.0/legalcode,redistribute_derivative_with_attribution_rights_review_passed
WBGBIF2026_E0019,WBGBIF2026_E0019_F04_cropped,cropped,model_inputs/images_cropped/WBGBIF2026_E0019_F04_cropped.jpg,true,4,4,2cc51140864fa6b0ce8b3084ccefbc8fb90d4737b03fe8a04e19241bbd244570,2cc51140864fa6b0ce8b3084ccefbc8fb90d4737b03fe8a04e19241bbd244570,CC-BY-4.0,http://creativecommons.org/licenses/by/4.0/legalcode,redistribute_derivative_with_attribution_rights_review_passed
WBGBIF2026_E0020,WBGBIF2026_E0020_F00_cropped,cropped,model_inputs/images_cropped/WBGBIF2026_E0020_F00_cropped.jpg,true,0,0,2bc067bc758393b7dd53dcaa7015111cf5fb38a2b9ddc2000fd51aadd987ca7d,2bc067bc758393b7dd53dcaa7015111cf5fb38a2b9ddc2000fd51aadd987ca7d,CC-BY-4.0,http://creativecommons.org/licenses/by/4.0/legalcode,redistribute_derivative_with_attribution_rights_review_passed
WBGBIF2026_E0020,WBGBIF2026_E0020_F01_cropped,cropped,model_inputs/images_cropped/WBGBIF2026_E0020_F01_cropped.jpg,true,1,1,d4c4c0e1b87bdb1139bce7459595f48eccde316e70285a02f48be4b9563bc882,d4c4c0e1b87bdb1139bce7459595f48eccde316e70285a02f48be4b9563bc882,CC-BY-4.0,http://creativecommons.org/licenses/by/4.0/legalcode,redistribute_derivative_with_attribution_rights_review_passed
WBGBIF2026_E0020,WBGBIF2026_E0020_F02_cropped,cropped,model_inputs/images_cropped/WBGBIF2026_E0020_F02_cropped.jpg,true,2,2,5df9ad70e1db90b8fec132dc5b32ebabe1a1ad9cbf07be38b7bdf0326e84bac1,5df9ad70e1db90b8fec132dc5b32ebabe1a1ad9cbf07be38b7bdf0326e84bac1,CC-BY-4.0,http://creativecommons.org/licenses/by/4.0/legalcode,redistribute_derivative_with_attribution_rights_review_passed
WBGBIF2026_E0020,WBGBIF2026_E0020_F03_cropped,cropped,model_inputs/images_cropped/WBGBIF2026_E0020_F03_cropped.jpg,true,3,3,9bfb177d0c64c139769b9ca288642ea99e418d87343359953861f5bc054c92c2,9bfb177d0c64c139769b9ca288642ea99e418d87343359953861f5bc054c92c2,CC-BY-4.0,http://creativecommons.org/licenses/by/4.0/legalcode,redistribute_derivative_with_attribution_rights_review_passed
WBGBIF2026_E0020,WBGBIF2026_E0020_F04_cropped,cropped,model_inputs/images_cropped/WBGBIF2026_E0020_F04_cropped.jpg,true,4,4,fa3f00148922c27d09181d2a82624103b6e0cf1e8fef91b38d54aba93b76a351,fa3f00148922c27d09181d2a82624103b6e0cf1e8fef91b38d54aba93b76a351,CC-BY-4.0,http://creativecommons.org/licenses/by/4.0/legalcode,redistribute_derivative_with_attribution_rights_review_passed
WBGBIF2026_E0021,WBGBIF2026_E0021_F00_cropped,cropped,model_inputs/images_cropped/WBGBIF2026_E0021_F00_cropped.jpg,true,0,0,7607cc96707d056c89b58032dec334ea63fe79a58ad694558cda757d1797f04e,7607cc96707d056c89b58032dec334ea63fe79a58ad694558cda757d1797f04e,CC-BY-4.0,http://creativecommons.org/licenses/by/4.0/legalcode,redistribute_derivative_with_attribution_rights_review_passed
WBGBIF2026_E0021,WBGBIF2026_E0021_F01_cropped,cropped,model_inputs/images_cropped/WBGBIF2026_E0021_F01_cropped.jpg,true,1,1,52b68dcbea3c29dcd86d965e0dd8a1c2df63b84634ed33d9e1b4372cdc2864a9,52b68dcbea3c29dcd86d965e0dd8a1c2df63b84634ed33d9e1b4372cdc2864a9,CC-BY-4.0,http://creativecommons.org/licenses/by/4.0/legalcode,redistribute_derivative_with_attribution_rights_review_passed
WBGBIF2026_E0021,WBGBIF2026_E0021_F02_cropped,cropped,model_inputs/images_cropped/WBGBIF2026_E0021_F02_cropped.jpg,true,2,2,04ce7851f2da250b8a6f4296b79a50046e142dc25a8c51cffb8cff108a27703f,04ce7851f2da250b8a6f4296b79a50046e142dc25a8c51cffb8cff108a27703f,CC-BY-4.0,http://creativecommons.org/licenses/by/4.0/legalcode,redistribute_derivative_with_attribution_rights_review_passed
WBGBIF2026_E0021,WBGBIF2026_E0021_F03_cropped,cropped,model_inputs/images_cropped/WBGBIF2026_E0021_F03_cropped.jpg,true,3,3,f829043841441a3ca88b73df7b6cc50454fb866ac982e64e78c7d8e7fad4d15d,f829043841441a3ca88b73df7b6cc50454fb866ac982e64e78c7d8e7fad4d15d,CC-BY-4.0,http://creativecommons.org/licenses/by/4.0/legalcode,redistribute_derivative_with_attribution_rights_review_passed
WBGBIF2026_E0021,WBGBIF2026_E0021_F04_cropped,cropped,model_inputs/images_cropped/WBGBIF2026_E0021_F04_cropped.jpg,true,4,4,a31a44f6c36c81a7b41d8c0765ffdee4dab1fb141b5c42a3492cde8e96d3d447,a31a44f6c36c81a7b41d8c0765ffdee4dab1fb141b5c42a3492cde8e96d3d447,CC-BY-4.0,http://creativecommons.org/licenses/by/4.0/legalcode,redistribute_derivative_with_attribution_rights_review_passed
WBGBIF2026_E0022,WBGBIF2026_E0022_F00_cropped,cropped,model_inputs/images_cropped/WBGBIF2026_E0022_F00_cropped.jpg,true,0,0,3a8a7476eb1317ca0a2112fee2ae2f5b2f274dff034938b0295330c742a4ec86,3a8a7476eb1317ca0a2112fee2ae2f5b2f274dff034938b0295330c742a4ec86,CC0-1.0,http://creativecommons.org/publicdomain/zero/1.0/legalcode,redistribute_derivative_rights_review_passed
WBGBIF2026_E0022,WBGBIF2026_E0022_F01_cropped,cropped,model_inputs/images_cropped/WBGBIF2026_E0022_F01_cropped.jpg,true,1,4,5fd7619c3efb39ee5f628a66ae3e28655c6767446c5cdbbdb33c19f3fd0402bf,5fd7619c3efb39ee5f628a66ae3e28655c6767446c5cdbbdb33c19f3fd0402bf,CC0-1.0,http://creativecommons.org/publicdomain/zero/1.0/legalcode,redistribute_derivative_rights_review_passed
WBGBIF2026_E0022,WBGBIF2026_E0022_F02_cropped,cropped,model_inputs/images_cropped/WBGBIF2026_E0022_F02_cropped.jpg,true,2,9,28c6b3ffd96a223caf4e060091ad1982a94fcf42d871b4f83849802f5768a18d,28c6b3ffd96a223caf4e060091ad1982a94fcf42d871b4f83849802f5768a18d,CC0-1.0,http://creativecommons.org/publicdomain/zero/1.0/legalcode,redistribute_derivative_rights_review_passed
WBGBIF2026_E0022,WBGBIF2026_E0022_F03_cropped,cropped,model_inputs/images_cropped/WBGBIF2026_E0022_F03_cropped.jpg,true,3,13,3bf3824098ca45d9fc1220b285aca1395c0244a675f28e162d19b14165b46bd6,3bf3824098ca45d9fc1220b285aca1395c0244a675f28e162d19b14165b46bd6,CC0-1.0,http://creativecommons.org/publicdomain/zero/1.0/legalcode,redistribute_derivative_rights_review_passed
WBGBIF2026_E0022,WBGBIF2026_E0022_F04_cropped,cropped,model_inputs/images_cropped/WBGBIF2026_E0022_F04_cropped.jpg,true,4,17,bc48001dd0a7d1af15adb4c9afe04f4305a53847f372805c6447cbcdb7c22166,bc48001dd0a7d1af15adb4c9afe04f4305a53847f372805c6447cbcdb7c22166,CC0-1.0,http://creativecommons.org/publicdomain/zero/1.0/legalcode,redistribute_derivative_rights_review_passed
WBGBIF2026_E0023,WBGBIF2026_E0023_F00_cropped,cropped,model_inputs/images_cropped/WBGBIF2026_E0023_F00_cropped.jpg,true,0,0,f033b0f2a97edb93925cd39f2db3e19a14526b657b3190d6c4173a0886e7b2df,f033b0f2a97edb93925cd39f2db3e19a14526b657b3190d6c4173a0886e7b2df,CC-BY-4.0,http://creativecommons.org/licenses/by/4.0/legalcode,redistribute_derivative_with_attribution_rights_review_passed
WBGBIF2026_E0023,WBGBIF2026_E0023_F01_cropped,cropped,model_inputs/images_cropped/WBGBIF2026_E0023_F01_cropped.jpg,true,1,1,1bb92b2c5f63c2e5a5c5fa3df20db5bad835c9bde85b1e7e9294d4b9159d0713,1bb92b2c5f63c2e5a5c5fa3df20db5bad835c9bde85b1e7e9294d4b9159d0713,CC-BY-4.0,http://creativecommons.org/licenses/by/4.0/legalcode,redistribute_derivative_with_attribution_rights_review_passed
WBGBIF2026_E0023,WBGBIF2026_E0023_F02_cropped,cropped,model_inputs/images_cropped/WBGBIF2026_E0023_F02_cropped.jpg,true,2,2,dd72cadcffadd94e1479618645c336c8446c31957b11cebc2ebf1721773fa6f8,dd72cadcffadd94e1479618645c336c8446c31957b11cebc2ebf1721773fa6f8,CC-BY-4.0,http://creativecommons.org/licenses/by/4.0/legalcode,redistribute_derivative_with_attribution_rights_review_passed
WBGBIF2026_E0023,WBGBIF2026_E0023_F03_cropped,cropped,model_inputs/images_cropped/WBGBIF2026_E0023_F03_cropped.jpg,true,3,3,629fa43d474c986ee31a3e747eb1e627237692cb3abd4c4a41969569a2fc44ae,629fa43d474c986ee31a3e747eb1e627237692cb3abd4c4a41969569a2fc44ae,CC-BY-4.0,http://creativecommons.org/licenses/by/4.0/legalcode,redistribute_derivative_with_attribution_rights_review_passed
WBGBIF2026_E0023,WBGBIF2026_E0023_F04_cropped,cropped,model_inputs/images_cropped/WBGBIF2026_E0023_F04_cropped.jpg,true,4,4,bc7ef30fc07bee753d3e2b20b92773ab6a2ecc0b7ff9c84566132bd27e929a29,bc7ef30fc07bee753d3e2b20b92773ab6a2ecc0b7ff9c84566132bd27e929a29,CC-BY-4.0,http://creativecommons.org/licenses/by/4.0/legalcode,redistribute_derivative_with_attribution_rights_review_passed
WBGBIF2026_E0024,WBGBIF2026_E0024_F00_cropped,cropped,model_inputs/images_cropped/WBGBIF2026_E0024_F00_cropped.jpg,true,0,0,23ffd0959da8199edca4683338779d7f3fe2e3ae4c4d5652e7c6a2e0c77ba482,23ffd0959da8199edca4683338779d7f3fe2e3ae4c4d5652e7c6a2e0c77ba482,CC-BY-4.0,http://creativecommons.org/licenses/by/4.0/legalcode,redistribute_derivative_with_attribution_rights_review_passed
WBGBIF2026_E0024,WBGBIF2026_E0024_F01_cropped,cropped,model_inputs/images_cropped/WBGBIF2026_E0024_F01_cropped.jpg,true,1,1,f199cd4e0a35f265756a63f5551e71bfc20d453af8feb22cf8667d538987a084,f199cd4e0a35f265756a63f5551e71bfc20d453af8feb22cf8667d538987a084,CC-BY-4.0,http://creativecommons.org/licenses/by/4.0/legalcode,redistribute_derivative_with_attribution_rights_review_passed
WBGBIF2026_E0024,WBGBIF2026_E0024_F02_cropped,cropped,model_inputs/images_cropped/WBGBIF2026_E0024_F02_cropped.jpg,true,2,2,6c79340b77ecb6ea276f9d70bcb749296b56d9ab112edc5b083e0bd6e301e4e9,6c79340b77ecb6ea276f9d70bcb749296b56d9ab112edc5b083e0bd6e301e4e9,CC-BY-4.0,http://creativecommons.org/licenses/by/4.0/legalcode,redistribute_derivative_with_attribution_rights_review_passed
WBGBIF2026_E0024,WBGBIF2026_E0024_F03_cropped,cropped,model_inputs/images_cropped/WBGBIF2026_E0024_F03_cropped.jpg,true,3,3,21438ca9019bd3d6b934c0f260e76df83d36e1f29f5aec07ab6ea30adb5a7568,21438ca9019bd3d6b934c0f260e76df83d36e1f29f5aec07ab6ea30adb5a7568,CC-BY-4.0,http://creativecommons.org/licenses/by/4.0/legalcode,redistribute_derivative_with_attribution_rights_review_passed
WBGBIF2026_E0024,WBGBIF2026_E0024_F04_cropped,cropped,model_inputs/images_cropped/WBGBIF2026_E0024_F04_cropped.jpg,true,4,4,2f2bd33631e8a93ab198187810bebe70acf2583c29dd0b0ceed03d298787a9c2,2f2bd33631e8a93ab198187810bebe70acf2583c29dd0b0ceed03d298787a9c2,CC-BY-4.0,http://creativecommons.org/licenses/by/4.0/legalcode,redistribute_derivative_with_attribution_rights_review_passed
WBGBIF2026_E0028,WBGBIF2026_E0028_F00_cropped,cropped,model_inputs/images_cropped/WBGBIF2026_E0028_F00_cropped.jpg,true,0,0,11888fa9f42a7d9e1a6db98a67ab5c30152e3fb7477e0e2f8637370bc796ba99,11888fa9f42a7d9e1a6db98a67ab5c30152e3fb7477e0e2f8637370bc796ba99,CC0-1.0,http://creativecommons.org/publicdomain/zero/1.0/legalcode,redistribute_derivative_rights_review_passed
WBGBIF2026_E0028,WBGBIF2026_E0028_F01_cropped,cropped,model_inputs/images_cropped/WBGBIF2026_E0028_F01_cropped.jpg,true,1,1,2aab501c190e50b9724453ede2840ac130bfe8c0dc86e7e2c32f0a9a1a23fc5f,2aab501c190e50b9724453ede2840ac130bfe8c0dc86e7e2c32f0a9a1a23fc5f,CC0-1.0,http://creativecommons.org/publicdomain/zero/1.0/legalcode,redistribute_derivative_rights_review_passed
WBGBIF2026_E0028,WBGBIF2026_E0028_F02_cropped,cropped,model_inputs/images_cropped/WBGBIF2026_E0028_F02_cropped.jpg,true,2,2,2644b794e48a700fd25df6873989cf6fe405415a4b6db91917deb6268d11940f,2644b794e48a700fd25df6873989cf6fe405415a4b6db91917deb6268d11940f,CC0-1.0,http://creativecommons.org/publicdomain/zero/1.0/legalcode,redistribute_derivative_rights_review_passed
WBGBIF2026_E0028,WBGBIF2026_E0028_F03_cropped,cropped,model_inputs/images_cropped/WBGBIF2026_E0028_F03_cropped.jpg,true,3,3,fab817250aaf82533d12f89a9ffb97a45ce550cc59d572b9eb14e19e7a3fc615,fab817250aaf82533d12f89a9ffb97a45ce550cc59d572b9eb14e19e7a3fc615,CC0-1.0,http://creativecommons.org/publicdomain/zero/1.0/legalcode,redistribute_derivative_rights_review_passed
WBGBIF2026_E0028,WBGBIF2026_E0028_F04_cropped,cropped,model_inputs/images_cropped/WBGBIF2026_E0028_F04_cropped.jpg,true,4,4,b936a63c1506b1278c54f056e93387fc7d361dfbcb33f675f202b7e17b1533d5,b936a63c1506b1278c54f056e93387fc7d361dfbcb33f675f202b7e17b1533d5,CC0-1.0,http://creativecommons.org/publicdomain/zero/1.0/legalcode,redistribute_derivative_rights_review_passed
WBGBIF2026_E0029,WBGBIF2026_E0029_F00_cropped,cropped,model_inputs/images_cropped/WBGBIF2026_E0029_F00_cropped.jpg,true,0,0,bd91fbd3facdab63a60bddf113046c61a6360b17e6b0cbd2b69637de5b2848f5,bd91fbd3facdab63a60bddf113046c61a6360b17e6b0cbd2b69637de5b2848f5,CC0-1.0,http://creativecommons.org/publicdomain/zero/1.0/legalcode,redistribute_derivative_rights_review_passed
WBGBIF2026_E0029,WBGBIF2026_E0029_F01_cropped,cropped,model_inputs/images_cropped/WBGBIF2026_E0029_F01_cropped.jpg,true,1,1,ba729f239984424f44c6d32da57a99e67db15161478d4efc994d56a36c232883,ba729f239984424f44c6d32da57a99e67db15161478d4efc994d56a36c232883,CC0-1.0,http://creativecommons.org/publicdomain/zero/1.0/legalcode,redistribute_derivative_rights_review_passed
WBGBIF2026_E0029,WBGBIF2026_E0029_F02_cropped,cropped,model_inputs/images_cropped/WBGBIF2026_E0029_F02_cropped.jpg,true,2,11,3d532b4bacbb31a5fdd5c4a9d3bbed19ebcc34825da7455ae52741a98489cc8f,3d532b4bacbb31a5fdd5c4a9d3bbed19ebcc34825da7455ae52741a98489cc8f,CC0-1.0,http://creativecommons.org/publicdomain/zero/1.0/legalcode,redistribute_derivative_rights_review_passed
WBGBIF2026_E0029,WBGBIF2026_E0029_F03_cropped,cropped,model_inputs/images_cropped/WBGBIF2026_E0029_F03_cropped.jpg,true,3,13,c83d2353723a7a95188ba170899e1450a4ab5a99686d9e8ea861dfd46ea2ecef,c83d2353723a7a95188ba170899e1450a4ab5a99686d9e8ea861dfd46ea2ecef,CC0-1.0,http://creativecommons.org/publicdomain/zero/1.0/legalcode,redistribute_derivative_rights_review_passed
WBGBIF2026_E0029,WBGBIF2026_E0029_F04_cropped,cropped,model_inputs/images_cropped/WBGBIF2026_E0029_F04_cropped.jpg,true,4,15,792a53ea0a29912d3d563b8e951b1534f3417db2f90b8210efcf7129ef3d3abb,792a53ea0a29912d3d563b8e951b1534f3417db2f90b8210efcf7129ef3d3abb,CC0-1.0,http://creativecommons.org/publicdomain/zero/1.0/legalcode,redistribute_derivative_rights_review_passed
WBGBIF2026_E0030,WBGBIF2026_E0030_F00_cropped,cropped,model_inputs/images_cropped/WBGBIF2026_E0030_F00_cropped.jpg,true,0,0,07d099bfc9b531e4832e1b5aa6c00776b952f88158ccbb1b821255a20f125bd2,07d099bfc9b531e4832e1b5aa6c00776b952f88158ccbb1b821255a20f125bd2,CC0-1.0,http://creativecommons.org/publicdomain/zero/1.0/legalcode,redistribute_derivative_rights_review_passed
WBGBIF2026_E0030,WBGBIF2026_E0030_F01_cropped,cropped,model_inputs/images_cropped/WBGBIF2026_E0030_F01_cropped.jpg,true,1,2,296104905694eebbbd85cc183f93eb09fd23bdca0cc4be86604ab19bcec72b1a,296104905694eebbbd85cc183f93eb09fd23bdca0cc4be86604ab19bcec72b1a,CC0-1.0,http://creativecommons.org/publicdomain/zero/1.0/legalcode,redistribute_derivative_rights_review_passed
WBGBIF2026_E0030,WBGBIF2026_E0030_F02_cropped,cropped,model_inputs/images_cropped/WBGBIF2026_E0030_F02_cropped.jpg,true,2,4,af90c01236fc2a010bb631ac514a0af0bd2e69a5e41538afb1666b1e7682bd2a,af90c01236fc2a010bb631ac514a0af0bd2e69a5e41538afb1666b1e7682bd2a,CC0-1.0,http://creativecommons.org/publicdomain/zero/1.0/legalcode,redistribute_derivative_rights_review_passed
WBGBIF2026_E0030,WBGBIF2026_E0030_F03_cropped,cropped,model_inputs/images_cropped/WBGBIF2026_E0030_F03_cropped.jpg,true,3,6,1b36f178979ceb1855e009759ad6a756a912b27561ea286ef9f23ff958dad4d9,1b36f178979ceb1855e009759ad6a756a912b27561ea286ef9f23ff958dad4d9,CC0-1.0,http://creativecommons.org/publicdomain/zero/1.0/legalcode,redistribute_derivative_rights_review_passed
WBGBIF2026_E0030,WBGBIF2026_E0030_F04_cropped,cropped,model_inputs/images_cropped/WBGBIF2026_E0030_F04_cropped.jpg,true,4,8,41107af6f7a2a43a5d02dc3bcbded71619e217c098040916129c5fc82a9eb793,41107af6f7a2a43a5d02dc3bcbded71619e217c098040916129c5fc82a9eb793,CC0-1.0,http://creativecommons.org/publicdomain/zero/1.0/legalcode,redistribute_derivative_rights_review_passed
WBGBIF2026_E0034,WBGBIF2026_E0034_F00_cropped,cropped,model_inputs/images_cropped/WBGBIF2026_E0034_F00_cropped.jpg,true,0,0,a60bd589ef203bc9134535b1c531d980573e7ce008987315fcccf007626190bd,a60bd589ef203bc9134535b1c531d980573e7ce008987315fcccf007626190bd,CC0-1.0,http://creativecommons.org/publicdomain/zero/1.0/legalcode,redistribute_derivative_rights_review_passed
WBGBIF2026_E0034,WBGBIF2026_E0034_F01_cropped,cropped,model_inputs/images_cropped/WBGBIF2026_E0034_F01_cropped.jpg,true,1,1,6cb37e01e0e9e257ca867ed7c9b42c8876a4129386e82792136719a1f3d4cd52,6cb37e01e0e9e257ca867ed7c9b42c8876a4129386e82792136719a1f3d4cd52,CC0-1.0,http://creativecommons.org/publicdomain/zero/1.0/legalcode,redistribute_derivative_rights_review_passed
WBGBIF2026_E0035,WBGBIF2026_E0035_F00_cropped,cropped,model_inputs/images_cropped/WBGBIF2026_E0035_F00_cropped.jpg,true,0,0,a1f89bd56edea0a08f1ea270bcccbf09fa628c03bea6dc29dcdb9269990e0d13,a1f89bd56edea0a08f1ea270bcccbf09fa628c03bea6dc29dcdb9269990e0d13,CC0-1.0,http://creativecommons.org/publicdomain/zero/1.0/legalcode,redistribute_derivative_rights_review_passed
WBGBIF2026_E0035,WBGBIF2026_E0035_F01_cropped,cropped,model_inputs/images_cropped/WBGBIF2026_E0035_F01_cropped.jpg,true,1,1,32f6fb76a6857706cd1e136183790bcb721d6c8b5926a2b1abc82e4be91b9363,32f6fb76a6857706cd1e136183790bcb721d6c8b5926a2b1abc82e4be91b9363,CC0-1.0,http://creativecommons.org/publicdomain/zero/1.0/legalcode,redistribute_derivative_rights_review_passed
WBGBIF2026_E0036,WBGBIF2026_E0036_F00_cropped,cropped,model_inputs/images_cropped/WBGBIF2026_E0036_F00_cropped.jpg,true,0,0,d601043c550592979b2ca3bfd25257138454f27b69f0a4706cf4bd64541ea2ac,d601043c550592979b2ca3bfd25257138454f27b69f0a4706cf4bd64541ea2ac,CC0-1.0,http://creativecommons.org/publicdomain/zero/1.0/legalcode,redistribute_derivative_rights_review_passed
WBGBIF2026_E0036,WBGBIF2026_E0036_F01_cropped,cropped,model_inputs/images_cropped/WBGBIF2026_E0036_F01_cropped.jpg,true,1,1,35414eae678d1b992fa7c64ac69cce964d343f9e70b094aaaffae4ff678e5eda,35414eae678d1b992fa7c64ac69cce964d343f9e70b094aaaffae4ff678e5eda,CC0-1.0,http://creativecommons.org/publicdomain/zero/1.0/legalcode,redistribute_derivative_rights_review_passed
WBGBIF2026_E0037,WBGBIF2026_E0037_F00_cropped,cropped,model_inputs/images_cropped/WBGBIF2026_E0037_F00_cropped.jpg,true,0,0,9d3b77582cde0e0b1ba4f57d306bec65469c498e5ac51cfd6e6a5fadff199e7c,9d3b77582cde0e0b1ba4f57d306bec65469c498e5ac51cfd6e6a5fadff199e7c,CC0-1.0,http://creativecommons.org/publicdomain/zero/1.0/legalcode,redistribute_derivative_rights_review_passed
WBGBIF2026_E0037,WBGBIF2026_E0037_F01_cropped,cropped,model_inputs/images_cropped/WBGBIF2026_E0037_F01_cropped.jpg,true,1,2,434307cba8c653e7565f0a02048898e5002fad5e177f7057cdfe78bfd33678ce,434307cba8c653e7565f0a02048898e5002fad5e177f7057cdfe78bfd33678ce,CC0-1.0,http://creativecommons.org/publicdomain/zero/1.0/legalcode,redistribute_derivative_rights_review_passed
WBGBIF2026_E0037,WBGBIF2026_E0037_F02_cropped,cropped,model_inputs/images_cropped/WBGBIF2026_E0037_F02_cropped.jpg,true,2,4,e4f1ab4aace72ca7e61cb2ae30aed897f9f37f84beb6f1798575e775cf9aec01,e4f1ab4aace72ca7e61cb2ae30aed897f9f37f84beb6f1798575e775cf9aec01,CC0-1.0,http://creativecommons.org/publicdomain/zero/1.0/legalcode,redistribute_derivative_rights_review_passed
WBGBIF2026_E0037,WBGBIF2026_E0037_F03_cropped,cropped,model_inputs/images_cropped/WBGBIF2026_E0037_F03_cropped.jpg,true,3,6,f496dadf1556d7e38dc3dea296c9bddc22b3604e5010919ca694b4c55a6cead0,f496dadf1556d7e38dc3dea296c9bddc22b3604e5010919ca694b4c55a6cead0,CC0-1.0,http://creativecommons.org/publicdomain/zero/1.0/legalcode,redistribute_derivative_rights_review_passed
WBGBIF2026_E0037,WBGBIF2026_E0037_F04_cropped,cropped,model_inputs/images_cropped/WBGBIF2026_E0037_F04_cropped.jpg,true,4,8,e533775783781803b1e911ec1789c9fa7bc0310edeffb3f3c065ac36a0f33268,e533775783781803b1e911ec1789c9fa7bc0310edeffb3f3c065ac36a0f33268,CC0-1.0,http://creativecommons.org/publicdomain/zero/1.0/legalcode,redistribute_derivative_rights_review_passed
WBGBIF2026_E0038,WBGBIF2026_E0038_F00_cropped,cropped,model_inputs/images_cropped/WBGBIF2026_E0038_F00_cropped.jpg,true,0,0,ea01a800e49befad7f0bc542a3a9b9f21f6112efff29426cd231af0dcc7438d9,ea01a800e49befad7f0bc542a3a9b9f21f6112efff29426cd231af0dcc7438d9,CC0-1.0,http://creativecommons.org/publicdomain/zero/1.0/legalcode,redistribute_derivative_rights_review_passed
WBGBIF2026_E0038,WBGBIF2026_E0038_F01_cropped,cropped,model_inputs/images_cropped/WBGBIF2026_E0038_F01_cropped.jpg,true,1,1,ccae30266d66d2eecd31190f70da8b4cc6e25c05266f5c17b9811560f267b3de,ccae30266d66d2eecd31190f70da8b4cc6e25c05266f5c17b9811560f267b3de,CC0-1.0,http://creativecommons.org/publicdomain/zero/1.0/legalcode,redistribute_derivative_rights_review_passed
WBGBIF2026_E0038,WBGBIF2026_E0038_F02_cropped,cropped,model_inputs/images_cropped/WBGBIF2026_E0038_F02_cropped.jpg,true,2,2,f320683ad525be1afc7fd40d30b1b3d65ddc50adc285eac84e0058d4afc69e24,f320683ad525be1afc7fd40d30b1b3d65ddc50adc285eac84e0058d4afc69e24,CC0-1.0,http://creativecommons.org/publicdomain/zero/1.0/legalcode,redistribute_derivative_rights_review_passed
WBGBIF2026_E0038,WBGBIF2026_E0038_F03_cropped,cropped,model_inputs/images_cropped/WBGBIF2026_E0038_F03_cropped.jpg,true,3,3,86ed5ecbe783c220b46a51f809c9bf6945a7a2040a7e7f6e87813b53b5b48230,86ed5ecbe783c220b46a51f809c9bf6945a7a2040a7e7f6e87813b53b5b48230,CC0-1.0,http://creativecommons.org/publicdomain/zero/1.0/legalcode,redistribute_derivative_rights_review_passed
WBGBIF2026_E0038,WBGBIF2026_E0038_F04_cropped,cropped,model_inputs/images_cropped/WBGBIF2026_E0038_F04_cropped.jpg,true,4,4,632a07dc4a527c0dcc82988845eff49a862218714ca7a949023ed0cd63ae52f7,632a07dc4a527c0dcc82988845eff49a862218714ca7a949023ed0cd63ae52f7,CC0-1.0,http://creativecommons.org/publicdomain/zero/1.0/legalcode,redistribute_derivative_rights_review_passed
WBGBIF2026_E0039,WBGBIF2026_E0039_F00_cropped,cropped,model_inputs/images_cropped/WBGBIF2026_E0039_F00_cropped.jpg,true,0,0,3519ec05e87e2c2e4fa1dd16daaaee8e3f3a199dcad1499ae0672c69dab41875,3519ec05e87e2c2e4fa1dd16daaaee8e3f3a199dcad1499ae0672c69dab41875,CC0-1.0,http://creativecommons.org/publicdomain/zero/1.0/legalcode,redistribute_derivative_rights_review_passed
WBGBIF2026_E0039,WBGBIF2026_E0039_F01_cropped,cropped,model_inputs/images_cropped/WBGBIF2026_E0039_F01_cropped.jpg,true,1,1,a6fa826e8ed1e9413c80a22dac207ff8148413c6d60179bd3bb4c82e0b61fbe2,a6fa826e8ed1e9413c80a22dac207ff8148413c6d60179bd3bb4c82e0b61fbe2,CC0-1.0,http://creativecommons.org/publicdomain/zero/1.0/legalcode,redistribute_derivative_rights_review_passed
WBGBIF2026_E0039,WBGBIF2026_E0039_F02_cropped,cropped,model_inputs/images_cropped/WBGBIF2026_E0039_F02_cropped.jpg,true,2,2,ce5afdc42adf5f831f48970f731b13571ea038eeb5f2146c0af5ca92ba56a6b5,ce5afdc42adf5f831f48970f731b13571ea038eeb5f2146c0af5ca92ba56a6b5,CC0-1.0,http://creativecommons.org/publicdomain/zero/1.0/legalcode,redistribute_derivative_rights_review_passed
WBGBIF2026_E0039,WBGBIF2026_E0039_F03_cropped,cropped,model_inputs/images_cropped/WBGBIF2026_E0039_F03_cropped.jpg,true,3,3,d6fea0508d9b9f19f9e100b9ea572fcd73eecf718597ee20cedaf09161f2b4cd,d6fea0508d9b9f19f9e100b9ea572fcd73eecf718597ee20cedaf09161f2b4cd,CC0-1.0,http://creativecommons.org/publicdomain/zero/1.0/legalcode,redistribute_derivative_rights_review_passed
WBGBIF2026_E0039,WBGBIF2026_E0039_F04_cropped,cropped,model_inputs/images_cropped/WBGBIF2026_E0039_F04_cropped.jpg,true,4,4,86c9b0dfd02407a207a70893b086fdfc17da27bf60aca8c4fc42243b98092942,86c9b0dfd02407a207a70893b086fdfc17da27bf60aca8c4fc42243b98092942,CC0-1.0,http://creativecommons.org/publicdomain/zero/1.0/legalcode,redistribute_derivative_rights_review_passed
WBGBIF2026_E0040,WBGBIF2026_E0040_F00_cropped,cropped,model_inputs/images_cropped/WBGBIF2026_E0040_F00_cropped.jpg,true,0,0,4eaa34935eae6a9520aac55a9d65bb71a0b5eabdf0efa7cb7c7f1b9ea908132e,4eaa34935eae6a9520aac55a9d65bb71a0b5eabdf0efa7cb7c7f1b9ea908132e,CC0-1.0,http://creativecommons.org/publicdomain/zero/1.0/legalcode,redistribute_derivative_rights_review_passed
WBGBIF2026_E0040,WBGBIF2026_E0040_F01_cropped,cropped,model_inputs/images_cropped/WBGBIF2026_E0040_F01_cropped.jpg,true,1,1,c9eecadbea0b99062edb67bafd846a661acb4c77d9101e39e23775fa0bf7f7ab,c9eecadbea0b99062edb67bafd846a661acb4c77d9101e39e23775fa0bf7f7ab,CC0-1.0,http://creativecommons.org/publicdomain/zero/1.0/legalcode,redistribute_derivative_rights_review_passed
WBGBIF2026_E0041,WBGBIF2026_E0041_F00_cropped,cropped,model_inputs/images_cropped/WBGBIF2026_E0041_F00_cropped.jpg,true,0,0,6735191cea7cd237ad2d8178e0ef9ba288fc59cce81559e2e61dd0c1d75ff429,6735191cea7cd237ad2d8178e0ef9ba288fc59cce81559e2e61dd0c1d75ff429,CC0-1.0,http://creativecommons.org/publicdomain/zero/1.0/legalcode,redistribute_derivative_rights_review_passed
WBGBIF2026_E0041,WBGBIF2026_E0041_F01_cropped,cropped,model_inputs/images_cropped/WBGBIF2026_E0041_F01_cropped.jpg,true,1,1,930c0264fb91287cdb44f70d08380b92ba832c62d463efb31583eefc335da06f,930c0264fb91287cdb44f70d08380b92ba832c62d463efb31583eefc335da06f,CC0-1.0,http://creativecommons.org/publicdomain/zero/1.0/legalcode,redistribute_derivative_rights_review_passed
WBGBIF2026_E0042,WBGBIF2026_E0042_F00_cropped,cropped,model_inputs/images_cropped/WBGBIF2026_E0042_F00_cropped.jpg,true,0,0,cf81cb3e807798db1f6ba94db7adb15a4e535c7006deb39ac3dde85902be7769,cf81cb3e807798db1f6ba94db7adb15a4e535c7006deb39ac3dde85902be7769,CC0-1.0,http://creativecommons.org/publicdomain/zero/1.0/legalcode,redistribute_derivative_rights_review_passed
WBGBIF2026_E0042,WBGBIF2026_E0042_F01_cropped,cropped,model_inputs/images_cropped/WBGBIF2026_E0042_F01_cropped.jpg,true,1,1,f3dda6f3f5e96d832b735ac53bfa1d54c8d9f0c54f9bd3c4662ab7a33120b0b9,f3dda6f3f5e96d832b735ac53bfa1d54c8d9f0c54f9bd3c4662ab7a33120b0b9,CC0-1.0,http://creativecommons.org/publicdomain/zero/1.0/legalcode,redistribute_derivative_rights_review_passed
WBGBIF2026_E0055,WBGBIF2026_E0055_F00_cropped,cropped,model_inputs/images_cropped/WBGBIF2026_E0055_F00_cropped.jpg,true,0,0,649f9ae4494ea2a7124cc00083cccf8d206261a1e0c1c56911bcb177cb493c56,649f9ae4494ea2a7124cc00083cccf8d206261a1e0c1c56911bcb177cb493c56,CC0-1.0,http://creativecommons.org/publicdomain/zero/1.0/legalcode,redistribute_derivative_rights_review_passed
WBGBIF2026_E0055,WBGBIF2026_E0055_F01_cropped,cropped,model_inputs/images_cropped/WBGBIF2026_E0055_F01_cropped.jpg,true,1,1,e7fa2214c787d2f18aaec7de95e045fa1d0c3b152947525c4367fcd701680a88,e7fa2214c787d2f18aaec7de95e045fa1d0c3b152947525c4367fcd701680a88,CC0-1.0,http://creativecommons.org/publicdomain/zero/1.0/legalcode,redistribute_derivative_rights_review_passed
WBGBIF2026_E0055,WBGBIF2026_E0055_F02_cropped,cropped,model_inputs/images_cropped/WBGBIF2026_E0055_F02_cropped.jpg,true,2,2,1ed0c82abf637469f92facb68ce74fe0c796730107105a0e84880004f649d3b4,1ed0c82abf637469f92facb68ce74fe0c796730107105a0e84880004f649d3b4,CC0-1.0,http://creativecommons.org/publicdomain/zero/1.0/legalcode,redistribute_derivative_rights_review_passed
WBGBIF2026_E0055,WBGBIF2026_E0055_F03_cropped,cropped,model_inputs/images_cropped/WBGBIF2026_E0055_F03_cropped.jpg,true,3,3,096dc966060140e2c6d9518ca883fca9bc966b2fe10b5dbc34c0fee738912710,096dc966060140e2c6d9518ca883fca9bc966b2fe10b5dbc34c0fee738912710,CC0-1.0,http://creativecommons.org/publicdomain/zero/1.0/legalcode,redistribute_derivative_rights_review_passed
WBGBIF2026_E0055,WBGBIF2026_E0055_F04_cropped,cropped,model_inputs/images_cropped/WBGBIF2026_E0055_F04_cropped.jpg,true,4,4,42efd780b3d0b99e76c3a77283d0d88d5c275268d6ac039786a1739bd45f3aa1,42efd780b3d0b99e76c3a77283d0d88d5c275268d6ac039786a1739bd45f3aa1,CC0-1.0,http://creativecommons.org/publicdomain/zero/1.0/legalcode,redistribute_derivative_rights_review_passed
WBGBIF2026_E0056,WBGBIF2026_E0056_F00_cropped,cropped,model_inputs/images_cropped/WBGBIF2026_E0056_F00_cropped.jpg,true,0,0,7229cdfd3b06b52154285f9425c769f6b5a16b20d1b1728d42aaa23d072e051c,7229cdfd3b06b52154285f9425c769f6b5a16b20d1b1728d42aaa23d072e051c,CC0-1.0,http://creativecommons.org/publicdomain/zero/1.0/legalcode,redistribute_derivative_rights_review_passed
WBGBIF2026_E0056,WBGBIF2026_E0056_F01_cropped,cropped,model_inputs/images_cropped/WBGBIF2026_E0056_F01_cropped.jpg,true,1,1,e420315b6e64b87ef648c0c87f2ec845fa0b01cd75fa03230d255c8f2bfb9370,e420315b6e64b87ef648c0c87f2ec845fa0b01cd75fa03230d255c8f2bfb9370,CC0-1.0,http://creativecommons.org/publicdomain/zero/1.0/legalcode,redistribute_derivative_rights_review_passed
WBGBIF2026_E0056,WBGBIF2026_E0056_F02_cropped,cropped,model_inputs/images_cropped/WBGBIF2026_E0056_F02_cropped.jpg,true,2,2,6d07429a4692208d90febb5c8b62888c4b09b29d2547c1b81b6366e7d2189395,6d07429a4692208d90febb5c8b62888c4b09b29d2547c1b81b6366e7d2189395,CC0-1.0,http://creativecommons.org/publicdomain/zero/1.0/legalcode,redistribute_derivative_rights_review_passed
WBGBIF2026_E0056,WBGBIF2026_E0056_F03_cropped,cropped,model_inputs/images_cropped/WBGBIF2026_E0056_F03_cropped.jpg,true,3,3,d8905c80241f273fcef07f72d1eb1935e8e9b18fc4b4c4a2c858b51ea9e1a0ad,d8905c80241f273fcef07f72d1eb1935e8e9b18fc4b4c4a2c858b51ea9e1a0ad,CC0-1.0,http://creativecommons.org/publicdomain/zero/1.0/legalcode,redistribute_derivative_rights_review_passed
WBGBIF2026_E0056,WBGBIF2026_E0056_F04_cropped,cropped,model_inputs/images_cropped/WBGBIF2026_E0056_F04_cropped.jpg,true,4,4,6c100f6d62bdc66bc77eab3d6ee3665b7c0f4de13ce6fe979705721adfcc692f,6c100f6d62bdc66bc77eab3d6ee3665b7c0f4de13ce6fe979705721adfcc692f,CC0-1.0,http://creativecommons.org/publicdomain/zero/1.0/legalcode,redistribute_derivative_rights_review_passed
WBGBIF2026_E0057,WBGBIF2026_E0057_F00_cropped,cropped,model_inputs/images_cropped/WBGBIF2026_E0057_F00_cropped.jpg,true,0,0,00d85791500ae62badf0f83f85be512bb872d9587e68f92b149bd496e74d5df2,00d85791500ae62badf0f83f85be512bb872d9587e68f92b149bd496e74d5df2,CC0-1.0,http://creativecommons.org/publicdomain/zero/1.0/legalcode,redistribute_derivative_rights_review_passed
WBGBIF2026_E0057,WBGBIF2026_E0057_F01_cropped,cropped,model_inputs/images_cropped/WBGBIF2026_E0057_F01_cropped.jpg,true,1,1,b65fca7ff3afd74838bc41026c46fb51b187d496218a4f89592944c6ae68637c,b65fca7ff3afd74838bc41026c46fb51b187d496218a4f89592944c6ae68637c,CC0-1.0,http://creativecommons.org/publicdomain/zero/1.0/legalcode,redistribute_derivative_rights_review_passed
WBGBIF2026_E0057,WBGBIF2026_E0057_F02_cropped,cropped,model_inputs/images_cropped/WBGBIF2026_E0057_F02_cropped.jpg,true,2,2,714ba127b82ef3eb85482b7a239258d74521a35482518ad22032e67d72b40cfd,714ba127b82ef3eb85482b7a239258d74521a35482518ad22032e67d72b40cfd,CC0-1.0,http://creativecommons.org/publicdomain/zero/1.0/legalcode,redistribute_derivative_rights_review_passed
WBGBIF2026_E0057,WBGBIF2026_E0057_F03_cropped,cropped,model_inputs/images_cropped/WBGBIF2026_E0057_F03_cropped.jpg,true,3,3,fb7650e15625fa497cda8308401f2aae647b542b74eba55f1c4d5bd7ae48d7f3,fb7650e15625fa497cda8308401f2aae647b542b74eba55f1c4d5bd7ae48d7f3,CC0-1.0,http://creativecommons.org/publicdomain/zero/1.0/legalcode,redistribute_derivative_rights_review_passed
WBGBIF2026_E0057,WBGBIF2026_E0057_F04_cropped,cropped,model_inputs/images_cropped/WBGBIF2026_E0057_F04_cropped.jpg,true,4,4,4ec33ba8f02d168707f92e31493584b74b1dcf3b15f1cfc2cbdff17a9ed4a951,4ec33ba8f02d168707f92e31493584b74b1dcf3b15f1cfc2cbdff17a9ed4a951,CC0-1.0,http://creativecommons.org/publicdomain/zero/1.0/legalcode,redistribute_derivative_rights_review_passed
WBGBIF2026_E0058,WBGBIF2026_E0058_F00_cropped,cropped,model_inputs/images_cropped/WBGBIF2026_E0058_F00_cropped.jpg,true,0,0,aa5f8a9089ba58e441dd40d99c185eef869e3ffd76db169d47136ca3601f3883,aa5f8a9089ba58e441dd40d99c185eef869e3ffd76db169d47136ca3601f3883,CC0-1.0,http://creativecommons.org/publicdomain/zero/1.0/legalcode,redistribute_derivative_rights_review_passed
WBGBIF2026_E0058,WBGBIF2026_E0058_F01_cropped,cropped,model_inputs/images_cropped/WBGBIF2026_E0058_F01_cropped.jpg,true,1,1,8ee0493c60dc4cf86c19007af6570e80709c2d32e86af1f063950a2e97ea9af5,8ee0493c60dc4cf86c19007af6570e80709c2d32e86af1f063950a2e97ea9af5,CC0-1.0,http://creativecommons.org/publicdomain/zero/1.0/legalcode,redistribute_derivative_rights_review_passed
WBGBIF2026_E0058,WBGBIF2026_E0058_F02_cropped,cropped,model_inputs/images_cropped/WBGBIF2026_E0058_F02_cropped.jpg,true,2,2,2b3e0a8e4fc20ec62c66f6dc4c42f42008b2a57e0445d8a27f69e65341b45cd1,2b3e0a8e4fc20ec62c66f6dc4c42f42008b2a57e0445d8a27f69e65341b45cd1,CC0-1.0,http://creativecommons.org/publicdomain/zero/1.0/legalcode,redistribute_derivative_rights_review_passed
WBGBIF2026_E0058,WBGBIF2026_E0058_F03_cropped,cropped,model_inputs/images_cropped/WBGBIF2026_E0058_F03_cropped.jpg,true,3,3,eaf787eb0b434d981e8475415378915fb3e0c64b7b51cf690514cbdd70671e71,eaf787eb0b434d981e8475415378915fb3e0c64b7b51cf690514cbdd70671e71,CC0-1.0,http://creativecommons.org/publicdomain/zero/1.0/legalcode,redistribute_derivative_rights_review_passed
WBGBIF2026_E0058,WBGBIF2026_E0058_F04_cropped,cropped,model_inputs/images_cropped/WBGBIF2026_E0058_F04_cropped.jpg,true,4,4,dab8e0a9e86a6f680f38d955d04fa02559207bc0126131efe87ea518f4679ac2,dab8e0a9e86a6f680f38d955d04fa02559207bc0126131efe87ea518f4679ac2,CC0-1.0,http://creativecommons.org/publicdomain/zero/1.0/legalcode,redistribute_derivative_rights_review_passed
WBGBIF2026_E0059,WBGBIF2026_E0059_F00_cropped,cropped,model_inputs/images_cropped/WBGBIF2026_E0059_F00_cropped.jpg,true,0,0,c3d5203e475d955f4605deca2381e5c7542730486724db8b23a8d1a8d3b1d0ca,c3d5203e475d955f4605deca2381e5c7542730486724db8b23a8d1a8d3b1d0ca,CC0-1.0,http://creativecommons.org/publicdomain/zero/1.0/legalcode,redistribute_derivative_rights_review_passed
WBGBIF2026_E0059,WBGBIF2026_E0059_F01_cropped,cropped,model_inputs/images_cropped/WBGBIF2026_E0059_F01_cropped.jpg,true,1,1,5c464487a6dcf76dd779ba92725f9c38154081ac31b4364d5a741ec1f56da9d2,5c464487a6dcf76dd779ba92725f9c38154081ac31b4364d5a741ec1f56da9d2,CC0-1.0,http://creativecommons.org/publicdomain/zero/1.0/legalcode,redistribute_derivative_rights_review_passed
WBGBIF2026_E0060,WBGBIF2026_E0060_F00_cropped,cropped,model_inputs/images_cropped/WBGBIF2026_E0060_F00_cropped.jpg,true,0,0,7f08854fd35770f067024bfcefb8b7d225a14ac4b4abcfb988a2e71dd8ddf0ed,7f08854fd35770f067024bfcefb8b7d225a14ac4b4abcfb988a2e71dd8ddf0ed,CC0-1.0,http://creativecommons.org/publicdomain/zero/1.0/legalcode,redistribute_derivative_rights_review_passed
WBGBIF2026_E0060,WBGBIF2026_E0060_F01_cropped,cropped,model_inputs/images_cropped/WBGBIF2026_E0060_F01_cropped.jpg,true,1,1,a753811a9453d51c9feb94882c50e342a68ebfef0b9ee5e8f4feaaa08f8e82ac,a753811a9453d51c9feb94882c50e342a68ebfef0b9ee5e8f4feaaa08f8e82ac,CC0-1.0,http://creativecommons.org/publicdomain/zero/1.0/legalcode,redistribute_derivative_rights_review_passed
WBGBIF2026_E0060,WBGBIF2026_E0060_F02_cropped,cropped,model_inputs/images_cropped/WBGBIF2026_E0060_F02_cropped.jpg,true,2,2,a355cc91e98f4696aec036afcc5af0679704598f2de16667b67a642cba53c8e8,a355cc91e98f4696aec036afcc5af0679704598f2de16667b67a642cba53c8e8,CC0-1.0,http://creativecommons.org/publicdomain/zero/1.0/legalcode,redistribute_derivative_rights_review_passed
WBGBIF2026_E0060,WBGBIF2026_E0060_F03_cropped,cropped,model_inputs/images_cropped/WBGBIF2026_E0060_F03_cropped.jpg,true,3,3,a95b8d336d442dbcaf2889cdde3d310b165c26132eca8e406280ee38097ad713,a95b8d336d442dbcaf2889cdde3d310b165c26132eca8e406280ee38097ad713,CC0-1.0,http://creativecommons.org/publicdomain/zero/1.0/legalcode,redistribute_derivative_rights_review_passed
WBGBIF2026_E0060,WBGBIF2026_E0060_F04_cropped,cropped,model_inputs/images_cropped/WBGBIF2026_E0060_F04_cropped.jpg,true,4,4,0644a16c5a5ac6eb26adee392621a896f1347c47c0e9188c9eac1bd104e15d73,0644a16c5a5ac6eb26adee392621a896f1347c47c0e9188c9eac1bd104e15d73,CC0-1.0,http://creativecommons.org/publicdomain/zero/1.0/legalcode,redistribute_derivative_rights_review_passed
WBGBIF2026_E0061,WBGBIF2026_E0061_F00_cropped,cropped,model_inputs/images_cropped/WBGBIF2026_E0061_F00_cropped.jpg,true,0,0,d54e4616171ca910af7e95ea54aace577691e7b881da136bd84a7108092cb23f,d54e4616171ca910af7e95ea54aace577691e7b881da136bd84a7108092cb23f,CC0-1.0,http://creativecommons.org/publicdomain/zero/1.0/legalcode,redistribute_derivative_rights_review_passed
WBGBIF2026_E0061,WBGBIF2026_E0061_F01_cropped,cropped,model_inputs/images_cropped/WBGBIF2026_E0061_F01_cropped.jpg,true,1,1,82bfcda585a064060a91fb1d62d1c7307fad550b82f217ca45e8b3e99f26c350,82bfcda585a064060a91fb1d62d1c7307fad550b82f217ca45e8b3e99f26c350,CC0-1.0,http://creativecommons.org/publicdomain/zero/1.0/legalcode,redistribute_derivative_rights_review_passed
WBGBIF2026_E0061,WBGBIF2026_E0061_F02_cropped,cropped,model_inputs/images_cropped/WBGBIF2026_E0061_F02_cropped.jpg,true,2,2,f40b1a15695e5099349f8f556eae2bfe7015416b92c97244040a65022689ec9e,f40b1a15695e5099349f8f556eae2bfe7015416b92c97244040a65022689ec9e,CC0-1.0,http://creativecommons.org/publicdomain/zero/1.0/legalcode,redistribute_derivative_rights_review_passed
WBGBIF2026_E0062,WBGBIF2026_E0062_F00_cropped,cropped,model_inputs/images_cropped/WBGBIF2026_E0062_F00_cropped.jpg,true,0,0,f53a875f146d835707490e9a016cb126786635d4fb6b9f0eaedca6a61578960a,f53a875f146d835707490e9a016cb126786635d4fb6b9f0eaedca6a61578960a,CC0-1.0,http://creativecommons.org/publicdomain/zero/1.0/legalcode,redistribute_derivative_rights_review_passed
WBGBIF2026_E0062,WBGBIF2026_E0062_F01_cropped,cropped,model_inputs/images_cropped/WBGBIF2026_E0062_F01_cropped.jpg,true,1,1,81a6013a270f7d507c279ea816ca0ac1baf25da257ddc39ea21fdc8d089d18c5,81a6013a270f7d507c279ea816ca0ac1baf25da257ddc39ea21fdc8d089d18c5,CC0-1.0,http://creativecommons.org/publicdomain/zero/1.0/legalcode,redistribute_derivative_rights_review_passed
WBGBIF2026_E0062,WBGBIF2026_E0062_F02_cropped,cropped,model_inputs/images_cropped/WBGBIF2026_E0062_F02_cropped.jpg,true,2,2,66ba1a3fc3eef1c08b461aab4d21fee96a5dbdbb5055fa7781a7a73af5655594,66ba1a3fc3eef1c08b461aab4d21fee96a5dbdbb5055fa7781a7a73af5655594,CC0-1.0,http://creativecommons.org/publicdomain/zero/1.0/legalcode,redistribute_derivative_rights_review_passed
WBGBIF2026_E0063,WBGBIF2026_E0063_F00_cropped,cropped,model_inputs/images_cropped/WBGBIF2026_E0063_F00_cropped.jpg,true,0,0,17a746b809663c79571b6fb6627ab96a64d2dbe51e999ac8536b0ee9341da52a,17a746b809663c79571b6fb6627ab96a64d2dbe51e999ac8536b0ee9341da52a,CC0-1.0,http://creativecommons.org/publicdomain/zero/1.0/legalcode,redistribute_derivative_rights_review_passed
WBGBIF2026_E0063,WBGBIF2026_E0063_F01_cropped,cropped,model_inputs/images_cropped/WBGBIF2026_E0063_F01_cropped.jpg,true,1,1,b4271c4305fbe91a844244f158d50b73b309c3f6c909378c9fade69ae907722b,b4271c4305fbe91a844244f158d50b73b309c3f6c909378c9fade69ae907722b,CC0-1.0,http://creativecommons.org/publicdomain/zero/1.0/legalcode,redistribute_derivative_rights_review_passed
WBGBIF2026_E0063,WBGBIF2026_E0063_F02_cropped,cropped,model_inputs/images_cropped/WBGBIF2026_E0063_F02_cropped.jpg,true,2,2,504f223a9047026caf620e0378049f90e84604104a578c22f00e89215936139b,504f223a9047026caf620e0378049f90e84604104a578c22f00e89215936139b,CC0-1.0,http://creativecommons.org/publicdomain/zero/1.0/legalcode,redistribute_derivative_rights_review_passed
WBGBIF2026_E0064,WBGBIF2026_E0064_F00_cropped,cropped,model_inputs/images_cropped/WBGBIF2026_E0064_F00_cropped.jpg,true,0,0,952e801829a83c071ad175ce6873b6ab7e3829786bad53a4b2302af21f62fec3,952e801829a83c071ad175ce6873b6ab7e3829786bad53a4b2302af21f62fec3,CC-BY-4.0,http://creativecommons.org/licenses/by/4.0/legalcode,redistribute_derivative_with_attribution_rights_review_passed
WBGBIF2026_E0064,WBGBIF2026_E0064_F01_cropped,cropped,model_inputs/images_cropped/WBGBIF2026_E0064_F01_cropped.jpg,true,1,1,3def1f939233d67ec7086dfd110d8740b0ba4a34d3acfd5b91a847b584b7d6c4,3def1f939233d67ec7086dfd110d8740b0ba4a34d3acfd5b91a847b584b7d6c4,CC-BY-4.0,http://creativecommons.org/licenses/by/4.0/legalcode,redistribute_derivative_with_attribution_rights_review_passed
WBGBIF2026_E0064,WBGBIF2026_E0064_F02_cropped,cropped,model_inputs/images_cropped/WBGBIF2026_E0064_F02_cropped.jpg,true,2,2,73c11199864aac282143b01f8b8d69ecb29bb179c080eb3318b04e83e09e1307,73c11199864aac282143b01f8b8d69ecb29bb179c080eb3318b04e83e09e1307,CC-BY-4.0,http://creativecommons.org/licenses/by/4.0/legalcode,redistribute_derivative_with_attribution_rights_review_passed
WBGBIF2026_E0064,WBGBIF2026_E0064_F03_cropped,cropped,model_inputs/images_cropped/WBGBIF2026_E0064_F03_cropped.jpg,true,3,3,71c4032a39c0bacd6d657e6602fc69581b2696dc474e31c864b0cb7cb2d4394f,71c4032a39c0bacd6d657e6602fc69581b2696dc474e31c864b0cb7cb2d4394f,CC-BY-4.0,http://creativecommons.org/licenses/by/4.0/legalcode,redistribute_derivative_with_attribution_rights_review_passed
WBGBIF2026_E0064,WBGBIF2026_E0064_F04_cropped,cropped,model_inputs/images_cropped/WBGBIF2026_E0064_F04_cropped.jpg,true,4,4,df221f3af8ac3e02ff974bd4a157ce686c1b652604f897e1e1497aa2bc68c86c,df221f3af8ac3e02ff974bd4a157ce686c1b652604f897e1e1497aa2bc68c86c,CC-BY-4.0,http://creativecommons.org/licenses/by/4.0/legalcode,redistribute_derivative_with_attribution_rights_review_passed
WBGBIF2026_E0065,WBGBIF2026_E0065_F00_cropped,cropped,model_inputs/images_cropped/WBGBIF2026_E0065_F00_cropped.jpg,true,0,0,2a0741ca025683bb13b5001e6ecd7e65a07c2cd18948af28bc4e16c1955fc5cd,2a0741ca025683bb13b5001e6ecd7e65a07c2cd18948af28bc4e16c1955fc5cd,CC-BY-4.0,http://creativecommons.org/licenses/by/4.0/legalcode,redistribute_derivative_with_attribution_rights_review_passed
WBGBIF2026_E0065,WBGBIF2026_E0065_F01_cropped,cropped,model_inputs/images_cropped/WBGBIF2026_E0065_F01_cropped.jpg,true,1,1,f1398b380c272309f271cc21beda704f63eda516e27702452d4ebf9e04701a5c,f1398b380c272309f271cc21beda704f63eda516e27702452d4ebf9e04701a5c,CC-BY-4.0,http://creativecommons.org/licenses/by/4.0/legalcode,redistribute_derivative_with_attribution_rights_review_passed
WBGBIF2026_E0065,WBGBIF2026_E0065_F02_cropped,cropped,model_inputs/images_cropped/WBGBIF2026_E0065_F02_cropped.jpg,true,2,2,2e48128ee37f379874dad0fcde8c79fd1cc895a8ae5921e6942735324880dd90,2e48128ee37f379874dad0fcde8c79fd1cc895a8ae5921e6942735324880dd90,CC-BY-4.0,http://creativecommons.org/licenses/by/4.0/legalcode,redistribute_derivative_with_attribution_rights_review_passed
WBGBIF2026_E0065,WBGBIF2026_E0065_F03_cropped,cropped,model_inputs/images_cropped/WBGBIF2026_E0065_F03_cropped.jpg,true,3,3,87a2959c9bb7e747b1e857d9bd109fa29ecf4bf8f3456ea3d3f7b3525dde8bf2,87a2959c9bb7e747b1e857d9bd109fa29ecf4bf8f3456ea3d3f7b3525dde8bf2,CC-BY-4.0,http://creativecommons.org/licenses/by/4.0/legalcode,redistribute_derivative_with_attribution_rights_review_passed
WBGBIF2026_E0065,WBGBIF2026_E0065_F04_cropped,cropped,model_inputs/images_cropped/WBGBIF2026_E0065_F04_cropped.jpg,true,4,4,ec356618c3818dbfbe8aa3c3d7c9a7a005e459ba00fb4f4cdd51d86695245ca6,ec356618c3818dbfbe8aa3c3d7c9a7a005e459ba00fb4f4cdd51d86695245ca6,CC-BY-4.0,http://creativecommons.org/licenses/by/4.0/legalcode,redistribute_derivative_with_attribution_rights_review_passed
WBGBIF2026_E0066,WBGBIF2026_E0066_F00_cropped,cropped,model_inputs/images_cropped/WBGBIF2026_E0066_F00_cropped.jpg,true,0,0,3409081b9ce2fc172430474a62b9d13fcb7197b97076ab226047b8fdf7a983c8,3409081b9ce2fc172430474a62b9d13fcb7197b97076ab226047b8fdf7a983c8,CC-BY-4.0,http://creativecommons.org/licenses/by/4.0/legalcode,redistribute_derivative_with_attribution_rights_review_passed
WBGBIF2026_E0066,WBGBIF2026_E0066_F01_cropped,cropped,model_inputs/images_cropped/WBGBIF2026_E0066_F01_cropped.jpg,true,1,1,40e461e2745df50740fcbc421a1f668b918e69e6a98c86a8a99c5447894f5caf,40e461e2745df50740fcbc421a1f668b918e69e6a98c86a8a99c5447894f5caf,CC-BY-4.0,http://creativecommons.org/licenses/by/4.0/legalcode,redistribute_derivative_with_attribution_rights_review_passed
WBGBIF2026_E0066,WBGBIF2026_E0066_F02_cropped,cropped,model_inputs/images_cropped/WBGBIF2026_E0066_F02_cropped.jpg,true,2,2,2e8ae09abf8427e8e9d3d2e342f0159b3ecb0bb36ea1f701d893182c4d2efc20,2e8ae09abf8427e8e9d3d2e342f0159b3ecb0bb36ea1f701d893182c4d2efc20,CC-BY-4.0,http://creativecommons.org/licenses/by/4.0/legalcode,redistribute_derivative_with_attribution_rights_review_passed
WBGBIF2026_E0066,WBGBIF2026_E0066_F03_cropped,cropped,model_inputs/images_cropped/WBGBIF2026_E0066_F03_cropped.jpg,true,3,3,ecdad35f85af248fdf3e381b9b2b7d3d3ad0925a1d38ce931279390e17e91579,ecdad35f85af248fdf3e381b9b2b7d3d3ad0925a1d38ce931279390e17e91579,CC-BY-4.0,http://creativecommons.org/licenses/by/4.0/legalcode,redistribute_derivative_with_attribution_rights_review_passed
WBGBIF2026_E0066,WBGBIF2026_E0066_F04_cropped,cropped,model_inputs/images_cropped/WBGBIF2026_E0066_F04_cropped.jpg,true,4,4,533f84494e38b3925d613ff7d3218016b15e8b9a043ee022b2304e62787539c3,533f84494e38b3925d613ff7d3218016b15e8b9a043ee022b2304e62787539c3,CC-BY-4.0,http://creativecommons.org/licenses/by/4.0/legalcode,redistribute_derivative_with_attribution_rights_review_passed
WBGBIF2026_E0070,WBGBIF2026_E0070_F00_cropped,cropped,model_inputs/images_cropped/WBGBIF2026_E0070_F00_cropped.jpg,true,0,0,f2aca592d61e13a5f2009bacebb4412fc31559166017f3314ad1c36280b57921,f2aca592d61e13a5f2009bacebb4412fc31559166017f3314ad1c36280b57921,CC0-1.0,http://creativecommons.org/publicdomain/zero/1.0/legalcode,redistribute_derivative_rights_review_passed
WBGBIF2026_E0070,WBGBIF2026_E0070_F01_cropped,cropped,model_inputs/images_cropped/WBGBIF2026_E0070_F01_cropped.jpg,true,1,2,4188c03cd7cdfa02b46143de0892c776b916614d98ed8f0992f30efb20a5e009,4188c03cd7cdfa02b46143de0892c776b916614d98ed8f0992f30efb20a5e009,CC0-1.0,http://creativecommons.org/publicdomain/zero/1.0/legalcode,redistribute_derivative_rights_review_passed
WBGBIF2026_E0070,WBGBIF2026_E0070_F02_cropped,cropped,model_inputs/images_cropped/WBGBIF2026_E0070_F02_cropped.jpg,true,2,4,3ef37a0f02d41ca75f4b50fd8e5ef30b1567efeb1d189e5cd93545c66c6b96ec,3ef37a0f02d41ca75f4b50fd8e5ef30b1567efeb1d189e5cd93545c66c6b96ec,CC0-1.0,http://creativecommons.org/publicdomain/zero/1.0/legalcode,redistribute_derivative_rights_review_passed
WBGBIF2026_E0070,WBGBIF2026_E0070_F03_cropped,cropped,model_inputs/images_cropped/WBGBIF2026_E0070_F03_cropped.jpg,true,3,6,544b5176dcefdeb59bfc3c26b42654c1929432a1ad5c66afd495383b9285b77b,544b5176dcefdeb59bfc3c26b42654c1929432a1ad5c66afd495383b9285b77b,CC0-1.0,http://creativecommons.org/publicdomain/zero/1.0/legalcode,redistribute_derivative_rights_review_passed
WBGBIF2026_E0070,WBGBIF2026_E0070_F04_cropped,cropped,model_inputs/images_cropped/WBGBIF2026_E0070_F04_cropped.jpg,true,4,8,da12288fcaea946b1c08fa1f27f0f7c5cc0d87b68724f938444bc753b66f31f5,da12288fcaea946b1c08fa1f27f0f7c5cc0d87b68724f938444bc753b66f31f5,CC0-1.0,http://creativecommons.org/publicdomain/zero/1.0/legalcode,redistribute_derivative_rights_review_passed
WBGBIF2026_E0071,WBGBIF2026_E0071_F00_cropped,cropped,model_inputs/images_cropped/WBGBIF2026_E0071_F00_cropped.jpg,true,0,0,f998204403c45cb276453ef948aba6ef26588d201a53d1f483b12a08b864f038,f998204403c45cb276453ef948aba6ef26588d201a53d1f483b12a08b864f038,CC0-1.0,http://creativecommons.org/publicdomain/zero/1.0/legalcode,redistribute_derivative_rights_review_passed
WBGBIF2026_E0071,WBGBIF2026_E0071_F01_cropped,cropped,model_inputs/images_cropped/WBGBIF2026_E0071_F01_cropped.jpg,true,1,3,ae7eeb322c48232cb14c19dceecd4cedc96f617f762bcc40b8f1a9d447f18889,ae7eeb322c48232cb14c19dceecd4cedc96f617f762bcc40b8f1a9d447f18889,CC0-1.0,http://creativecommons.org/publicdomain/zero/1.0/legalcode,redistribute_derivative_rights_review_passed
WBGBIF2026_E0071,WBGBIF2026_E0071_F02_cropped,cropped,model_inputs/images_cropped/WBGBIF2026_E0071_F02_cropped.jpg,true,2,6,a74c72e07eb8de6245fb706ce8faed9c9d5e6ec5ee2243b8303acb27065c5686,a74c72e07eb8de6245fb706ce8faed9c9d5e6ec5ee2243b8303acb27065c5686,CC0-1.0,http://creativecommons.org/publicdomain/zero/1.0/legalcode,redistribute_derivative_rights_review_passed
WBGBIF2026_E0071,WBGBIF2026_E0071_F03_cropped,cropped,model_inputs/images_cropped/WBGBIF2026_E0071_F03_cropped.jpg,true,3,10,b066e596fffc126fabb46d00945724bf78ffeefad53433be92a43c3854c841da,b066e596fffc126fabb46d00945724bf78ffeefad53433be92a43c3854c841da,CC0-1.0,http://creativecommons.org/publicdomain/zero/1.0/legalcode,redistribute_derivative_rights_review_passed
WBGBIF2026_E0071,WBGBIF2026_E0071_F04_cropped,cropped,model_inputs/images_cropped/WBGBIF2026_E0071_F04_cropped.jpg,true,4,13,f86650a797378f003abbe7758691037d853c44f123bf45faaaf4b6ef87721364,f86650a797378f003abbe7758691037d853c44f123bf45faaaf4b6ef87721364,CC0-1.0,http://creativecommons.org/publicdomain/zero/1.0/legalcode,redistribute_derivative_rights_review_passed
WBGBIF2026_E0072,WBGBIF2026_E0072_F00_cropped,cropped,model_inputs/images_cropped/WBGBIF2026_E0072_F00_cropped.jpg,true,0,0,1cb923d583213d0754ee568ccf1d6253511a2ea263af85e21c39a74e73477456,1cb923d583213d0754ee568ccf1d6253511a2ea263af85e21c39a74e73477456,CC0-1.0,http://creativecommons.org/publicdomain/zero/1.0/legalcode,redistribute_derivative_rights_review_passed
WBGBIF2026_E0072,WBGBIF2026_E0072_F01_cropped,cropped,model_inputs/images_cropped/WBGBIF2026_E0072_F01_cropped.jpg,true,1,1,c9ea501ea456c9a39e57024b6b006f88fb6bd3364224bd1e122bd4db5e7857e4,c9ea501ea456c9a39e57024b6b006f88fb6bd3364224bd1e122bd4db5e7857e4,CC0-1.0,http://creativecommons.org/publicdomain/zero/1.0/legalcode,redistribute_derivative_rights_review_passed
WBGBIF2026_E0072,WBGBIF2026_E0072_F02_cropped,cropped,model_inputs/images_cropped/WBGBIF2026_E0072_F02_cropped.jpg,true,2,2,1e1f59764aee6eea5f2c9d45a60e52ee610d160d6427cb6445d120135a8252a7,1e1f59764aee6eea5f2c9d45a60e52ee610d160d6427cb6445d120135a8252a7,CC0-1.0,http://creativecommons.org/publicdomain/zero/1.0/legalcode,redistribute_derivative_rights_review_passed
WBGBIF2026_E0072,WBGBIF2026_E0072_F03_cropped,cropped,model_inputs/images_cropped/WBGBIF2026_E0072_F03_cropped.jpg,true,3,3,26398273c37bf482183e06021ccdf886ad419c1e9ecf2a4dc5f8904fb22adf7e,26398273c37bf482183e06021ccdf886ad419c1e9ecf2a4dc5f8904fb22adf7e,CC0-1.0,http://creativecommons.org/publicdomain/zero/1.0/legalcode,redistribute_derivative_rights_review_passed
WBGBIF2026_E0072,WBGBIF2026_E0072_F04_cropped,cropped,model_inputs/images_cropped/WBGBIF2026_E0072_F04_cropped.jpg,true,4,4,916f946ece43be887dea904cabd8d29338b6c2a0bc01f3c2e26158182ea8cb8c,916f946ece43be887dea904cabd8d29338b6c2a0bc01f3c2e26158182ea8cb8c,CC0-1.0,http://creativecommons.org/publicdomain/zero/1.0/legalcode,redistribute_derivative_rights_review_passed
WBGBIF2026_E0073,WBGBIF2026_E0073_F00_cropped,cropped,model_inputs/images_cropped/WBGBIF2026_E0073_F00_cropped.jpg,true,0,0,ed444de4ac9cb04aa660fe66bfd5e42cee3107043f6a9e2fa7f13fd8e9c95aea,ed444de4ac9cb04aa660fe66bfd5e42cee3107043f6a9e2fa7f13fd8e9c95aea,CC-BY-4.0,http://creativecommons.org/licenses/by/4.0/legalcode,redistribute_derivative_with_attribution_rights_review_passed
WBGBIF2026_E0073,WBGBIF2026_E0073_F01_cropped,cropped,model_inputs/images_cropped/WBGBIF2026_E0073_F01_cropped.jpg,true,1,1,22e7469b79f4a5ba8051ab76db50e12bbcc0b585eb286aee78ffd809a1f3353f,22e7469b79f4a5ba8051ab76db50e12bbcc0b585eb286aee78ffd809a1f3353f,CC-BY-4.0,http://creativecommons.org/licenses/by/4.0/legalcode,redistribute_derivative_with_attribution_rights_review_passed
WBGBIF2026_E0073,WBGBIF2026_E0073_F02_cropped,cropped,model_inputs/images_cropped/WBGBIF2026_E0073_F02_cropped.jpg,true,2,2,ab9e176e709c4b795c21909150894d6eb73bebee9ef9cbaffd3da7d1ae9a29ff,ab9e176e709c4b795c21909150894d6eb73bebee9ef9cbaffd3da7d1ae9a29ff,CC-BY-4.0,http://creativecommons.org/licenses/by/4.0/legalcode,redistribute_derivative_with_attribution_rights_review_passed
WBGBIF2026_E0073,WBGBIF2026_E0073_F03_cropped,cropped,model_inputs/images_cropped/WBGBIF2026_E0073_F03_cropped.jpg,true,3,3,e116c955826e09971b80f793f6c41a08f9e6963f03d76e8b92b0dd7ca50010cd,e116c955826e09971b80f793f6c41a08f9e6963f03d76e8b92b0dd7ca50010cd,CC-BY-4.0,http://creativecommons.org/licenses/by/4.0/legalcode,redistribute_derivative_with_attribution_rights_review_passed
WBGBIF2026_E0073,WBGBIF2026_E0073_F04_cropped,cropped,model_inputs/images_cropped/WBGBIF2026_E0073_F04_cropped.jpg,true,4,4,8b27fe7871134d5f90416fcc55fd6b578483493df4990b4d09aa039cb24cc4b6,8b27fe7871134d5f90416fcc55fd6b578483493df4990b4d09aa039cb24cc4b6,CC-BY-4.0,http://creativecommons.org/licenses/by/4.0/legalcode,redistribute_derivative_with_attribution_rights_review_passed
WBGBIF2026_E0074,WBGBIF2026_E0074_F00_cropped,cropped,model_inputs/images_cropped/WBGBIF2026_E0074_F00_cropped.jpg,true,0,0,8e175088b98634ec32f359cd6640c4db11065b01cbfc592134c418fb18b7a3a6,8e175088b98634ec32f359cd6640c4db11065b01cbfc592134c418fb18b7a3a6,CC-BY-4.0,http://creativecommons.org/licenses/by/4.0/legalcode,redistribute_derivative_with_attribution_rights_review_passed
WBGBIF2026_E0074,WBGBIF2026_E0074_F01_cropped,cropped,model_inputs/images_cropped/WBGBIF2026_E0074_F01_cropped.jpg,true,1,1,68f883dc374217f1eb4f6d284e7150b9a0da503f717fe08bf027ffced303cffb,68f883dc374217f1eb4f6d284e7150b9a0da503f717fe08bf027ffced303cffb,CC-BY-4.0,http://creativecommons.org/licenses/by/4.0/legalcode,redistribute_derivative_with_attribution_rights_review_passed
WBGBIF2026_E0074,WBGBIF2026_E0074_F02_cropped,cropped,model_inputs/images_cropped/WBGBIF2026_E0074_F02_cropped.jpg,true,2,2,5dfebe0b09334b95a8f6e5b987f7075ad34225b0156d37e7d5ebfdf5c368e798,5dfebe0b09334b95a8f6e5b987f7075ad34225b0156d37e7d5ebfdf5c368e798,CC-BY-4.0,http://creativecommons.org/licenses/by/4.0/legalcode,redistribute_derivative_with_attribution_rights_review_passed
WBGBIF2026_E0074,WBGBIF2026_E0074_F03_cropped,cropped,model_inputs/images_cropped/WBGBIF2026_E0074_F03_cropped.jpg,true,3,3,0b3003941984cb14e4415708e87457e9e6ab3161308306558cea9faf72064c23,0b3003941984cb14e4415708e87457e9e6ab3161308306558cea9faf72064c23,CC-BY-4.0,http://creativecommons.org/licenses/by/4.0/legalcode,redistribute_derivative_with_attribution_rights_review_passed
WBGBIF2026_E0074,WBGBIF2026_E0074_F04_cropped,cropped,model_inputs/images_cropped/WBGBIF2026_E0074_F04_cropped.jpg,true,4,4,22c0109b74c19fcaff80f600ece896e797763d694164715e32a49b0b5a8e4595,22c0109b74c19fcaff80f600ece896e797763d694164715e32a49b0b5a8e4595,CC-BY-4.0,http://creativecommons.org/licenses/by/4.0/legalcode,redistribute_derivative_with_attribution_rights_review_passed
WBGBIF2026_E0075,WBGBIF2026_E0075_F00_cropped,cropped,model_inputs/images_cropped/WBGBIF2026_E0075_F00_cropped.jpg,true,0,0,5f38b19183d6ddd6f6329cc40356b6b9f6e1be747fe29a829f4bf83928ed10c8,5f38b19183d6ddd6f6329cc40356b6b9f6e1be747fe29a829f4bf83928ed10c8,CC-BY-4.0,http://creativecommons.org/licenses/by/4.0/legalcode,redistribute_derivative_with_attribution_rights_review_passed
WBGBIF2026_E0075,WBGBIF2026_E0075_F01_cropped,cropped,model_inputs/images_cropped/WBGBIF2026_E0075_F01_cropped.jpg,true,1,1,53ed08d46efc3f1e95ccca919a4e6fa68fd62b4e370b2f7c0babfc293fb445e3,53ed08d46efc3f1e95ccca919a4e6fa68fd62b4e370b2f7c0babfc293fb445e3,CC-BY-4.0,http://creativecommons.org/licenses/by/4.0/legalcode,redistribute_derivative_with_attribution_rights_review_passed
WBGBIF2026_E0075,WBGBIF2026_E0075_F02_cropped,cropped,model_inputs/images_cropped/WBGBIF2026_E0075_F02_cropped.jpg,true,2,2,83ea7665a860dea36f4fafbee37ebd6c329fb8553d4c823ca5b9fbef3062d731,83ea7665a860dea36f4fafbee37ebd6c329fb8553d4c823ca5b9fbef3062d731,CC-BY-4.0,http://creativecommons.org/licenses/by/4.0/legalcode,redistribute_derivative_with_attribution_rights_review_passed
WBGBIF2026_E0075,WBGBIF2026_E0075_F03_cropped,cropped,model_inputs/images_cropped/WBGBIF2026_E0075_F03_cropped.jpg,true,3,3,82140bffe38d6e226160d7052daa7300dc06df1bd2b2b0a77f20db2e08f43813,82140bffe38d6e226160d7052daa7300dc06df1bd2b2b0a77f20db2e08f43813,CC-BY-4.0,http://creativecommons.org/licenses/by/4.0/legalcode,redistribute_derivative_with_attribution_rights_review_passed
WBGBIF2026_E0075,WBGBIF2026_E0075_F04_cropped,cropped,model_inputs/images_cropped/WBGBIF2026_E0075_F04_cropped.jpg,true,4,4,07207d58a1548723cfeafcaf54f1bfaf6e845fdf0d00c886ffd0e2297fddbd51,07207d58a1548723cfeafcaf54f1bfaf6e845fdf0d00c886ffd0e2297fddbd51,CC-BY-4.0,http://creativecommons.org/licenses/by/4.0/legalcode,redistribute_derivative_with_attribution_rights_review_passed
WBGBIF2026_E0076,WBGBIF2026_E0076_F00_cropped,cropped,model_inputs/images_cropped/WBGBIF2026_E0076_F00_cropped.jpg,true,0,0,1b405f18952d874f19d0d1e8acbc5d07e882744f478eb4aa1203486cd1113889,1b405f18952d874f19d0d1e8acbc5d07e882744f478eb4aa1203486cd1113889,CC-BY-4.0,http://creativecommons.org/licenses/by/4.0/legalcode,redistribute_derivative_with_attribution_rights_review_passed
WBGBIF2026_E0076,WBGBIF2026_E0076_F01_cropped,cropped,model_inputs/images_cropped/WBGBIF2026_E0076_F01_cropped.jpg,true,1,1,14b53ce36b748c9310bc538cb2142132db9506b992b1ac410fcc0157fee88987,14b53ce36b748c9310bc538cb2142132db9506b992b1ac410fcc0157fee88987,CC-BY-4.0,http://creativecommons.org/licenses/by/4.0/legalcode,redistribute_derivative_with_attribution_rights_review_passed
WBGBIF2026_E0076,WBGBIF2026_E0076_F02_cropped,cropped,model_inputs/images_cropped/WBGBIF2026_E0076_F02_cropped.jpg,true,2,2,8a106b0491e36320518abdf8ebed00fab74e3ae6c3842a5b41e6fd2d0268ee1b,8a106b0491e36320518abdf8ebed00fab74e3ae6c3842a5b41e6fd2d0268ee1b,CC-BY-4.0,http://creativecommons.org/licenses/by/4.0/legalcode,redistribute_derivative_with_attribution_rights_review_passed
WBGBIF2026_E0076,WBGBIF2026_E0076_F03_cropped,cropped,model_inputs/images_cropped/WBGBIF2026_E0076_F03_cropped.jpg,true,3,3,0e830a940e4c3e41320041ec06e0b6a7bace1d7af9ea8d7c7e18a62c9a2d3fb8,0e830a940e4c3e41320041ec06e0b6a7bace1d7af9ea8d7c7e18a62c9a2d3fb8,CC-BY-4.0,http://creativecommons.org/licenses/by/4.0/legalcode,redistribute_derivative_with_attribution_rights_review_passed
WBGBIF2026_E0076,WBGBIF2026_E0076_F04_cropped,cropped,model_inputs/images_cropped/WBGBIF2026_E0076_F04_cropped.jpg,true,4,4,cb4e37540fc499f36f24cadfbc3255df637c3f6d2ef31a541be908afc8fd2481,cb4e37540fc499f36f24cadfbc3255df637c3f6d2ef31a541be908afc8fd2481,CC-BY-4.0,http://creativecommons.org/licenses/by/4.0/legalcode,redistribute_derivative_with_attribution_rights_review_passed
WBGBIF2026_E0077,WBGBIF2026_E0077_F00_cropped,cropped,model_inputs/images_cropped/WBGBIF2026_E0077_F00_cropped.jpg,true,0,0,c1c5093f625f0a900f88106002a706066f5a3c4ea5f394f975af6bb4ff0397d3,c1c5093f625f0a900f88106002a706066f5a3c4ea5f394f975af6bb4ff0397d3,CC-BY-4.0,http://creativecommons.org/licenses/by/4.0/legalcode,redistribute_derivative_with_attribution_rights_review_passed
WBGBIF2026_E0077,WBGBIF2026_E0077_F01_cropped,cropped,model_inputs/images_cropped/WBGBIF2026_E0077_F01_cropped.jpg,true,1,1,a4ecc657264a1b2f60bccc96defb5443447d6d2e658257b474a7a1036e8c8455,a4ecc657264a1b2f60bccc96defb5443447d6d2e658257b474a7a1036e8c8455,CC-BY-4.0,http://creativecommons.org/licenses/by/4.0/legalcode,redistribute_derivative_with_attribution_rights_review_passed
WBGBIF2026_E0077,WBGBIF2026_E0077_F02_cropped,cropped,model_inputs/images_cropped/WBGBIF2026_E0077_F02_cropped.jpg,true,2,2,88ea0d62db0f4a6d7882306ce9d551c2350f74e0a169f34cf7094d37087b51f7,88ea0d62db0f4a6d7882306ce9d551c2350f74e0a169f34cf7094d37087b51f7,CC-BY-4.0,http://creativecommons.org/licenses/by/4.0/legalcode,redistribute_derivative_with_attribution_rights_review_passed
WBGBIF2026_E0077,WBGBIF2026_E0077_F03_cropped,cropped,model_inputs/images_cropped/WBGBIF2026_E0077_F03_cropped.jpg,true,3,3,360c8baae5fd24d6039dde83554d2212c2dca686adc85c751e24be15e5a32964,360c8baae5fd24d6039dde83554d2212c2dca686adc85c751e24be15e5a32964,CC-BY-4.0,http://creativecommons.org/licenses/by/4.0/legalcode,redistribute_derivative_with_attribution_rights_review_passed
WBGBIF2026_E0077,WBGBIF2026_E0077_F04_cropped,cropped,model_inputs/images_cropped/WBGBIF2026_E0077_F04_cropped.jpg,true,4,4,d86842648859483c82bdaf70a2c34413fc940660912bef0b02671dfda657106e,d86842648859483c82bdaf70a2c34413fc940660912bef0b02671dfda657106e,CC-BY-4.0,http://creativecommons.org/licenses/by/4.0/legalcode,redistribute_derivative_with_attribution_rights_review_passed
WBGBIF2026_E0078,WBGBIF2026_E0078_F00_cropped,cropped,model_inputs/images_cropped/WBGBIF2026_E0078_F00_cropped.jpg,true,0,0,e03490a2816daf0dfd0222f0373ab60a216565d5324214d90982357ce3052b54,e03490a2816daf0dfd0222f0373ab60a216565d5324214d90982357ce3052b54,CC-BY-4.0,http://creativecommons.org/licenses/by/4.0/legalcode,redistribute_derivative_with_attribution_rights_review_passed
WBGBIF2026_E0078,WBGBIF2026_E0078_F01_cropped,cropped,model_inputs/images_cropped/WBGBIF2026_E0078_F01_cropped.jpg,true,1,1,7d3b3ccee91ebcd05d884185514e5c93fddbcb425c89c9ecd2590267371dcff5,7d3b3ccee91ebcd05d884185514e5c93fddbcb425c89c9ecd2590267371dcff5,CC-BY-4.0,http://creativecommons.org/licenses/by/4.0/legalcode,redistribute_derivative_with_attribution_rights_review_passed
WBGBIF2026_E0078,WBGBIF2026_E0078_F02_cropped,cropped,model_inputs/images_cropped/WBGBIF2026_E0078_F02_cropped.jpg,true,2,2,ed2cbda6340a85e2620690855a8401aa9aa834e81457dfadb5ee5a469ea659e8,ed2cbda6340a85e2620690855a8401aa9aa834e81457dfadb5ee5a469ea659e8,CC-BY-4.0,http://creativecommons.org/licenses/by/4.0/legalcode,redistribute_derivative_with_attribution_rights_review_passed
WBGBIF2026_E0078,WBGBIF2026_E0078_F03_cropped,cropped,model_inputs/images_cropped/WBGBIF2026_E0078_F03_cropped.jpg,true,3,3,6072a809b07e1c7c437a4074193215a1eb1fcb29c5057e37daba47c2dbb64dea,6072a809b07e1c7c437a4074193215a1eb1fcb29c5057e37daba47c2dbb64dea,CC-BY-4.0,http://creativecommons.org/licenses/by/4.0/legalcode,redistribute_derivative_with_attribution_rights_review_passed
WBGBIF2026_E0078,WBGBIF2026_E0078_F04_cropped,cropped,model_inputs/images_cropped/WBGBIF2026_E0078_F04_cropped.jpg,true,4,4,a7e781934eae35b3404b3e131802120b0fc8296d322a009f78cabd1520475c1f,a7e781934eae35b3404b3e131802120b0fc8296d322a009f78cabd1520475c1f,CC-BY-4.0,http://creativecommons.org/licenses/by/4.0/legalcode,redistribute_derivative_with_attribution_rights_review_passed
WBGBIF2026_E0079,WBGBIF2026_E0079_F00_cropped,cropped,model_inputs/images_cropped/WBGBIF2026_E0079_F00_cropped.jpg,true,0,0,d8d575bb9a7e0525a948221c550860ed6a68805c20238b4ce7937f5cdde7a9c7,d8d575bb9a7e0525a948221c550860ed6a68805c20238b4ce7937f5cdde7a9c7,CC-BY-4.0,http://creativecommons.org/licenses/by/4.0/legalcode,redistribute_derivative_with_attribution_rights_review_passed
WBGBIF2026_E0079,WBGBIF2026_E0079_F01_cropped,cropped,model_inputs/images_cropped/WBGBIF2026_E0079_F01_cropped.jpg,true,1,1,0624d75b2610b861ff934c3b308d0f8017a3e143cff59f3818d54e6fd00627be,0624d75b2610b861ff934c3b308d0f8017a3e143cff59f3818d54e6fd00627be,CC-BY-4.0,http://creativecommons.org/licenses/by/4.0/legalcode,redistribute_derivative_with_attribution_rights_review_passed
WBGBIF2026_E0079,WBGBIF2026_E0079_F02_cropped,cropped,model_inputs/images_cropped/WBGBIF2026_E0079_F02_cropped.jpg,true,2,2,4865eab81ac2dc6a128a8f52aa8370fcf32a54f2065722dd0d28d9d07b0b16a6,4865eab81ac2dc6a128a8f52aa8370fcf32a54f2065722dd0d28d9d07b0b16a6,CC-BY-4.0,http://creativecommons.org/licenses/by/4.0/legalcode,redistribute_derivative_with_attribution_rights_review_passed
WBGBIF2026_E0079,WBGBIF2026_E0079_F03_cropped,cropped,model_inputs/images_cropped/WBGBIF2026_E0079_F03_cropped.jpg,true,3,3,cba8b8b04f2c997276ace2620809a6e9004100ca88bdf68122c6e7b4cfe15d9e,cba8b8b04f2c997276ace2620809a6e9004100ca88bdf68122c6e7b4cfe15d9e,CC-BY-4.0,http://creativecommons.org/licenses/by/4.0/legalcode,redistribute_derivative_with_attribution_rights_review_passed
WBGBIF2026_E0079,WBGBIF2026_E0079_F04_cropped,cropped,model_inputs/images_cropped/WBGBIF2026_E0079_F04_cropped.jpg,true,4,4,4db154979cbde3bbf6724e6e92d6bbe0413011b9575f41064afe9e1da13363fc,4db154979cbde3bbf6724e6e92d6bbe0413011b9575f41064afe9e1da13363fc,CC-BY-4.0,http://creativecommons.org/licenses/by/4.0/legalcode,redistribute_derivative_with_attribution_rights_review_passed
WBGBIF2026_E0080,WBGBIF2026_E0080_F00_cropped,cropped,model_inputs/images_cropped/WBGBIF2026_E0080_F00_cropped.jpg,true,0,0,e6c59a8f6393ab0e52f6f23eb79e72509f53536c1645039ffbf4b204707315dd,e6c59a8f6393ab0e52f6f23eb79e72509f53536c1645039ffbf4b204707315dd,CC-BY-4.0,http://creativecommons.org/licenses/by/4.0/legalcode,redistribute_derivative_with_attribution_rights_review_passed
WBGBIF2026_E0080,WBGBIF2026_E0080_F01_cropped,cropped,model_inputs/images_cropped/WBGBIF2026_E0080_F01_cropped.jpg,true,1,1,c7c58d9c5a7cedec85a5d930898d6ebc8518c6dc170df17e3a77ffaf423612fe,c7c58d9c5a7cedec85a5d930898d6ebc8518c6dc170df17e3a77ffaf423612fe,CC-BY-4.0,http://creativecommons.org/licenses/by/4.0/legalcode,redistribute_derivative_with_attribution_rights_review_passed
WBGBIF2026_E0080,WBGBIF2026_E0080_F02_cropped,cropped,model_inputs/images_cropped/WBGBIF2026_E0080_F02_cropped.jpg,true,2,2,62a90a6583ca254c09b5d6f4b40de373154d711863634a9fe23711b13bd4f8d0,62a90a6583ca254c09b5d6f4b40de373154d711863634a9fe23711b13bd4f8d0,CC-BY-4.0,http://creativecommons.org/licenses/by/4.0/legalcode,redistribute_derivative_with_attribution_rights_review_passed
WBGBIF2026_E0080,WBGBIF2026_E0080_F03_cropped,cropped,model_inputs/images_cropped/WBGBIF2026_E0080_F03_cropped.jpg,true,3,3,6af955abb4acbaa214ce8f67d9149d5e28ccaddb982449436ccaaee387b1d054,6af955abb4acbaa214ce8f67d9149d5e28ccaddb982449436ccaaee387b1d054,CC-BY-4.0,http://creativecommons.org/licenses/by/4.0/legalcode,redistribute_derivative_with_attribution_rights_review_passed
WBGBIF2026_E0080,WBGBIF2026_E0080_F04_cropped,cropped,model_inputs/images_cropped/WBGBIF2026_E0080_F04_cropped.jpg,true,4,4,1e53b4baa41411c858b7818f5d81af377e505ad8ee77e539b49a4923f6dd0928,1e53b4baa41411c858b7818f5d81af377e505ad8ee77e539b49a4923f6dd0928,CC-BY-4.0,http://creativecommons.org/licenses/by/4.0/legalcode,redistribute_derivative_with_attribution_rights_review_passed
WBGBIF2026_E0081,WBGBIF2026_E0081_F00_cropped,cropped,model_inputs/images_cropped/WBGBIF2026_E0081_F00_cropped.jpg,true,0,0,7bcf362c38944d89dd114739503d0f4c75b17587d72a47cde66fef8ff139e5ae,7bcf362c38944d89dd114739503d0f4c75b17587d72a47cde66fef8ff139e5ae,CC-BY-4.0,http://creativecommons.org/licenses/by/4.0/legalcode,redistribute_derivative_with_attribution_rights_review_passed
WBGBIF2026_E0081,WBGBIF2026_E0081_F01_cropped,cropped,model_inputs/images_cropped/WBGBIF2026_E0081_F01_cropped.jpg,true,1,1,8d05ab0e7dbc7a7ef1ea2e21bd531841aae5cbe7bec6f0aaf3eacb93f487395e,8d05ab0e7dbc7a7ef1ea2e21bd531841aae5cbe7bec6f0aaf3eacb93f487395e,CC-BY-4.0,http://creativecommons.org/licenses/by/4.0/legalcode,redistribute_derivative_with_attribution_rights_review_passed
WBGBIF2026_E0081,WBGBIF2026_E0081_F02_cropped,cropped,model_inputs/images_cropped/WBGBIF2026_E0081_F02_cropped.jpg,true,2,2,9f0d4ab7979b149da678217309fca2e4ef1d546f3946d5a828dee1e8db4704c2,9f0d4ab7979b149da678217309fca2e4ef1d546f3946d5a828dee1e8db4704c2,CC-BY-4.0,http://creativecommons.org/licenses/by/4.0/legalcode,redistribute_derivative_with_attribution_rights_review_passed
WBGBIF2026_E0081,WBGBIF2026_E0081_F03_cropped,cropped,model_inputs/images_cropped/WBGBIF2026_E0081_F03_cropped.jpg,true,3,3,51f5b61ee617bb3b3bbed8e00ec2aaf401e7879a0f0c8f56d33e1c8d4f8da758,51f5b61ee617bb3b3bbed8e00ec2aaf401e7879a0f0c8f56d33e1c8d4f8da758,CC-BY-4.0,http://creativecommons.org/licenses/by/4.0/legalcode,redistribute_derivative_with_attribution_rights_review_passed
WBGBIF2026_E0081,WBGBIF2026_E0081_F04_cropped,cropped,model_inputs/images_cropped/WBGBIF2026_E0081_F04_cropped.jpg,true,4,4,7b06a3707b125608921380eaaafc9e69762566e814037d428a7f161e6ad65a57,7b06a3707b125608921380eaaafc9e69762566e814037d428a7f161e6ad65a57,CC-BY-4.0,http://creativecommons.org/licenses/by/4.0/legalcode,redistribute_derivative_with_attribution_rights_review_passed
WBGBIF2026_E0082,WBGBIF2026_E0082_F00_cropped,cropped,model_inputs/images_cropped/WBGBIF2026_E0082_F00_cropped.jpg,true,0,0,d7f2b66f838a425d6fa46250a8ff3019680f266c5f21d038a13cb2fd9b944e07,d7f2b66f838a425d6fa46250a8ff3019680f266c5f21d038a13cb2fd9b944e07,CC0-1.0,http://creativecommons.org/publicdomain/zero/1.0/legalcode,redistribute_derivative_rights_review_passed
WBGBIF2026_E0082,WBGBIF2026_E0082_F01_cropped,cropped,model_inputs/images_cropped/WBGBIF2026_E0082_F01_cropped.jpg,true,1,1,59045ee69b77542f7a14c51a8c413551a07713d607b38bddad379b8e5ef6ca02,59045ee69b77542f7a14c51a8c413551a07713d607b38bddad379b8e5ef6ca02,CC0-1.0,http://creativecommons.org/publicdomain/zero/1.0/legalcode,redistribute_derivative_rights_review_passed
WBGBIF2026_E0082,WBGBIF2026_E0082_F02_cropped,cropped,model_inputs/images_cropped/WBGBIF2026_E0082_F02_cropped.jpg,true,2,2,7ca6d49131256966eb0497680a7e95b692a9159aabbe25275d3c79fc874cdb79,7ca6d49131256966eb0497680a7e95b692a9159aabbe25275d3c79fc874cdb79,CC0-1.0,http://creativecommons.org/publicdomain/zero/1.0/legalcode,redistribute_derivative_rights_review_passed
WBGBIF2026_E0082,WBGBIF2026_E0082_F03_cropped,cropped,model_inputs/images_cropped/WBGBIF2026_E0082_F03_cropped.jpg,true,3,3,6a736854f643b7f5cb3acfcf5a94f6370323f7624730ea057c5512f75effbfc4,6a736854f643b7f5cb3acfcf5a94f6370323f7624730ea057c5512f75effbfc4,CC0-1.0,http://creativecommons.org/publicdomain/zero/1.0/legalcode,redistribute_derivative_rights_review_passed
WBGBIF2026_E0082,WBGBIF2026_E0082_F04_cropped,cropped,model_inputs/images_cropped/WBGBIF2026_E0082_F04_cropped.jpg,true,4,4,fd3e9740b5b89ea9545a5ceaeade30cdb55bd6fd17da9b136e0484f66e84f1d0,fd3e9740b5b89ea9545a5ceaeade30cdb55bd6fd17da9b136e0484f66e84f1d0,CC0-1.0,http://creativecommons.org/publicdomain/zero/1.0/legalcode,redistribute_derivative_rights_review_passed
WBGBIF2026_E0083,WBGBIF2026_E0083_F00_cropped,cropped,model_inputs/images_cropped/WBGBIF2026_E0083_F00_cropped.jpg,true,0,0,80cfa3fb8db53e8231da6db91a173bc4f18530cf8845d5aa45f260cfcf3ba456,80cfa3fb8db53e8231da6db91a173bc4f18530cf8845d5aa45f260cfcf3ba456,CC0-1.0,http://creativecommons.org/publicdomain/zero/1.0/legalcode,redistribute_derivative_rights_review_passed
WBGBIF2026_E0083,WBGBIF2026_E0083_F01_cropped,cropped,model_inputs/images_cropped/WBGBIF2026_E0083_F01_cropped.jpg,true,1,2,b43aaf884b5bef0ae652674512992e669b6fd8c2a71e039360fc4bfa6b471e7d,b43aaf884b5bef0ae652674512992e669b6fd8c2a71e039360fc4bfa6b471e7d,CC0-1.0,http://creativecommons.org/publicdomain/zero/1.0/legalcode,redistribute_derivative_rights_review_passed
WBGBIF2026_E0083,WBGBIF2026_E0083_F02_cropped,cropped,model_inputs/images_cropped/WBGBIF2026_E0083_F02_cropped.jpg,true,2,4,353b0d6b4807100d3783d1789f93c6e64300ae9d29453d67b7ce3ab1cb2a02c6,353b0d6b4807100d3783d1789f93c6e64300ae9d29453d67b7ce3ab1cb2a02c6,CC0-1.0,http://creativecommons.org/publicdomain/zero/1.0/legalcode,redistribute_derivative_rights_review_passed
WBGBIF2026_E0083,WBGBIF2026_E0083_F03_cropped,cropped,model_inputs/images_cropped/WBGBIF2026_E0083_F03_cropped.jpg,true,3,6,6f222a56037893b2e4ebcbb76d2135900ead25fb17a85344f1258773a48a9ea5,6f222a56037893b2e4ebcbb76d2135900ead25fb17a85344f1258773a48a9ea5,CC0-1.0,http://creativecommons.org/publicdomain/zero/1.0/legalcode,redistribute_derivative_rights_review_passed
WBGBIF2026_E0083,WBGBIF2026_E0083_F04_cropped,cropped,model_inputs/images_cropped/WBGBIF2026_E0083_F04_cropped.jpg,true,4,8,59bb4a49ab610a52f05ecaa9a575f0e9541a2d418d8d1ca047e4ee48d126e8a5,59bb4a49ab610a52f05ecaa9a575f0e9541a2d418d8d1ca047e4ee48d126e8a5,CC0-1.0,http://creativecommons.org/publicdomain/zero/1.0/legalcode,redistribute_derivative_rights_review_passed
WBGBIF2026_E0084,WBGBIF2026_E0084_F00_cropped,cropped,model_inputs/images_cropped/WBGBIF2026_E0084_F00_cropped.jpg,true,0,0,f1e366143340d0b58507c4852eaa442ac118bc66afb10447cc3eddba1a650a33,f1e366143340d0b58507c4852eaa442ac118bc66afb10447cc3eddba1a650a33,CC0-1.0,http://creativecommons.org/publicdomain/zero/1.0/legalcode,redistribute_derivative_rights_review_passed
WBGBIF2026_E0084,WBGBIF2026_E0084_F01_cropped,cropped,model_inputs/images_cropped/WBGBIF2026_E0084_F01_cropped.jpg,true,1,1,ff73a142edb7e87137ccf6c914d5ef7b246eac673368d81c38b8a20c2a1a5080,ff73a142edb7e87137ccf6c914d5ef7b246eac673368d81c38b8a20c2a1a5080,CC0-1.0,http://creativecommons.org/publicdomain/zero/1.0/legalcode,redistribute_derivative_rights_review_passed
WBGBIF2026_E0084,WBGBIF2026_E0084_F02_cropped,cropped,model_inputs/images_cropped/WBGBIF2026_E0084_F02_cropped.jpg,true,2,2,673907803803c9e8616e8bb345225163cf05d13286cd884208a5ca03d04a8766,673907803803c9e8616e8bb345225163cf05d13286cd884208a5ca03d04a8766,CC0-1.0,http://creativecommons.org/publicdomain/zero/1.0/legalcode,redistribute_derivative_rights_review_passed
WBGBIF2026_E0084,WBGBIF2026_E0084_F03_cropped,cropped,model_inputs/images_cropped/WBGBIF2026_E0084_F03_cropped.jpg,true,3,3,b0e3f73a359e12cc9c18750bce545081cf1b667f454679ca659508b48204a409,b0e3f73a359e12cc9c18750bce545081cf1b667f454679ca659508b48204a409,CC0-1.0,http://creativecommons.org/publicdomain/zero/1.0/legalcode,redistribute_derivative_rights_review_passed
WBGBIF2026_E0084,WBGBIF2026_E0084_F04_cropped,cropped,model_inputs/images_cropped/WBGBIF2026_E0084_F04_cropped.jpg,true,4,4,a4fe0abf98539ad015fd95b4f04848d8338f7f5d53040f97efac2c649788d5a8,a4fe0abf98539ad015fd95b4f04848d8338f7f5d53040f97efac2c649788d5a8,CC0-1.0,http://creativecommons.org/publicdomain/zero/1.0/legalcode,redistribute_derivative_rights_review_passed
WBGBIF2026_E0088,WBGBIF2026_E0088_F00_cropped,cropped,model_inputs/images_cropped/WBGBIF2026_E0088_F00_cropped.jpg,true,0,0,558af7f94e469187bc6eb7594a6ddd21c8204ddd4743c138de8f412e334bb7f3,558af7f94e469187bc6eb7594a6ddd21c8204ddd4743c138de8f412e334bb7f3,CC-BY-4.0,http://creativecommons.org/licenses/by/4.0/legalcode,redistribute_derivative_with_attribution_rights_review_passed
WBGBIF2026_E0088,WBGBIF2026_E0088_F01_cropped,cropped,model_inputs/images_cropped/WBGBIF2026_E0088_F01_cropped.jpg,true,1,1,c9f8a2e9243d6678a94db43ec1b655e99e9df5384ba6acf6e0c77e6585946aa9,c9f8a2e9243d6678a94db43ec1b655e99e9df5384ba6acf6e0c77e6585946aa9,CC-BY-4.0,http://creativecommons.org/licenses/by/4.0/legalcode,redistribute_derivative_with_attribution_rights_review_passed
WBGBIF2026_E0088,WBGBIF2026_E0088_F02_cropped,cropped,model_inputs/images_cropped/WBGBIF2026_E0088_F02_cropped.jpg,true,2,2,2ee8190b3d2ee411792b3f9ad62f553eb407d83947068dc16b0eb41be8484a23,2ee8190b3d2ee411792b3f9ad62f553eb407d83947068dc16b0eb41be8484a23,CC-BY-4.0,http://creativecommons.org/licenses/by/4.0/legalcode,redistribute_derivative_with_attribution_rights_review_passed
WBGBIF2026_E0088,WBGBIF2026_E0088_F03_cropped,cropped,model_inputs/images_cropped/WBGBIF2026_E0088_F03_cropped.jpg,true,3,3,35be5c0adee3c0a917ac8861f5540cf76384626b321782dbfd972a973c0fed22,35be5c0adee3c0a917ac8861f5540cf76384626b321782dbfd972a973c0fed22,CC-BY-4.0,http://creativecommons.org/licenses/by/4.0/legalcode,redistribute_derivative_with_attribution_rights_review_passed
WBGBIF2026_E0088,WBGBIF2026_E0088_F04_cropped,cropped,model_inputs/images_cropped/WBGBIF2026_E0088_F04_cropped.jpg,true,4,4,4de5d0d69464285eace3019bf985a08be6de5f509f25c27c5daff7c364b5b8d9,4de5d0d69464285eace3019bf985a08be6de5f509f25c27c5daff7c364b5b8d9,CC-BY-4.0,http://creativecommons.org/licenses/by/4.0/legalcode,redistribute_derivative_with_attribution_rights_review_passed
WBGBIF2026_E0089,WBGBIF2026_E0089_F00_cropped,cropped,model_inputs/images_cropped/WBGBIF2026_E0089_F00_cropped.jpg,true,0,0,5b0f4e495e24a086c3d1471cb5579c755bfa515b25ff2ce3c9a4395531a883bc,5b0f4e495e24a086c3d1471cb5579c755bfa515b25ff2ce3c9a4395531a883bc,CC-BY-4.0,http://creativecommons.org/licenses/by/4.0/legalcode,redistribute_derivative_with_attribution_rights_review_passed
WBGBIF2026_E0089,WBGBIF2026_E0089_F01_cropped,cropped,model_inputs/images_cropped/WBGBIF2026_E0089_F01_cropped.jpg,true,1,1,7193f7f4baeb07dca2c74e209c58a04a2996b89dc993d83a493f0da3692748c9,7193f7f4baeb07dca2c74e209c58a04a2996b89dc993d83a493f0da3692748c9,CC-BY-4.0,http://creativecommons.org/licenses/by/4.0/legalcode,redistribute_derivative_with_attribution_rights_review_passed
WBGBIF2026_E0089,WBGBIF2026_E0089_F02_cropped,cropped,model_inputs/images_cropped/WBGBIF2026_E0089_F02_cropped.jpg,true,2,2,bdb89e902a35d8d46fe807ad82d1941de337213e945071a74cb604932cbccc21,bdb89e902a35d8d46fe807ad82d1941de337213e945071a74cb604932cbccc21,CC-BY-4.0,http://creativecommons.org/licenses/by/4.0/legalcode,redistribute_derivative_with_attribution_rights_review_passed
WBGBIF2026_E0089,WBGBIF2026_E0089_F03_cropped,cropped,model_inputs/images_cropped/WBGBIF2026_E0089_F03_cropped.jpg,true,3,3,be7f75dc4cf54787a94a46a1b8f15d29b256ec5eff293daac1f66c063cc17dce,be7f75dc4cf54787a94a46a1b8f15d29b256ec5eff293daac1f66c063cc17dce,CC-BY-4.0,http://creativecommons.org/licenses/by/4.0/legalcode,redistribute_derivative_with_attribution_rights_review_passed
WBGBIF2026_E0089,WBGBIF2026_E0089_F04_cropped,cropped,model_inputs/images_cropped/WBGBIF2026_E0089_F04_cropped.jpg,true,4,4,cbb5c6bc3b578eae02cd44f0a1e33f769560986e5c4c74b4597b3632d32aa78b,cbb5c6bc3b578eae02cd44f0a1e33f769560986e5c4c74b4597b3632d32aa78b,CC-BY-4.0,http://creativecommons.org/licenses/by/4.0/legalcode,redistribute_derivative_with_attribution_rights_review_passed
WBGBIF2026_E0090,WBGBIF2026_E0090_F00_cropped,cropped,model_inputs/images_cropped/WBGBIF2026_E0090_F00_cropped.jpg,true,0,0,946560370e1d63c14aae3736af513daf4e3decf09a378b9e3400b6658e4bb6db,946560370e1d63c14aae3736af513daf4e3decf09a378b9e3400b6658e4bb6db,CC-BY-4.0,http://creativecommons.org/licenses/by/4.0/legalcode,redistribute_derivative_with_attribution_rights_review_passed
WBGBIF2026_E0090,WBGBIF2026_E0090_F01_cropped,cropped,model_inputs/images_cropped/WBGBIF2026_E0090_F01_cropped.jpg,true,1,1,1641ca6784fe2375bff1d35d7ceaff94c9b54f41b3e8f4e866c3f0e3bbfbe7f6,1641ca6784fe2375bff1d35d7ceaff94c9b54f41b3e8f4e866c3f0e3bbfbe7f6,CC-BY-4.0,http://creativecommons.org/licenses/by/4.0/legalcode,redistribute_derivative_with_attribution_rights_review_passed
WBGBIF2026_E0090,WBGBIF2026_E0090_F02_cropped,cropped,model_inputs/images_cropped/WBGBIF2026_E0090_F02_cropped.jpg,true,2,2,3e7f7c2a05700843a1ae7431c0ee0f58bc679fc43a3ffeee27bdfafaf43fc611,3e7f7c2a05700843a1ae7431c0ee0f58bc679fc43a3ffeee27bdfafaf43fc611,CC-BY-4.0,http://creativecommons.org/licenses/by/4.0/legalcode,redistribute_derivative_with_attribution_rights_review_passed
WBGBIF2026_E0090,WBGBIF2026_E0090_F03_cropped,cropped,model_inputs/images_cropped/WBGBIF2026_E0090_F03_cropped.jpg,true,3,3,4d88b52a2ccd3c71eefd1a1ba3090d51222cf6b5f19916815bce84935784bdf6,4d88b52a2ccd3c71eefd1a1ba3090d51222cf6b5f19916815bce84935784bdf6,CC-BY-4.0,http://creativecommons.org/licenses/by/4.0/legalcode,redistribute_derivative_with_attribution_rights_review_passed
WBGBIF2026_E0090,WBGBIF2026_E0090_F04_cropped,cropped,model_inputs/images_cropped/WBGBIF2026_E0090_F04_cropped.jpg,true,4,4,ed8abbf3f0f61d79dc524626db5a3063eb4f79c1c389b8c690c95f94bc6265c5,ed8abbf3f0f61d79dc524626db5a3063eb4f79c1c389b8c690c95f94bc6265c5,CC-BY-4.0,http://creativecommons.org/licenses/by/4.0/legalcode,redistribute_derivative_with_attribution_rights_review_passed
WBGBIF2026_E0091,WBGBIF2026_E0091_F00_cropped,cropped,model_inputs/images_cropped/WBGBIF2026_E0091_F00_cropped.jpg,true,0,0,8db105e61b08db425ccab460bd284c10a632f30775a9c0459de8de7f1393a416,8db105e61b08db425ccab460bd284c10a632f30775a9c0459de8de7f1393a416,CC0-1.0,http://creativecommons.org/publicdomain/zero/1.0/legalcode,redistribute_derivative_rights_review_passed
WBGBIF2026_E0091,WBGBIF2026_E0091_F01_cropped,cropped,model_inputs/images_cropped/WBGBIF2026_E0091_F01_cropped.jpg,true,1,1,5891e8f788316245afb95fa83927d8eed281d42acacfbf64d3ac7006b922343c,5891e8f788316245afb95fa83927d8eed281d42acacfbf64d3ac7006b922343c,CC0-1.0,http://creativecommons.org/publicdomain/zero/1.0/legalcode,redistribute_derivative_rights_review_passed
WBGBIF2026_E0091,WBGBIF2026_E0091_F02_cropped,cropped,model_inputs/images_cropped/WBGBIF2026_E0091_F02_cropped.jpg,true,2,2,baf2ff1db548b8f9b557880c0233a3ef547d685dee787cb07ab538c24cb26c2b,baf2ff1db548b8f9b557880c0233a3ef547d685dee787cb07ab538c24cb26c2b,CC0-1.0,http://creativecommons.org/publicdomain/zero/1.0/legalcode,redistribute_derivative_rights_review_passed
WBGBIF2026_E0091,WBGBIF2026_E0091_F03_cropped,cropped,model_inputs/images_cropped/WBGBIF2026_E0091_F03_cropped.jpg,true,3,3,ecf5977edb63a53a594cf90fa64734df88fc86aa1cc84aaab0031616f894d5d8,ecf5977edb63a53a594cf90fa64734df88fc86aa1cc84aaab0031616f894d5d8,CC0-1.0,http://creativecommons.org/publicdomain/zero/1.0/legalcode,redistribute_derivative_rights_review_passed
WBGBIF2026_E0091,WBGBIF2026_E0091_F04_cropped,cropped,model_inputs/images_cropped/WBGBIF2026_E0091_F04_cropped.jpg,true,4,4,5bf8a70d20487adb23d00d38c52a38054a0f8ebc73dd365e64194bcdf99ec440,5bf8a70d20487adb23d00d38c52a38054a0f8ebc73dd365e64194bcdf99ec440,CC0-1.0,http://creativecommons.org/publicdomain/zero/1.0/legalcode,redistribute_derivative_rights_review_passed
WBGBIF2026_E0092,WBGBIF2026_E0092_F00_cropped,cropped,model_inputs/images_cropped/WBGBIF2026_E0092_F00_cropped.jpg,true,0,0,914cb5cff66b6638b41da0f4bdf78d787346462aa020fd8fdfd832155a4f91c6,914cb5cff66b6638b41da0f4bdf78d787346462aa020fd8fdfd832155a4f91c6,CC0-1.0,http://creativecommons.org/publicdomain/zero/1.0/legalcode,redistribute_derivative_rights_review_passed
WBGBIF2026_E0092,WBGBIF2026_E0092_F01_cropped,cropped,model_inputs/images_cropped/WBGBIF2026_E0092_F01_cropped.jpg,true,1,1,53fb5cde5a192acf9ca4807bcdf4e0a420e42e4a04cddc0711d163b000aabd6b,53fb5cde5a192acf9ca4807bcdf4e0a420e42e4a04cddc0711d163b000aabd6b,CC0-1.0,http://creativecommons.org/publicdomain/zero/1.0/legalcode,redistribute_derivative_rights_review_passed
WBGBIF2026_E0092,WBGBIF2026_E0092_F02_cropped,cropped,model_inputs/images_cropped/WBGBIF2026_E0092_F02_cropped.jpg,true,2,2,edecc3a179ede4cfd52a9a4dc2dec601cb1b4447b535058b2a0bd658c5f200a5,edecc3a179ede4cfd52a9a4dc2dec601cb1b4447b535058b2a0bd658c5f200a5,CC0-1.0,http://creativecommons.org/publicdomain/zero/1.0/legalcode,redistribute_derivative_rights_review_passed
WBGBIF2026_E0092,WBGBIF2026_E0092_F03_cropped,cropped,model_inputs/images_cropped/WBGBIF2026_E0092_F03_cropped.jpg,true,3,3,f9e6b31df602e48f4a5fdf37f3f04d02af0c6ecfe344b1365278054c8480a0e8,f9e6b31df602e48f4a5fdf37f3f04d02af0c6ecfe344b1365278054c8480a0e8,CC0-1.0,http://creativecommons.org/publicdomain/zero/1.0/legalcode,redistribute_derivative_rights_review_passed
WBGBIF2026_E0092,WBGBIF2026_E0092_F04_cropped,cropped,model_inputs/images_cropped/WBGBIF2026_E0092_F04_cropped.jpg,true,4,4,b879297063ce333ad5545fc807c48a266bd8c94b20158136034230e1a29c2dea,b879297063ce333ad5545fc807c48a266bd8c94b20158136034230e1a29c2dea,CC0-1.0,http://creativecommons.org/publicdomain/zero/1.0/legalcode,redistribute_derivative_rights_review_passed
WBGBIF2026_E0093,WBGBIF2026_E0093_F00_cropped,cropped,model_inputs/images_cropped/WBGBIF2026_E0093_F00_cropped.jpg,true,0,0,e5401d0708d1c90a51f7b3f4ab0e6820538ab99fb108fe8ed622dae4f055975d,e5401d0708d1c90a51f7b3f4ab0e6820538ab99fb108fe8ed622dae4f055975d,CC0-1.0,http://creativecommons.org/publicdomain/zero/1.0/legalcode,redistribute_derivative_rights_review_passed
WBGBIF2026_E0093,WBGBIF2026_E0093_F01_cropped,cropped,model_inputs/images_cropped/WBGBIF2026_E0093_F01_cropped.jpg,true,1,1,ab27702f3db15f6a274cc4128f80449a08084a967e987c780dacde93ec7409b0,ab27702f3db15f6a274cc4128f80449a08084a967e987c780dacde93ec7409b0,CC0-1.0,http://creativecommons.org/publicdomain/zero/1.0/legalcode,redistribute_derivative_rights_review_passed
WBGBIF2026_E0094,WBGBIF2026_E0094_F00_cropped,cropped,model_inputs/images_cropped/WBGBIF2026_E0094_F00_cropped.jpg,true,0,0,4211d8dd45a60386887cc215da07437d0f8e0c3690a8f8b4d188a23f7da318fb,4211d8dd45a60386887cc215da07437d0f8e0c3690a8f8b4d188a23f7da318fb,CC-BY-4.0,http://creativecommons.org/licenses/by/4.0/legalcode,redistribute_derivative_with_attribution_rights_review_passed
WBGBIF2026_E0094,WBGBIF2026_E0094_F01_cropped,cropped,model_inputs/images_cropped/WBGBIF2026_E0094_F01_cropped.jpg,true,1,1,ca3783c6c9f37815626c5c9457f323fb7922d581c6a92721a1186efb19f69c78,ca3783c6c9f37815626c5c9457f323fb7922d581c6a92721a1186efb19f69c78,CC-BY-4.0,http://creativecommons.org/licenses/by/4.0/legalcode,redistribute_derivative_with_attribution_rights_review_passed
WBGBIF2026_E0094,WBGBIF2026_E0094_F02_cropped,cropped,model_inputs/images_cropped/WBGBIF2026_E0094_F02_cropped.jpg,true,2,2,fded56b9d76b7e0291507319f746bb324b28e4dfa878609da5c8f2a95be4f082,fded56b9d76b7e0291507319f746bb324b28e4dfa878609da5c8f2a95be4f082,CC-BY-4.0,http://creativecommons.org/licenses/by/4.0/legalcode,redistribute_derivative_with_attribution_rights_review_passed
WBGBIF2026_E0094,WBGBIF2026_E0094_F03_cropped,cropped,model_inputs/images_cropped/WBGBIF2026_E0094_F03_cropped.jpg,true,3,3,1e690a53a25661623876b3e0b8b545e64747150458e00c6a1e599d1ec8de4ec5,1e690a53a25661623876b3e0b8b545e64747150458e00c6a1e599d1ec8de4ec5,CC-BY-4.0,http://creativecommons.org/licenses/by/4.0/legalcode,redistribute_derivative_with_attribution_rights_review_passed
WBGBIF2026_E0094,WBGBIF2026_E0094_F04_cropped,cropped,model_inputs/images_cropped/WBGBIF2026_E0094_F04_cropped.jpg,true,4,4,4d98b0e5a5f15576943092a17c8a18c2c435435339696177459e19e234ffd2d5,4d98b0e5a5f15576943092a17c8a18c2c435435339696177459e19e234ffd2d5,CC-BY-4.0,http://creativecommons.org/licenses/by/4.0/legalcode,redistribute_derivative_with_attribution_rights_review_passed
WBGBIF2026_E0095,WBGBIF2026_E0095_F00_cropped,cropped,model_inputs/images_cropped/WBGBIF2026_E0095_F00_cropped.jpg,true,0,0,5565bb6460750883ecf65c975ae12d4bed2b62b2fe4b208570dc2416848466c6,5565bb6460750883ecf65c975ae12d4bed2b62b2fe4b208570dc2416848466c6,CC-BY-4.0,http://creativecommons.org/licenses/by/4.0/legalcode,redistribute_derivative_with_attribution_rights_review_passed
WBGBIF2026_E0095,WBGBIF2026_E0095_F01_cropped,cropped,model_inputs/images_cropped/WBGBIF2026_E0095_F01_cropped.jpg,true,1,1,8f4ddf1b0aae647958e1e308580e6fdd6273e54cf55a628eb5a054bcf2f85fc3,8f4ddf1b0aae647958e1e308580e6fdd6273e54cf55a628eb5a054bcf2f85fc3,CC-BY-4.0,http://creativecommons.org/licenses/by/4.0/legalcode,redistribute_derivative_with_attribution_rights_review_passed
WBGBIF2026_E0095,WBGBIF2026_E0095_F02_cropped,cropped,model_inputs/images_cropped/WBGBIF2026_E0095_F02_cropped.jpg,true,2,2,ba122f3b23e72c6ade72109e5734da110f3b1315c65e0a0d5ab6eb884f02d439,ba122f3b23e72c6ade72109e5734da110f3b1315c65e0a0d5ab6eb884f02d439,CC-BY-4.0,http://creativecommons.org/licenses/by/4.0/legalcode,redistribute_derivative_with_attribution_rights_review_passed
WBGBIF2026_E0095,WBGBIF2026_E0095_F03_cropped,cropped,model_inputs/images_cropped/WBGBIF2026_E0095_F03_cropped.jpg,true,3,3,292390d9fbf698a114cf90e8f4adc022a7ab2693d9a2945bcbcc63ceb5b8d2fc,292390d9fbf698a114cf90e8f4adc022a7ab2693d9a2945bcbcc63ceb5b8d2fc,CC-BY-4.0,http://creativecommons.org/licenses/by/4.0/legalcode,redistribute_derivative_with_attribution_rights_review_passed
WBGBIF2026_E0095,WBGBIF2026_E0095_F04_cropped,cropped,model_inputs/images_cropped/WBGBIF2026_E0095_F04_cropped.jpg,true,4,4,785e41433e962ddc53e31c31beab56c13bcb29be641becc561e0d078aa1e4b20,785e41433e962ddc53e31c31beab56c13bcb29be641becc561e0d078aa1e4b20,CC-BY-4.0,http://creativecommons.org/licenses/by/4.0/legalcode,redistribute_derivative_with_attribution_rights_review_passed
WBGBIF2026_E0096,WBGBIF2026_E0096_F00_cropped,cropped,model_inputs/images_cropped/WBGBIF2026_E0096_F00_cropped.jpg,true,0,0,d6a6bafdf1de76df2f1b763c2b3b42ec583d05fb4409969391c67de7589a5a8f,d6a6bafdf1de76df2f1b763c2b3b42ec583d05fb4409969391c67de7589a5a8f,CC-BY-4.0,http://creativecommons.org/licenses/by/4.0/legalcode,redistribute_derivative_with_attribution_rights_review_passed
WBGBIF2026_E0096,WBGBIF2026_E0096_F01_cropped,cropped,model_inputs/images_cropped/WBGBIF2026_E0096_F01_cropped.jpg,true,1,1,cc858dd067248d447ab3997483a41b08a144a1779cefa383cbb8fd1c6430022e,cc858dd067248d447ab3997483a41b08a144a1779cefa383cbb8fd1c6430022e,CC-BY-4.0,http://creativecommons.org/licenses/by/4.0/legalcode,redistribute_derivative_with_attribution_rights_review_passed
WBGBIF2026_E0096,WBGBIF2026_E0096_F02_cropped,cropped,model_inputs/images_cropped/WBGBIF2026_E0096_F02_cropped.jpg,true,2,2,5bf5fd09d2447923dc819ffd741bce074eacfa8490c1c3cd13badddaf07d25a7,5bf5fd09d2447923dc819ffd741bce074eacfa8490c1c3cd13badddaf07d25a7,CC-BY-4.0,http://creativecommons.org/licenses/by/4.0/legalcode,redistribute_derivative_with_attribution_rights_review_passed
WBGBIF2026_E0096,WBGBIF2026_E0096_F03_cropped,cropped,model_inputs/images_cropped/WBGBIF2026_E0096_F03_cropped.jpg,true,3,3,48f39b3b8de286f5a38343b6d3f909067932fb0e41d547dddb85e4c6dd656fbb,48f39b3b8de286f5a38343b6d3f909067932fb0e41d547dddb85e4c6dd656fbb,CC-BY-4.0,http://creativecommons.org/licenses/by/4.0/legalcode,redistribute_derivative_with_attribution_rights_review_passed
WBGBIF2026_E0096,WBGBIF2026_E0096_F04_cropped,cropped,model_inputs/images_cropped/WBGBIF2026_E0096_F04_cropped.jpg,true,4,4,b2474b68f6a9bb24af5c096cd61ba269bef8c901ef84271a0d012443f6aba6af,b2474b68f6a9bb24af5c096cd61ba269bef8c901ef84271a0d012443f6aba6af,CC-BY-4.0,http://creativecommons.org/licenses/by/4.0/legalcode,redistribute_derivative_with_attribution_rights_review_passed
WBGBIF2026_E0103,WBGBIF2026_E0103_F00_cropped,cropped,model_inputs/images_cropped/WBGBIF2026_E0103_F00_cropped.jpg,true,0,0,43630fb2ab3ca595b310ca448073322c30c47b163ab3a1ded01ab45d001debff,43630fb2ab3ca595b310ca448073322c30c47b163ab3a1ded01ab45d001debff,CC0-1.0,http://creativecommons.org/publicdomain/zero/1.0/legalcode,redistribute_derivative_rights_review_passed
WBGBIF2026_E0103,WBGBIF2026_E0103_F01_cropped,cropped,model_inputs/images_cropped/WBGBIF2026_E0103_F01_cropped.jpg,true,1,1,e2497166d090bfb3a8c29e2b09d53c8f8d2620d50162c4d83ca39fe33bd6039c,e2497166d090bfb3a8c29e2b09d53c8f8d2620d50162c4d83ca39fe33bd6039c,CC0-1.0,http://creativecommons.org/publicdomain/zero/1.0/legalcode,redistribute_derivative_rights_review_passed
WBGBIF2026_E0103,WBGBIF2026_E0103_F02_cropped,cropped,model_inputs/images_cropped/WBGBIF2026_E0103_F02_cropped.jpg,true,2,2,c3c04e3cab19983408f25a0a9962d336a5d8fa4dc9f1905089bd5352831c1222,c3c04e3cab19983408f25a0a9962d336a5d8fa4dc9f1905089bd5352831c1222,CC0-1.0,http://creativecommons.org/publicdomain/zero/1.0/legalcode,redistribute_derivative_rights_review_passed
WBGBIF2026_E0103,WBGBIF2026_E0103_F03_cropped,cropped,model_inputs/images_cropped/WBGBIF2026_E0103_F03_cropped.jpg,true,3,3,c0029ac2520483144a8b1b1bf3b3b35ef1248705023be8638138fa40e5df3460,c0029ac2520483144a8b1b1bf3b3b35ef1248705023be8638138fa40e5df3460,CC0-1.0,http://creativecommons.org/publicdomain/zero/1.0/legalcode,redistribute_derivative_rights_review_passed
WBGBIF2026_E0103,WBGBIF2026_E0103_F04_cropped,cropped,model_inputs/images_cropped/WBGBIF2026_E0103_F04_cropped.jpg,true,4,4,9fd3a88da1d8521211bf7aee343cb6ef00a35972b7da0b8c5b1ff9184d0cbd86,9fd3a88da1d8521211bf7aee343cb6ef00a35972b7da0b8c5b1ff9184d0cbd86,CC0-1.0,http://creativecommons.org/publicdomain/zero/1.0/legalcode,redistribute_derivative_rights_review_passed
WBGBIF2026_E0104,WBGBIF2026_E0104_F00_cropped,cropped,model_inputs/images_cropped/WBGBIF2026_E0104_F00_cropped.jpg,true,0,0,45a9b597a7883fdb7a95b1e67a8ec9a26a29b7441946211004afa51ea54e71f7,45a9b597a7883fdb7a95b1e67a8ec9a26a29b7441946211004afa51ea54e71f7,CC0-1.0,http://creativecommons.org/publicdomain/zero/1.0/legalcode,redistribute_derivative_rights_review_passed
WBGBIF2026_E0104,WBGBIF2026_E0104_F01_cropped,cropped,model_inputs/images_cropped/WBGBIF2026_E0104_F01_cropped.jpg,true,1,1,4116b8a31ef6fb4eb6750a959b1794aad6318d7733acbeb08535394ad7304d47,4116b8a31ef6fb4eb6750a959b1794aad6318d7733acbeb08535394ad7304d47,CC0-1.0,http://creativecommons.org/publicdomain/zero/1.0/legalcode,redistribute_derivative_rights_review_passed
WBGBIF2026_E0104,WBGBIF2026_E0104_F02_cropped,cropped,model_inputs/images_cropped/WBGBIF2026_E0104_F02_cropped.jpg,true,2,2,88bbaeee879582cc09716af362e7495838bb9b72b966f43f8f466bf457986770,88bbaeee879582cc09716af362e7495838bb9b72b966f43f8f466bf457986770,CC0-1.0,http://creativecommons.org/publicdomain/zero/1.0/legalcode,redistribute_derivative_rights_review_passed
WBGBIF2026_E0104,WBGBIF2026_E0104_F03_cropped,cropped,model_inputs/images_cropped/WBGBIF2026_E0104_F03_cropped.jpg,true,3,3,7b2683b94f681056fc8faf8ff151b112a0c082748bc87f6de569d2963351b3f1,7b2683b94f681056fc8faf8ff151b112a0c082748bc87f6de569d2963351b3f1,CC0-1.0,http://creativecommons.org/publicdomain/zero/1.0/legalcode,redistribute_derivative_rights_review_passed
WBGBIF2026_E0104,WBGBIF2026_E0104_F04_cropped,cropped,model_inputs/images_cropped/WBGBIF2026_E0104_F04_cropped.jpg,true,4,4,ab996b02e19e61242aba5fff1c5bd7703a63321d452102501364a71a18383774,ab996b02e19e61242aba5fff1c5bd7703a63321d452102501364a71a18383774,CC0-1.0,http://creativecommons.org/publicdomain/zero/1.0/legalcode,redistribute_derivative_rights_review_passed
WBGBIF2026_E0105,WBGBIF2026_E0105_F00_cropped,cropped,model_inputs/images_cropped/WBGBIF2026_E0105_F00_cropped.jpg,true,0,0,03fe57dcf2db6109006a03770de2b19fd7eba53f69cfb8c7e9492902e524c3d6,03fe57dcf2db6109006a03770de2b19fd7eba53f69cfb8c7e9492902e524c3d6,CC0-1.0,http://creativecommons.org/publicdomain/zero/1.0/legalcode,redistribute_derivative_rights_review_passed
WBGBIF2026_E0105,WBGBIF2026_E0105_F01_cropped,cropped,model_inputs/images_cropped/WBGBIF2026_E0105_F01_cropped.jpg,true,1,1,9e23fff8afa420a6b5b6b611c226499e84db52c64b69ab73f35a826ff1242082,9e23fff8afa420a6b5b6b611c226499e84db52c64b69ab73f35a826ff1242082,CC0-1.0,http://creativecommons.org/publicdomain/zero/1.0/legalcode,redistribute_derivative_rights_review_passed
WBGBIF2026_E0105,WBGBIF2026_E0105_F02_cropped,cropped,model_inputs/images_cropped/WBGBIF2026_E0105_F02_cropped.jpg,true,2,2,c442b5908b8dfe32c7f707563583a4b773f1f08aceaf7da8e4993fb52befc457,c442b5908b8dfe32c7f707563583a4b773f1f08aceaf7da8e4993fb52befc457,CC0-1.0,http://creativecommons.org/publicdomain/zero/1.0/legalcode,redistribute_derivative_rights_review_passed
WBGBIF2026_E0105,WBGBIF2026_E0105_F03_cropped,cropped,model_inputs/images_cropped/WBGBIF2026_E0105_F03_cropped.jpg,true,3,3,44f2fb093acd311440e74a3edfc7b8fa188709567dff2b0f336e547b9c57c6c9,44f2fb093acd311440e74a3edfc7b8fa188709567dff2b0f336e547b9c57c6c9,CC0-1.0,http://creativecommons.org/publicdomain/zero/1.0/legalcode,redistribute_derivative_rights_review_passed
WBGBIF2026_E0105,WBGBIF2026_E0105_F04_cropped,cropped,model_inputs/images_cropped/WBGBIF2026_E0105_F04_cropped.jpg,true,4,4,20cc24e72f63e89bd8fc0c6608d4017b9b9c349eea1f698b379cf503eb352883,20cc24e72f63e89bd8fc0c6608d4017b9b9c349eea1f698b379cf503eb352883,CC0-1.0,http://creativecommons.org/publicdomain/zero/1.0/legalcode,redistribute_derivative_rights_review_passed
WBGBIF2026_E0106,WBGBIF2026_E0106_F00_cropped,cropped,model_inputs/images_cropped/WBGBIF2026_E0106_F00_cropped.jpg,true,0,0,3b25032a9e4f4866a655502cae5b4716cc58b4a4c7cd2324ed84dcf738741350,3b25032a9e4f4866a655502cae5b4716cc58b4a4c7cd2324ed84dcf738741350,CC0-1.0,http://creativecommons.org/publicdomain/zero/1.0/legalcode,redistribute_derivative_rights_review_passed
WBGBIF2026_E0106,WBGBIF2026_E0106_F01_cropped,cropped,model_inputs/images_cropped/WBGBIF2026_E0106_F01_cropped.jpg,true,1,1,69951d28fc9192605217f7ef50f56edbe653dad9e976e926bd30c4c07067c114,69951d28fc9192605217f7ef50f56edbe653dad9e976e926bd30c4c07067c114,CC0-1.0,http://creativecommons.org/publicdomain/zero/1.0/legalcode,redistribute_derivative_rights_review_passed
WBGBIF2026_E0107,WBGBIF2026_E0107_F00_cropped,cropped,model_inputs/images_cropped/WBGBIF2026_E0107_F00_cropped.jpg,true,0,0,c5bbd842076e2ae077923d6a8472477ef44af7c50ae96ff49e7bcb258b722ea3,c5bbd842076e2ae077923d6a8472477ef44af7c50ae96ff49e7bcb258b722ea3,CC0-1.0,http://creativecommons.org/publicdomain/zero/1.0/legalcode,redistribute_derivative_rights_review_passed
WBGBIF2026_E0107,WBGBIF2026_E0107_F01_cropped,cropped,model_inputs/images_cropped/WBGBIF2026_E0107_F01_cropped.jpg,true,1,1,6d784e5951f06e4e2bf4c5a39963f5ede384fed5aa73c0f7829a68e5a25fe197,6d784e5951f06e4e2bf4c5a39963f5ede384fed5aa73c0f7829a68e5a25fe197,CC0-1.0,http://creativecommons.org/publicdomain/zero/1.0/legalcode,redistribute_derivative_rights_review_passed
WBGBIF2026_E0107,WBGBIF2026_E0107_F02_cropped,cropped,model_inputs/images_cropped/WBGBIF2026_E0107_F02_cropped.jpg,true,2,2,3408a51e0a8a5db92ce75b1133d8daf485886c7aaa2c3cc050efd374fff42bf2,3408a51e0a8a5db92ce75b1133d8daf485886c7aaa2c3cc050efd374fff42bf2,CC0-1.0,http://creativecommons.org/publicdomain/zero/1.0/legalcode,redistribute_derivative_rights_review_passed
WBGBIF2026_E0107,WBGBIF2026_E0107_F03_cropped,cropped,model_inputs/images_cropped/WBGBIF2026_E0107_F03_cropped.jpg,true,3,3,ff04ea3cb901cfa80ddee7330b16081ab9934f12244acd4d373d16d4377e4612,ff04ea3cb901cfa80ddee7330b16081ab9934f12244acd4d373d16d4377e4612,CC0-1.0,http://creativecommons.org/publicdomain/zero/1.0/legalcode,redistribute_derivative_rights_review_passed
WBGBIF2026_E0107,WBGBIF2026_E0107_F04_cropped,cropped,model_inputs/images_cropped/WBGBIF2026_E0107_F04_cropped.jpg,true,4,4,42b811325e0b9e6601fc8efcf8bab6931268e2d70be52e8ffbc5016429b2797d,42b811325e0b9e6601fc8efcf8bab6931268e2d70be52e8ffbc5016429b2797d,CC0-1.0,http://creativecommons.org/publicdomain/zero/1.0/legalcode,redistribute_derivative_rights_review_passed
WBGBIF2026_E0108,WBGBIF2026_E0108_F00_cropped,cropped,model_inputs/images_cropped/WBGBIF2026_E0108_F00_cropped.jpg,true,0,0,b7dfdaaa40f27d6c47c790905389bbcb05036971f9df86edf20d309e28713c14,b7dfdaaa40f27d6c47c790905389bbcb05036971f9df86edf20d309e28713c14,CC0-1.0,http://creativecommons.org/publicdomain/zero/1.0/legalcode,redistribute_derivative_rights_review_passed
WBGBIF2026_E0108,WBGBIF2026_E0108_F01_cropped,cropped,model_inputs/images_cropped/WBGBIF2026_E0108_F01_cropped.jpg,true,1,1,7993016484551eeac71605fa8f35e82cc524d2a784bee7572de0cb05491ab29b,7993016484551eeac71605fa8f35e82cc524d2a784bee7572de0cb05491ab29b,CC0-1.0,http://creativecommons.org/publicdomain/zero/1.0/legalcode,redistribute_derivative_rights_review_passed
WBGBIF2026_E0108,WBGBIF2026_E0108_F02_cropped,cropped,model_inputs/images_cropped/WBGBIF2026_E0108_F02_cropped.jpg,true,2,2,c27b98dd3884d4d6a4eae0483eaffb8e6a0b9dae2b0ab604857ce19212389d38,c27b98dd3884d4d6a4eae0483eaffb8e6a0b9dae2b0ab604857ce19212389d38,CC0-1.0,http://creativecommons.org/publicdomain/zero/1.0/legalcode,redistribute_derivative_rights_review_passed
WBGBIF2026_E0108,WBGBIF2026_E0108_F03_cropped,cropped,model_inputs/images_cropped/WBGBIF2026_E0108_F03_cropped.jpg,true,3,3,9bbc9296616fbedcac0cbc4928877ebc2bedc99f7ea9b294bf0935cbd1415bf0,9bbc9296616fbedcac0cbc4928877ebc2bedc99f7ea9b294bf0935cbd1415bf0,CC0-1.0,http://creativecommons.org/publicdomain/zero/1.0/legalcode,redistribute_derivative_rights_review_passed
WBGBIF2026_E0108,WBGBIF2026_E0108_F04_cropped,cropped,model_inputs/images_cropped/WBGBIF2026_E0108_F04_cropped.jpg,true,4,4,c7fb8ee01d94b9be1a96694cb596617721eff50ab4cb6868cd63d4409a16db15,c7fb8ee01d94b9be1a96694cb596617721eff50ab4cb6868cd63d4409a16db15,CC0-1.0,http://creativecommons.org/publicdomain/zero/1.0/legalcode,redistribute_derivative_rights_review_passed
WBGBIF2026_E0109,WBGBIF2026_E0109_F00_cropped,cropped,model_inputs/images_cropped/WBGBIF2026_E0109_F00_cropped.jpg,true,0,0,379bb2b3b9e660e0c530345fb958ab3c3b98fa23d022bac4b0f49652b1d90dd6,379bb2b3b9e660e0c530345fb958ab3c3b98fa23d022bac4b0f49652b1d90dd6,CC0-1.0,http://creativecommons.org/publicdomain/zero/1.0/legalcode,redistribute_derivative_rights_review_passed
WBGBIF2026_E0109,WBGBIF2026_E0109_F01_cropped,cropped,model_inputs/images_cropped/WBGBIF2026_E0109_F01_cropped.jpg,true,1,1,d2c432790dc6acccc810117dfe28e5dcdca2e910617a5080d6093d769b10a467,d2c432790dc6acccc810117dfe28e5dcdca2e910617a5080d6093d769b10a467,CC0-1.0,http://creativecommons.org/publicdomain/zero/1.0/legalcode,redistribute_derivative_rights_review_passed
WBGBIF2026_E0109,WBGBIF2026_E0109_F02_cropped,cropped,model_inputs/images_cropped/WBGBIF2026_E0109_F02_cropped.jpg,true,2,2,52bdcee68afca750fc274b60ab6edc45df7a1f7b39a3d22cacd72e49674edcd6,52bdcee68afca750fc274b60ab6edc45df7a1f7b39a3d22cacd72e49674edcd6,CC0-1.0,http://creativecommons.org/publicdomain/zero/1.0/legalcode,redistribute_derivative_rights_review_passed
WBGBIF2026_E0110,WBGBIF2026_E0110_F00_cropped,cropped,model_inputs/images_cropped/WBGBIF2026_E0110_F00_cropped.jpg,true,0,0,2f33d04cc9bdd29e0b6e0662d0ad0a18cdeb480ff1000eaa6c07888655bf9cfd,2f33d04cc9bdd29e0b6e0662d0ad0a18cdeb480ff1000eaa6c07888655bf9cfd,CC0-1.0,http://creativecommons.org/publicdomain/zero/1.0/legalcode,redistribute_derivative_rights_review_passed
WBGBIF2026_E0110,WBGBIF2026_E0110_F01_cropped,cropped,model_inputs/images_cropped/WBGBIF2026_E0110_F01_cropped.jpg,true,1,1,6de89583e95feec7ba04527cd3b75caee6294d4b3e06aa6e5b59e1cbdf96d72c,6de89583e95feec7ba04527cd3b75caee6294d4b3e06aa6e5b59e1cbdf96d72c,CC0-1.0,http://creativecommons.org/publicdomain/zero/1.0/legalcode,redistribute_derivative_rights_review_passed
WBGBIF2026_E0110,WBGBIF2026_E0110_F02_cropped,cropped,model_inputs/images_cropped/WBGBIF2026_E0110_F02_cropped.jpg,true,2,2,8cb14254bf945797b7a378a5e0bdce47ef4b3384cd821e28e359a458ea764e37,8cb14254bf945797b7a378a5e0bdce47ef4b3384cd821e28e359a458ea764e37,CC0-1.0,http://creativecommons.org/publicdomain/zero/1.0/legalcode,redistribute_derivative_rights_review_passed
WBGBIF2026_E0111,WBGBIF2026_E0111_F00_cropped,cropped,model_inputs/images_cropped/WBGBIF2026_E0111_F00_cropped.jpg,true,0,0,63da67c993d70b5b77fb31b2e5e4c9ecdc63cf11803afc84b23c1d664ef4fe85,63da67c993d70b5b77fb31b2e5e4c9ecdc63cf11803afc84b23c1d664ef4fe85,CC0-1.0,http://creativecommons.org/publicdomain/zero/1.0/legalcode,redistribute_derivative_rights_review_passed
WBGBIF2026_E0111,WBGBIF2026_E0111_F01_cropped,cropped,model_inputs/images_cropped/WBGBIF2026_E0111_F01_cropped.jpg,true,1,1,b8ea3cf1c514869b74e630f9a623292a8986de56b6893ef9a5699dc77c88bfb5,b8ea3cf1c514869b74e630f9a623292a8986de56b6893ef9a5699dc77c88bfb5,CC0-1.0,http://creativecommons.org/publicdomain/zero/1.0/legalcode,redistribute_derivative_rights_review_passed
WBGBIF2026_E0111,WBGBIF2026_E0111_F02_cropped,cropped,model_inputs/images_cropped/WBGBIF2026_E0111_F02_cropped.jpg,true,2,2,a05bc1fb9ccc013f0721fa22035ae49cea6e220e2df726242c1cd9182fa0c8cb,a05bc1fb9ccc013f0721fa22035ae49cea6e220e2df726242c1cd9182fa0c8cb,CC0-1.0,http://creativecommons.org/publicdomain/zero/1.0/legalcode,redistribute_derivative_rights_review_passed
WBGBIF2026_E0112,WBGBIF2026_E0112_F00_cropped,cropped,model_inputs/images_cropped/WBGBIF2026_E0112_F00_cropped.jpg,true,0,0,f81df291e74e79f99026e4be0773b56c5e0f927252d53aebfb3bafc326885895,f81df291e74e79f99026e4be0773b56c5e0f927252d53aebfb3bafc326885895,CC0-1.0,http://creativecommons.org/publicdomain/zero/1.0/legalcode,redistribute_derivative_rights_review_passed
WBGBIF2026_E0112,WBGBIF2026_E0112_F01_cropped,cropped,model_inputs/images_cropped/WBGBIF2026_E0112_F01_cropped.jpg,true,1,1,fa41c08542c14ad4aeb65b7bc802a78e7f158decfcf90aa31a46372961c5d6a4,fa41c08542c14ad4aeb65b7bc802a78e7f158decfcf90aa31a46372961c5d6a4,CC0-1.0,http://creativecommons.org/publicdomain/zero/1.0/legalcode,redistribute_derivative_rights_review_passed
WBGBIF2026_E0112,WBGBIF2026_E0112_F02_cropped,cropped,model_inputs/images_cropped/WBGBIF2026_E0112_F02_cropped.jpg,true,2,2,37b5044448a6eac8fdd8f01a9c3f1ba1b96296c813f82862af9daf0a8e5c0412,37b5044448a6eac8fdd8f01a9c3f1ba1b96296c813f82862af9daf0a8e5c0412,CC0-1.0,http://creativecommons.org/publicdomain/zero/1.0/legalcode,redistribute_derivative_rights_review_passed
WBGBIF2026_E0112,WBGBIF2026_E0112_F03_cropped,cropped,model_inputs/images_cropped/WBGBIF2026_E0112_F03_cropped.jpg,true,3,3,7920a79ef430f2d76e6cfb82b014b2a2c3cd46c0a4706e83c6280a86b8357146,7920a79ef430f2d76e6cfb82b014b2a2c3cd46c0a4706e83c6280a86b8357146,CC0-1.0,http://creativecommons.org/publicdomain/zero/1.0/legalcode,redistribute_derivative_rights_review_passed
WBGBIF2026_E0112,WBGBIF2026_E0112_F04_cropped,cropped,model_inputs/images_cropped/WBGBIF2026_E0112_F04_cropped.jpg,true,4,4,19a19d057343650f4ab80a3ac1488a58924742a88d7b72b3a2db0da70133af7f,19a19d057343650f4ab80a3ac1488a58924742a88d7b72b3a2db0da70133af7f,CC0-1.0,http://creativecommons.org/publicdomain/zero/1.0/legalcode,redistribute_derivative_rights_review_passed
WBGBIF2026_E0113,WBGBIF2026_E0113_F00_cropped,cropped,model_inputs/images_cropped/WBGBIF2026_E0113_F00_cropped.jpg,true,0,0,630a4f697a7d55e3821bcd625f4c195a36aee60a37f358d593960ffbce61a03a,630a4f697a7d55e3821bcd625f4c195a36aee60a37f358d593960ffbce61a03a,CC0-1.0,http://creativecommons.org/publicdomain/zero/1.0/legalcode,redistribute_derivative_rights_review_passed
WBGBIF2026_E0113,WBGBIF2026_E0113_F01_cropped,cropped,model_inputs/images_cropped/WBGBIF2026_E0113_F01_cropped.jpg,true,1,1,62f17bcfa0c98eeb9aacbf727d3aac779adc9f0ef78b155ba8f67289816c46b9,62f17bcfa0c98eeb9aacbf727d3aac779adc9f0ef78b155ba8f67289816c46b9,CC0-1.0,http://creativecommons.org/publicdomain/zero/1.0/legalcode,redistribute_derivative_rights_review_passed
WBGBIF2026_E0113,WBGBIF2026_E0113_F02_cropped,cropped,model_inputs/images_cropped/WBGBIF2026_E0113_F02_cropped.jpg,true,2,2,5676fb8a60a457a9d8e6125fc0073f63ca4af79658587a4c20ce33c0996a240a,5676fb8a60a457a9d8e6125fc0073f63ca4af79658587a4c20ce33c0996a240a,CC0-1.0,http://creativecommons.org/publicdomain/zero/1.0/legalcode,redistribute_derivative_rights_review_passed
WBGBIF2026_E0113,WBGBIF2026_E0113_F03_cropped,cropped,model_inputs/images_cropped/WBGBIF2026_E0113_F03_cropped.jpg,true,3,3,0e3e1aa44e8dcc76e3156d97c4cc58db9272e8f70bb929c0910e62769f16381b,0e3e1aa44e8dcc76e3156d97c4cc58db9272e8f70bb929c0910e62769f16381b,CC0-1.0,http://creativecommons.org/publicdomain/zero/1.0/legalcode,redistribute_derivative_rights_review_passed
WBGBIF2026_E0113,WBGBIF2026_E0113_F04_cropped,cropped,model_inputs/images_cropped/WBGBIF2026_E0113_F04_cropped.jpg,true,4,4,79b4aeb0dd66d9bcd9b09f759f17510aa37c9477071215173d69e6f43702882d,79b4aeb0dd66d9bcd9b09f759f17510aa37c9477071215173d69e6f43702882d,CC0-1.0,http://creativecommons.org/publicdomain/zero/1.0/legalcode,redistribute_derivative_rights_review_passed
WBGBIF2026_E0114,WBGBIF2026_E0114_F00_cropped,cropped,model_inputs/images_cropped/WBGBIF2026_E0114_F00_cropped.jpg,true,0,0,bc4dab4a88eb5992b70446ca23c1ffb80f688625e64dd4ad8b8b55446d8b647b,bc4dab4a88eb5992b70446ca23c1ffb80f688625e64dd4ad8b8b55446d8b647b,CC0-1.0,http://creativecommons.org/publicdomain/zero/1.0/legalcode,redistribute_derivative_rights_review_passed
WBGBIF2026_E0114,WBGBIF2026_E0114_F01_cropped,cropped,model_inputs/images_cropped/WBGBIF2026_E0114_F01_cropped.jpg,true,1,2,8f0b2f174d38f07615cc833b1fb253567b889209a80c43c72c0304cfc870a2b2,8f0b2f174d38f07615cc833b1fb253567b889209a80c43c72c0304cfc870a2b2,CC0-1.0,http://creativecommons.org/publicdomain/zero/1.0/legalcode,redistribute_derivative_rights_review_passed
WBGBIF2026_E0114,WBGBIF2026_E0114_F02_cropped,cropped,model_inputs/images_cropped/WBGBIF2026_E0114_F02_cropped.jpg,true,2,4,3b5bc5b9eff01ae79d1de70d71686140880c2750d3e1e889a753378bd438510a,3b5bc5b9eff01ae79d1de70d71686140880c2750d3e1e889a753378bd438510a,CC0-1.0,http://creativecommons.org/publicdomain/zero/1.0/legalcode,redistribute_derivative_rights_review_passed
WBGBIF2026_E0114,WBGBIF2026_E0114_F03_cropped,cropped,model_inputs/images_cropped/WBGBIF2026_E0114_F03_cropped.jpg,true,3,6,545d20503c5c7eebca663157db6799a13c2744577f9ab336eaca40f26fb13487,545d20503c5c7eebca663157db6799a13c2744577f9ab336eaca40f26fb13487,CC0-1.0,http://creativecommons.org/publicdomain/zero/1.0/legalcode,redistribute_derivative_rights_review_passed
WBGBIF2026_E0114,WBGBIF2026_E0114_F04_cropped,cropped,model_inputs/images_cropped/WBGBIF2026_E0114_F04_cropped.jpg,true,4,8,9161cfe81b66c1d1bba0378e88a746eec4647b434eb539fdf334a52d75eb313b,9161cfe81b66c1d1bba0378e88a746eec4647b434eb539fdf334a52d75eb313b,CC0-1.0,http://creativecommons.org/publicdomain/zero/1.0/legalcode,redistribute_derivative_rights_review_passed
WBGBIF2026_E0115,WBGBIF2026_E0115_F00_cropped,cropped,model_inputs/images_cropped/WBGBIF2026_E0115_F00_cropped.jpg,true,0,0,49add75a6fbff4d916f00c8049f5f9d5a37699e963be951bc9646bc09efdb1fe,49add75a6fbff4d916f00c8049f5f9d5a37699e963be951bc9646bc09efdb1fe,CC0-1.0,http://creativecommons.org/publicdomain/zero/1.0/legalcode,redistribute_derivative_rights_review_passed
WBGBIF2026_E0115,WBGBIF2026_E0115_F01_cropped,cropped,model_inputs/images_cropped/WBGBIF2026_E0115_F01_cropped.jpg,true,1,1,06b39584b0a1d273aa719ee04e07dcab638a0c0f6644b9880ac81d5862290c11,06b39584b0a1d273aa719ee04e07dcab638a0c0f6644b9880ac81d5862290c11,CC0-1.0,http://creativecommons.org/publicdomain/zero/1.0/legalcode,redistribute_derivative_rights_review_passed
WBGBIF2026_E0116,WBGBIF2026_E0116_F00_cropped,cropped,model_inputs/images_cropped/WBGBIF2026_E0116_F00_cropped.jpg,true,0,0,b71b0c40dd57e0870d44353dc1fa888c66f310954e543d18c83b620af22627eb,b71b0c40dd57e0870d44353dc1fa888c66f310954e543d18c83b620af22627eb,CC0-1.0,http://creativecommons.org/publicdomain/zero/1.0/legalcode,redistribute_derivative_rights_review_passed
WBGBIF2026_E0116,WBGBIF2026_E0116_F01_cropped,cropped,model_inputs/images_cropped/WBGBIF2026_E0116_F01_cropped.jpg,true,1,1,64d82fde78dbdb88c4699afc3424bde5dce8f39335591821364512de94128569,64d82fde78dbdb88c4699afc3424bde5dce8f39335591821364512de94128569,CC0-1.0,http://creativecommons.org/publicdomain/zero/1.0/legalcode,redistribute_derivative_rights_review_passed
WBGBIF2026_E0117,WBGBIF2026_E0117_F00_cropped,cropped,model_inputs/images_cropped/WBGBIF2026_E0117_F00_cropped.jpg,true,0,0,719207abe91316893265bb3c6d4054c60d70f31b53e5b4e3f6802956f8942ec5,719207abe91316893265bb3c6d4054c60d70f31b53e5b4e3f6802956f8942ec5,CC0-1.0,http://creativecommons.org/publicdomain/zero/1.0/legalcode,redistribute_derivative_rights_review_passed
WBGBIF2026_E0117,WBGBIF2026_E0117_F01_cropped,cropped,model_inputs/images_cropped/WBGBIF2026_E0117_F01_cropped.jpg,true,1,1,da8bc7589770fb5c44db73268a5a10d9315af8aace2028bd1dca9d39dd836e09,da8bc7589770fb5c44db73268a5a10d9315af8aace2028bd1dca9d39dd836e09,CC0-1.0,http://creativecommons.org/publicdomain/zero/1.0/legalcode,redistribute_derivative_rights_review_passed
WBGBIF2026_E0118,WBGBIF2026_E0118_F00_cropped,cropped,model_inputs/images_cropped/WBGBIF2026_E0118_F00_cropped.jpg,true,0,0,803bd0d48cc85a7664cbaa7c2f312c1495063e50e5106e2a843bc674c51c2307,803bd0d48cc85a7664cbaa7c2f312c1495063e50e5106e2a843bc674c51c2307,CC0-1.0,http://creativecommons.org/publicdomain/zero/1.0/legalcode,redistribute_derivative_rights_review_passed
WBGBIF2026_E0118,WBGBIF2026_E0118_F01_cropped,cropped,model_inputs/images_cropped/WBGBIF2026_E0118_F01_cropped.jpg,true,1,1,5593eee49a894b5fdb4e214df83ee5a62b8aab90171e30588efbe2c3eeb917ff,5593eee49a894b5fdb4e214df83ee5a62b8aab90171e30588efbe2c3eeb917ff,CC0-1.0,http://creativecommons.org/publicdomain/zero/1.0/legalcode,redistribute_derivative_rights_review_passed
WBGBIF2026_E0119,WBGBIF2026_E0119_F00_cropped,cropped,model_inputs/images_cropped/WBGBIF2026_E0119_F00_cropped.jpg,true,0,0,85e87db28cd9dd13c75cfd179633a58934c0ee91eb2237a0244601cc00264da7,85e87db28cd9dd13c75cfd179633a58934c0ee91eb2237a0244601cc00264da7,CC0-1.0,http://creativecommons.org/publicdomain/zero/1.0/legalcode,redistribute_derivative_rights_review_passed
WBGBIF2026_E0119,WBGBIF2026_E0119_F01_cropped,cropped,model_inputs/images_cropped/WBGBIF2026_E0119_F01_cropped.jpg,true,1,1,555fbbe339dc09fdbe85be6f8849873fb332cc6bc00fab79c3c91549f58a0189,555fbbe339dc09fdbe85be6f8849873fb332cc6bc00fab79c3c91549f58a0189,CC0-1.0,http://creativecommons.org/publicdomain/zero/1.0/legalcode,redistribute_derivative_rights_review_passed
WBGBIF2026_E0120,WBGBIF2026_E0120_F00_cropped,cropped,model_inputs/images_cropped/WBGBIF2026_E0120_F00_cropped.jpg,true,0,0,1088ce0b37d7461b2a2f29dbed4f46f2f8554a32d57f0480b4f43aebe9fa5170,1088ce0b37d7461b2a2f29dbed4f46f2f8554a32d57f0480b4f43aebe9fa5170,CC0-1.0,http://creativecommons.org/publicdomain/zero/1.0/legalcode,redistribute_derivative_rights_review_passed
WBGBIF2026_E0120,WBGBIF2026_E0120_F01_cropped,cropped,model_inputs/images_cropped/WBGBIF2026_E0120_F01_cropped.jpg,true,1,1,9d90867330462e33e8c7b0c1cabbdc73f0857e331592a282b0a880a985f8bb26,9d90867330462e33e8c7b0c1cabbdc73f0857e331592a282b0a880a985f8bb26,CC0-1.0,http://creativecommons.org/publicdomain/zero/1.0/legalcode,redistribute_derivative_rights_review_passed
WBGBIF2026_E0127,WBGBIF2026_E0127_F00_cropped,cropped,model_inputs/images_cropped/WBGBIF2026_E0127_F00_cropped.jpg,true,0,0,2dfb787247f45f3a182f4bd92e6550742ad8e37f8e0227018859817d680f85d4,2dfb787247f45f3a182f4bd92e6550742ad8e37f8e0227018859817d680f85d4,CC0-1.0,http://creativecommons.org/publicdomain/zero/1.0/legalcode,redistribute_derivative_rights_review_passed
WBGBIF2026_E0127,WBGBIF2026_E0127_F01_cropped,cropped,model_inputs/images_cropped/WBGBIF2026_E0127_F01_cropped.jpg,true,1,1,64413c81c69060cad4145c8a7118925e96dfbe445555e368dc257f6e9d29fcb4,64413c81c69060cad4145c8a7118925e96dfbe445555e368dc257f6e9d29fcb4,CC0-1.0,http://creativecommons.org/publicdomain/zero/1.0/legalcode,redistribute_derivative_rights_review_passed
WBGBIF2026_E0128,WBGBIF2026_E0128_F00_cropped,cropped,model_inputs/images_cropped/WBGBIF2026_E0128_F00_cropped.jpg,true,0,0,e144f0d084810cc2336dff3c45f46bfcb6c43ec4a953171b332e09ee15942ed3,e144f0d084810cc2336dff3c45f46bfcb6c43ec4a953171b332e09ee15942ed3,CC0-1.0,http://creativecommons.org/publicdomain/zero/1.0/legalcode,redistribute_derivative_rights_review_passed
WBGBIF2026_E0128,WBGBIF2026_E0128_F01_cropped,cropped,model_inputs/images_cropped/WBGBIF2026_E0128_F01_cropped.jpg,true,1,1,2762f9419a631f2422b8adbf9d3ff3d7c548561c57901e5d31eb24cf9152db6c,2762f9419a631f2422b8adbf9d3ff3d7c548561c57901e5d31eb24cf9152db6c,CC0-1.0,http://creativecommons.org/publicdomain/zero/1.0/legalcode,redistribute_derivative_rights_review_passed
WBGBIF2026_E0129,WBGBIF2026_E0129_F00_cropped,cropped,model_inputs/images_cropped/WBGBIF2026_E0129_F00_cropped.jpg,true,0,0,a07f7d99e80938f083851ae9d1a01631b8d1bec3b63ccb1c9f836462a7b24c90,a07f7d99e80938f083851ae9d1a01631b8d1bec3b63ccb1c9f836462a7b24c90,CC0-1.0,http://creativecommons.org/publicdomain/zero/1.0/legalcode,redistribute_derivative_rights_review_passed
WBGBIF2026_E0129,WBGBIF2026_E0129_F01_cropped,cropped,model_inputs/images_cropped/WBGBIF2026_E0129_F01_cropped.jpg,true,1,1,47fe71351a7f6ca24b5196fa70e446c3c2c73cfd6572dc66241cff332ebde020,47fe71351a7f6ca24b5196fa70e446c3c2c73cfd6572dc66241cff332ebde020,CC0-1.0,http://creativecommons.org/publicdomain/zero/1.0/legalcode,redistribute_derivative_rights_review_passed
WBGBIF2026_E0130,WBGBIF2026_E0130_F00_cropped,cropped,model_inputs/images_cropped/WBGBIF2026_E0130_F00_cropped.jpg,true,0,0,1a14198ba33e867c481d2d2eb2e87e5f05aaf8537742cb523130cb108903c855,1a14198ba33e867c481d2d2eb2e87e5f05aaf8537742cb523130cb108903c855,CC0-1.0,http://creativecommons.org/publicdomain/zero/1.0/legalcode,redistribute_derivative_rights_review_passed
WBGBIF2026_E0130,WBGBIF2026_E0130_F01_cropped,cropped,model_inputs/images_cropped/WBGBIF2026_E0130_F01_cropped.jpg,true,1,1,dd52a52feca93770bfce3da2a57f092eb8e1d6a8028924840c7135191bff5c04,dd52a52feca93770bfce3da2a57f092eb8e1d6a8028924840c7135191bff5c04,CC0-1.0,http://creativecommons.org/publicdomain/zero/1.0/legalcode,redistribute_derivative_rights_review_passed
WBGBIF2026_E0131,WBGBIF2026_E0131_F00_cropped,cropped,model_inputs/images_cropped/WBGBIF2026_E0131_F00_cropped.jpg,true,0,0,b9040c331a0679d365aa065f2ac73baaca8fe3187f6de65354d4a1c60c9035f7,b9040c331a0679d365aa065f2ac73baaca8fe3187f6de65354d4a1c60c9035f7,CC0-1.0,http://creativecommons.org/publicdomain/zero/1.0/legalcode,redistribute_derivative_rights_review_passed
WBGBIF2026_E0131,WBGBIF2026_E0131_F01_cropped,cropped,model_inputs/images_cropped/WBGBIF2026_E0131_F01_cropped.jpg,true,1,1,66eb3b570808df15a544738624e292b42d49b3e4a8b524f1940c92420737e416,66eb3b570808df15a544738624e292b42d49b3e4a8b524f1940c92420737e416,CC0-1.0,http://creativecommons.org/publicdomain/zero/1.0/legalcode,redistribute_derivative_rights_review_passed
WBGBIF2026_E0132,WBGBIF2026_E0132_F00_cropped,cropped,model_inputs/images_cropped/WBGBIF2026_E0132_F00_cropped.jpg,true,0,0,bcdd45ca25f4350b156f2f008fcdad367bafec08f35899a4e2b13ba92bf5c5bc,bcdd45ca25f4350b156f2f008fcdad367bafec08f35899a4e2b13ba92bf5c5bc,CC0-1.0,http://creativecommons.org/publicdomain/zero/1.0/legalcode,redistribute_derivative_rights_review_passed
WBGBIF2026_E0132,WBGBIF2026_E0132_F01_cropped,cropped,model_inputs/images_cropped/WBGBIF2026_E0132_F01_cropped.jpg,true,1,1,8702c7a3a71e0323c55ec5db9fcad28beed81bf9b98f76c82a2591a12304bc21,8702c7a3a71e0323c55ec5db9fcad28beed81bf9b98f76c82a2591a12304bc21,CC0-1.0,http://creativecommons.org/publicdomain/zero/1.0/legalcode,redistribute_derivative_rights_review_passed
WBGBIF2026_E0132,WBGBIF2026_E0132_F02_cropped,cropped,model_inputs/images_cropped/WBGBIF2026_E0132_F02_cropped.jpg,true,2,2,2ec40acc68e3dcef96e542d32263e48614c6c2fcf63c6ab1e1b848840f1a94bb,2ec40acc68e3dcef96e542d32263e48614c6c2fcf63c6ab1e1b848840f1a94bb,CC0-1.0,http://creativecommons.org/publicdomain/zero/1.0/legalcode,redistribute_derivative_rights_review_passed
WBGBIF2026_E0132,WBGBIF2026_E0132_F03_cropped,cropped,model_inputs/images_cropped/WBGBIF2026_E0132_F03_cropped.jpg,true,3,3,ca1507209ffc1af25c123a0ba4ea63086716344b899ca905f0fa8d7889f527bf,ca1507209ffc1af25c123a0ba4ea63086716344b899ca905f0fa8d7889f527bf,CC0-1.0,http://creativecommons.org/publicdomain/zero/1.0/legalcode,redistribute_derivative_rights_review_passed
WBGBIF2026_E0132,WBGBIF2026_E0132_F04_cropped,cropped,model_inputs/images_cropped/WBGBIF2026_E0132_F04_cropped.jpg,true,4,4,116fbf077884e2e6ad0332c9c834500a215672a90f79d2975c01e94b83093277,116fbf077884e2e6ad0332c9c834500a215672a90f79d2975c01e94b83093277,CC0-1.0,http://creativecommons.org/publicdomain/zero/1.0/legalcode,redistribute_derivative_rights_review_passed
WBGBIF2026_E0136,WBGBIF2026_E0136_F00_cropped,cropped,model_inputs/images_cropped/WBGBIF2026_E0136_F00_cropped.jpg,true,0,0,c4888e541ebfb69fc4264376c36a8b2226fb571ebf61296b7f78b026a2ee549d,c4888e541ebfb69fc4264376c36a8b2226fb571ebf61296b7f78b026a2ee549d,CC-BY-4.0,http://creativecommons.org/licenses/by/4.0/legalcode,redistribute_derivative_with_attribution_rights_review_passed
WBGBIF2026_E0136,WBGBIF2026_E0136_F01_cropped,cropped,model_inputs/images_cropped/WBGBIF2026_E0136_F01_cropped.jpg,true,1,1,3f8722f48eccb7f035614f50344c6a069653a90892d9fe450d06f5a4a0cd5330,3f8722f48eccb7f035614f50344c6a069653a90892d9fe450d06f5a4a0cd5330,CC-BY-4.0,http://creativecommons.org/licenses/by/4.0/legalcode,redistribute_derivative_with_attribution_rights_review_passed
WBGBIF2026_E0136,WBGBIF2026_E0136_F02_cropped,cropped,model_inputs/images_cropped/WBGBIF2026_E0136_F02_cropped.jpg,true,2,2,a308371f76c3b56e3a059361cdbb8a022303b6e06b458703159cfc0b407d6999,a308371f76c3b56e3a059361cdbb8a022303b6e06b458703159cfc0b407d6999,CC-BY-4.0,http://creativecommons.org/licenses/by/4.0/legalcode,redistribute_derivative_with_attribution_rights_review_passed
WBGBIF2026_E0136,WBGBIF2026_E0136_F03_cropped,cropped,model_inputs/images_cropped/WBGBIF2026_E0136_F03_cropped.jpg,true,3,3,a3b075cfabb155f98c8803580e9aeab86d41b183c261eaaf495c1b691239dbb4,a3b075cfabb155f98c8803580e9aeab86d41b183c261eaaf495c1b691239dbb4,CC-BY-4.0,http://creativecommons.org/licenses/by/4.0/legalcode,redistribute_derivative_with_attribution_rights_review_passed
WBGBIF2026_E0136,WBGBIF2026_E0136_F04_cropped,cropped,model_inputs/images_cropped/WBGBIF2026_E0136_F04_cropped.jpg,true,4,4,66ecccd8f4cd38413643da20a294c070ed3216c059fa0d102595e7ef4b0f22d2,66ecccd8f4cd38413643da20a294c070ed3216c059fa0d102595e7ef4b0f22d2,CC-BY-4.0,http://creativecommons.org/licenses/by/4.0/legalcode,redistribute_derivative_with_attribution_rights_review_passed
WBGBIF2026_E0137,WBGBIF2026_E0137_F00_cropped,cropped,model_inputs/images_cropped/WBGBIF2026_E0137_F00_cropped.jpg,true,0,0,d59a396d3280d684788a4bb0d0979d0290312683541e712bc6ca736a4c15c4c9,d59a396d3280d684788a4bb0d0979d0290312683541e712bc6ca736a4c15c4c9,CC-BY-4.0,http://creativecommons.org/licenses/by/4.0/legalcode,redistribute_derivative_with_attribution_rights_review_passed
WBGBIF2026_E0137,WBGBIF2026_E0137_F01_cropped,cropped,model_inputs/images_cropped/WBGBIF2026_E0137_F01_cropped.jpg,true,1,1,6ea0af85c13d51c7fdf9d6f526a23d551c46d8bdfb65e047b3b8c7c164254868,6ea0af85c13d51c7fdf9d6f526a23d551c46d8bdfb65e047b3b8c7c164254868,CC-BY-4.0,http://creativecommons.org/licenses/by/4.0/legalcode,redistribute_derivative_with_attribution_rights_review_passed
WBGBIF2026_E0137,WBGBIF2026_E0137_F02_cropped,cropped,model_inputs/images_cropped/WBGBIF2026_E0137_F02_cropped.jpg,true,2,2,a70cd080bfa251fa6c5eaec64357d757a730338f2129192093da8436d0279e1d,a70cd080bfa251fa6c5eaec64357d757a730338f2129192093da8436d0279e1d,CC-BY-4.0,http://creativecommons.org/licenses/by/4.0/legalcode,redistribute_derivative_with_attribution_rights_review_passed
WBGBIF2026_E0137,WBGBIF2026_E0137_F03_cropped,cropped,model_inputs/images_cropped/WBGBIF2026_E0137_F03_cropped.jpg,true,3,3,be871edc7be82f7119837c0f8031c9b73eef04d80f31799e234663d3c61b9eeb,be871edc7be82f7119837c0f8031c9b73eef04d80f31799e234663d3c61b9eeb,CC-BY-4.0,http://creativecommons.org/licenses/by/4.0/legalcode,redistribute_derivative_with_attribution_rights_review_passed
WBGBIF2026_E0137,WBGBIF2026_E0137_F04_cropped,cropped,model_inputs/images_cropped/WBGBIF2026_E0137_F04_cropped.jpg,true,4,4,a4613319f0f2fca29e0e2f6a9542b8d862da62d839e5d033441acefac1e8a0ce,a4613319f0f2fca29e0e2f6a9542b8d862da62d839e5d033441acefac1e8a0ce,CC-BY-4.0,http://creativecommons.org/licenses/by/4.0/legalcode,redistribute_derivative_with_attribution_rights_review_passed
WBGBIF2026_E0138,WBGBIF2026_E0138_F00_cropped,cropped,model_inputs/images_cropped/WBGBIF2026_E0138_F00_cropped.jpg,true,0,0,ccc4aced4e69232a13bf57b1ec75e6f5baed6660eb287b5482bc4752ec74dd3b,ccc4aced4e69232a13bf57b1ec75e6f5baed6660eb287b5482bc4752ec74dd3b,CC-BY-4.0,http://creativecommons.org/licenses/by/4.0/legalcode,redistribute_derivative_with_attribution_rights_review_passed
WBGBIF2026_E0138,WBGBIF2026_E0138_F01_cropped,cropped,model_inputs/images_cropped/WBGBIF2026_E0138_F01_cropped.jpg,true,1,1,e5de3c232c10ced1d3bc52dc3a81475c180ab074da8abdead4f617474803eddd,e5de3c232c10ced1d3bc52dc3a81475c180ab074da8abdead4f617474803eddd,CC-BY-4.0,http://creativecommons.org/licenses/by/4.0/legalcode,redistribute_derivative_with_attribution_rights_review_passed
WBGBIF2026_E0138,WBGBIF2026_E0138_F02_cropped,cropped,model_inputs/images_cropped/WBGBIF2026_E0138_F02_cropped.jpg,true,2,2,89e53df4964a1db2d24a9ec88e309f686ac063004a01dda83fc6158c1c6b1a0e,89e53df4964a1db2d24a9ec88e309f686ac063004a01dda83fc6158c1c6b1a0e,CC-BY-4.0,http://creativecommons.org/licenses/by/4.0/legalcode,redistribute_derivative_with_attribution_rights_review_passed
WBGBIF2026_E0138,WBGBIF2026_E0138_F03_cropped,cropped,model_inputs/images_cropped/WBGBIF2026_E0138_F03_cropped.jpg,true,3,3,e255647b9d63a0686de57e10657537a9ea0cd5d122b04baf2f90d581845b7d7d,e255647b9d63a0686de57e10657537a9ea0cd5d122b04baf2f90d581845b7d7d,CC-BY-4.0,http://creativecommons.org/licenses/by/4.0/legalcode,redistribute_derivative_with_attribution_rights_review_passed
WBGBIF2026_E0138,WBGBIF2026_E0138_F04_cropped,cropped,model_inputs/images_cropped/WBGBIF2026_E0138_F04_cropped.jpg,true,4,4,3d4524170bfc6d8cc88dfdead6b18fd06db15aa127a89534ec6b78293d210b38,3d4524170bfc6d8cc88dfdead6b18fd06db15aa127a89534ec6b78293d210b38,CC-BY-4.0,http://creativecommons.org/licenses/by/4.0/legalcode,redistribute_derivative_with_attribution_rights_review_passed
WBGBIF2026_E0139,WBGBIF2026_E0139_F00_cropped,cropped,model_inputs/images_cropped/WBGBIF2026_E0139_F00_cropped.jpg,true,0,0,8be673e2b3d19ebf9d588d54a559c22937a467a9fc5a99d9b05bf83a40dc395f,8be673e2b3d19ebf9d588d54a559c22937a467a9fc5a99d9b05bf83a40dc395f,CC-BY-4.0,http://creativecommons.org/licenses/by/4.0/legalcode,redistribute_derivative_with_attribution_rights_review_passed
WBGBIF2026_E0139,WBGBIF2026_E0139_F01_cropped,cropped,model_inputs/images_cropped/WBGBIF2026_E0139_F01_cropped.jpg,true,1,1,1e5a855f12a5d8c57b93a7f3d61d6aaedf597d04379a0b754a226486ed267355,1e5a855f12a5d8c57b93a7f3d61d6aaedf597d04379a0b754a226486ed267355,CC-BY-4.0,http://creativecommons.org/licenses/by/4.0/legalcode,redistribute_derivative_with_attribution_rights_review_passed
WBGBIF2026_E0139,WBGBIF2026_E0139_F02_cropped,cropped,model_inputs/images_cropped/WBGBIF2026_E0139_F02_cropped.jpg,true,2,2,28e17d51c284785afa60d4760ca03633615b3f28bcf48092206549d4063930c6,28e17d51c284785afa60d4760ca03633615b3f28bcf48092206549d4063930c6,CC-BY-4.0,http://creativecommons.org/licenses/by/4.0/legalcode,redistribute_derivative_with_attribution_rights_review_passed
WBGBIF2026_E0139,WBGBIF2026_E0139_F03_cropped,cropped,model_inputs/images_cropped/WBGBIF2026_E0139_F03_cropped.jpg,true,3,3,a81a89661b15dd841159b16a76ae9f42cd75e618cd6c1b7d2a62858b7403bd38,a81a89661b15dd841159b16a76ae9f42cd75e618cd6c1b7d2a62858b7403bd38,CC-BY-4.0,http://creativecommons.org/licenses/by/4.0/legalcode,redistribute_derivative_with_attribution_rights_review_passed
WBGBIF2026_E0139,WBGBIF2026_E0139_F04_cropped,cropped,model_inputs/images_cropped/WBGBIF2026_E0139_F04_cropped.jpg,true,4,4,1a03c1fb9cf524a11970a74c11347b7de5c9023858d6b792f3f6ac4b7f01501c,1a03c1fb9cf524a11970a74c11347b7de5c9023858d6b792f3f6ac4b7f01501c,CC-BY-4.0,http://creativecommons.org/licenses/by/4.0/legalcode,redistribute_derivative_with_attribution_rights_review_passed
WBGBIF2026_E0140,WBGBIF2026_E0140_F00_cropped,cropped,model_inputs/images_cropped/WBGBIF2026_E0140_F00_cropped.jpg,true,0,0,53afa375ce4bb465bd4bd0f5551a4bb960035e8fc16b2371e6552f30c9afe022,53afa375ce4bb465bd4bd0f5551a4bb960035e8fc16b2371e6552f30c9afe022,CC-BY-4.0,http://creativecommons.org/licenses/by/4.0/legalcode,redistribute_derivative_with_attribution_rights_review_passed
WBGBIF2026_E0140,WBGBIF2026_E0140_F01_cropped,cropped,model_inputs/images_cropped/WBGBIF2026_E0140_F01_cropped.jpg,true,1,1,de3d4db69fef41dbd0ae30f853b6079f6f982220039f653af3680cbaa5931be4,de3d4db69fef41dbd0ae30f853b6079f6f982220039f653af3680cbaa5931be4,CC-BY-4.0,http://creativecommons.org/licenses/by/4.0/legalcode,redistribute_derivative_with_attribution_rights_review_passed
WBGBIF2026_E0140,WBGBIF2026_E0140_F02_cropped,cropped,model_inputs/images_cropped/WBGBIF2026_E0140_F02_cropped.jpg,true,2,2,7f3cea037c43483b67a62ba1f48a33f5988c675b4b51752989a42f56d56a4c78,7f3cea037c43483b67a62ba1f48a33f5988c675b4b51752989a42f56d56a4c78,CC-BY-4.0,http://creativecommons.org/licenses/by/4.0/legalcode,redistribute_derivative_with_attribution_rights_review_passed
WBGBIF2026_E0140,WBGBIF2026_E0140_F03_cropped,cropped,model_inputs/images_cropped/WBGBIF2026_E0140_F03_cropped.jpg,true,3,3,31c4846a5a8b91361027fa92b5b0d57ae90d492c80f5d66b354ba01c2262bc58,31c4846a5a8b91361027fa92b5b0d57ae90d492c80f5d66b354ba01c2262bc58,CC-BY-4.0,http://creativecommons.org/licenses/by/4.0/legalcode,redistribute_derivative_with_attribution_rights_review_passed
WBGBIF2026_E0140,WBGBIF2026_E0140_F04_cropped,cropped,model_inputs/images_cropped/WBGBIF2026_E0140_F04_cropped.jpg,true,4,4,767fa6957f4d8588a430c627826e85ba95a3e1b082e65e438e57d75d02448dcf,767fa6957f4d8588a430c627826e85ba95a3e1b082e65e438e57d75d02448dcf,CC-BY-4.0,http://creativecommons.org/licenses/by/4.0/legalcode,redistribute_derivative_with_attribution_rights_review_passed
WBGBIF2026_E0141,WBGBIF2026_E0141_F00_cropped,cropped,model_inputs/images_cropped/WBGBIF2026_E0141_F00_cropped.jpg,true,0,0,bf3a08c95bd31566d1e3fd8c9ed5d54d8b9c93ff5475d07dd4b76be877db3409,bf3a08c95bd31566d1e3fd8c9ed5d54d8b9c93ff5475d07dd4b76be877db3409,CC-BY-4.0,http://creativecommons.org/licenses/by/4.0/legalcode,redistribute_derivative_with_attribution_rights_review_passed
WBGBIF2026_E0141,WBGBIF2026_E0141_F01_cropped,cropped,model_inputs/images_cropped/WBGBIF2026_E0141_F01_cropped.jpg,true,1,1,7ad871cf69a83a06e38cd580951ce580ce683ba27c48b6bcc2218681b3dfa0e0,7ad871cf69a83a06e38cd580951ce580ce683ba27c48b6bcc2218681b3dfa0e0,CC-BY-4.0,http://creativecommons.org/licenses/by/4.0/legalcode,redistribute_derivative_with_attribution_rights_review_passed
WBGBIF2026_E0141,WBGBIF2026_E0141_F02_cropped,cropped,model_inputs/images_cropped/WBGBIF2026_E0141_F02_cropped.jpg,true,2,2,cc1c269ff693b6aa50beac372d246b8d5388603bf5f57b525d1df514ebe1a22b,cc1c269ff693b6aa50beac372d246b8d5388603bf5f57b525d1df514ebe1a22b,CC-BY-4.0,http://creativecommons.org/licenses/by/4.0/legalcode,redistribute_derivative_with_attribution_rights_review_passed
WBGBIF2026_E0141,WBGBIF2026_E0141_F03_cropped,cropped,model_inputs/images_cropped/WBGBIF2026_E0141_F03_cropped.jpg,true,3,3,a32fb10fe2fc3658667aa979a8d61fd351cb933c1e7bff42c07e2b18b7b1fcc4,a32fb10fe2fc3658667aa979a8d61fd351cb933c1e7bff42c07e2b18b7b1fcc4,CC-BY-4.0,http://creativecommons.org/licenses/by/4.0/legalcode,redistribute_derivative_with_attribution_rights_review_passed
WBGBIF2026_E0141,WBGBIF2026_E0141_F04_cropped,cropped,model_inputs/images_cropped/WBGBIF2026_E0141_F04_cropped.jpg,true,4,4,30f58bb1ff5ed6494e0ec330c3b8c2407755f684bcea0b554935d123a115b755,30f58bb1ff5ed6494e0ec330c3b8c2407755f684bcea0b554935d123a115b755,CC-BY-4.0,http://creativecommons.org/licenses/by/4.0/legalcode,redistribute_derivative_with_attribution_rights_review_passed
WBGBIF2026_E0142,WBGBIF2026_E0142_F00_cropped,cropped,model_inputs/images_cropped/WBGBIF2026_E0142_F00_cropped.jpg,true,0,0,5b0675e23d4898d77678de744c75adde92d8492b0663f7d271815fd726c83b7a,5b0675e23d4898d77678de744c75adde92d8492b0663f7d271815fd726c83b7a,CC0-1.0,http://creativecommons.org/publicdomain/zero/1.0/legalcode,redistribute_derivative_rights_review_passed
WBGBIF2026_E0142,WBGBIF2026_E0142_F01_cropped,cropped,model_inputs/images_cropped/WBGBIF2026_E0142_F01_cropped.jpg,true,1,1,6b6d80da6e45d8196b8ee9d764bde89bb59bdc3624997f4d70bf093ed1e641d2,6b6d80da6e45d8196b8ee9d764bde89bb59bdc3624997f4d70bf093ed1e641d2,CC0-1.0,http://creativecommons.org/publicdomain/zero/1.0/legalcode,redistribute_derivative_rights_review_passed
WBGBIF2026_E0142,WBGBIF2026_E0142_F02_cropped,cropped,model_inputs/images_cropped/WBGBIF2026_E0142_F02_cropped.jpg,true,2,2,12f2948927911307ac9212f434836467ce9f7c07b65b7b4b3cc8a5df2d891145,12f2948927911307ac9212f434836467ce9f7c07b65b7b4b3cc8a5df2d891145,CC0-1.0,http://creativecommons.org/publicdomain/zero/1.0/legalcode,redistribute_derivative_rights_review_passed
WBGBIF2026_E0142,WBGBIF2026_E0142_F03_cropped,cropped,model_inputs/images_cropped/WBGBIF2026_E0142_F03_cropped.jpg,true,3,3,7917d3381110f1b1184d8a14530a8c094b4c06ee69bafc4b7bf1d6d85952cb85,7917d3381110f1b1184d8a14530a8c094b4c06ee69bafc4b7bf1d6d85952cb85,CC0-1.0,http://creativecommons.org/publicdomain/zero/1.0/legalcode,redistribute_derivative_rights_review_passed
WBGBIF2026_E0142,WBGBIF2026_E0142_F04_cropped,cropped,model_inputs/images_cropped/WBGBIF2026_E0142_F04_cropped.jpg,true,4,4,924468ea9109c66912cb1240b1128b410106b0a421e0751120073a369f084e55,924468ea9109c66912cb1240b1128b410106b0a421e0751120073a369f084e55,CC0-1.0,http://creativecommons.org/publicdomain/zero/1.0/legalcode,redistribute_derivative_rights_review_passed
WBGBIF2026_E0143,WBGBIF2026_E0143_F00_cropped,cropped,model_inputs/images_cropped/WBGBIF2026_E0143_F00_cropped.jpg,true,0,0,a2b2a4195e094b51b3b1250a5c89be253fd63a8307c5a0522304e4040d4ac844,a2b2a4195e094b51b3b1250a5c89be253fd63a8307c5a0522304e4040d4ac844,CC0-1.0,http://creativecommons.org/publicdomain/zero/1.0/legalcode,redistribute_derivative_rights_review_passed
WBGBIF2026_E0143,WBGBIF2026_E0143_F01_cropped,cropped,model_inputs/images_cropped/WBGBIF2026_E0143_F01_cropped.jpg,true,1,1,fe97011ea93ba5dd40b7cd0119e6f69243476a231a8d38f39fe5601d1daed64c,fe97011ea93ba5dd40b7cd0119e6f69243476a231a8d38f39fe5601d1daed64c,CC0-1.0,http://creativecommons.org/publicdomain/zero/1.0/legalcode,redistribute_derivative_rights_review_passed
WBGBIF2026_E0144,WBGBIF2026_E0144_F00_cropped,cropped,model_inputs/images_cropped/WBGBIF2026_E0144_F00_cropped.jpg,true,0,0,74b0d916bdba58ed9f9e2d999e1a9d1601c2e45e544ab5bcb2d415deec613ea1,74b0d916bdba58ed9f9e2d999e1a9d1601c2e45e544ab5bcb2d415deec613ea1,CC0-1.0,http://creativecommons.org/publicdomain/zero/1.0/legalcode,redistribute_derivative_rights_review_passed
WBGBIF2026_E0144,WBGBIF2026_E0144_F01_cropped,cropped,model_inputs/images_cropped/WBGBIF2026_E0144_F01_cropped.jpg,true,1,1,31044de4516edd6610c6ec5e81b940353113eaa4a13b8901da788b343cc0ad36,31044de4516edd6610c6ec5e81b940353113eaa4a13b8901da788b343cc0ad36,CC0-1.0,http://creativecommons.org/publicdomain/zero/1.0/legalcode,redistribute_derivative_rights_review_passed
WBGBIF2026_E0144,WBGBIF2026_E0144_F02_cropped,cropped,model_inputs/images_cropped/WBGBIF2026_E0144_F02_cropped.jpg,true,2,2,8ea52d6a11db19b77d6686499fc1dbf59c99dbb1a8033093f29da0dba707dc0f,8ea52d6a11db19b77d6686499fc1dbf59c99dbb1a8033093f29da0dba707dc0f,CC0-1.0,http://creativecommons.org/publicdomain/zero/1.0/legalcode,redistribute_derivative_rights_review_passed
WBGBIF2026_E0144,WBGBIF2026_E0144_F03_cropped,cropped,model_inputs/images_cropped/WBGBIF2026_E0144_F03_cropped.jpg,true,3,3,71cdf0a2a4ee2a06d4bec0a728e48ee5852b58d412ec92fa762258d930ec0f70,71cdf0a2a4ee2a06d4bec0a728e48ee5852b58d412ec92fa762258d930ec0f70,CC0-1.0,http://creativecommons.org/publicdomain/zero/1.0/legalcode,redistribute_derivative_rights_review_passed
WBGBIF2026_E0144,WBGBIF2026_E0144_F04_cropped,cropped,model_inputs/images_cropped/WBGBIF2026_E0144_F04_cropped.jpg,true,4,4,031c159bf4dceef11cc0882fe3dbbfd29f60260e2c6d22643bdb340e94a8e9db,031c159bf4dceef11cc0882fe3dbbfd29f60260e2c6d22643bdb340e94a8e9db,CC0-1.0,http://creativecommons.org/publicdomain/zero/1.0/legalcode,redistribute_derivative_rights_review_passed
WBGBIF2026_E0151,WBGBIF2026_E0151_F00_cropped,cropped,model_inputs/images_cropped/WBGBIF2026_E0151_F00_cropped.jpg,true,0,0,b7272e97fb56873240b927ae173f964405ee42a9682b5d7c5dbfbc64371bb56e,b7272e97fb56873240b927ae173f964405ee42a9682b5d7c5dbfbc64371bb56e,CC0-1.0,http://creativecommons.org/publicdomain/zero/1.0/legalcode,redistribute_derivative_rights_review_passed
WBGBIF2026_E0151,WBGBIF2026_E0151_F01_cropped,cropped,model_inputs/images_cropped/WBGBIF2026_E0151_F01_cropped.jpg,true,1,1,e0807ae485480db18d926210904ed3279cb08a0ef4ff1531059095d616b6d8c5,e0807ae485480db18d926210904ed3279cb08a0ef4ff1531059095d616b6d8c5,CC0-1.0,http://creativecommons.org/publicdomain/zero/1.0/legalcode,redistribute_derivative_rights_review_passed
WBGBIF2026_E0152,WBGBIF2026_E0152_F00_cropped,cropped,model_inputs/images_cropped/WBGBIF2026_E0152_F00_cropped.jpg,true,0,0,2412f3427d04523212e3496d0a63806868ec2ee3107025fbcb51e64bd2ccdb9b,2412f3427d04523212e3496d0a63806868ec2ee3107025fbcb51e64bd2ccdb9b,CC0-1.0,http://creativecommons.org/publicdomain/zero/1.0/legalcode,redistribute_derivative_rights_review_passed
WBGBIF2026_E0152,WBGBIF2026_E0152_F01_cropped,cropped,model_inputs/images_cropped/WBGBIF2026_E0152_F01_cropped.jpg,true,1,1,e39ebea467200c4e83421e83611fc77018cbfe1348eb30e77ccc30490c2a57e1,e39ebea467200c4e83421e83611fc77018cbfe1348eb30e77ccc30490c2a57e1,CC0-1.0,http://creativecommons.org/publicdomain/zero/1.0/legalcode,redistribute_derivative_rights_review_passed
WBGBIF2026_E0152,WBGBIF2026_E0152_F02_cropped,cropped,model_inputs/images_cropped/WBGBIF2026_E0152_F02_cropped.jpg,true,2,2,f3915e4843a16adf52b829a86e2f8930f1f5dcf22341631e1e439a09d03c627c,f3915e4843a16adf52b829a86e2f8930f1f5dcf22341631e1e439a09d03c627c,CC0-1.0,http://creativecommons.org/publicdomain/zero/1.0/legalcode,redistribute_derivative_rights_review_passed
WBGBIF2026_E0152,WBGBIF2026_E0152_F03_cropped,cropped,model_inputs/images_cropped/WBGBIF2026_E0152_F03_cropped.jpg,true,3,3,fcd140e805e7300da898f7b170f75fc53f66aed75e05f4d74ffea417bcfdc9e7,fcd140e805e7300da898f7b170f75fc53f66aed75e05f4d74ffea417bcfdc9e7,CC0-1.0,http://creativecommons.org/publicdomain/zero/1.0/legalcode,redistribute_derivative_rights_review_passed
WBGBIF2026_E0152,WBGBIF2026_E0152_F04_cropped,cropped,model_inputs/images_cropped/WBGBIF2026_E0152_F04_cropped.jpg,true,4,4,630dc4bf6dcd35a4371a9bc35a787f1781da68235dae4ba40d4970a13155e339,630dc4bf6dcd35a4371a9bc35a787f1781da68235dae4ba40d4970a13155e339,CC0-1.0,http://creativecommons.org/publicdomain/zero/1.0/legalcode,redistribute_derivative_rights_review_passed
WBGBIF2026_E0153,WBGBIF2026_E0153_F00_cropped,cropped,model_inputs/images_cropped/WBGBIF2026_E0153_F00_cropped.jpg,true,0,0,3d4187c75afaace69e8613e5e513b09ea2322091316ae530ad14047d30253da7,3d4187c75afaace69e8613e5e513b09ea2322091316ae530ad14047d30253da7,CC0-1.0,http://creativecommons.org/publicdomain/zero/1.0/legalcode,redistribute_derivative_rights_review_passed
WBGBIF2026_E0153,WBGBIF2026_E0153_F01_cropped,cropped,model_inputs/images_cropped/WBGBIF2026_E0153_F01_cropped.jpg,true,1,1,2178d4342a3f017e1cd725298eb10adb9cb79ea2c070541b135de375f79901dd,2178d4342a3f017e1cd725298eb10adb9cb79ea2c070541b135de375f79901dd,CC0-1.0,http://creativecommons.org/publicdomain/zero/1.0/legalcode,redistribute_derivative_rights_review_passed
WBGBIF2026_E0153,WBGBIF2026_E0153_F02_cropped,cropped,model_inputs/images_cropped/WBGBIF2026_E0153_F02_cropped.jpg,true,2,2,05300821798c9f6f449fcbcc6df50d0313490606206da2e79d66d394b7391006,05300821798c9f6f449fcbcc6df50d0313490606206da2e79d66d394b7391006,CC0-1.0,http://creativecommons.org/publicdomain/zero/1.0/legalcode,redistribute_derivative_rights_review_passed
WBGBIF2026_E0153,WBGBIF2026_E0153_F03_cropped,cropped,model_inputs/images_cropped/WBGBIF2026_E0153_F03_cropped.jpg,true,3,3,b4a7d2ae9924aa1ee4fce52b05ac79f8037287e2c354e25e1bd3c21540451c76,b4a7d2ae9924aa1ee4fce52b05ac79f8037287e2c354e25e1bd3c21540451c76,CC0-1.0,http://creativecommons.org/publicdomain/zero/1.0/legalcode,redistribute_derivative_rights_review_passed
WBGBIF2026_E0153,WBGBIF2026_E0153_F04_cropped,cropped,model_inputs/images_cropped/WBGBIF2026_E0153_F04_cropped.jpg,true,4,4,3211ff2aa938688a7c039de8f3c42a99127e3f24705710e55c6a16a264c1dd15,3211ff2aa938688a7c039de8f3c42a99127e3f24705710e55c6a16a264c1dd15,CC0-1.0,http://creativecommons.org/publicdomain/zero/1.0/legalcode,redistribute_derivative_rights_review_passed
WBGBIF2026_E0154,WBGBIF2026_E0154_F00_cropped,cropped,model_inputs/images_cropped/WBGBIF2026_E0154_F00_cropped.jpg,true,0,0,14c51d4267a5ea6a2a881b31376d7a0f6175c2220dc241c1ffecc4a1e57a48b6,14c51d4267a5ea6a2a881b31376d7a0f6175c2220dc241c1ffecc4a1e57a48b6,CC0-1.0,http://creativecommons.org/publicdomain/zero/1.0/legalcode,redistribute_derivative_rights_review_passed
WBGBIF2026_E0154,WBGBIF2026_E0154_F01_cropped,cropped,model_inputs/images_cropped/WBGBIF2026_E0154_F01_cropped.jpg,true,1,1,7e9ccb02ccdfa573821d6600c0de2471b909ef32ed28f8b7b083131c93277f24,7e9ccb02ccdfa573821d6600c0de2471b909ef32ed28f8b7b083131c93277f24,CC0-1.0,http://creativecommons.org/publicdomain/zero/1.0/legalcode,redistribute_derivative_rights_review_passed
WBGBIF2026_E0155,WBGBIF2026_E0155_F00_cropped,cropped,model_inputs/images_cropped/WBGBIF2026_E0155_F00_cropped.jpg,true,0,0,125b64233c3b137a08d2b9c614eebfebf91f92413bbd451294be5431afe9cc22,125b64233c3b137a08d2b9c614eebfebf91f92413bbd451294be5431afe9cc22,CC0-1.0,http://creativecommons.org/publicdomain/zero/1.0/legalcode,redistribute_derivative_rights_review_passed
WBGBIF2026_E0155,WBGBIF2026_E0155_F01_cropped,cropped,model_inputs/images_cropped/WBGBIF2026_E0155_F01_cropped.jpg,true,1,1,b10979a1a6f61c00335e2d8ae74ab6fd7ad94c980b67394f8a47c20689cff396,b10979a1a6f61c00335e2d8ae74ab6fd7ad94c980b67394f8a47c20689cff396,CC0-1.0,http://creativecommons.org/publicdomain/zero/1.0/legalcode,redistribute_derivative_rights_review_passed
WBGBIF2026_E0156,WBGBIF2026_E0156_F00_cropped,cropped,model_inputs/images_cropped/WBGBIF2026_E0156_F00_cropped.jpg,true,0,0,0f1beae15689a285394fb7b814eed2ed7c280f84c5446a610058d4745dc376fb,0f1beae15689a285394fb7b814eed2ed7c280f84c5446a610058d4745dc376fb,CC0-1.0,http://creativecommons.org/publicdomain/zero/1.0/legalcode,redistribute_derivative_rights_review_passed
WBGBIF2026_E0156,WBGBIF2026_E0156_F01_cropped,cropped,model_inputs/images_cropped/WBGBIF2026_E0156_F01_cropped.jpg,true,1,1,6a2840da370a022162717c02c48617c96e4360a27db2764da3735f0ede34b817,6a2840da370a022162717c02c48617c96e4360a27db2764da3735f0ede34b817,CC0-1.0,http://creativecommons.org/publicdomain/zero/1.0/legalcode,redistribute_derivative_rights_review_passed
WBGBIF2026_E0157,WBGBIF2026_E0157_F00_cropped,cropped,model_inputs/images_cropped/WBGBIF2026_E0157_F00_cropped.jpg,true,0,0,3a844944c76328fdbd9b96d8fc09cc9477552845e5cdb42e9970071c785770e2,3a844944c76328fdbd9b96d8fc09cc9477552845e5cdb42e9970071c785770e2,CC-BY-4.0,http://creativecommons.org/licenses/by/4.0/legalcode,redistribute_derivative_with_attribution_rights_review_passed
WBGBIF2026_E0157,WBGBIF2026_E0157_F01_cropped,cropped,model_inputs/images_cropped/WBGBIF2026_E0157_F01_cropped.jpg,true,1,1,6d549afcc38999bab1a57e1071691e7296ef34abf2b6c45f239ad0c732e4a9d3,6d549afcc38999bab1a57e1071691e7296ef34abf2b6c45f239ad0c732e4a9d3,CC-BY-4.0,http://creativecommons.org/licenses/by/4.0/legalcode,redistribute_derivative_with_attribution_rights_review_passed
WBGBIF2026_E0157,WBGBIF2026_E0157_F02_cropped,cropped,model_inputs/images_cropped/WBGBIF2026_E0157_F02_cropped.jpg,true,2,2,b73e882af3cb6f7d5a1f7a64d0fdc8d49db96e7cefe525517271ecafabdeb667,b73e882af3cb6f7d5a1f7a64d0fdc8d49db96e7cefe525517271ecafabdeb667,CC-BY-4.0,http://creativecommons.org/licenses/by/4.0/legalcode,redistribute_derivative_with_attribution_rights_review_passed
WBGBIF2026_E0157,WBGBIF2026_E0157_F03_cropped,cropped,model_inputs/images_cropped/WBGBIF2026_E0157_F03_cropped.jpg,true,3,3,90c9ed854e31fb426e56b097a17281785dc216a518f3236d51cc02a716e88fa6,90c9ed854e31fb426e56b097a17281785dc216a518f3236d51cc02a716e88fa6,CC-BY-4.0,http://creativecommons.org/licenses/by/4.0/legalcode,redistribute_derivative_with_attribution_rights_review_passed
WBGBIF2026_E0157,WBGBIF2026_E0157_F04_cropped,cropped,model_inputs/images_cropped/WBGBIF2026_E0157_F04_cropped.jpg,true,4,4,fe70bfd337bc9af3c70e936aca9f00c80f1a8fad44b80c09331cdfb3dbba7956,fe70bfd337bc9af3c70e936aca9f00c80f1a8fad44b80c09331cdfb3dbba7956,CC-BY-4.0,http://creativecommons.org/licenses/by/4.0/legalcode,redistribute_derivative_with_attribution_rights_review_passed
WBGBIF2026_E0158,WBGBIF2026_E0158_F00_cropped,cropped,model_inputs/images_cropped/WBGBIF2026_E0158_F00_cropped.jpg,true,0,0,60e5904cd004035d3d8adaa43df188bf8d09c2bd0e235fb11480696b86bd51e5,60e5904cd004035d3d8adaa43df188bf8d09c2bd0e235fb11480696b86bd51e5,CC-BY-4.0,http://creativecommons.org/licenses/by/4.0/legalcode,redistribute_derivative_with_attribution_rights_review_passed
WBGBIF2026_E0158,WBGBIF2026_E0158_F01_cropped,cropped,model_inputs/images_cropped/WBGBIF2026_E0158_F01_cropped.jpg,true,1,1,c99a12adcb795cb7f329616ae081d9da81102a4c4c4d9039c413ec1fe7066dc7,c99a12adcb795cb7f329616ae081d9da81102a4c4c4d9039c413ec1fe7066dc7,CC-BY-4.0,http://creativecommons.org/licenses/by/4.0/legalcode,redistribute_derivative_with_attribution_rights_review_passed
WBGBIF2026_E0158,WBGBIF2026_E0158_F02_cropped,cropped,model_inputs/images_cropped/WBGBIF2026_E0158_F02_cropped.jpg,true,2,2,6c39b7888d21e95288ae86f948b9db17011e3d2aea91b3264536826fffe0ca03,6c39b7888d21e95288ae86f948b9db17011e3d2aea91b3264536826fffe0ca03,CC-BY-4.0,http://creativecommons.org/licenses/by/4.0/legalcode,redistribute_derivative_with_attribution_rights_review_passed
WBGBIF2026_E0158,WBGBIF2026_E0158_F03_cropped,cropped,model_inputs/images_cropped/WBGBIF2026_E0158_F03_cropped.jpg,true,3,3,80c0e743b3f2f7079ad65050f10cb8ecc508f4f184185e4e1d4c095f04dc2c58,80c0e743b3f2f7079ad65050f10cb8ecc508f4f184185e4e1d4c095f04dc2c58,CC-BY-4.0,http://creativecommons.org/licenses/by/4.0/legalcode,redistribute_derivative_with_attribution_rights_review_passed
WBGBIF2026_E0158,WBGBIF2026_E0158_F04_cropped,cropped,model_inputs/images_cropped/WBGBIF2026_E0158_F04_cropped.jpg,true,4,4,7affffac34e6ad435f43f6716c5d52357333606c720a406edb38e099a632c8d3,7affffac34e6ad435f43f6716c5d52357333606c720a406edb38e099a632c8d3,CC-BY-4.0,http://creativecommons.org/licenses/by/4.0/legalcode,redistribute_derivative_with_attribution_rights_review_passed
WBGBIF2026_E0159,WBGBIF2026_E0159_F00_cropped,cropped,model_inputs/images_cropped/WBGBIF2026_E0159_F00_cropped.jpg,true,0,0,bce39e673583b879e94cce5a90a068129a1ec76f260636999e51755f240c64da,bce39e673583b879e94cce5a90a068129a1ec76f260636999e51755f240c64da,CC-BY-4.0,http://creativecommons.org/licenses/by/4.0/legalcode,redistribute_derivative_with_attribution_rights_review_passed
WBGBIF2026_E0159,WBGBIF2026_E0159_F01_cropped,cropped,model_inputs/images_cropped/WBGBIF2026_E0159_F01_cropped.jpg,true,1,1,60a0eb22b89c552209942d98a2dc7bc858c92b69e033a7e33c88370febc10f7e,60a0eb22b89c552209942d98a2dc7bc858c92b69e033a7e33c88370febc10f7e,CC-BY-4.0,http://creativecommons.org/licenses/by/4.0/legalcode,redistribute_derivative_with_attribution_rights_review_passed
WBGBIF2026_E0159,WBGBIF2026_E0159_F02_cropped,cropped,model_inputs/images_cropped/WBGBIF2026_E0159_F02_cropped.jpg,true,2,2,095e8967f0b57552a28f81e36939e3bc418989dd15b19f11407587dc96f19d88,095e8967f0b57552a28f81e36939e3bc418989dd15b19f11407587dc96f19d88,CC-BY-4.0,http://creativecommons.org/licenses/by/4.0/legalcode,redistribute_derivative_with_attribution_rights_review_passed
WBGBIF2026_E0159,WBGBIF2026_E0159_F03_cropped,cropped,model_inputs/images_cropped/WBGBIF2026_E0159_F03_cropped.jpg,true,3,3,0c7dbdeb3eff4c04f4f075e52279fcbbebedcc0bbc99272dfce4cfa275553668,0c7dbdeb3eff4c04f4f075e52279fcbbebedcc0bbc99272dfce4cfa275553668,CC-BY-4.0,http://creativecommons.org/licenses/by/4.0/legalcode,redistribute_derivative_with_attribution_rights_review_passed
WBGBIF2026_E0159,WBGBIF2026_E0159_F04_cropped,cropped,model_inputs/images_cropped/WBGBIF2026_E0159_F04_cropped.jpg,true,4,4,5f438cb3fc2f067d332c5ec29b269d95054de6c7a7842f8a0011f6de7356184b,5f438cb3fc2f067d332c5ec29b269d95054de6c7a7842f8a0011f6de7356184b,CC-BY-4.0,http://creativecommons.org/licenses/by/4.0/legalcode,redistribute_derivative_with_attribution_rights_review_passed
WBGBIF2026_E0160,WBGBIF2026_E0160_F00_cropped,cropped,model_inputs/images_cropped/WBGBIF2026_E0160_F00_cropped.jpg,true,0,0,8b9d6bf237c8de76eb5aad2959866863c81845bf84f3fbc38f33d787e1b42896,8b9d6bf237c8de76eb5aad2959866863c81845bf84f3fbc38f33d787e1b42896,CC-BY-4.0,http://creativecommons.org/licenses/by/4.0/legalcode,redistribute_derivative_with_attribution_rights_review_passed
WBGBIF2026_E0160,WBGBIF2026_E0160_F01_cropped,cropped,model_inputs/images_cropped/WBGBIF2026_E0160_F01_cropped.jpg,true,1,1,117703623e5862b5059c6161ff15978cb494d53953a5544e15ea9ccc3a79217d,117703623e5862b5059c6161ff15978cb494d53953a5544e15ea9ccc3a79217d,CC-BY-4.0,http://creativecommons.org/licenses/by/4.0/legalcode,redistribute_derivative_with_attribution_rights_review_passed
WBGBIF2026_E0160,WBGBIF2026_E0160_F02_cropped,cropped,model_inputs/images_cropped/WBGBIF2026_E0160_F02_cropped.jpg,true,2,2,4e8245ecd8424a4c3ab823da47a7ae471a2f3bc2fb06be6536c65fe541ad9f92,4e8245ecd8424a4c3ab823da47a7ae471a2f3bc2fb06be6536c65fe541ad9f92,CC-BY-4.0,http://creativecommons.org/licenses/by/4.0/legalcode,redistribute_derivative_with_attribution_rights_review_passed
WBGBIF2026_E0161,WBGBIF2026_E0161_F00_cropped,cropped,model_inputs/images_cropped/WBGBIF2026_E0161_F00_cropped.jpg,true,0,0,61a723469275fdb9511fdbb37485f9e9644676fbbf31892c483f13bd0406a31d,61a723469275fdb9511fdbb37485f9e9644676fbbf31892c483f13bd0406a31d,CC-BY-4.0,http://creativecommons.org/licenses/by/4.0/legalcode,redistribute_derivative_with_attribution_rights_review_passed
WBGBIF2026_E0161,WBGBIF2026_E0161_F01_cropped,cropped,model_inputs/images_cropped/WBGBIF2026_E0161_F01_cropped.jpg,true,1,1,e1b6678857274946517db5900ac973e2612bfc401357a739eba74930e4b84fdb,e1b6678857274946517db5900ac973e2612bfc401357a739eba74930e4b84fdb,CC-BY-4.0,http://creativecommons.org/licenses/by/4.0/legalcode,redistribute_derivative_with_attribution_rights_review_passed
WBGBIF2026_E0161,WBGBIF2026_E0161_F02_cropped,cropped,model_inputs/images_cropped/WBGBIF2026_E0161_F02_cropped.jpg,true,2,2,9032f5574c5958a59c04537053e8cce29412ccfbf93cd8a1b185c6f4a257c53e,9032f5574c5958a59c04537053e8cce29412ccfbf93cd8a1b185c6f4a257c53e,CC-BY-4.0,http://creativecommons.org/licenses/by/4.0/legalcode,redistribute_derivative_with_attribution_rights_review_passed
WBGBIF2026_E0162,WBGBIF2026_E0162_F00_cropped,cropped,model_inputs/images_cropped/WBGBIF2026_E0162_F00_cropped.jpg,true,0,0,ac7cedc32b804a4977648077b8d7ef8c03307e3b49c4bf8bed196bf9d9e34220,ac7cedc32b804a4977648077b8d7ef8c03307e3b49c4bf8bed196bf9d9e34220,CC-BY-4.0,http://creativecommons.org/licenses/by/4.0/legalcode,redistribute_derivative_with_attribution_rights_review_passed
WBGBIF2026_E0162,WBGBIF2026_E0162_F01_cropped,cropped,model_inputs/images_cropped/WBGBIF2026_E0162_F01_cropped.jpg,true,1,1,e21bde1c636fcbf3cfd4eff03a335fb47c549dd2e9ef5db645014ba87f6858d2,e21bde1c636fcbf3cfd4eff03a335fb47c549dd2e9ef5db645014ba87f6858d2,CC-BY-4.0,http://creativecommons.org/licenses/by/4.0/legalcode,redistribute_derivative_with_attribution_rights_review_passed
WBGBIF2026_E0162,WBGBIF2026_E0162_F02_cropped,cropped,model_inputs/images_cropped/WBGBIF2026_E0162_F02_cropped.jpg,true,2,2,bb0eab0b073a8768512dee85bc0401818ef97528f70b28120d37f778933aefa6,bb0eab0b073a8768512dee85bc0401818ef97528f70b28120d37f778933aefa6,CC-BY-4.0,http://creativecommons.org/licenses/by/4.0/legalcode,redistribute_derivative_with_attribution_rights_review_passed
WBGBIF2026_E0163,WBGBIF2026_E0163_F00_cropped,cropped,model_inputs/images_cropped/WBGBIF2026_E0163_F00_cropped.jpg,true,0,0,cfbbfa1d93e1e65c82955677683450855f218311594c0cdc7c8b8a87f4365fb4,cfbbfa1d93e1e65c82955677683450855f218311594c0cdc7c8b8a87f4365fb4,CC0-1.0,http://creativecommons.org/publicdomain/zero/1.0/legalcode,redistribute_derivative_rights_review_passed
WBGBIF2026_E0163,WBGBIF2026_E0163_F01_cropped,cropped,model_inputs/images_cropped/WBGBIF2026_E0163_F01_cropped.jpg,true,1,1,e82f506ecbcb7e8df1611c1a0ebf7b5ca6875db5cd4fe05a2deae35fdea8a839,e82f506ecbcb7e8df1611c1a0ebf7b5ca6875db5cd4fe05a2deae35fdea8a839,CC0-1.0,http://creativecommons.org/publicdomain/zero/1.0/legalcode,redistribute_derivative_rights_review_passed
WBGBIF2026_E0164,WBGBIF2026_E0164_F00_cropped,cropped,model_inputs/images_cropped/WBGBIF2026_E0164_F00_cropped.jpg,true,0,0,5b71e1dd0027a894fc08e8620751265146adb3f23f1ff6a0ecf018ec171dc8c5,5b71e1dd0027a894fc08e8620751265146adb3f23f1ff6a0ecf018ec171dc8c5,CC0-1.0,http://creativecommons.org/publicdomain/zero/1.0/legalcode,redistribute_derivative_rights_review_passed
WBGBIF2026_E0164,WBGBIF2026_E0164_F01_cropped,cropped,model_inputs/images_cropped/WBGBIF2026_E0164_F01_cropped.jpg,true,1,1,3ec3438f396e5398b10c17dcec0b7c48b932ecb84eaf54a523a99f54607d2d86,3ec3438f396e5398b10c17dcec0b7c48b932ecb84eaf54a523a99f54607d2d86,CC0-1.0,http://creativecommons.org/publicdomain/zero/1.0/legalcode,redistribute_derivative_rights_review_passed
WBGBIF2026_E0165,WBGBIF2026_E0165_F00_cropped,cropped,model_inputs/images_cropped/WBGBIF2026_E0165_F00_cropped.jpg,true,0,0,866ab7a5fcd75902fcc113ed513f9de66f9e9cb6abd70cc5892193b61a0b9220,866ab7a5fcd75902fcc113ed513f9de66f9e9cb6abd70cc5892193b61a0b9220,CC0-1.0,http://creativecommons.org/publicdomain/zero/1.0/legalcode,redistribute_derivative_rights_review_passed
WBGBIF2026_E0165,WBGBIF2026_E0165_F01_cropped,cropped,model_inputs/images_cropped/WBGBIF2026_E0165_F01_cropped.jpg,true,1,1,d0866c022e12a418caa34e9c8b2176570776472c384e0c3668836185d13c29bc,d0866c022e12a418caa34e9c8b2176570776472c384e0c3668836185d13c29bc,CC0-1.0,http://creativecommons.org/publicdomain/zero/1.0/legalcode,redistribute_derivative_rights_review_passed
WBGBIF2026_E0165,WBGBIF2026_E0165_F02_cropped,cropped,model_inputs/images_cropped/WBGBIF2026_E0165_F02_cropped.jpg,true,2,2,182967fea8d799208673386d4e5a8d1ffaa7036de3071aa035e757d4d228a994,182967fea8d799208673386d4e5a8d1ffaa7036de3071aa035e757d4d228a994,CC0-1.0,http://creativecommons.org/publicdomain/zero/1.0/legalcode,redistribute_derivative_rights_review_passed
WBGBIF2026_E0165,WBGBIF2026_E0165_F03_cropped,cropped,model_inputs/images_cropped/WBGBIF2026_E0165_F03_cropped.jpg,true,3,3,11b0ca4e661661c268c14d9a132d8838109b2ceeff98d91102f3c20f10561410,11b0ca4e661661c268c14d9a132d8838109b2ceeff98d91102f3c20f10561410,CC0-1.0,http://creativecommons.org/publicdomain/zero/1.0/legalcode,redistribute_derivative_rights_review_passed
WBGBIF2026_E0165,WBGBIF2026_E0165_F04_cropped,cropped,model_inputs/images_cropped/WBGBIF2026_E0165_F04_cropped.jpg,true,4,4,baf6c66555f71f4364b1e914032bd4252d27bb5b82f5f236041ae5a0305ec890,baf6c66555f71f4364b1e914032bd4252d27bb5b82f5f236041ae5a0305ec890,CC0-1.0,http://creativecommons.org/publicdomain/zero/1.0/legalcode,redistribute_derivative_rights_review_passed
WBGBIF2026_E0166,WBGBIF2026_E0166_F00_cropped,cropped,model_inputs/images_cropped/WBGBIF2026_E0166_F00_cropped.jpg,true,0,0,34380576dd981ffcc8f7eb2e781446c3612dfb1cf2200e1b0dda4c8d46e55a93,34380576dd981ffcc8f7eb2e781446c3612dfb1cf2200e1b0dda4c8d46e55a93,CC-BY-4.0,http://creativecommons.org/licenses/by/4.0/legalcode,redistribute_derivative_with_attribution_rights_review_passed
WBGBIF2026_E0166,WBGBIF2026_E0166_F01_cropped,cropped,model_inputs/images_cropped/WBGBIF2026_E0166_F01_cropped.jpg,true,1,1,e5a9e0d7ae2b74c9d99294cb666b0bda9335c45fc0e045b13cad2477cc76e14e,e5a9e0d7ae2b74c9d99294cb666b0bda9335c45fc0e045b13cad2477cc76e14e,CC-BY-4.0,http://creativecommons.org/licenses/by/4.0/legalcode,redistribute_derivative_with_attribution_rights_review_passed
WBGBIF2026_E0166,WBGBIF2026_E0166_F02_cropped,cropped,model_inputs/images_cropped/WBGBIF2026_E0166_F02_cropped.jpg,true,2,2,a2a92122499cf16f39fdb228edc3e9ebda7814d8100c1b39037cf3580d9387c2,a2a92122499cf16f39fdb228edc3e9ebda7814d8100c1b39037cf3580d9387c2,CC-BY-4.0,http://creativecommons.org/licenses/by/4.0/legalcode,redistribute_derivative_with_attribution_rights_review_passed
WBGBIF2026_E0166,WBGBIF2026_E0166_F03_cropped,cropped,model_inputs/images_cropped/WBGBIF2026_E0166_F03_cropped.jpg,true,3,3,acf2f5c5c038c68fb49728ae447a718bc8bb447adcac083a7832ed2f0a3d3dbc,acf2f5c5c038c68fb49728ae447a718bc8bb447adcac083a7832ed2f0a3d3dbc,CC-BY-4.0,http://creativecommons.org/licenses/by/4.0/legalcode,redistribute_derivative_with_attribution_rights_review_passed
WBGBIF2026_E0166,WBGBIF2026_E0166_F04_cropped,cropped,model_inputs/images_cropped/WBGBIF2026_E0166_F04_cropped.jpg,true,4,4,1b7ade4e950531de14f9bef815972de4e7d3fdf1e49f58d96db0269dcfa3f59b,1b7ade4e950531de14f9bef815972de4e7d3fdf1e49f58d96db0269dcfa3f59b,CC-BY-4.0,http://creativecommons.org/licenses/by/4.0/legalcode,redistribute_derivative_with_attribution_rights_review_passed
WBGBIF2026_E0167,WBGBIF2026_E0167_F00_cropped,cropped,model_inputs/images_cropped/WBGBIF2026_E0167_F00_cropped.jpg,true,0,0,fc1d597f774438c76540d4740738024dbe18d9a97b1f12b288632cee1bffc952,fc1d597f774438c76540d4740738024dbe18d9a97b1f12b288632cee1bffc952,CC-BY-4.0,http://creativecommons.org/licenses/by/4.0/legalcode,redistribute_derivative_with_attribution_rights_review_passed
WBGBIF2026_E0167,WBGBIF2026_E0167_F01_cropped,cropped,model_inputs/images_cropped/WBGBIF2026_E0167_F01_cropped.jpg,true,1,1,e10586e6a4caadd35a0abd404393a968c8bfae1d583158159ff3aba3894303c3,e10586e6a4caadd35a0abd404393a968c8bfae1d583158159ff3aba3894303c3,CC-BY-4.0,http://creativecommons.org/licenses/by/4.0/legalcode,redistribute_derivative_with_attribution_rights_review_passed
WBGBIF2026_E0167,WBGBIF2026_E0167_F02_cropped,cropped,model_inputs/images_cropped/WBGBIF2026_E0167_F02_cropped.jpg,true,2,2,7e13acb31f40052ae1bd69235313a84a0135b3ed61d567059f03072bcf964aff,7e13acb31f40052ae1bd69235313a84a0135b3ed61d567059f03072bcf964aff,CC-BY-4.0,http://creativecommons.org/licenses/by/4.0/legalcode,redistribute_derivative_with_attribution_rights_review_passed
WBGBIF2026_E0168,WBGBIF2026_E0168_F00_cropped,cropped,model_inputs/images_cropped/WBGBIF2026_E0168_F00_cropped.jpg,true,0,0,acf2f5c5c038c68fb49728ae447a718bc8bb447adcac083a7832ed2f0a3d3dbc,acf2f5c5c038c68fb49728ae447a718bc8bb447adcac083a7832ed2f0a3d3dbc,CC-BY-4.0,http://creativecommons.org/licenses/by/4.0/legalcode,redistribute_derivative_with_attribution_rights_review_passed
WBGBIF2026_E0168,WBGBIF2026_E0168_F01_cropped,cropped,model_inputs/images_cropped/WBGBIF2026_E0168_F01_cropped.jpg,true,1,1,1b7ade4e950531de14f9bef815972de4e7d3fdf1e49f58d96db0269dcfa3f59b,1b7ade4e950531de14f9bef815972de4e7d3fdf1e49f58d96db0269dcfa3f59b,CC-BY-4.0,http://creativecommons.org/licenses/by/4.0/legalcode,redistribute_derivative_with_attribution_rights_review_passed
WBGBIF2026_E0168,WBGBIF2026_E0168_F02_cropped,cropped,model_inputs/images_cropped/WBGBIF2026_E0168_F02_cropped.jpg,true,2,2,34380576dd981ffcc8f7eb2e781446c3612dfb1cf2200e1b0dda4c8d46e55a93,34380576dd981ffcc8f7eb2e781446c3612dfb1cf2200e1b0dda4c8d46e55a93,CC-BY-4.0,http://creativecommons.org/licenses/by/4.0/legalcode,redistribute_derivative_with_attribution_rights_review_passed
WBGBIF2026_E0168,WBGBIF2026_E0168_F03_cropped,cropped,model_inputs/images_cropped/WBGBIF2026_E0168_F03_cropped.jpg,true,3,3,a2a92122499cf16f39fdb228edc3e9ebda7814d8100c1b39037cf3580d9387c2,a2a92122499cf16f39fdb228edc3e9ebda7814d8100c1b39037cf3580d9387c2,CC-BY-4.0,http://creativecommons.org/licenses/by/4.0/legalcode,redistribute_derivative_with_attribution_rights_review_passed
WBGBIF2026_E0168,WBGBIF2026_E0168_F04_cropped,cropped,model_inputs/images_cropped/WBGBIF2026_E0168_F04_cropped.jpg,true,4,4,e5a9e0d7ae2b74c9d99294cb666b0bda9335c45fc0e045b13cad2477cc76e14e,e5a9e0d7ae2b74c9d99294cb666b0bda9335c45fc0e045b13cad2477cc76e14e,CC-BY-4.0,http://creativecommons.org/licenses/by/4.0/legalcode,redistribute_derivative_with_attribution_rights_review_passed
WBGBIF2026_E0169,WBGBIF2026_E0169_F00_cropped,cropped,model_inputs/images_cropped/WBGBIF2026_E0169_F00_cropped.jpg,true,0,0,a1e579ccb060a6adcaa5e2e40fbb65d4e44bca0a0abe007852200ef331d633ee,a1e579ccb060a6adcaa5e2e40fbb65d4e44bca0a0abe007852200ef331d633ee,CC-BY-4.0,http://creativecommons.org/licenses/by/4.0/legalcode,redistribute_derivative_with_attribution_rights_review_passed
WBGBIF2026_E0169,WBGBIF2026_E0169_F01_cropped,cropped,model_inputs/images_cropped/WBGBIF2026_E0169_F01_cropped.jpg,true,1,2,1d47fecdf390374467988eda80e48a66ca9ce2b30b5385f3054cfb7d956d6460,1d47fecdf390374467988eda80e48a66ca9ce2b30b5385f3054cfb7d956d6460,CC-BY-4.0,http://creativecommons.org/licenses/by/4.0/legalcode,redistribute_derivative_with_attribution_rights_review_passed
WBGBIF2026_E0169,WBGBIF2026_E0169_F02_cropped,cropped,model_inputs/images_cropped/WBGBIF2026_E0169_F02_cropped.jpg,true,2,4,0045c3098c545c6005a10378bceb6f179283b5aef67a22bf4fe28f0c32fc02bb,0045c3098c545c6005a10378bceb6f179283b5aef67a22bf4fe28f0c32fc02bb,CC-BY-4.0,http://creativecommons.org/licenses/by/4.0/legalcode,redistribute_derivative_with_attribution_rights_review_passed
WBGBIF2026_E0169,WBGBIF2026_E0169_F03_cropped,cropped,model_inputs/images_cropped/WBGBIF2026_E0169_F03_cropped.jpg,true,3,5,2875e3ff92f2e90faec5db6179c821f84417449b27fa6c62efefd9c59a7f1658,2875e3ff92f2e90faec5db6179c821f84417449b27fa6c62efefd9c59a7f1658,CC-BY-4.0,http://creativecommons.org/licenses/by/4.0/legalcode,redistribute_derivative_with_attribution_rights_review_passed
WBGBIF2026_E0169,WBGBIF2026_E0169_F04_cropped,cropped,model_inputs/images_cropped/WBGBIF2026_E0169_F04_cropped.jpg,true,4,6,27e4ef414616a5768c4ee4922d049787ad6affb996d30f5a90dcd32801143314,27e4ef414616a5768c4ee4922d049787ad6affb996d30f5a90dcd32801143314,CC-BY-4.0,http://creativecommons.org/licenses/by/4.0/legalcode,redistribute_derivative_with_attribution_rights_review_passed
WBGBIF2026_E0170,WBGBIF2026_E0170_F00_cropped,cropped,model_inputs/images_cropped/WBGBIF2026_E0170_F00_cropped.jpg,true,0,0,cdf2d501a96d8ffaa6ddd43dc9ab9ba3268e44b4c3d3ccceb7ded2fd9737d805,cdf2d501a96d8ffaa6ddd43dc9ab9ba3268e44b4c3d3ccceb7ded2fd9737d805,CC-BY-4.0,http://creativecommons.org/licenses/by/4.0/legalcode,redistribute_derivative_with_attribution_rights_review_passed
WBGBIF2026_E0170,WBGBIF2026_E0170_F01_cropped,cropped,model_inputs/images_cropped/WBGBIF2026_E0170_F01_cropped.jpg,true,1,1,f21546fd88c467bdcbfef807ab1d69bad2e78e27f5de068c69d2c10d56738579,f21546fd88c467bdcbfef807ab1d69bad2e78e27f5de068c69d2c10d56738579,CC-BY-4.0,http://creativecommons.org/licenses/by/4.0/legalcode,redistribute_derivative_with_attribution_rights_review_passed
WBGBIF2026_E0171,WBGBIF2026_E0171_F00_cropped,cropped,model_inputs/images_cropped/WBGBIF2026_E0171_F00_cropped.jpg,true,0,0,282a4e3719e295232e2b52598491802f1ebb456aea8331a5b010594567161b15,282a4e3719e295232e2b52598491802f1ebb456aea8331a5b010594567161b15,CC-BY-4.0,http://creativecommons.org/licenses/by/4.0/legalcode,redistribute_derivative_with_attribution_rights_review_passed
WBGBIF2026_E0171,WBGBIF2026_E0171_F01_cropped,cropped,model_inputs/images_cropped/WBGBIF2026_E0171_F01_cropped.jpg,true,1,1,cc2a21f16abc3f161ee431fbf19f26b6b581cf3236bdce6f5849a605a6307cba,cc2a21f16abc3f161ee431fbf19f26b6b581cf3236bdce6f5849a605a6307cba,CC-BY-4.0,http://creativecommons.org/licenses/by/4.0/legalcode,redistribute_derivative_with_attribution_rights_review_passed
WBGBIF2026_E0171,WBGBIF2026_E0171_F02_cropped,cropped,model_inputs/images_cropped/WBGBIF2026_E0171_F02_cropped.jpg,true,2,2,db102a0416849df3363b0a4083222db4bef07b2a76df20d5a97f20104e528575,db102a0416849df3363b0a4083222db4bef07b2a76df20d5a97f20104e528575,CC-BY-4.0,http://creativecommons.org/licenses/by/4.0/legalcode,redistribute_derivative_with_attribution_rights_review_passed
WBGBIF2026_E0175,WBGBIF2026_E0175_F00_cropped,cropped,model_inputs/images_cropped/WBGBIF2026_E0175_F00_cropped.jpg,true,0,0,cc912f0e45ec14237a462770afc155745470150c4fe36b5bcd7a31ab54ec1655,cc912f0e45ec14237a462770afc155745470150c4fe36b5bcd7a31ab54ec1655,CC0-1.0,http://creativecommons.org/publicdomain/zero/1.0/legalcode,redistribute_derivative_rights_review_passed
WBGBIF2026_E0175,WBGBIF2026_E0175_F01_cropped,cropped,model_inputs/images_cropped/WBGBIF2026_E0175_F01_cropped.jpg,true,1,1,e644cee2c59eb8a4201f79a8a49758489999bf3005f04e45fb4a571b2b4c389e,e644cee2c59eb8a4201f79a8a49758489999bf3005f04e45fb4a571b2b4c389e,CC0-1.0,http://creativecommons.org/publicdomain/zero/1.0/legalcode,redistribute_derivative_rights_review_passed
WBGBIF2026_E0176,WBGBIF2026_E0176_F00_cropped,cropped,model_inputs/images_cropped/WBGBIF2026_E0176_F00_cropped.jpg,true,0,0,50c2ddd24ef697e3250404c1b43bf03126e3ccd0b2da99f080483db9f5f88ca2,50c2ddd24ef697e3250404c1b43bf03126e3ccd0b2da99f080483db9f5f88ca2,CC0-1.0,http://creativecommons.org/publicdomain/zero/1.0/legalcode,redistribute_derivative_rights_review_passed
WBGBIF2026_E0176,WBGBIF2026_E0176_F01_cropped,cropped,model_inputs/images_cropped/WBGBIF2026_E0176_F01_cropped.jpg,true,1,1,588ca45f323cf20f63c8d36f0f1b130fcd736ce5959c2070cdc94e80d0a96acb,588ca45f323cf20f63c8d36f0f1b130fcd736ce5959c2070cdc94e80d0a96acb,CC0-1.0,http://creativecommons.org/publicdomain/zero/1.0/legalcode,redistribute_derivative_rights_review_passed
WBGBIF2026_E0177,WBGBIF2026_E0177_F00_cropped,cropped,model_inputs/images_cropped/WBGBIF2026_E0177_F00_cropped.jpg,true,0,0,b19a4ff0f137fc0ee44aed8da90cf01d23724c006bcab2d637ecad2ef7f66cad,b19a4ff0f137fc0ee44aed8da90cf01d23724c006bcab2d637ecad2ef7f66cad,CC0-1.0,http://creativecommons.org/publicdomain/zero/1.0/legalcode,redistribute_derivative_rights_review_passed
WBGBIF2026_E0177,WBGBIF2026_E0177_F01_cropped,cropped,model_inputs/images_cropped/WBGBIF2026_E0177_F01_cropped.jpg,true,1,1,4384cce070f0176eea4bce11cc2aecee0f2f9f4ffff8095c60e0efce671f710e,4384cce070f0176eea4bce11cc2aecee0f2f9f4ffff8095c60e0efce671f710e,CC0-1.0,http://creativecommons.org/publicdomain/zero/1.0/legalcode,redistribute_derivative_rights_review_passed
WBGBIF2026_E0178,WBGBIF2026_E0178_F00_cropped,cropped,model_inputs/images_cropped/WBGBIF2026_E0178_F00_cropped.jpg,true,0,0,8ff9f59d2e9a74f4531fd003460927bacab81d7e245e933b779c32a644e7c252,8ff9f59d2e9a74f4531fd003460927bacab81d7e245e933b779c32a644e7c252,CC0-1.0,http://creativecommons.org/publicdomain/zero/1.0/legalcode,redistribute_derivative_rights_review_passed
WBGBIF2026_E0178,WBGBIF2026_E0178_F01_cropped,cropped,model_inputs/images_cropped/WBGBIF2026_E0178_F01_cropped.jpg,true,1,1,73e274a0b47d92631827fb2d28ada88f44d222ed8a735ea42e4d3b937fc5e492,73e274a0b47d92631827fb2d28ada88f44d222ed8a735ea42e4d3b937fc5e492,CC0-1.0,http://creativecommons.org/publicdomain/zero/1.0/legalcode,redistribute_derivative_rights_review_passed
WBGBIF2026_E0178,WBGBIF2026_E0178_F02_cropped,cropped,model_inputs/images_cropped/WBGBIF2026_E0178_F02_cropped.jpg,true,2,2,d8238862a322d6088b4f264ce3b57dff0e9737f8277da6291beea43d0d0f6f38,d8238862a322d6088b4f264ce3b57dff0e9737f8277da6291beea43d0d0f6f38,CC0-1.0,http://creativecommons.org/publicdomain/zero/1.0/legalcode,redistribute_derivative_rights_review_passed
WBGBIF2026_E0178,WBGBIF2026_E0178_F03_cropped,cropped,model_inputs/images_cropped/WBGBIF2026_E0178_F03_cropped.jpg,true,3,3,8b4da1d2d3b64eaa3bee115acff9b84551833723899d007892a50f226cb48cf2,8b4da1d2d3b64eaa3bee115acff9b84551833723899d007892a50f226cb48cf2,CC0-1.0,http://creativecommons.org/publicdomain/zero/1.0/legalcode,redistribute_derivative_rights_review_passed
WBGBIF2026_E0178,WBGBIF2026_E0178_F04_cropped,cropped,model_inputs/images_cropped/WBGBIF2026_E0178_F04_cropped.jpg,true,4,4,c8d977b2a2dd7aa7ed0091aa50039929f58b621786c0dabc65998dda7e8f06ba,c8d977b2a2dd7aa7ed0091aa50039929f58b621786c0dabc65998dda7e8f06ba,CC0-1.0,http://creativecommons.org/publicdomain/zero/1.0/legalcode,redistribute_derivative_rights_review_passed
WBGBIF2026_E0179,WBGBIF2026_E0179_F00_cropped,cropped,model_inputs/images_cropped/WBGBIF2026_E0179_F00_cropped.jpg,true,0,0,7407151dec19c9a94490c52e13f1b65bb03b600950ff1e0cdd43eacecd1e3788,7407151dec19c9a94490c52e13f1b65bb03b600950ff1e0cdd43eacecd1e3788,CC0-1.0,http://creativecommons.org/publicdomain/zero/1.0/legalcode,redistribute_derivative_rights_review_passed
WBGBIF2026_E0179,WBGBIF2026_E0179_F01_cropped,cropped,model_inputs/images_cropped/WBGBIF2026_E0179_F01_cropped.jpg,true,1,1,0e48e726cf8664c4479050befd3644f7d9afdab790daf46887345e0783b40882,0e48e726cf8664c4479050befd3644f7d9afdab790daf46887345e0783b40882,CC0-1.0,http://creativecommons.org/publicdomain/zero/1.0/legalcode,redistribute_derivative_rights_review_passed
WBGBIF2026_E0180,WBGBIF2026_E0180_F00_cropped,cropped,model_inputs/images_cropped/WBGBIF2026_E0180_F00_cropped.jpg,true,0,0,9fdeed619fe155aef0c08dec27d820e088ebad8492ed4395b2beb652ea9b3b7c,9fdeed619fe155aef0c08dec27d820e088ebad8492ed4395b2beb652ea9b3b7c,CC0-1.0,http://creativecommons.org/publicdomain/zero/1.0/legalcode,redistribute_derivative_rights_review_passed
WBGBIF2026_E0180,WBGBIF2026_E0180_F01_cropped,cropped,model_inputs/images_cropped/WBGBIF2026_E0180_F01_cropped.jpg,true,1,1,a0f6235c73e88cd18bb99f6e282e11d11688dc829b9387e736f1d3e04996bf43,a0f6235c73e88cd18bb99f6e282e11d11688dc829b9387e736f1d3e04996bf43,CC0-1.0,http://creativecommons.org/publicdomain/zero/1.0/legalcode,redistribute_derivative_rights_review_passed
WBGBIF2026_E0181,WBGBIF2026_E0181_F00_cropped,cropped,model_inputs/images_cropped/WBGBIF2026_E0181_F00_cropped.jpg,true,0,0,9db072f21c9ad19d0505ff41425df7f44f76ad7b4423dec14f17559af5f4a69f,9db072f21c9ad19d0505ff41425df7f44f76ad7b4423dec14f17559af5f4a69f,CC0-1.0,http://creativecommons.org/publicdomain/zero/1.0/legalcode,redistribute_derivative_rights_review_passed
WBGBIF2026_E0181,WBGBIF2026_E0181_F01_cropped,cropped,model_inputs/images_cropped/WBGBIF2026_E0181_F01_cropped.jpg,true,1,1,50472cdb2ad7f3d2256ba98af51c8d932c9f887795e3461a9ac0c82aad826e6d,50472cdb2ad7f3d2256ba98af51c8d932c9f887795e3461a9ac0c82aad826e6d,CC0-1.0,http://creativecommons.org/publicdomain/zero/1.0/legalcode,redistribute_derivative_rights_review_passed
WBGBIF2026_E0182,WBGBIF2026_E0182_F00_cropped,cropped,model_inputs/images_cropped/WBGBIF2026_E0182_F00_cropped.jpg,true,0,0,b604dad7f8924899c0fe9f5744290fcf4d303c611cfe89b8f558c0ec75d69f39,b604dad7f8924899c0fe9f5744290fcf4d303c611cfe89b8f558c0ec75d69f39,CC0-1.0,http://creativecommons.org/publicdomain/zero/1.0/legalcode,redistribute_derivative_rights_review_passed
WBGBIF2026_E0182,WBGBIF2026_E0182_F01_cropped,cropped,model_inputs/images_cropped/WBGBIF2026_E0182_F01_cropped.jpg,true,1,1,16eeb9bfbc2937dd71c3a3544bf8fda80028dd42856f71f64ce7a288696cde7a,16eeb9bfbc2937dd71c3a3544bf8fda80028dd42856f71f64ce7a288696cde7a,CC0-1.0,http://creativecommons.org/publicdomain/zero/1.0/legalcode,redistribute_derivative_rights_review_passed
WBGBIF2026_E0182,WBGBIF2026_E0182_F02_cropped,cropped,model_inputs/images_cropped/WBGBIF2026_E0182_F02_cropped.jpg,true,2,2,e4bbf5a04b590fd118aefdb38af60c9daf19429ce66afa930bcdc58bcdee2381,e4bbf5a04b590fd118aefdb38af60c9daf19429ce66afa930bcdc58bcdee2381,CC0-1.0,http://creativecommons.org/publicdomain/zero/1.0/legalcode,redistribute_derivative_rights_review_passed
WBGBIF2026_E0182,WBGBIF2026_E0182_F03_cropped,cropped,model_inputs/images_cropped/WBGBIF2026_E0182_F03_cropped.jpg,true,3,3,b21508bcf46bff6a6849e3c0b9e7ff83d947988418f4e9f87ddf70554b3ee182,b21508bcf46bff6a6849e3c0b9e7ff83d947988418f4e9f87ddf70554b3ee182,CC0-1.0,http://creativecommons.org/publicdomain/zero/1.0/legalcode,redistribute_derivative_rights_review_passed
WBGBIF2026_E0182,WBGBIF2026_E0182_F04_cropped,cropped,model_inputs/images_cropped/WBGBIF2026_E0182_F04_cropped.jpg,true,4,4,6493aef6e8a8ef4dfb10e387e0028add05bd271554500256e1767fad8d56be9c,6493aef6e8a8ef4dfb10e387e0028add05bd271554500256e1767fad8d56be9c,CC0-1.0,http://creativecommons.org/publicdomain/zero/1.0/legalcode,redistribute_derivative_rights_review_passed
WBGBIF2026_E0183,WBGBIF2026_E0183_F00_cropped,cropped,model_inputs/images_cropped/WBGBIF2026_E0183_F00_cropped.jpg,true,0,0,119785f0e77a9917ef4b12140bf8a2ddbb421f9ce6b1b9626991ef505bfaf870,119785f0e77a9917ef4b12140bf8a2ddbb421f9ce6b1b9626991ef505bfaf870,CC0-1.0,http://creativecommons.org/publicdomain/zero/1.0/legalcode,redistribute_derivative_rights_review_passed
WBGBIF2026_E0183,WBGBIF2026_E0183_F01_cropped,cropped,model_inputs/images_cropped/WBGBIF2026_E0183_F01_cropped.jpg,true,1,1,f89a157498815178917f1a44bd5d4d9738d4ea6446961d25636fcbb1b89d6364,f89a157498815178917f1a44bd5d4d9738d4ea6446961d25636fcbb1b89d6364,CC0-1.0,http://creativecommons.org/publicdomain/zero/1.0/legalcode,redistribute_derivative_rights_review_passed
WBGBIF2026_E0184,WBGBIF2026_E0184_F00_cropped,cropped,model_inputs/images_cropped/WBGBIF2026_E0184_F00_cropped.jpg,true,0,0,6a056af0ca2e9201425502f3e3d0685fdf2a7497095bcf073589fcd32e9a0303,6a056af0ca2e9201425502f3e3d0685fdf2a7497095bcf073589fcd32e9a0303,CC-BY-4.0,http://creativecommons.org/licenses/by/4.0/legalcode,redistribute_derivative_with_attribution_rights_review_passed
WBGBIF2026_E0184,WBGBIF2026_E0184_F01_cropped,cropped,model_inputs/images_cropped/WBGBIF2026_E0184_F01_cropped.jpg,true,1,1,f0dda79e42b34e4fc00ab94ac623f7a3e29ce818ba19946d4979881de3c45375,f0dda79e42b34e4fc00ab94ac623f7a3e29ce818ba19946d4979881de3c45375,CC-BY-4.0,http://creativecommons.org/licenses/by/4.0/legalcode,redistribute_derivative_with_attribution_rights_review_passed
WBGBIF2026_E0184,WBGBIF2026_E0184_F02_cropped,cropped,model_inputs/images_cropped/WBGBIF2026_E0184_F02_cropped.jpg,true,2,2,b40959fb7abd93b79bac013ccad5469374cc3fb909946d3fedf72e72b8782ae6,b40959fb7abd93b79bac013ccad5469374cc3fb909946d3fedf72e72b8782ae6,CC-BY-4.0,http://creativecommons.org/licenses/by/4.0/legalcode,redistribute_derivative_with_attribution_rights_review_passed
WBGBIF2026_E0185,WBGBIF2026_E0185_F00_cropped,cropped,model_inputs/images_cropped/WBGBIF2026_E0185_F00_cropped.jpg,true,0,0,74727e989b3b53dc4404ab840b76417a0333edc3bc37e20f58f0f98eec970bc9,74727e989b3b53dc4404ab840b76417a0333edc3bc37e20f58f0f98eec970bc9,CC-BY-4.0,http://creativecommons.org/licenses/by/4.0/legalcode,redistribute_derivative_with_attribution_rights_review_passed
WBGBIF2026_E0185,WBGBIF2026_E0185_F01_cropped,cropped,model_inputs/images_cropped/WBGBIF2026_E0185_F01_cropped.jpg,true,1,1,fab2fbef1d210b88e8829bbf7bebf1cbf0925118e24ae8886f7435b0b45f2705,fab2fbef1d210b88e8829bbf7bebf1cbf0925118e24ae8886f7435b0b45f2705,CC-BY-4.0,http://creativecommons.org/licenses/by/4.0/legalcode,redistribute_derivative_with_attribution_rights_review_passed
WBGBIF2026_E0185,WBGBIF2026_E0185_F02_cropped,cropped,model_inputs/images_cropped/WBGBIF2026_E0185_F02_cropped.jpg,true,2,2,933bf50704abd20ce003ad5c0943b49b947b5cf4b3069db043195e49989833bc,933bf50704abd20ce003ad5c0943b49b947b5cf4b3069db043195e49989833bc,CC-BY-4.0,http://creativecommons.org/licenses/by/4.0/legalcode,redistribute_derivative_with_attribution_rights_review_passed
WBGBIF2026_E0186,WBGBIF2026_E0186_F00_cropped,cropped,model_inputs/images_cropped/WBGBIF2026_E0186_F00_cropped.jpg,true,0,0,fe523788b5bda303821e3e9e56f86f75ead546388fff3b15b1954012ed826c5c,fe523788b5bda303821e3e9e56f86f75ead546388fff3b15b1954012ed826c5c,CC-BY-4.0,http://creativecommons.org/licenses/by/4.0/legalcode,redistribute_derivative_with_attribution_rights_review_passed
WBGBIF2026_E0186,WBGBIF2026_E0186_F01_cropped,cropped,model_inputs/images_cropped/WBGBIF2026_E0186_F01_cropped.jpg,true,1,1,e29230efa6defa7f5f8ef045d46144aa62482e0e6fb6eee8a8a513e00c5d48f4,e29230efa6defa7f5f8ef045d46144aa62482e0e6fb6eee8a8a513e00c5d48f4,CC-BY-4.0,http://creativecommons.org/licenses/by/4.0/legalcode,redistribute_derivative_with_attribution_rights_review_passed
WBGBIF2026_E0186,WBGBIF2026_E0186_F02_cropped,cropped,model_inputs/images_cropped/WBGBIF2026_E0186_F02_cropped.jpg,true,2,2,1f6d17ff09a663e1dcd88a1bf6ad0b4eb9a61d4d6a1ea7f44d9d495fbce799f1,1f6d17ff09a663e1dcd88a1bf6ad0b4eb9a61d4d6a1ea7f44d9d495fbce799f1,CC-BY-4.0,http://creativecommons.org/licenses/by/4.0/legalcode,redistribute_derivative_with_attribution_rights_review_passed
WBGBIF2026_E0187,WBGBIF2026_E0187_F00_cropped,cropped,model_inputs/images_cropped/WBGBIF2026_E0187_F00_cropped.jpg,true,0,0,5926dba1be81625d19bb2e7d8e02f4c3eb0165b86d805ecb39d874f2b7bf32b2,5926dba1be81625d19bb2e7d8e02f4c3eb0165b86d805ecb39d874f2b7bf32b2,CC-BY-4.0,http://creativecommons.org/licenses/by/4.0/legalcode,redistribute_derivative_with_attribution_rights_review_passed
WBGBIF2026_E0187,WBGBIF2026_E0187_F01_cropped,cropped,model_inputs/images_cropped/WBGBIF2026_E0187_F01_cropped.jpg,true,1,2,44c16da81c44cc00f25f0351ac2a9d7fd27ecd08d23f1bd5016e61510d6a7d2e,44c16da81c44cc00f25f0351ac2a9d7fd27ecd08d23f1bd5016e61510d6a7d2e,CC-BY-4.0,http://creativecommons.org/licenses/by/4.0/legalcode,redistribute_derivative_with_attribution_rights_review_passed
WBGBIF2026_E0187,WBGBIF2026_E0187_F02_cropped,cropped,model_inputs/images_cropped/WBGBIF2026_E0187_F02_cropped.jpg,true,2,4,6676d7888614ae4a10bf8adf0a9f34c938f244ab0ae501af0e60b52f5f1415a9,6676d7888614ae4a10bf8adf0a9f34c938f244ab0ae501af0e60b52f5f1415a9,CC-BY-4.0,http://creativecommons.org/licenses/by/4.0/legalcode,redistribute_derivative_with_attribution_rights_review_passed
WBGBIF2026_E0187,WBGBIF2026_E0187_F03_cropped,cropped,model_inputs/images_cropped/WBGBIF2026_E0187_F03_cropped.jpg,true,3,5,5926dba1be81625d19bb2e7d8e02f4c3eb0165b86d805ecb39d874f2b7bf32b2,5926dba1be81625d19bb2e7d8e02f4c3eb0165b86d805ecb39d874f2b7bf32b2,CC-BY-4.0,http://creativecommons.org/licenses/by/4.0/legalcode,redistribute_derivative_with_attribution_rights_review_passed
WBGBIF2026_E0187,WBGBIF2026_E0187_F04_cropped,cropped,model_inputs/images_cropped/WBGBIF2026_E0187_F04_cropped.jpg,true,4,6,3d4bf338170271f16fb1fea984c1f97184afddf9a69af929c47a1fd6e27eb699,3d4bf338170271f16fb1fea984c1f97184afddf9a69af929c47a1fd6e27eb699,CC-BY-4.0,http://creativecommons.org/licenses/by/4.0/legalcode,redistribute_derivative_with_attribution_rights_review_passed
WBGBIF2026_E0188,WBGBIF2026_E0188_F00_cropped,cropped,model_inputs/images_cropped/WBGBIF2026_E0188_F00_cropped.jpg,true,0,0,e8736ccfeb23e092c3950318409a1c48fc881734b34ceb7169e1d3da1722f5c8,e8736ccfeb23e092c3950318409a1c48fc881734b34ceb7169e1d3da1722f5c8,CC-BY-4.0,http://creativecommons.org/licenses/by/4.0/legalcode,redistribute_derivative_with_attribution_rights_review_passed
WBGBIF2026_E0188,WBGBIF2026_E0188_F01_cropped,cropped,model_inputs/images_cropped/WBGBIF2026_E0188_F01_cropped.jpg,true,1,1,7d2143960c3c333fe6b27772a92e6be2d1ec598b82f12242a2dd56c2a9e2166f,7d2143960c3c333fe6b27772a92e6be2d1ec598b82f12242a2dd56c2a9e2166f,CC-BY-4.0,http://creativecommons.org/licenses/by/4.0/legalcode,redistribute_derivative_with_attribution_rights_review_passed
WBGBIF2026_E0188,WBGBIF2026_E0188_F02_cropped,cropped,model_inputs/images_cropped/WBGBIF2026_E0188_F02_cropped.jpg,true,2,2,1b1b69f01b938dc3652ed4271c9072d0dfa6db1b14a9841d6fe41976a2c0c4b1,1b1b69f01b938dc3652ed4271c9072d0dfa6db1b14a9841d6fe41976a2c0c4b1,CC-BY-4.0,http://creativecommons.org/licenses/by/4.0/legalcode,redistribute_derivative_with_attribution_rights_review_passed
WBGBIF2026_E0188,WBGBIF2026_E0188_F03_cropped,cropped,model_inputs/images_cropped/WBGBIF2026_E0188_F03_cropped.jpg,true,3,3,420746d2f12729db63f0c918966437e1e1856aca82e8db907d55ff06e1d0a5e8,420746d2f12729db63f0c918966437e1e1856aca82e8db907d55ff06e1d0a5e8,CC-BY-4.0,http://creativecommons.org/licenses/by/4.0/legalcode,redistribute_derivative_with_attribution_rights_review_passed
WBGBIF2026_E0188,WBGBIF2026_E0188_F04_cropped,cropped,model_inputs/images_cropped/WBGBIF2026_E0188_F04_cropped.jpg,true,4,4,7769907cf4507726036e74661b9d916c66c7c276ca06ef0e1835ba01fb3d9566,7769907cf4507726036e74661b9d916c66c7c276ca06ef0e1835ba01fb3d9566,CC-BY-4.0,http://creativecommons.org/licenses/by/4.0/legalcode,redistribute_derivative_with_attribution_rights_review_passed
WBGBIF2026_E0189,WBGBIF2026_E0189_F00_cropped,cropped,model_inputs/images_cropped/WBGBIF2026_E0189_F00_cropped.jpg,true,0,0,cc7cebaf38d16795fada1ac47b7fec9740e90e1ae2ae18522640c6bf4f59a358,cc7cebaf38d16795fada1ac47b7fec9740e90e1ae2ae18522640c6bf4f59a358,CC-BY-4.0,http://creativecommons.org/licenses/by/4.0/legalcode,redistribute_derivative_with_attribution_rights_review_passed
WBGBIF2026_E0189,WBGBIF2026_E0189_F01_cropped,cropped,model_inputs/images_cropped/WBGBIF2026_E0189_F01_cropped.jpg,true,1,1,be7b2e72954ddfe78a4eb811a5fa526f542cdb6b9d3e672200cded40c6ef37ce,be7b2e72954ddfe78a4eb811a5fa526f542cdb6b9d3e672200cded40c6ef37ce,CC-BY-4.0,http://creativecommons.org/licenses/by/4.0/legalcode,redistribute_derivative_with_attribution_rights_review_passed
WBGBIF2026_E0189,WBGBIF2026_E0189_F02_cropped,cropped,model_inputs/images_cropped/WBGBIF2026_E0189_F02_cropped.jpg,true,2,2,930ce5f2b3bf343478f7934b243d56d177f59260f0b935e2aba9cd5f47bc6d20,930ce5f2b3bf343478f7934b243d56d177f59260f0b935e2aba9cd5f47bc6d20,CC-BY-4.0,http://creativecommons.org/licenses/by/4.0/legalcode,redistribute_derivative_with_attribution_rights_review_passed
WBGBIF2026_E0189,WBGBIF2026_E0189_F03_cropped,cropped,model_inputs/images_cropped/WBGBIF2026_E0189_F03_cropped.jpg,true,3,3,dbd8b1b0efbcf4c1bef9bfdd42825edbd7de4f826b087057c2b904ed40465a14,dbd8b1b0efbcf4c1bef9bfdd42825edbd7de4f826b087057c2b904ed40465a14,CC-BY-4.0,http://creativecommons.org/licenses/by/4.0/legalcode,redistribute_derivative_with_attribution_rights_review_passed
WBGBIF2026_E0189,WBGBIF2026_E0189_F04_cropped,cropped,model_inputs/images_cropped/WBGBIF2026_E0189_F04_cropped.jpg,true,4,4,b5d1d6fec898f8349a569f939dd688f1682fe13147c5a67106e148528b1f1b7e,b5d1d6fec898f8349a569f939dd688f1682fe13147c5a67106e148528b1f1b7e,CC-BY-4.0,http://creativecommons.org/licenses/by/4.0/legalcode,redistribute_derivative_with_attribution_rights_review_passed
WBGBIF2026_E0190,WBGBIF2026_E0190_F00_cropped,cropped,model_inputs/images_cropped/WBGBIF2026_E0190_F00_cropped.jpg,true,0,0,c8764784cbb0e7447c055269659e40dbdbbd5b9bd65bf4f9594fe7234c834d76,c8764784cbb0e7447c055269659e40dbdbbd5b9bd65bf4f9594fe7234c834d76,CC-BY-4.0,http://creativecommons.org/licenses/by/4.0/legalcode,redistribute_derivative_with_attribution_rights_review_passed
WBGBIF2026_E0190,WBGBIF2026_E0190_F01_cropped,cropped,model_inputs/images_cropped/WBGBIF2026_E0190_F01_cropped.jpg,true,1,1,299719f4d83543a1a093afc98cdb6d8111e75d080a33f11cca6d294b5b316235,299719f4d83543a1a093afc98cdb6d8111e75d080a33f11cca6d294b5b316235,CC-BY-4.0,http://creativecommons.org/licenses/by/4.0/legalcode,redistribute_derivative_with_attribution_rights_review_passed
WBGBIF2026_E0190,WBGBIF2026_E0190_F02_cropped,cropped,model_inputs/images_cropped/WBGBIF2026_E0190_F02_cropped.jpg,true,2,2,48fa4e03672101757ab8b648071e123834db5cc7131fa2b7af9996ab5041fe40,48fa4e03672101757ab8b648071e123834db5cc7131fa2b7af9996ab5041fe40,CC-BY-4.0,http://creativecommons.org/licenses/by/4.0/legalcode,redistribute_derivative_with_attribution_rights_review_passed
WBGBIF2026_E0190,WBGBIF2026_E0190_F03_cropped,cropped,model_inputs/images_cropped/WBGBIF2026_E0190_F03_cropped.jpg,true,3,3,b0fb6523b8b3116b8325faeb32905d2625bde29b45f544d9b5729a7511815ec6,b0fb6523b8b3116b8325faeb32905d2625bde29b45f544d9b5729a7511815ec6,CC-BY-4.0,http://creativecommons.org/licenses/by/4.0/legalcode,redistribute_derivative_with_attribution_rights_review_passed
WBGBIF2026_E0190,WBGBIF2026_E0190_F04_cropped,cropped,model_inputs/images_cropped/WBGBIF2026_E0190_F04_cropped.jpg,true,4,4,2cd87869d515d10657cf34619d2ccd7255e0e737e53701d20b83a3934715d617,2cd87869d515d10657cf34619d2ccd7255e0e737e53701d20b83a3934715d617,CC-BY-4.0,http://creativecommons.org/licenses/by/4.0/legalcode,redistribute_derivative_with_attribution_rights_review_passed
WBGBIF2026_E0191,WBGBIF2026_E0191_F00_cropped,cropped,model_inputs/images_cropped/WBGBIF2026_E0191_F00_cropped.jpg,true,0,0,019c895a50785672d2b4fc55e1b5d589e7ffea374fba1584ada15ba922a376c5,019c895a50785672d2b4fc55e1b5d589e7ffea374fba1584ada15ba922a376c5,CC-BY-4.0,http://creativecommons.org/licenses/by/4.0/legalcode,redistribute_derivative_with_attribution_rights_review_passed
WBGBIF2026_E0191,WBGBIF2026_E0191_F01_cropped,cropped,model_inputs/images_cropped/WBGBIF2026_E0191_F01_cropped.jpg,true,1,1,9c20b5ec25aa5a3ddd91220dce16674c753167689d59afcc7d28ae3fe62c55fb,9c20b5ec25aa5a3ddd91220dce16674c753167689d59afcc7d28ae3fe62c55fb,CC-BY-4.0,http://creativecommons.org/licenses/by/4.0/legalcode,redistribute_derivative_with_attribution_rights_review_passed
WBGBIF2026_E0191,WBGBIF2026_E0191_F02_cropped,cropped,model_inputs/images_cropped/WBGBIF2026_E0191_F02_cropped.jpg,true,2,2,c164e589866d59870f6ec4fdbdec10ed5dafb70bc31034f5e53ea2d4a4d39daa,c164e589866d59870f6ec4fdbdec10ed5dafb70bc31034f5e53ea2d4a4d39daa,CC-BY-4.0,http://creativecommons.org/licenses/by/4.0/legalcode,redistribute_derivative_with_attribution_rights_review_passed
WBGBIF2026_E0191,WBGBIF2026_E0191_F03_cropped,cropped,model_inputs/images_cropped/WBGBIF2026_E0191_F03_cropped.jpg,true,3,3,4e65e9eedcfa51b287633c6a63477ad59ee084b3be9cb1bde11a99eedef2832a,4e65e9eedcfa51b287633c6a63477ad59ee084b3be9cb1bde11a99eedef2832a,CC-BY-4.0,http://creativecommons.org/licenses/by/4.0/legalcode,redistribute_derivative_with_attribution_rights_review_passed
WBGBIF2026_E0191,WBGBIF2026_E0191_F04_cropped,cropped,model_inputs/images_cropped/WBGBIF2026_E0191_F04_cropped.jpg,true,4,4,ac7770725cdf09e11d4ef94447e9bcc213ff354744877172e9c87fd14608417f,ac7770725cdf09e11d4ef94447e9bcc213ff354744877172e9c87fd14608417f,CC-BY-4.0,http://creativecommons.org/licenses/by/4.0/legalcode,redistribute_derivative_with_attribution_rights_review_passed
WBGBIF2026_E0192,WBGBIF2026_E0192_F00_cropped,cropped,model_inputs/images_cropped/WBGBIF2026_E0192_F00_cropped.jpg,true,0,0,f59106bfcb34a8ec8a5098dc4242817418591b024c162af98c787e76e03f972e,f59106bfcb34a8ec8a5098dc4242817418591b024c162af98c787e76e03f972e,CC-BY-4.0,http://creativecommons.org/licenses/by/4.0/legalcode,redistribute_derivative_with_attribution_rights_review_passed
WBGBIF2026_E0192,WBGBIF2026_E0192_F01_cropped,cropped,model_inputs/images_cropped/WBGBIF2026_E0192_F01_cropped.jpg,true,1,1,016e3db0f40c39aab37a6f2fa24a20b55158e372c9d42087cc0ea210d70b528d,016e3db0f40c39aab37a6f2fa24a20b55158e372c9d42087cc0ea210d70b528d,CC-BY-4.0,http://creativecommons.org/licenses/by/4.0/legalcode,redistribute_derivative_with_attribution_rights_review_passed
WBGBIF2026_E0193,WBGBIF2026_E0193_F00_cropped,cropped,model_inputs/images_cropped/WBGBIF2026_E0193_F00_cropped.jpg,true,0,0,e9dbf8ad1daef6f5e694d46bfb78100da45c470183c5513fdcdfb5d1e9651baf,e9dbf8ad1daef6f5e694d46bfb78100da45c470183c5513fdcdfb5d1e9651baf,CC0-1.0,http://creativecommons.org/publicdomain/zero/1.0/legalcode,redistribute_derivative_rights_review_passed
WBGBIF2026_E0193,WBGBIF2026_E0193_F01_cropped,cropped,model_inputs/images_cropped/WBGBIF2026_E0193_F01_cropped.jpg,true,1,1,c0f88f38dd18e1a80b34e23ad1b1ff2cdf0c7880c16d0b7a7359328c13d6cfb4,c0f88f38dd18e1a80b34e23ad1b1ff2cdf0c7880c16d0b7a7359328c13d6cfb4,CC0-1.0,http://creativecommons.org/publicdomain/zero/1.0/legalcode,redistribute_derivative_rights_review_passed
WBGBIF2026_E0193,WBGBIF2026_E0193_F02_cropped,cropped,model_inputs/images_cropped/WBGBIF2026_E0193_F02_cropped.jpg,true,2,2,a776aece920d4f6582d65ef14db4bd8d789fb523396f4c749c099f93529d3723,a776aece920d4f6582d65ef14db4bd8d789fb523396f4c749c099f93529d3723,CC0-1.0,http://creativecommons.org/publicdomain/zero/1.0/legalcode,redistribute_derivative_rights_review_passed
WBGBIF2026_E0193,WBGBIF2026_E0193_F03_cropped,cropped,model_inputs/images_cropped/WBGBIF2026_E0193_F03_cropped.jpg,true,3,3,0405192df26b105121cb50978608f76c6b2858efbff911abc46367e0da1986e3,0405192df26b105121cb50978608f76c6b2858efbff911abc46367e0da1986e3,CC0-1.0,http://creativecommons.org/publicdomain/zero/1.0/legalcode,redistribute_derivative_rights_review_passed
WBGBIF2026_E0193,WBGBIF2026_E0193_F04_cropped,cropped,model_inputs/images_cropped/WBGBIF2026_E0193_F04_cropped.jpg,true,4,4,66b713da2387345e84421964e03a2073c6109777823de7b814c02a9c4034bd2f,66b713da2387345e84421964e03a2073c6109777823de7b814c02a9c4034bd2f,CC0-1.0,http://creativecommons.org/publicdomain/zero/1.0/legalcode,redistribute_derivative_rights_review_passed
WBGBIF2026_E0194,WBGBIF2026_E0194_F00_cropped,cropped,model_inputs/images_cropped/WBGBIF2026_E0194_F00_cropped.jpg,true,0,0,047c36c1ceb46770174df337d272b4100f272e06c4ee21a4f5ef65bc0e804d3f,047c36c1ceb46770174df337d272b4100f272e06c4ee21a4f5ef65bc0e804d3f,CC0-1.0,http://creativecommons.org/publicdomain/zero/1.0/legalcode,redistribute_derivative_rights_review_passed
WBGBIF2026_E0194,WBGBIF2026_E0194_F01_cropped,cropped,model_inputs/images_cropped/WBGBIF2026_E0194_F01_cropped.jpg,true,1,1,d3538b2bd0ad40ee60cb91a5ba9c96661fd85a734e497c05be898d8fc44fde21,d3538b2bd0ad40ee60cb91a5ba9c96661fd85a734e497c05be898d8fc44fde21,CC0-1.0,http://creativecommons.org/publicdomain/zero/1.0/legalcode,redistribute_derivative_rights_review_passed
WBGBIF2026_E0194,WBGBIF2026_E0194_F02_cropped,cropped,model_inputs/images_cropped/WBGBIF2026_E0194_F02_cropped.jpg,true,2,2,a800fe6af550b06f7814038eb9709ee8c3c7258ecaf205e0edacfb7cdb14de3d,a800fe6af550b06f7814038eb9709ee8c3c7258ecaf205e0edacfb7cdb14de3d,CC0-1.0,http://creativecommons.org/publicdomain/zero/1.0/legalcode,redistribute_derivative_rights_review_passed
WBGBIF2026_E0194,WBGBIF2026_E0194_F03_cropped,cropped,model_inputs/images_cropped/WBGBIF2026_E0194_F03_cropped.jpg,true,3,3,6503c9cbdf150eaea40a5a9455d1ce79c668320f3c49d95d9d13ee836f616dc6,6503c9cbdf150eaea40a5a9455d1ce79c668320f3c49d95d9d13ee836f616dc6,CC0-1.0,http://creativecommons.org/publicdomain/zero/1.0/legalcode,redistribute_derivative_rights_review_passed
WBGBIF2026_E0194,WBGBIF2026_E0194_F04_cropped,cropped,model_inputs/images_cropped/WBGBIF2026_E0194_F04_cropped.jpg,true,4,4,71d66cd57228c219ae09e8340070684ca4b03d2134f37640240326de60c1d63a,71d66cd57228c219ae09e8340070684ca4b03d2134f37640240326de60c1d63a,CC0-1.0,http://creativecommons.org/publicdomain/zero/1.0/legalcode,redistribute_derivative_rights_review_passed
WBGBIF2026_E0195,WBGBIF2026_E0195_F00_cropped,cropped,model_inputs/images_cropped/WBGBIF2026_E0195_F00_cropped.jpg,true,0,0,391cb0bf3cf94910fa978c67ad2c978058369151a645cf4baa5ce0e578071d04,391cb0bf3cf94910fa978c67ad2c978058369151a645cf4baa5ce0e578071d04,CC0-1.0,http://creativecommons.org/publicdomain/zero/1.0/legalcode,redistribute_derivative_rights_review_passed
WBGBIF2026_E0195,WBGBIF2026_E0195_F01_cropped,cropped,model_inputs/images_cropped/WBGBIF2026_E0195_F01_cropped.jpg,true,1,1,0ccc82e9a993981e9bb7f09a3cc8638b2010d8c150306ed7367d755df64b0c1f,0ccc82e9a993981e9bb7f09a3cc8638b2010d8c150306ed7367d755df64b0c1f,CC0-1.0,http://creativecommons.org/publicdomain/zero/1.0/legalcode,redistribute_derivative_rights_review_passed
WBGBIF2026_E0196,WBGBIF2026_E0196_F00_cropped,cropped,model_inputs/images_cropped/WBGBIF2026_E0196_F00_cropped.jpg,true,0,0,8c57c969f0fddf8dc41cb6157cf7096204435292278529bf803c760b044a5ed4,8c57c969f0fddf8dc41cb6157cf7096204435292278529bf803c760b044a5ed4,CC0-1.0,http://creativecommons.org/publicdomain/zero/1.0/legalcode,redistribute_derivative_rights_review_passed
WBGBIF2026_E0196,WBGBIF2026_E0196_F01_cropped,cropped,model_inputs/images_cropped/WBGBIF2026_E0196_F01_cropped.jpg,true,1,10,3ee7445e579f757ff74dad79a2b0e4812aa0de28079177d32d52f3d6256561ec,3ee7445e579f757ff74dad79a2b0e4812aa0de28079177d32d52f3d6256561ec,CC0-1.0,http://creativecommons.org/publicdomain/zero/1.0/legalcode,redistribute_derivative_rights_review_passed
WBGBIF2026_E0196,WBGBIF2026_E0196_F02_cropped,cropped,model_inputs/images_cropped/WBGBIF2026_E0196_F02_cropped.jpg,true,2,20,96cf3cdbed8e0cf1dcce2e6df6a6d2e82ee16bbd45560f56cde533eb0d0cbdb2,96cf3cdbed8e0cf1dcce2e6df6a6d2e82ee16bbd45560f56cde533eb0d0cbdb2,CC0-1.0,http://creativecommons.org/publicdomain/zero/1.0/legalcode,redistribute_derivative_rights_review_passed
WBGBIF2026_E0196,WBGBIF2026_E0196_F03_cropped,cropped,model_inputs/images_cropped/WBGBIF2026_E0196_F03_cropped.jpg,true,3,30,f60159315909841eb08c600239e83a2da098f3848aa56c3f25054017ca8cb1cc,f60159315909841eb08c600239e83a2da098f3848aa56c3f25054017ca8cb1cc,CC0-1.0,http://creativecommons.org/publicdomain/zero/1.0/legalcode,redistribute_derivative_rights_review_passed
WBGBIF2026_E0196,WBGBIF2026_E0196_F04_cropped,cropped,model_inputs/images_cropped/WBGBIF2026_E0196_F04_cropped.jpg,true,4,40,d9a9520244c65f37a3e6d103eceaf6de40d2e3e57bb7725f1cb52cb3b7bf072b,d9a9520244c65f37a3e6d103eceaf6de40d2e3e57bb7725f1cb52cb3b7bf072b,CC0-1.0,http://creativecommons.org/publicdomain/zero/1.0/legalcode,redistribute_derivative_rights_review_passed
WBGBIF2026_E0197,WBGBIF2026_E0197_F00_cropped,cropped,model_inputs/images_cropped/WBGBIF2026_E0197_F00_cropped.jpg,true,0,0,c9da1cb68bcd4cdbc17e9c8846030f84390a4b47021fd8a9abf534a7966bcc12,c9da1cb68bcd4cdbc17e9c8846030f84390a4b47021fd8a9abf534a7966bcc12,CC0-1.0,http://creativecommons.org/publicdomain/zero/1.0/legalcode,redistribute_derivative_rights_review_passed
WBGBIF2026_E0197,WBGBIF2026_E0197_F01_cropped,cropped,model_inputs/images_cropped/WBGBIF2026_E0197_F01_cropped.jpg,true,1,2,360f47c5e24324d77dcdf8e79ea6ce1edd6b9f741e3aac59908aa867ca8b8deb,360f47c5e24324d77dcdf8e79ea6ce1edd6b9f741e3aac59908aa867ca8b8deb,CC0-1.0,http://creativecommons.org/publicdomain/zero/1.0/legalcode,redistribute_derivative_rights_review_passed
WBGBIF2026_E0197,WBGBIF2026_E0197_F02_cropped,cropped,model_inputs/images_cropped/WBGBIF2026_E0197_F02_cropped.jpg,true,2,4,0ef49288deeacbaadc0822ed9c042f890b703f6969aa0ca0a1b2cd0b4620b2b7,0ef49288deeacbaadc0822ed9c042f890b703f6969aa0ca0a1b2cd0b4620b2b7,CC0-1.0,http://creativecommons.org/publicdomain/zero/1.0/legalcode,redistribute_derivative_rights_review_passed
WBGBIF2026_E0197,WBGBIF2026_E0197_F03_cropped,cropped,model_inputs/images_cropped/WBGBIF2026_E0197_F03_cropped.jpg,true,3,6,f631c892b5a80d0a88e2ada0b9accf4d699bf03d016065cfe63584993ff04c24,f631c892b5a80d0a88e2ada0b9accf4d699bf03d016065cfe63584993ff04c24,CC0-1.0,http://creativecommons.org/publicdomain/zero/1.0/legalcode,redistribute_derivative_rights_review_passed
WBGBIF2026_E0197,WBGBIF2026_E0197_F04_cropped,cropped,model_inputs/images_cropped/WBGBIF2026_E0197_F04_cropped.jpg,true,4,8,826e47e1a84cc68e3bdc6b83b63d0a239e684fd578e1d0a9364ef51d2a09a723,826e47e1a84cc68e3bdc6b83b63d0a239e684fd578e1d0a9364ef51d2a09a723,CC0-1.0,http://creativecommons.org/publicdomain/zero/1.0/legalcode,redistribute_derivative_rights_review_passed
WBGBIF2026_E0198,WBGBIF2026_E0198_F00_cropped,cropped,model_inputs/images_cropped/WBGBIF2026_E0198_F00_cropped.jpg,true,0,0,370173d70c4a55d10e68d0cc77af08eb55a88308b8d4998b2466ee6e9b8efc98,370173d70c4a55d10e68d0cc77af08eb55a88308b8d4998b2466ee6e9b8efc98,CC0-1.0,http://creativecommons.org/publicdomain/zero/1.0/legalcode,redistribute_derivative_rights_review_passed
WBGBIF2026_E0198,WBGBIF2026_E0198_F01_cropped,cropped,model_inputs/images_cropped/WBGBIF2026_E0198_F01_cropped.jpg,true,1,5,0945b9da15cde01d2aaf4c83e37defca385271ba02b01e25382346ec179b56ee,0945b9da15cde01d2aaf4c83e37defca385271ba02b01e25382346ec179b56ee,CC0-1.0,http://creativecommons.org/publicdomain/zero/1.0/legalcode,redistribute_derivative_rights_review_passed
WBGBIF2026_E0198,WBGBIF2026_E0198_F02_cropped,cropped,model_inputs/images_cropped/WBGBIF2026_E0198_F02_cropped.jpg,true,2,11,1550c0192e2dfbc2f9ad566cfe694e7fda2783f1ad4389e4ad785c0d25c76fee,1550c0192e2dfbc2f9ad566cfe694e7fda2783f1ad4389e4ad785c0d25c76fee,CC0-1.0,http://creativecommons.org/publicdomain/zero/1.0/legalcode,redistribute_derivative_rights_review_passed
WBGBIF2026_E0198,WBGBIF2026_E0198_F03_cropped,cropped,model_inputs/images_cropped/WBGBIF2026_E0198_F03_cropped.jpg,true,3,16,3263d6a5a0cfe797fa3004949e9b25c4203a7bb13e1c1d8684e68d710130f4d9,3263d6a5a0cfe797fa3004949e9b25c4203a7bb13e1c1d8684e68d710130f4d9,CC0-1.0,http://creativecommons.org/publicdomain/zero/1.0/legalcode,redistribute_derivative_rights_review_passed
WBGBIF2026_E0198,WBGBIF2026_E0198_F04_cropped,cropped,model_inputs/images_cropped/WBGBIF2026_E0198_F04_cropped.jpg,true,4,22,13cf13e35134cfc271ec8e1a6cca28fa62d92913d284eb8af38f1c55c21ab527,13cf13e35134cfc271ec8e1a6cca28fa62d92913d284eb8af38f1c55c21ab527,CC0-1.0,http://creativecommons.org/publicdomain/zero/1.0/legalcode,redistribute_derivative_rights_review_passed
WBGBIF2026_E0199,WBGBIF2026_E0199_F00_cropped,cropped,model_inputs/images_cropped/WBGBIF2026_E0199_F00_cropped.jpg,true,0,0,aee4471466144acb41e19e10917931aa28388d2ad318042505f02a2081af3317,aee4471466144acb41e19e10917931aa28388d2ad318042505f02a2081af3317,CC-BY-4.0,http://creativecommons.org/licenses/by/4.0/legalcode,redistribute_derivative_with_attribution_rights_review_passed
WBGBIF2026_E0199,WBGBIF2026_E0199_F01_cropped,cropped,model_inputs/images_cropped/WBGBIF2026_E0199_F01_cropped.jpg,true,1,1,0ede9cf3a3fa72046a03a35f62f1d91e44af609457e9c7d1500fdd1d4d832e8d,0ede9cf3a3fa72046a03a35f62f1d91e44af609457e9c7d1500fdd1d4d832e8d,CC-BY-4.0,http://creativecommons.org/licenses/by/4.0/legalcode,redistribute_derivative_with_attribution_rights_review_passed
WBGBIF2026_E0199,WBGBIF2026_E0199_F02_cropped,cropped,model_inputs/images_cropped/WBGBIF2026_E0199_F02_cropped.jpg,true,2,2,ca65098b64c40002523325d70a2e53d350091c05ae9274ed91136351ce63cdbd,ca65098b64c40002523325d70a2e53d350091c05ae9274ed91136351ce63cdbd,CC-BY-4.0,http://creativecommons.org/licenses/by/4.0/legalcode,redistribute_derivative_with_attribution_rights_review_passed
WBGBIF2026_E0199,WBGBIF2026_E0199_F03_cropped,cropped,model_inputs/images_cropped/WBGBIF2026_E0199_F03_cropped.jpg,true,3,3,047cb3adc8a6ae6f28300bfda18178962e95c14166c802aafe0fb2c29f53901d,047cb3adc8a6ae6f28300bfda18178962e95c14166c802aafe0fb2c29f53901d,CC-BY-4.0,http://creativecommons.org/licenses/by/4.0/legalcode,redistribute_derivative_with_attribution_rights_review_passed
WBGBIF2026_E0199,WBGBIF2026_E0199_F04_cropped,cropped,model_inputs/images_cropped/WBGBIF2026_E0199_F04_cropped.jpg,true,4,4,22109b893387b2f41b7b4c57051478fad092c91bd5a8e15420f24f7a1fde938b,22109b893387b2f41b7b4c57051478fad092c91bd5a8e15420f24f7a1fde938b,CC-BY-4.0,http://creativecommons.org/licenses/by/4.0/legalcode,redistribute_derivative_with_attribution_rights_review_passed
WBGBIF2026_E0200,WBGBIF2026_E0200_F00_cropped,cropped,model_inputs/images_cropped/WBGBIF2026_E0200_F00_cropped.jpg,true,0,0,b27252b56aedd043aecf92074a49abe066f9454e3ae66360fe887a3df817b259,b27252b56aedd043aecf92074a49abe066f9454e3ae66360fe887a3df817b259,CC-BY-4.0,http://creativecommons.org/licenses/by/4.0/legalcode,redistribute_derivative_with_attribution_rights_review_passed
WBGBIF2026_E0200,WBGBIF2026_E0200_F01_cropped,cropped,model_inputs/images_cropped/WBGBIF2026_E0200_F01_cropped.jpg,true,1,1,378368c4df3102071264c750bd32fb0ad9b5c2162c38f018081c470248a04c26,378368c4df3102071264c750bd32fb0ad9b5c2162c38f018081c470248a04c26,CC-BY-4.0,http://creativecommons.org/licenses/by/4.0/legalcode,redistribute_derivative_with_attribution_rights_review_passed
WBGBIF2026_E0200,WBGBIF2026_E0200_F02_cropped,cropped,model_inputs/images_cropped/WBGBIF2026_E0200_F02_cropped.jpg,true,2,2,416c60b12aa61b8200eca77eb0a9bc63a461adaa03fdc007d600c2504475f072,416c60b12aa61b8200eca77eb0a9bc63a461adaa03fdc007d600c2504475f072,CC-BY-4.0,http://creativecommons.org/licenses/by/4.0/legalcode,redistribute_derivative_with_attribution_rights_review_passed
WBGBIF2026_E0200,WBGBIF2026_E0200_F03_cropped,cropped,model_inputs/images_cropped/WBGBIF2026_E0200_F03_cropped.jpg,true,3,3,e6e715b8ad3a08c33c52244739cf0a822cf1a86a71f7a765e54f434b1bd4f126,e6e715b8ad3a08c33c52244739cf0a822cf1a86a71f7a765e54f434b1bd4f126,CC-BY-4.0,http://creativecommons.org/licenses/by/4.0/legalcode,redistribute_derivative_with_attribution_rights_review_passed
WBGBIF2026_E0200,WBGBIF2026_E0200_F04_cropped,cropped,model_inputs/images_cropped/WBGBIF2026_E0200_F04_cropped.jpg,true,4,4,90935522c403a2760b329e657eaec74e14683421fb7e5acb360a5a586c4e57d3,90935522c403a2760b329e657eaec74e14683421fb7e5acb360a5a586c4e57d3,CC-BY-4.0,http://creativecommons.org/licenses/by/4.0/legalcode,redistribute_derivative_with_attribution_rights_review_passed
WBGBIF2026_E0201,WBGBIF2026_E0201_F00_cropped,cropped,model_inputs/images_cropped/WBGBIF2026_E0201_F00_cropped.jpg,true,0,0,76d5b9dfea52bdd2f98f0fd3a922ca4457b2af582518673b96a30f92b4d66753,76d5b9dfea52bdd2f98f0fd3a922ca4457b2af582518673b96a30f92b4d66753,CC-BY-4.0,http://creativecommons.org/licenses/by/4.0/legalcode,redistribute_derivative_with_attribution_rights_review_passed
WBGBIF2026_E0201,WBGBIF2026_E0201_F01_cropped,cropped,model_inputs/images_cropped/WBGBIF2026_E0201_F01_cropped.jpg,true,1,1,f82df0f4637548f7fbaacfd0dce105f36ee1713a3792e2cb5e9a5d0568f6e22d,f82df0f4637548f7fbaacfd0dce105f36ee1713a3792e2cb5e9a5d0568f6e22d,CC-BY-4.0,http://creativecommons.org/licenses/by/4.0/legalcode,redistribute_derivative_with_attribution_rights_review_passed
WBGBIF2026_E0201,WBGBIF2026_E0201_F02_cropped,cropped,model_inputs/images_cropped/WBGBIF2026_E0201_F02_cropped.jpg,true,2,2,62c2dd554eb00aca2a1c24aee9cb9e46a81505aa93715521d0d44f4b1cdf3149,62c2dd554eb00aca2a1c24aee9cb9e46a81505aa93715521d0d44f4b1cdf3149,CC-BY-4.0,http://creativecommons.org/licenses/by/4.0/legalcode,redistribute_derivative_with_attribution_rights_review_passed
WBGBIF2026_E0201,WBGBIF2026_E0201_F03_cropped,cropped,model_inputs/images_cropped/WBGBIF2026_E0201_F03_cropped.jpg,true,3,3,52ae79607d7b3bebdd0b2c1e97bd7f5c639491d289d8502b46322d3bc4de7f76,52ae79607d7b3bebdd0b2c1e97bd7f5c639491d289d8502b46322d3bc4de7f76,CC-BY-4.0,http://creativecommons.org/licenses/by/4.0/legalcode,redistribute_derivative_with_attribution_rights_review_passed
WBGBIF2026_E0201,WBGBIF2026_E0201_F04_cropped,cropped,model_inputs/images_cropped/WBGBIF2026_E0201_F04_cropped.jpg,true,4,4,1b53a339dcff6a903ae273480ec786b19bbc1c13ecf111cbdfee2c5d0f3269a6,1b53a339dcff6a903ae273480ec786b19bbc1c13ecf111cbdfee2c5d0f3269a6,CC-BY-4.0,http://creativecommons.org/licenses/by/4.0/legalcode,redistribute_derivative_with_attribution_rights_review_passed
WBGBIF2026_E0205,WBGBIF2026_E0205_F00_cropped,cropped,model_inputs/images_cropped/WBGBIF2026_E0205_F00_cropped.jpg,true,0,0,a54bc941b76b81098deefa2c3d3fa570830dabbdc6b8946d463672f5b1f92a7b,a54bc941b76b81098deefa2c3d3fa570830dabbdc6b8946d463672f5b1f92a7b,CC0-1.0,http://creativecommons.org/publicdomain/zero/1.0/legalcode,redistribute_derivative_rights_review_passed
WBGBIF2026_E0205,WBGBIF2026_E0205_F01_cropped,cropped,model_inputs/images_cropped/WBGBIF2026_E0205_F01_cropped.jpg,true,1,1,bb3d9b5db5007e547371d81025512162f9ede5b52f6be766174726608133c1ca,bb3d9b5db5007e547371d81025512162f9ede5b52f6be766174726608133c1ca,CC0-1.0,http://creativecommons.org/publicdomain/zero/1.0/legalcode,redistribute_derivative_rights_review_passed
WBGBIF2026_E0205,WBGBIF2026_E0205_F02_cropped,cropped,model_inputs/images_cropped/WBGBIF2026_E0205_F02_cropped.jpg,true,2,2,5f2dc019918b73dd82f75ec597e2a9df6047e0b6a83c90401ef8b75035c5bb89,5f2dc019918b73dd82f75ec597e2a9df6047e0b6a83c90401ef8b75035c5bb89,CC0-1.0,http://creativecommons.org/publicdomain/zero/1.0/legalcode,redistribute_derivative_rights_review_passed
WBGBIF2026_E0206,WBGBIF2026_E0206_F00_cropped,cropped,model_inputs/images_cropped/WBGBIF2026_E0206_F00_cropped.jpg,true,0,0,109816c80b262ad9219187f00cc378c133c4ec32a8baa8d39ca624a682e96596,109816c80b262ad9219187f00cc378c133c4ec32a8baa8d39ca624a682e96596,CC0-1.0,http://creativecommons.org/publicdomain/zero/1.0/legalcode,redistribute_derivative_rights_review_passed
WBGBIF2026_E0206,WBGBIF2026_E0206_F01_cropped,cropped,model_inputs/images_cropped/WBGBIF2026_E0206_F01_cropped.jpg,true,1,1,d45d11c073513bb621ecbd99ddbfe42b3a5a7721199478ecc2740ac7e9202e02,d45d11c073513bb621ecbd99ddbfe42b3a5a7721199478ecc2740ac7e9202e02,CC0-1.0,http://creativecommons.org/publicdomain/zero/1.0/legalcode,redistribute_derivative_rights_review_passed
WBGBIF2026_E0206,WBGBIF2026_E0206_F02_cropped,cropped,model_inputs/images_cropped/WBGBIF2026_E0206_F02_cropped.jpg,true,2,2,5f2807b8d94ede4050320927169864321e31c1960bb5f7590ce3ecc6c3e14fbd,5f2807b8d94ede4050320927169864321e31c1960bb5f7590ce3ecc6c3e14fbd,CC0-1.0,http://creativecommons.org/publicdomain/zero/1.0/legalcode,redistribute_derivative_rights_review_passed
WBGBIF2026_E0207,WBGBIF2026_E0207_F00_cropped,cropped,model_inputs/images_cropped/WBGBIF2026_E0207_F00_cropped.jpg,true,0,0,217c90bb767e931312ad003cbf2897c0e822da4471e5e03c73411eccfab5333b,217c90bb767e931312ad003cbf2897c0e822da4471e5e03c73411eccfab5333b,CC0-1.0,http://creativecommons.org/publicdomain/zero/1.0/legalcode,redistribute_derivative_rights_review_passed
WBGBIF2026_E0207,WBGBIF2026_E0207_F01_cropped,cropped,model_inputs/images_cropped/WBGBIF2026_E0207_F01_cropped.jpg,true,1,1,cd2b5db97ea7924bef5a6526b1af20ec42deefd5d0f8fcf7be167faf19246400,cd2b5db97ea7924bef5a6526b1af20ec42deefd5d0f8fcf7be167faf19246400,CC0-1.0,http://creativecommons.org/publicdomain/zero/1.0/legalcode,redistribute_derivative_rights_review_passed
WBGBIF2026_E0207,WBGBIF2026_E0207_F02_cropped,cropped,model_inputs/images_cropped/WBGBIF2026_E0207_F02_cropped.jpg,true,2,2,6dd740cf4c65a35673c182ffd02402569e612ed09888c59080c894aa1b933647,6dd740cf4c65a35673c182ffd02402569e612ed09888c59080c894aa1b933647,CC0-1.0,http://creativecommons.org/publicdomain/zero/1.0/legalcode,redistribute_derivative_rights_review_passed
WBGBIF2026_E0208,WBGBIF2026_E0208_F00_cropped,cropped,model_inputs/images_cropped/WBGBIF2026_E0208_F00_cropped.jpg,true,0,0,772944bb0be8b848ad80bbe2521b23924b8261a4b9bffd20dd0ca9d389ef58aa,772944bb0be8b848ad80bbe2521b23924b8261a4b9bffd20dd0ca9d389ef58aa,CC-BY-4.0,http://creativecommons.org/licenses/by/4.0/legalcode,redistribute_derivative_with_attribution_rights_review_passed
WBGBIF2026_E0208,WBGBIF2026_E0208_F01_cropped,cropped,model_inputs/images_cropped/WBGBIF2026_E0208_F01_cropped.jpg,true,1,1,0a4885225f41970014090492564ae9a22b118c7e3d49010ae2e138ae006d9b8e,0a4885225f41970014090492564ae9a22b118c7e3d49010ae2e138ae006d9b8e,CC-BY-4.0,http://creativecommons.org/licenses/by/4.0/legalcode,redistribute_derivative_with_attribution_rights_review_passed
WBGBIF2026_E0208,WBGBIF2026_E0208_F02_cropped,cropped,model_inputs/images_cropped/WBGBIF2026_E0208_F02_cropped.jpg,true,2,2,53b14421e89243aec689506b4373be7919cf3962393bd51f86788c036438236a,53b14421e89243aec689506b4373be7919cf3962393bd51f86788c036438236a,CC-BY-4.0,http://creativecommons.org/licenses/by/4.0/legalcode,redistribute_derivative_with_attribution_rights_review_passed
WBGBIF2026_E0208,WBGBIF2026_E0208_F03_cropped,cropped,model_inputs/images_cropped/WBGBIF2026_E0208_F03_cropped.jpg,true,3,3,ba8305005147388c9bac6ac838451af61729bd615fdcd77cb422383792d0bdfd,ba8305005147388c9bac6ac838451af61729bd615fdcd77cb422383792d0bdfd,CC-BY-4.0,http://creativecommons.org/licenses/by/4.0/legalcode,redistribute_derivative_with_attribution_rights_review_passed
WBGBIF2026_E0208,WBGBIF2026_E0208_F04_cropped,cropped,model_inputs/images_cropped/WBGBIF2026_E0208_F04_cropped.jpg,true,4,4,b1799efa4989bb13a0079886030ac0edbabf5d4d7b8d44edc934a7efc92352c1,b1799efa4989bb13a0079886030ac0edbabf5d4d7b8d44edc934a7efc92352c1,CC-BY-4.0,http://creativecommons.org/licenses/by/4.0/legalcode,redistribute_derivative_with_attribution_rights_review_passed
WBGBIF2026_E0209,WBGBIF2026_E0209_F00_cropped,cropped,model_inputs/images_cropped/WBGBIF2026_E0209_F00_cropped.jpg,true,0,0,1edad1f2915cd065ebb8c3969fd5fdbfb13811b461b009080e931ef6590f5b3d,1edad1f2915cd065ebb8c3969fd5fdbfb13811b461b009080e931ef6590f5b3d,CC-BY-4.0,http://creativecommons.org/licenses/by/4.0/legalcode,redistribute_derivative_with_attribution_rights_review_passed
WBGBIF2026_E0209,WBGBIF2026_E0209_F01_cropped,cropped,model_inputs/images_cropped/WBGBIF2026_E0209_F01_cropped.jpg,true,1,1,ff3880c1daa28fd4e0a1788b46f98511ded1020cad31af6c3a091939717f943b,ff3880c1daa28fd4e0a1788b46f98511ded1020cad31af6c3a091939717f943b,CC-BY-4.0,http://creativecommons.org/licenses/by/4.0/legalcode,redistribute_derivative_with_attribution_rights_review_passed
WBGBIF2026_E0209,WBGBIF2026_E0209_F02_cropped,cropped,model_inputs/images_cropped/WBGBIF2026_E0209_F02_cropped.jpg,true,2,2,2321e908efe6af342d4d4e963b20728c5b880e2b30f6cadd4e666e6056d39de9,2321e908efe6af342d4d4e963b20728c5b880e2b30f6cadd4e666e6056d39de9,CC-BY-4.0,http://creativecommons.org/licenses/by/4.0/legalcode,redistribute_derivative_with_attribution_rights_review_passed
WBGBIF2026_E0209,WBGBIF2026_E0209_F03_cropped,cropped,model_inputs/images_cropped/WBGBIF2026_E0209_F03_cropped.jpg,true,3,3,6549f3a406cdd99e011c49e73a95ea23e1cc602be3e9f43e36cc0d531aceee26,6549f3a406cdd99e011c49e73a95ea23e1cc602be3e9f43e36cc0d531aceee26,CC-BY-4.0,http://creativecommons.org/licenses/by/4.0/legalcode,redistribute_derivative_with_attribution_rights_review_passed
WBGBIF2026_E0209,WBGBIF2026_E0209_F04_cropped,cropped,model_inputs/images_cropped/WBGBIF2026_E0209_F04_cropped.jpg,true,4,4,d3d80b0198c6b3894f43126bc4cf05e8f6b9c2f97d49c0ba7bdabcddf8983046,d3d80b0198c6b3894f43126bc4cf05e8f6b9c2f97d49c0ba7bdabcddf8983046,CC-BY-4.0,http://creativecommons.org/licenses/by/4.0/legalcode,redistribute_derivative_with_attribution_rights_review_passed
WBGBIF2026_E0210,WBGBIF2026_E0210_F00_cropped,cropped,model_inputs/images_cropped/WBGBIF2026_E0210_F00_cropped.jpg,true,0,0,5b0f85855c0e99381849e613f678e08b3493606b85180be87429acdafe5ee3d2,5b0f85855c0e99381849e613f678e08b3493606b85180be87429acdafe5ee3d2,CC-BY-4.0,http://creativecommons.org/licenses/by/4.0/legalcode,redistribute_derivative_with_attribution_rights_review_passed
WBGBIF2026_E0210,WBGBIF2026_E0210_F01_cropped,cropped,model_inputs/images_cropped/WBGBIF2026_E0210_F01_cropped.jpg,true,1,1,bb56cc822ad686978a0ccff953a36e39d85a6a0146e633d37da081a0f1054ea3,bb56cc822ad686978a0ccff953a36e39d85a6a0146e633d37da081a0f1054ea3,CC-BY-4.0,http://creativecommons.org/licenses/by/4.0/legalcode,redistribute_derivative_with_attribution_rights_review_passed
WBGBIF2026_E0210,WBGBIF2026_E0210_F02_cropped,cropped,model_inputs/images_cropped/WBGBIF2026_E0210_F02_cropped.jpg,true,2,2,c022d66726ba0c7b4dce8e93d869760864f79e8154789a1af843e145acb69541,c022d66726ba0c7b4dce8e93d869760864f79e8154789a1af843e145acb69541,CC-BY-4.0,http://creativecommons.org/licenses/by/4.0/legalcode,redistribute_derivative_with_attribution_rights_review_passed
WBGBIF2026_E0210,WBGBIF2026_E0210_F03_cropped,cropped,model_inputs/images_cropped/WBGBIF2026_E0210_F03_cropped.jpg,true,3,3,7c33dace93d34550afdf19458bfad520c028d235c0828428c24f76eb793557a4,7c33dace93d34550afdf19458bfad520c028d235c0828428c24f76eb793557a4,CC-BY-4.0,http://creativecommons.org/licenses/by/4.0/legalcode,redistribute_derivative_with_attribution_rights_review_passed
WBGBIF2026_E0210,WBGBIF2026_E0210_F04_cropped,cropped,model_inputs/images_cropped/WBGBIF2026_E0210_F04_cropped.jpg,true,4,4,9ba3e249dd14a479a60bbfb3c3ec60a89f3cae839af8f47c97a58d475e3fad55,9ba3e249dd14a479a60bbfb3c3ec60a89f3cae839af8f47c97a58d475e3fad55,CC-BY-4.0,http://creativecommons.org/licenses/by/4.0/legalcode,redistribute_derivative_with_attribution_rights_review_passed
WBGBIF2026_E0211,WBGBIF2026_E0211_F00_cropped,cropped,model_inputs/images_cropped/WBGBIF2026_E0211_F00_cropped.jpg,true,0,0,f47b4fb45265221818923fcb765cccf976bb0a87c01c02d0b3f0745608ba6d4d,f47b4fb45265221818923fcb765cccf976bb0a87c01c02d0b3f0745608ba6d4d,CC-BY-4.0,http://creativecommons.org/licenses/by/4.0/legalcode,redistribute_derivative_with_attribution_rights_review_passed
WBGBIF2026_E0211,WBGBIF2026_E0211_F01_cropped,cropped,model_inputs/images_cropped/WBGBIF2026_E0211_F01_cropped.jpg,true,1,1,40cd31bb91878677edd1e8df5adace8da5ce16665f85cf56dca8e4aacdbcf006,40cd31bb91878677edd1e8df5adace8da5ce16665f85cf56dca8e4aacdbcf006,CC-BY-4.0,http://creativecommons.org/licenses/by/4.0/legalcode,redistribute_derivative_with_attribution_rights_review_passed
WBGBIF2026_E0211,WBGBIF2026_E0211_F02_cropped,cropped,model_inputs/images_cropped/WBGBIF2026_E0211_F02_cropped.jpg,true,2,2,86fe743060a811e205baf5b6b5f76bc1765c454c2e4c388f27e4fc04a1277b88,86fe743060a811e205baf5b6b5f76bc1765c454c2e4c388f27e4fc04a1277b88,CC-BY-4.0,http://creativecommons.org/licenses/by/4.0/legalcode,redistribute_derivative_with_attribution_rights_review_passed
WBGBIF2026_E0211,WBGBIF2026_E0211_F03_cropped,cropped,model_inputs/images_cropped/WBGBIF2026_E0211_F03_cropped.jpg,true,3,3,1133a806f295e6d9b233cddadf4c5e28a93a16ae51027b355e363d7744395fa7,1133a806f295e6d9b233cddadf4c5e28a93a16ae51027b355e363d7744395fa7,CC-BY-4.0,http://creativecommons.org/licenses/by/4.0/legalcode,redistribute_derivative_with_attribution_rights_review_passed
WBGBIF2026_E0211,WBGBIF2026_E0211_F04_cropped,cropped,model_inputs/images_cropped/WBGBIF2026_E0211_F04_cropped.jpg,true,4,4,8ac85b3044e81813fdb7ea22d7c42ed87d5ce42f7d439acc5482250ee2b26720,8ac85b3044e81813fdb7ea22d7c42ed87d5ce42f7d439acc5482250ee2b26720,CC-BY-4.0,http://creativecommons.org/licenses/by/4.0/legalcode,redistribute_derivative_with_attribution_rights_review_passed
WBGBIF2026_E0212,WBGBIF2026_E0212_F00_cropped,cropped,model_inputs/images_cropped/WBGBIF2026_E0212_F00_cropped.jpg,true,0,0,44d681cd17b7def79eec1a924c118b9fee9de9912042c556a72cdae6ce36166d,44d681cd17b7def79eec1a924c118b9fee9de9912042c556a72cdae6ce36166d,CC-BY-4.0,http://creativecommons.org/licenses/by/4.0/legalcode,redistribute_derivative_with_attribution_rights_review_passed
WBGBIF2026_E0212,WBGBIF2026_E0212_F01_cropped,cropped,model_inputs/images_cropped/WBGBIF2026_E0212_F01_cropped.jpg,true,1,1,60d66d037b16d28c8cebee24a759410d22dcb7e0771239d2fd89493b360332ec,60d66d037b16d28c8cebee24a759410d22dcb7e0771239d2fd89493b360332ec,CC-BY-4.0,http://creativecommons.org/licenses/by/4.0/legalcode,redistribute_derivative_with_attribution_rights_review_passed
WBGBIF2026_E0212,WBGBIF2026_E0212_F02_cropped,cropped,model_inputs/images_cropped/WBGBIF2026_E0212_F02_cropped.jpg,true,2,2,5ad89d33093e4d7cc3ae8d6518aad42bc15f0ca3de5561734bef9418a3521853,5ad89d33093e4d7cc3ae8d6518aad42bc15f0ca3de5561734bef9418a3521853,CC-BY-4.0,http://creativecommons.org/licenses/by/4.0/legalcode,redistribute_derivative_with_attribution_rights_review_passed
WBGBIF2026_E0212,WBGBIF2026_E0212_F03_cropped,cropped,model_inputs/images_cropped/WBGBIF2026_E0212_F03_cropped.jpg,true,3,3,7fde2f50ba512b3b76e4aa09da9a8da5a15e77893a812cf73b2433f867005563,7fde2f50ba512b3b76e4aa09da9a8da5a15e77893a812cf73b2433f867005563,CC-BY-4.0,http://creativecommons.org/licenses/by/4.0/legalcode,redistribute_derivative_with_attribution_rights_review_passed
WBGBIF2026_E0212,WBGBIF2026_E0212_F04_cropped,cropped,model_inputs/images_cropped/WBGBIF2026_E0212_F04_cropped.jpg,true,4,4,5e4ec386f5b8e4dcb4b23fa41c0a1a3f026a33e760cb4f996f061345059fe8ab,5e4ec386f5b8e4dcb4b23fa41c0a1a3f026a33e760cb4f996f061345059fe8ab,CC-BY-4.0,http://creativecommons.org/licenses/by/4.0/legalcode,redistribute_derivative_with_attribution_rights_review_passed
WBGBIF2026_E0213,WBGBIF2026_E0213_F00_cropped,cropped,model_inputs/images_cropped/WBGBIF2026_E0213_F00_cropped.jpg,true,0,0,f10a187223375593b024f21b5d756411b565fc2b15a83c32a0ba96622d1e2901,f10a187223375593b024f21b5d756411b565fc2b15a83c32a0ba96622d1e2901,CC-BY-4.0,http://creativecommons.org/licenses/by/4.0/legalcode,redistribute_derivative_with_attribution_rights_review_passed
WBGBIF2026_E0213,WBGBIF2026_E0213_F01_cropped,cropped,model_inputs/images_cropped/WBGBIF2026_E0213_F01_cropped.jpg,true,1,1,bb491baed969e220f74b0c9bdf4ab9e3a775c59bfa8812200d995918a790e772,bb491baed969e220f74b0c9bdf4ab9e3a775c59bfa8812200d995918a790e772,CC-BY-4.0,http://creativecommons.org/licenses/by/4.0/legalcode,redistribute_derivative_with_attribution_rights_review_passed
WBGBIF2026_E0213,WBGBIF2026_E0213_F02_cropped,cropped,model_inputs/images_cropped/WBGBIF2026_E0213_F02_cropped.jpg,true,2,2,2d001aeaec15f946129e2c16df23ef50e2d276a5d68cb1cc6f7e4caedfd99021,2d001aeaec15f946129e2c16df23ef50e2d276a5d68cb1cc6f7e4caedfd99021,CC-BY-4.0,http://creativecommons.org/licenses/by/4.0/legalcode,redistribute_derivative_with_attribution_rights_review_passed
WBGBIF2026_E0213,WBGBIF2026_E0213_F03_cropped,cropped,model_inputs/images_cropped/WBGBIF2026_E0213_F03_cropped.jpg,true,3,3,11420c8ddb6e714fb6d060a201bb9b81986dec42997a2715a9de6371580982ea,11420c8ddb6e714fb6d060a201bb9b81986dec42997a2715a9de6371580982ea,CC-BY-4.0,http://creativecommons.org/licenses/by/4.0/legalcode,redistribute_derivative_with_attribution_rights_review_passed
WBGBIF2026_E0213,WBGBIF2026_E0213_F04_cropped,cropped,model_inputs/images_cropped/WBGBIF2026_E0213_F04_cropped.jpg,true,4,4,ccb600afc4a41b213784656672f73ca78d22432b8f77a8163c2e0920f8c012b2,ccb600afc4a41b213784656672f73ca78d22432b8f77a8163c2e0920f8c012b2,CC-BY-4.0,http://creativecommons.org/licenses/by/4.0/legalcode,redistribute_derivative_with_attribution_rights_review_passed
WBGBIF2026_E0214,WBGBIF2026_E0214_F00_cropped,cropped,model_inputs/images_cropped/WBGBIF2026_E0214_F00_cropped.jpg,true,0,0,523d8ca83de9e2eca86f3976bae0f0bba3b1c5ce2af0c7dc9e274e602f28f48d,523d8ca83de9e2eca86f3976bae0f0bba3b1c5ce2af0c7dc9e274e602f28f48d,CC0-1.0,http://creativecommons.org/publicdomain/zero/1.0/legalcode,redistribute_derivative_rights_review_passed
WBGBIF2026_E0214,WBGBIF2026_E0214_F01_cropped,cropped,model_inputs/images_cropped/WBGBIF2026_E0214_F01_cropped.jpg,true,1,1,955f0234b0b050802b9ada4553444fb3f91e1ca9348b2f261818cfb88d5a1d00,955f0234b0b050802b9ada4553444fb3f91e1ca9348b2f261818cfb88d5a1d00,CC0-1.0,http://creativecommons.org/publicdomain/zero/1.0/legalcode,redistribute_derivative_rights_review_passed
WBGBIF2026_E0214,WBGBIF2026_E0214_F02_cropped,cropped,model_inputs/images_cropped/WBGBIF2026_E0214_F02_cropped.jpg,true,2,2,68ffe1c31eba48006a892e3a5860bf300762f9e66662825773733fdcd0e965d5,68ffe1c31eba48006a892e3a5860bf300762f9e66662825773733fdcd0e965d5,CC0-1.0,http://creativecommons.org/publicdomain/zero/1.0/legalcode,redistribute_derivative_rights_review_passed
WBGBIF2026_E0214,WBGBIF2026_E0214_F03_cropped,cropped,model_inputs/images_cropped/WBGBIF2026_E0214_F03_cropped.jpg,true,3,3,86d6a2c7de7119c4b967c645adcaa2a97b078881a75ddf8ea75e80aeefe80e04,86d6a2c7de7119c4b967c645adcaa2a97b078881a75ddf8ea75e80aeefe80e04,CC0-1.0,http://creativecommons.org/publicdomain/zero/1.0/legalcode,redistribute_derivative_rights_review_passed
WBGBIF2026_E0214,WBGBIF2026_E0214_F04_cropped,cropped,model_inputs/images_cropped/WBGBIF2026_E0214_F04_cropped.jpg,true,4,4,b87c96538b2a2720e7ff093321c2d8a8684785e0e096182b474f5adecbf2727d,b87c96538b2a2720e7ff093321c2d8a8684785e0e096182b474f5adecbf2727d,CC0-1.0,http://creativecommons.org/publicdomain/zero/1.0/legalcode,redistribute_derivative_rights_review_passed
WBGBIF2026_E0215,WBGBIF2026_E0215_F00_cropped,cropped,model_inputs/images_cropped/WBGBIF2026_E0215_F00_cropped.jpg,true,0,0,2d5acf11ef3dd5b958c186d4a7ba53011e5811f6e78a957eb78aa41cf2e3846d,2d5acf11ef3dd5b958c186d4a7ba53011e5811f6e78a957eb78aa41cf2e3846d,CC0-1.0,http://creativecommons.org/publicdomain/zero/1.0/legalcode,redistribute_derivative_rights_review_passed
WBGBIF2026_E0215,WBGBIF2026_E0215_F01_cropped,cropped,model_inputs/images_cropped/WBGBIF2026_E0215_F01_cropped.jpg,true,1,1,ef128acfa3ccfdde0130744b8833d5148ad258ff197398240d5973089d61d7a1,ef128acfa3ccfdde0130744b8833d5148ad258ff197398240d5973089d61d7a1,CC0-1.0,http://creativecommons.org/publicdomain/zero/1.0/legalcode,redistribute_derivative_rights_review_passed
WBGBIF2026_E0215,WBGBIF2026_E0215_F02_cropped,cropped,model_inputs/images_cropped/WBGBIF2026_E0215_F02_cropped.jpg,true,2,2,8f213419ff4d4a114451e002d2406cb2bec2b758266d54c834ca79c9605cce27,8f213419ff4d4a114451e002d2406cb2bec2b758266d54c834ca79c9605cce27,CC0-1.0,http://creativecommons.org/publicdomain/zero/1.0/legalcode,redistribute_derivative_rights_review_passed
WBGBIF2026_E0215,WBGBIF2026_E0215_F03_cropped,cropped,model_inputs/images_cropped/WBGBIF2026_E0215_F03_cropped.jpg,true,3,3,72f9b9c61e0565604955c7833b6d37e107a21eb4ad22c6eaf7854c6746a56ee7,72f9b9c61e0565604955c7833b6d37e107a21eb4ad22c6eaf7854c6746a56ee7,CC0-1.0,http://creativecommons.org/publicdomain/zero/1.0/legalcode,redistribute_derivative_rights_review_passed
WBGBIF2026_E0215,WBGBIF2026_E0215_F04_cropped,cropped,model_inputs/images_cropped/WBGBIF2026_E0215_F04_cropped.jpg,true,4,4,e03231e9fb3e6c2b025f0d01ee4c2a3d8fdcb3ff5fa8a5cc0aebd30827049d95,e03231e9fb3e6c2b025f0d01ee4c2a3d8fdcb3ff5fa8a5cc0aebd30827049d95,CC0-1.0,http://creativecommons.org/publicdomain/zero/1.0/legalcode,redistribute_derivative_rights_review_passed
WBGBIF2026_E0216,WBGBIF2026_E0216_F00_cropped,cropped,model_inputs/images_cropped/WBGBIF2026_E0216_F00_cropped.jpg,true,0,0,d60acc0c2a627715cec5e18114ff36988f164961fd63ee2d94322aa883ac9fa7,d60acc0c2a627715cec5e18114ff36988f164961fd63ee2d94322aa883ac9fa7,CC0-1.0,http://creativecommons.org/publicdomain/zero/1.0/legalcode,redistribute_derivative_rights_review_passed
WBGBIF2026_E0216,WBGBIF2026_E0216_F01_cropped,cropped,model_inputs/images_cropped/WBGBIF2026_E0216_F01_cropped.jpg,true,1,1,c44eda46022825d671fcba8c29e1a17db1dcb7d6b1c7c47c980e31a11fc07180,c44eda46022825d671fcba8c29e1a17db1dcb7d6b1c7c47c980e31a11fc07180,CC0-1.0,http://creativecommons.org/publicdomain/zero/1.0/legalcode,redistribute_derivative_rights_review_passed
WBGBIF2026_E0216,WBGBIF2026_E0216_F02_cropped,cropped,model_inputs/images_cropped/WBGBIF2026_E0216_F02_cropped.jpg,true,2,2,b7b53b6acb33a04fe1181b2e295bedbc09dd5025b5a8cfdfb074c589490845db,b7b53b6acb33a04fe1181b2e295bedbc09dd5025b5a8cfdfb074c589490845db,CC0-1.0,http://creativecommons.org/publicdomain/zero/1.0/legalcode,redistribute_derivative_rights_review_passed
WBGBIF2026_E0216,WBGBIF2026_E0216_F03_cropped,cropped,model_inputs/images_cropped/WBGBIF2026_E0216_F03_cropped.jpg,true,3,3,d9b44593918c1371616a8d403ea7a836e340c3dd63f69adf9d0201083a85ccb9,d9b44593918c1371616a8d403ea7a836e340c3dd63f69adf9d0201083a85ccb9,CC0-1.0,http://creativecommons.org/publicdomain/zero/1.0/legalcode,redistribute_derivative_rights_review_passed
WBGBIF2026_E0216,WBGBIF2026_E0216_F04_cropped,cropped,model_inputs/images_cropped/WBGBIF2026_E0216_F04_cropped.jpg,true,4,4,2a3f884097d48359c357fc55b72ab2e5fe06ba1270f3464756e2c3c8b6b4f3b0,2a3f884097d48359c357fc55b72ab2e5fe06ba1270f3464756e2c3c8b6b4f3b0,CC0-1.0,http://creativecommons.org/publicdomain/zero/1.0/legalcode,redistribute_derivative_rights_review_passed
WBGBIF2026_E0217,WBGBIF2026_E0217_F00_cropped,cropped,model_inputs/images_cropped/WBGBIF2026_E0217_F00_cropped.jpg,true,0,0,bcf4ad7d2936de396b9455009f14aa3dd9da68ace8ceb4babaacd5b3949461fb,bcf4ad7d2936de396b9455009f14aa3dd9da68ace8ceb4babaacd5b3949461fb,CC0-1.0,http://creativecommons.org/publicdomain/zero/1.0/legalcode,redistribute_derivative_rights_review_passed
WBGBIF2026_E0217,WBGBIF2026_E0217_F01_cropped,cropped,model_inputs/images_cropped/WBGBIF2026_E0217_F01_cropped.jpg,true,1,1,21248e9378c23ccdd1c0ed04fe96d199fe31f154fa679559f329cc3abaa60888,21248e9378c23ccdd1c0ed04fe96d199fe31f154fa679559f329cc3abaa60888,CC0-1.0,http://creativecommons.org/publicdomain/zero/1.0/legalcode,redistribute_derivative_rights_review_passed
WBGBIF2026_E0217,WBGBIF2026_E0217_F02_cropped,cropped,model_inputs/images_cropped/WBGBIF2026_E0217_F02_cropped.jpg,true,2,2,0735c0b3f513cd7cbdbec3f70cf61b68369bf3809081727f88f96c2157e23e8b,0735c0b3f513cd7cbdbec3f70cf61b68369bf3809081727f88f96c2157e23e8b,CC0-1.0,http://creativecommons.org/publicdomain/zero/1.0/legalcode,redistribute_derivative_rights_review_passed
WBGBIF2026_E0218,WBGBIF2026_E0218_F00_cropped,cropped,model_inputs/images_cropped/WBGBIF2026_E0218_F00_cropped.jpg,true,0,0,7ecfb231c247b6af3d261ed66e2a6fbecb6f889227db6c9ec985c2b643ee039b,7ecfb231c247b6af3d261ed66e2a6fbecb6f889227db6c9ec985c2b643ee039b,CC0-1.0,http://creativecommons.org/publicdomain/zero/1.0/legalcode,redistribute_derivative_rights_review_passed
WBGBIF2026_E0218,WBGBIF2026_E0218_F01_cropped,cropped,model_inputs/images_cropped/WBGBIF2026_E0218_F01_cropped.jpg,true,1,1,c7da4708b694826d4aa89c3b542d8c301ec511675d38357cfaea1c67fda61345,c7da4708b694826d4aa89c3b542d8c301ec511675d38357cfaea1c67fda61345,CC0-1.0,http://creativecommons.org/publicdomain/zero/1.0/legalcode,redistribute_derivative_rights_review_passed
WBGBIF2026_E0219,WBGBIF2026_E0219_F00_cropped,cropped,model_inputs/images_cropped/WBGBIF2026_E0219_F00_cropped.jpg,true,0,0,81e9e26b40eabb80c791e462fae022c4d4baceec7671b1fc8b4c637549bf58c8,81e9e26b40eabb80c791e462fae022c4d4baceec7671b1fc8b4c637549bf58c8,CC0-1.0,http://creativecommons.org/publicdomain/zero/1.0/legalcode,redistribute_derivative_rights_review_passed
WBGBIF2026_E0219,WBGBIF2026_E0219_F01_cropped,cropped,model_inputs/images_cropped/WBGBIF2026_E0219_F01_cropped.jpg,true,1,1,5849b5679b120ef2ed0f3621911f0b6a32695179f40f669e6a62d08884108fe1,5849b5679b120ef2ed0f3621911f0b6a32695179f40f669e6a62d08884108fe1,CC0-1.0,http://creativecommons.org/publicdomain/zero/1.0/legalcode,redistribute_derivative_rights_review_passed
WBGBIF2026_E0219,WBGBIF2026_E0219_F02_cropped,cropped,model_inputs/images_cropped/WBGBIF2026_E0219_F02_cropped.jpg,true,2,2,41e097e8fe620b0a2fb9f2c5e3ca106b1620b3106a8e0bc0ed1491c85926b383,41e097e8fe620b0a2fb9f2c5e3ca106b1620b3106a8e0bc0ed1491c85926b383,CC0-1.0,http://creativecommons.org/publicdomain/zero/1.0/legalcode,redistribute_derivative_rights_review_passed
WBGBIF2026_E0220,WBGBIF2026_E0220_F00_cropped,cropped,model_inputs/images_cropped/WBGBIF2026_E0220_F00_cropped.jpg,true,0,0,ea44a5511cbd45905759db8a3b2c85a3ac20d1a68d8dc28aa557152b071ba854,ea44a5511cbd45905759db8a3b2c85a3ac20d1a68d8dc28aa557152b071ba854,CC0-1.0,http://creativecommons.org/publicdomain/zero/1.0/legalcode,redistribute_derivative_rights_review_passed
WBGBIF2026_E0220,WBGBIF2026_E0220_F01_cropped,cropped,model_inputs/images_cropped/WBGBIF2026_E0220_F01_cropped.jpg,true,1,1,561edf495ddbf7b8013c947a81f990a81ffd306f4ed963505ba67483560d85a8,561edf495ddbf7b8013c947a81f990a81ffd306f4ed963505ba67483560d85a8,CC0-1.0,http://creativecommons.org/publicdomain/zero/1.0/legalcode,redistribute_derivative_rights_review_passed
WBGBIF2026_E0220,WBGBIF2026_E0220_F02_cropped,cropped,model_inputs/images_cropped/WBGBIF2026_E0220_F02_cropped.jpg,true,2,2,046d540d39507ee4870972dd33ba658432b770b94149373b6da8fd7653814f10,046d540d39507ee4870972dd33ba658432b770b94149373b6da8fd7653814f10,CC0-1.0,http://creativecommons.org/publicdomain/zero/1.0/legalcode,redistribute_derivative_rights_review_passed
WBGBIF2026_E0221,WBGBIF2026_E0221_F00_cropped,cropped,model_inputs/images_cropped/WBGBIF2026_E0221_F00_cropped.jpg,true,0,0,90bebc1532558027da34a8f2f2a7f44f947b7fdbc78b152ac0f8c432f853bf0b,90bebc1532558027da34a8f2f2a7f44f947b7fdbc78b152ac0f8c432f853bf0b,CC0-1.0,http://creativecommons.org/publicdomain/zero/1.0/legalcode,redistribute_derivative_rights_review_passed
WBGBIF2026_E0221,WBGBIF2026_E0221_F01_cropped,cropped,model_inputs/images_cropped/WBGBIF2026_E0221_F01_cropped.jpg,true,1,1,c8e1e1b4c54d9e87c4ac1ff72cabd64201c47b1ea078b41c2b2762f13ae5fb95,c8e1e1b4c54d9e87c4ac1ff72cabd64201c47b1ea078b41c2b2762f13ae5fb95,CC0-1.0,http://creativecommons.org/publicdomain/zero/1.0/legalcode,redistribute_derivative_rights_review_passed
WBGBIF2026_E0221,WBGBIF2026_E0221_F02_cropped,cropped,model_inputs/images_cropped/WBGBIF2026_E0221_F02_cropped.jpg,true,2,2,b3a9e7bb220238d0ba36e0c5849c1f99c38514bfc97a3e6fbe1bae1e7876bdd4,b3a9e7bb220238d0ba36e0c5849c1f99c38514bfc97a3e6fbe1bae1e7876bdd4,CC0-1.0,http://creativecommons.org/publicdomain/zero/1.0/legalcode,redistribute_derivative_rights_review_passed
WBGBIF2026_E0222,WBGBIF2026_E0222_F00_cropped,cropped,model_inputs/images_cropped/WBGBIF2026_E0222_F00_cropped.jpg,true,0,0,f818989e02797d02a00d740ccc9ed3ce9380579e2412710a55551ff6010097d8,f818989e02797d02a00d740ccc9ed3ce9380579e2412710a55551ff6010097d8,CC0-1.0,http://creativecommons.org/publicdomain/zero/1.0/legalcode,redistribute_derivative_rights_review_passed
WBGBIF2026_E0222,WBGBIF2026_E0222_F01_cropped,cropped,model_inputs/images_cropped/WBGBIF2026_E0222_F01_cropped.jpg,true,1,1,3a6d91b9d7588896b0a7f54a8c2f0a5de6889b0f62d3e6659afcd2a9e5bb9dda,3a6d91b9d7588896b0a7f54a8c2f0a5de6889b0f62d3e6659afcd2a9e5bb9dda,CC0-1.0,http://creativecommons.org/publicdomain/zero/1.0/legalcode,redistribute_derivative_rights_review_passed
WBGBIF2026_E0222,WBGBIF2026_E0222_F02_cropped,cropped,model_inputs/images_cropped/WBGBIF2026_E0222_F02_cropped.jpg,true,2,2,1182b998d33f2477b37cdca94d70c1cb6afa8236f8e11110d3a0f25dd47f48d3,1182b998d33f2477b37cdca94d70c1cb6afa8236f8e11110d3a0f25dd47f48d3,CC0-1.0,http://creativecommons.org/publicdomain/zero/1.0/legalcode,redistribute_derivative_rights_review_passed
WBGBIF2026_E0226,WBGBIF2026_E0226_F00_cropped,cropped,model_inputs/images_cropped/WBGBIF2026_E0226_F00_cropped.jpg,true,0,0,543c044b32b6081e00a35119cc5e12f562090f1624cbdcac53687132c84327b7,543c044b32b6081e00a35119cc5e12f562090f1624cbdcac53687132c84327b7,CC0-1.0,http://creativecommons.org/publicdomain/zero/1.0/legalcode,redistribute_derivative_rights_review_passed
WBGBIF2026_E0226,WBGBIF2026_E0226_F01_cropped,cropped,model_inputs/images_cropped/WBGBIF2026_E0226_F01_cropped.jpg,true,1,1,b9f12205c351fb040220515a6991a85f199618c2c93db9d053648f0f9bb51f92,b9f12205c351fb040220515a6991a85f199618c2c93db9d053648f0f9bb51f92,CC0-1.0,http://creativecommons.org/publicdomain/zero/1.0/legalcode,redistribute_derivative_rights_review_passed
WBGBIF2026_E0226,WBGBIF2026_E0226_F02_cropped,cropped,model_inputs/images_cropped/WBGBIF2026_E0226_F02_cropped.jpg,true,2,2,9fe32590da6095128162ed16023c0d5708060e886d260840e79ac2131bb46b09,9fe32590da6095128162ed16023c0d5708060e886d260840e79ac2131bb46b09,CC0-1.0,http://creativecommons.org/publicdomain/zero/1.0/legalcode,redistribute_derivative_rights_review_passed
WBGBIF2026_E0226,WBGBIF2026_E0226_F03_cropped,cropped,model_inputs/images_cropped/WBGBIF2026_E0226_F03_cropped.jpg,true,3,3,84b61864da800916d4e962cfbcaa646da6514c669c3a8aa39fbc1ddced3af061,84b61864da800916d4e962cfbcaa646da6514c669c3a8aa39fbc1ddced3af061,CC0-1.0,http://creativecommons.org/publicdomain/zero/1.0/legalcode,redistribute_derivative_rights_review_passed
WBGBIF2026_E0226,WBGBIF2026_E0226_F04_cropped,cropped,model_inputs/images_cropped/WBGBIF2026_E0226_F04_cropped.jpg,true,4,4,d7197c74d4f68781ba392b4134c87a709465b954b89d9bc3d8527bfbaf63b48c,d7197c74d4f68781ba392b4134c87a709465b954b89d9bc3d8527bfbaf63b48c,CC0-1.0,http://creativecommons.org/publicdomain/zero/1.0/legalcode,redistribute_derivative_rights_review_passed
WBGBIF2026_E0227,WBGBIF2026_E0227_F00_cropped,cropped,model_inputs/images_cropped/WBGBIF2026_E0227_F00_cropped.jpg,true,0,0,c19f7c992fd098cad7386914606982551cb7ad5b2c1842db30b0250fcb2b85a6,c19f7c992fd098cad7386914606982551cb7ad5b2c1842db30b0250fcb2b85a6,CC0-1.0,http://creativecommons.org/publicdomain/zero/1.0/legalcode,redistribute_derivative_rights_review_passed
WBGBIF2026_E0227,WBGBIF2026_E0227_F01_cropped,cropped,model_inputs/images_cropped/WBGBIF2026_E0227_F01_cropped.jpg,true,1,1,3c1b1fd33b1b577a3925eaef1c80cd9fde4ef90b171a8c23cd284c3a06a1f25b,3c1b1fd33b1b577a3925eaef1c80cd9fde4ef90b171a8c23cd284c3a06a1f25b,CC0-1.0,http://creativecommons.org/publicdomain/zero/1.0/legalcode,redistribute_derivative_rights_review_passed
WBGBIF2026_E0227,WBGBIF2026_E0227_F02_cropped,cropped,model_inputs/images_cropped/WBGBIF2026_E0227_F02_cropped.jpg,true,2,2,61d99cd18e16167900fcb8b3c2d308631c41c18edd6b341ffc3134cf0c859544,61d99cd18e16167900fcb8b3c2d308631c41c18edd6b341ffc3134cf0c859544,CC0-1.0,http://creativecommons.org/publicdomain/zero/1.0/legalcode,redistribute_derivative_rights_review_passed
WBGBIF2026_E0227,WBGBIF2026_E0227_F03_cropped,cropped,model_inputs/images_cropped/WBGBIF2026_E0227_F03_cropped.jpg,true,3,3,7799a1f3b06a1507eb449747e7e6236c8cae1166eca71cd49314f93672803cdc,7799a1f3b06a1507eb449747e7e6236c8cae1166eca71cd49314f93672803cdc,CC0-1.0,http://creativecommons.org/publicdomain/zero/1.0/legalcode,redistribute_derivative_rights_review_passed
WBGBIF2026_E0227,WBGBIF2026_E0227_F04_cropped,cropped,model_inputs/images_cropped/WBGBIF2026_E0227_F04_cropped.jpg,true,4,4,c03250f87a4510de958e7488765333c5252991c3d1d403cb586aa711652c8bfa,c03250f87a4510de958e7488765333c5252991c3d1d403cb586aa711652c8bfa,CC0-1.0,http://creativecommons.org/publicdomain/zero/1.0/legalcode,redistribute_derivative_rights_review_passed
WBGBIF2026_E0228,WBGBIF2026_E0228_F00_cropped,cropped,model_inputs/images_cropped/WBGBIF2026_E0228_F00_cropped.jpg,true,0,0,64127e10d07a60d11778c79f654bd31a922cec60598567df713c931c504f0828,64127e10d07a60d11778c79f654bd31a922cec60598567df713c931c504f0828,CC0-1.0,http://creativecommons.org/publicdomain/zero/1.0/legalcode,redistribute_derivative_rights_review_passed
WBGBIF2026_E0228,WBGBIF2026_E0228_F01_cropped,cropped,model_inputs/images_cropped/WBGBIF2026_E0228_F01_cropped.jpg,true,1,1,578764651c56c1dc4d1c19f70c9fbd4d594a283e9365da16805e9a098c8d46df,578764651c56c1dc4d1c19f70c9fbd4d594a283e9365da16805e9a098c8d46df,CC0-1.0,http://creativecommons.org/publicdomain/zero/1.0/legalcode,redistribute_derivative_rights_review_passed
WBGBIF2026_E0228,WBGBIF2026_E0228_F02_cropped,cropped,model_inputs/images_cropped/WBGBIF2026_E0228_F02_cropped.jpg,true,2,2,6e6241c31fb1f1421e5bb287063f27f153c1b2d32728d1821c580c42173400aa,6e6241c31fb1f1421e5bb287063f27f153c1b2d32728d1821c580c42173400aa,CC0-1.0,http://creativecommons.org/publicdomain/zero/1.0/legalcode,redistribute_derivative_rights_review_passed
WBGBIF2026_E0228,WBGBIF2026_E0228_F03_cropped,cropped,model_inputs/images_cropped/WBGBIF2026_E0228_F03_cropped.jpg,true,3,3,e3041ecf62f5028d260add58f973120027ffe6b31b646f10318f7f01fcce6411,e3041ecf62f5028d260add58f973120027ffe6b31b646f10318f7f01fcce6411,CC0-1.0,http://creativecommons.org/publicdomain/zero/1.0/legalcode,redistribute_derivative_rights_review_passed
WBGBIF2026_E0228,WBGBIF2026_E0228_F04_cropped,cropped,model_inputs/images_cropped/WBGBIF2026_E0228_F04_cropped.jpg,true,4,4,f0824143ca2996871f57a87005a019a1e18f4979a86158fc7bf757a1eb26606e,f0824143ca2996871f57a87005a019a1e18f4979a86158fc7bf757a1eb26606e,CC0-1.0,http://creativecommons.org/publicdomain/zero/1.0/legalcode,redistribute_derivative_rights_review_passed
WBGBIF2026_E0229,WBGBIF2026_E0229_F00_cropped,cropped,model_inputs/images_cropped/WBGBIF2026_E0229_F00_cropped.jpg,true,0,0,4b5ddba1dc98f989efd9fa4032aee17eec6a0c7a69f2b33945279a51b80de5b1,4b5ddba1dc98f989efd9fa4032aee17eec6a0c7a69f2b33945279a51b80de5b1,CC0-1.0,http://creativecommons.org/publicdomain/zero/1.0/legalcode,redistribute_derivative_rights_review_passed
WBGBIF2026_E0229,WBGBIF2026_E0229_F01_cropped,cropped,model_inputs/images_cropped/WBGBIF2026_E0229_F01_cropped.jpg,true,1,1,b1d7680a13992a0bc30ffde70102ba9f71921d8bffdd92c5033f6ca7efca427b,b1d7680a13992a0bc30ffde70102ba9f71921d8bffdd92c5033f6ca7efca427b,CC0-1.0,http://creativecommons.org/publicdomain/zero/1.0/legalcode,redistribute_derivative_rights_review_passed
WBGBIF2026_E0229,WBGBIF2026_E0229_F02_cropped,cropped,model_inputs/images_cropped/WBGBIF2026_E0229_F02_cropped.jpg,true,2,2,727e7a21fe5479fdc12279fb3f8732dec2822c16ea0dc8b2796e7e7114adb4e7,727e7a21fe5479fdc12279fb3f8732dec2822c16ea0dc8b2796e7e7114adb4e7,CC0-1.0,http://creativecommons.org/publicdomain/zero/1.0/legalcode,redistribute_derivative_rights_review_passed
WBGBIF2026_E0229,WBGBIF2026_E0229_F03_cropped,cropped,model_inputs/images_cropped/WBGBIF2026_E0229_F03_cropped.jpg,true,3,3,48cc039668b51ffdda600bea6dd862c6402dbfea29706abde8c20a70ff0ab61e,48cc039668b51ffdda600bea6dd862c6402dbfea29706abde8c20a70ff0ab61e,CC0-1.0,http://creativecommons.org/publicdomain/zero/1.0/legalcode,redistribute_derivative_rights_review_passed
WBGBIF2026_E0229,WBGBIF2026_E0229_F04_cropped,cropped,model_inputs/images_cropped/WBGBIF2026_E0229_F04_cropped.jpg,true,4,4,999f4b107678eccbd5e70fc973ab9cd2616eaa1a1b499409f7066d03ab6245b9,999f4b107678eccbd5e70fc973ab9cd2616eaa1a1b499409f7066d03ab6245b9,CC0-1.0,http://creativecommons.org/publicdomain/zero/1.0/legalcode,redistribute_derivative_rights_review_passed
WBGBIF2026_E0230,WBGBIF2026_E0230_F00_cropped,cropped,model_inputs/images_cropped/WBGBIF2026_E0230_F00_cropped.jpg,true,0,0,68b535aff6bddefb20733055e2e83c8443abe5eaf93bb265068376518b77f98f,68b535aff6bddefb20733055e2e83c8443abe5eaf93bb265068376518b77f98f,CC0-1.0,http://creativecommons.org/publicdomain/zero/1.0/legalcode,redistribute_derivative_rights_review_passed
WBGBIF2026_E0230,WBGBIF2026_E0230_F01_cropped,cropped,model_inputs/images_cropped/WBGBIF2026_E0230_F01_cropped.jpg,true,1,1,e4127513c7367eebcd38f74949c2cacd31a94c500d70c77ac10e0fc2e36e9a63,e4127513c7367eebcd38f74949c2cacd31a94c500d70c77ac10e0fc2e36e9a63,CC0-1.0,http://creativecommons.org/publicdomain/zero/1.0/legalcode,redistribute_derivative_rights_review_passed
WBGBIF2026_E0231,WBGBIF2026_E0231_F00_cropped,cropped,model_inputs/images_cropped/WBGBIF2026_E0231_F00_cropped.jpg,true,0,0,7ac96a7c89c16ae95b7d03b4c3050ea0c7e608aa0217d5e603bcc1c3739a8046,7ac96a7c89c16ae95b7d03b4c3050ea0c7e608aa0217d5e603bcc1c3739a8046,CC0-1.0,http://creativecommons.org/publicdomain/zero/1.0/legalcode,redistribute_derivative_rights_review_passed
WBGBIF2026_E0231,WBGBIF2026_E0231_F01_cropped,cropped,model_inputs/images_cropped/WBGBIF2026_E0231_F01_cropped.jpg,true,1,1,32a606115b215c66d7ab53b7fed35ee1f97a924b8cb60a6ccf1ef4572bb82817,32a606115b215c66d7ab53b7fed35ee1f97a924b8cb60a6ccf1ef4572bb82817,CC0-1.0,http://creativecommons.org/publicdomain/zero/1.0/legalcode,redistribute_derivative_rights_review_passed
WBGBIF2026_E0238,WBGBIF2026_E0238_F00_cropped,cropped,model_inputs/images_cropped/WBGBIF2026_E0238_F00_cropped.jpg,true,0,0,5aad8c360d4f7c2cdd1a15a6cc4bc7d38821815feda25dfde081475637e39370,5aad8c360d4f7c2cdd1a15a6cc4bc7d38821815feda25dfde081475637e39370,CC-BY-4.0,http://creativecommons.org/licenses/by/4.0/legalcode,redistribute_derivative_with_attribution_rights_review_passed
WBGBIF2026_E0238,WBGBIF2026_E0238_F01_cropped,cropped,model_inputs/images_cropped/WBGBIF2026_E0238_F01_cropped.jpg,true,1,1,aded990818346a0c215028d5d054d81eeace4ef675d11d68658e2239190a3811,aded990818346a0c215028d5d054d81eeace4ef675d11d68658e2239190a3811,CC-BY-4.0,http://creativecommons.org/licenses/by/4.0/legalcode,redistribute_derivative_with_attribution_rights_review_passed
WBGBIF2026_E0238,WBGBIF2026_E0238_F02_cropped,cropped,model_inputs/images_cropped/WBGBIF2026_E0238_F02_cropped.jpg,true,2,2,e3bf843c0a70e071f83403d0742e532f0b12e8aca6ca1877eb8daac48b0b903c,e3bf843c0a70e071f83403d0742e532f0b12e8aca6ca1877eb8daac48b0b903c,CC-BY-4.0,http://creativecommons.org/licenses/by/4.0/legalcode,redistribute_derivative_with_attribution_rights_review_passed
WBGBIF2026_E0238,WBGBIF2026_E0238_F03_cropped,cropped,model_inputs/images_cropped/WBGBIF2026_E0238_F03_cropped.jpg,true,3,3,b02bfc1cdd6d760aa4c39f326eb80830cb9ec0d1abdd17505eed1ab3130d22aa,b02bfc1cdd6d760aa4c39f326eb80830cb9ec0d1abdd17505eed1ab3130d22aa,CC-BY-4.0,http://creativecommons.org/licenses/by/4.0/legalcode,redistribute_derivative_with_attribution_rights_review_passed
WBGBIF2026_E0238,WBGBIF2026_E0238_F04_cropped,cropped,model_inputs/images_cropped/WBGBIF2026_E0238_F04_cropped.jpg,true,4,4,7f65e5dc1757ca88364011452fc6d4927223cfc8ab61536bc4e4d1dc7b18b2d4,7f65e5dc1757ca88364011452fc6d4927223cfc8ab61536bc4e4d1dc7b18b2d4,CC-BY-4.0,http://creativecommons.org/licenses/by/4.0/legalcode,redistribute_derivative_with_attribution_rights_review_passed
WBGBIF2026_E0239,WBGBIF2026_E0239_F00_cropped,cropped,model_inputs/images_cropped/WBGBIF2026_E0239_F00_cropped.jpg,true,0,0,ebaecbb70bec93265dd6c84a443cee0b8738be1346001e7b4f689b31a38f0261,ebaecbb70bec93265dd6c84a443cee0b8738be1346001e7b4f689b31a38f0261,CC-BY-4.0,http://creativecommons.org/licenses/by/4.0/legalcode,redistribute_derivative_with_attribution_rights_review_passed
WBGBIF2026_E0239,WBGBIF2026_E0239_F01_cropped,cropped,model_inputs/images_cropped/WBGBIF2026_E0239_F01_cropped.jpg,true,1,1,ca026c8fc9128890babdcf21bac6727837ff03bc239c7f08e7ce5386c6bb5b52,ca026c8fc9128890babdcf21bac6727837ff03bc239c7f08e7ce5386c6bb5b52,CC-BY-4.0,http://creativecommons.org/licenses/by/4.0/legalcode,redistribute_derivative_with_attribution_rights_review_passed
WBGBIF2026_E0239,WBGBIF2026_E0239_F02_cropped,cropped,model_inputs/images_cropped/WBGBIF2026_E0239_F02_cropped.jpg,true,2,2,6a94628c8b61b9685f604fae32e4e9594541b792d0f60d7225c25c8315a2557c,6a94628c8b61b9685f604fae32e4e9594541b792d0f60d7225c25c8315a2557c,CC-BY-4.0,http://creativecommons.org/licenses/by/4.0/legalcode,redistribute_derivative_with_attribution_rights_review_passed
WBGBIF2026_E0239,WBGBIF2026_E0239_F03_cropped,cropped,model_inputs/images_cropped/WBGBIF2026_E0239_F03_cropped.jpg,true,3,3,d12ab7c189451ba2eabcbe63c6f4689f304cde7fd8f664b369f4a981e70f8807,d12ab7c189451ba2eabcbe63c6f4689f304cde7fd8f664b369f4a981e70f8807,CC-BY-4.0,http://creativecommons.org/licenses/by/4.0/legalcode,redistribute_derivative_with_attribution_rights_review_passed
WBGBIF2026_E0239,WBGBIF2026_E0239_F04_cropped,cropped,model_inputs/images_cropped/WBGBIF2026_E0239_F04_cropped.jpg,true,4,4,48642d2bc8b1781f2439cac72ee525297e1bf14b68e49ef2bc968c6153a2f565,48642d2bc8b1781f2439cac72ee525297e1bf14b68e49ef2bc968c6153a2f565,CC-BY-4.0,http://creativecommons.org/licenses/by/4.0/legalcode,redistribute_derivative_with_attribution_rights_review_passed
WBGBIF2026_E0240,WBGBIF2026_E0240_F00_cropped,cropped,model_inputs/images_cropped/WBGBIF2026_E0240_F00_cropped.jpg,true,0,0,758da5d4825e43968e0c57ea08b98d27cdfa1c3218fd4cf72f61f79985769593,758da5d4825e43968e0c57ea08b98d27cdfa1c3218fd4cf72f61f79985769593,CC-BY-4.0,http://creativecommons.org/licenses/by/4.0/legalcode,redistribute_derivative_with_attribution_rights_review_passed
WBGBIF2026_E0240,WBGBIF2026_E0240_F01_cropped,cropped,model_inputs/images_cropped/WBGBIF2026_E0240_F01_cropped.jpg,true,1,1,5998a27f734f8ca3113810ac33ba7cf84cd3463245bdc88b44a0194d3bc957ef,5998a27f734f8ca3113810ac33ba7cf84cd3463245bdc88b44a0194d3bc957ef,CC-BY-4.0,http://creativecommons.org/licenses/by/4.0/legalcode,redistribute_derivative_with_attribution_rights_review_passed
WBGBIF2026_E0240,WBGBIF2026_E0240_F02_cropped,cropped,model_inputs/images_cropped/WBGBIF2026_E0240_F02_cropped.jpg,true,2,2,fc9c48ada45007f529934cdf1c581ca02a9a950535b0f132a17e34e03d798148,fc9c48ada45007f529934cdf1c581ca02a9a950535b0f132a17e34e03d798148,CC-BY-4.0,http://creativecommons.org/licenses/by/4.0/legalcode,redistribute_derivative_with_attribution_rights_review_passed
WBGBIF2026_E0240,WBGBIF2026_E0240_F03_cropped,cropped,model_inputs/images_cropped/WBGBIF2026_E0240_F03_cropped.jpg,true,3,3,6c6e25c52b67423a1aca19995ae7fb5e8c46bce637323cfd6453fcc6f9a4c885,6c6e25c52b67423a1aca19995ae7fb5e8c46bce637323cfd6453fcc6f9a4c885,CC-BY-4.0,http://creativecommons.org/licenses/by/4.0/legalcode,redistribute_derivative_with_attribution_rights_review_passed
WBGBIF2026_E0240,WBGBIF2026_E0240_F04_cropped,cropped,model_inputs/images_cropped/WBGBIF2026_E0240_F04_cropped.jpg,true,4,4,9cc4aa5d1b0c0d2effcb3a07dc0a85a84acc96fcec1bf1de05f84f7402d0cecf,9cc4aa5d1b0c0d2effcb3a07dc0a85a84acc96fcec1bf1de05f84f7402d0cecf,CC-BY-4.0,http://creativecommons.org/licenses/by/4.0/legalcode,redistribute_derivative_with_attribution_rights_review_passed
WBGBIF2026_E0244,WBGBIF2026_E0244_F00_cropped,cropped,model_inputs/images_cropped/WBGBIF2026_E0244_F00_cropped.jpg,true,0,0,ca090abb0622e55b67a9dcdb82fd53f2df710b8feafa6e9828a744a10cbfb630,ca090abb0622e55b67a9dcdb82fd53f2df710b8feafa6e9828a744a10cbfb630,CC-BY-4.0,http://creativecommons.org/licenses/by/4.0/legalcode,redistribute_derivative_with_attribution_rights_review_passed
WBGBIF2026_E0244,WBGBIF2026_E0244_F01_cropped,cropped,model_inputs/images_cropped/WBGBIF2026_E0244_F01_cropped.jpg,true,1,1,ad52fb4c2017efd0015783d7d51ba2785c6d4a8f0cae85706b0db0bf03260d3d,ad52fb4c2017efd0015783d7d51ba2785c6d4a8f0cae85706b0db0bf03260d3d,CC-BY-4.0,http://creativecommons.org/licenses/by/4.0/legalcode,redistribute_derivative_with_attribution_rights_review_passed
WBGBIF2026_E0244,WBGBIF2026_E0244_F02_cropped,cropped,model_inputs/images_cropped/WBGBIF2026_E0244_F02_cropped.jpg,true,2,2,7126c23a8d44920ca53c3b12ed11205f98cc046527664a58c37a796b71d45de7,7126c23a8d44920ca53c3b12ed11205f98cc046527664a58c37a796b71d45de7,CC-BY-4.0,http://creativecommons.org/licenses/by/4.0/legalcode,redistribute_derivative_with_attribution_rights_review_passed
WBGBIF2026_E0245,WBGBIF2026_E0245_F00_cropped,cropped,model_inputs/images_cropped/WBGBIF2026_E0245_F00_cropped.jpg,true,0,0,7ed0e86e6b0487263cc9fb5bc591080db3faeabdf03c4ee407db4e563ae3d80e,7ed0e86e6b0487263cc9fb5bc591080db3faeabdf03c4ee407db4e563ae3d80e,CC-BY-4.0,http://creativecommons.org/licenses/by/4.0/legalcode,redistribute_derivative_with_attribution_rights_review_passed
WBGBIF2026_E0245,WBGBIF2026_E0245_F01_cropped,cropped,model_inputs/images_cropped/WBGBIF2026_E0245_F01_cropped.jpg,true,1,1,599ec0c1b744457ad5569eccafcdc8bdf923558b4d635fcb00f6a61d32bf26c9,599ec0c1b744457ad5569eccafcdc8bdf923558b4d635fcb00f6a61d32bf26c9,CC-BY-4.0,http://creativecommons.org/licenses/by/4.0/legalcode,redistribute_derivative_with_attribution_rights_review_passed
WBGBIF2026_E0245,WBGBIF2026_E0245_F02_cropped,cropped,model_inputs/images_cropped/WBGBIF2026_E0245_F02_cropped.jpg,true,2,2,ec7a33e6b81ecc8a0f1483f0f7a4d774819a53f4d963bba119c7dca2bddc6e7f,ec7a33e6b81ecc8a0f1483f0f7a4d774819a53f4d963bba119c7dca2bddc6e7f,CC-BY-4.0,http://creativecommons.org/licenses/by/4.0/legalcode,redistribute_derivative_with_attribution_rights_review_passed
WBGBIF2026_E0245,WBGBIF2026_E0245_F03_cropped,cropped,model_inputs/images_cropped/WBGBIF2026_E0245_F03_cropped.jpg,true,3,3,12058047cd8711f9540eccbfae8f789f18ba409fa009b9f7dfc0a477128d41c1,12058047cd8711f9540eccbfae8f789f18ba409fa009b9f7dfc0a477128d41c1,CC-BY-4.0,http://creativecommons.org/licenses/by/4.0/legalcode,redistribute_derivative_with_attribution_rights_review_passed
WBGBIF2026_E0246,WBGBIF2026_E0246_F00_cropped,cropped,model_inputs/images_cropped/WBGBIF2026_E0246_F00_cropped.jpg,true,0,0,798de7e0d1095bf1323e7ff281af074c93cd2cfc75d120cadcf87bbf6a8ed75e,798de7e0d1095bf1323e7ff281af074c93cd2cfc75d120cadcf87bbf6a8ed75e,CC-BY-4.0,http://creativecommons.org/licenses/by/4.0/legalcode,redistribute_derivative_with_attribution_rights_review_passed
WBGBIF2026_E0246,WBGBIF2026_E0246_F01_cropped,cropped,model_inputs/images_cropped/WBGBIF2026_E0246_F01_cropped.jpg,true,1,1,89654f16c2287436b13ffda8172318dc34f9d222338734e47923cdea913cb1fb,89654f16c2287436b13ffda8172318dc34f9d222338734e47923cdea913cb1fb,CC-BY-4.0,http://creativecommons.org/licenses/by/4.0/legalcode,redistribute_derivative_with_attribution_rights_review_passed
WBGBIF2026_E0246,WBGBIF2026_E0246_F02_cropped,cropped,model_inputs/images_cropped/WBGBIF2026_E0246_F02_cropped.jpg,true,2,2,ebbf1c47d7673a0233365543fdf7e52f53d503a18215f115c2596ed95a3ad684,ebbf1c47d7673a0233365543fdf7e52f53d503a18215f115c2596ed95a3ad684,CC-BY-4.0,http://creativecommons.org/licenses/by/4.0/legalcode,redistribute_derivative_with_attribution_rights_review_passed
WBGBIF2026_E0246,WBGBIF2026_E0246_F03_cropped,cropped,model_inputs/images_cropped/WBGBIF2026_E0246_F03_cropped.jpg,true,3,3,35fa521058fb438aba7ece6f3071979d389d3dbec27e6f0da5b64ccfef0d2fae,35fa521058fb438aba7ece6f3071979d389d3dbec27e6f0da5b64ccfef0d2fae,CC-BY-4.0,http://creativecommons.org/licenses/by/4.0/legalcode,redistribute_derivative_with_attribution_rights_review_passed
WBGBIF2026_E0247,WBGBIF2026_E0247_F00_cropped,cropped,model_inputs/images_cropped/WBGBIF2026_E0247_F00_cropped.jpg,true,0,0,12782e993ff06c4136d8c0d6d26f539fce3eeba7de10fb5304340e850d47918c,12782e993ff06c4136d8c0d6d26f539fce3eeba7de10fb5304340e850d47918c,CC-BY-4.0,http://creativecommons.org/licenses/by/4.0/legalcode,redistribute_derivative_with_attribution_rights_review_passed
WBGBIF2026_E0247,WBGBIF2026_E0247_F01_cropped,cropped,model_inputs/images_cropped/WBGBIF2026_E0247_F01_cropped.jpg,true,1,1,f885222bf6ac94a7637b0c9c8e41f549eb8422971f03325e7007be93a5307e68,f885222bf6ac94a7637b0c9c8e41f549eb8422971f03325e7007be93a5307e68,CC-BY-4.0,http://creativecommons.org/licenses/by/4.0/legalcode,redistribute_derivative_with_attribution_rights_review_passed
WBGBIF2026_E0247,WBGBIF2026_E0247_F02_cropped,cropped,model_inputs/images_cropped/WBGBIF2026_E0247_F02_cropped.jpg,true,2,2,997291bfcc1414e15c10abd28d2e4d136823346077ff5447e7af15962201ba7c,997291bfcc1414e15c10abd28d2e4d136823346077ff5447e7af15962201ba7c,CC-BY-4.0,http://creativecommons.org/licenses/by/4.0/legalcode,redistribute_derivative_with_attribution_rights_review_passed
WBGBIF2026_E0247,WBGBIF2026_E0247_F03_cropped,cropped,model_inputs/images_cropped/WBGBIF2026_E0247_F03_cropped.jpg,true,3,3,1c03a5f77fd6d16584f4259e28de13b4465ce95cddaccea3fb256d25df6235a4,1c03a5f77fd6d16584f4259e28de13b4465ce95cddaccea3fb256d25df6235a4,CC-BY-4.0,http://creativecommons.org/licenses/by/4.0/legalcode,redistribute_derivative_with_attribution_rights_review_passed
WBGBIF2026_E0247,WBGBIF2026_E0247_F04_cropped,cropped,model_inputs/images_cropped/WBGBIF2026_E0247_F04_cropped.jpg,true,4,4,21387dd70eeefd98feb38a9a5e5bec561a0053890099cfae307e1fb4eb520407,21387dd70eeefd98feb38a9a5e5bec561a0053890099cfae307e1fb4eb520407,CC-BY-4.0,http://creativecommons.org/licenses/by/4.0/legalcode,redistribute_derivative_with_attribution_rights_review_passed
WBGBIF2026_E0248,WBGBIF2026_E0248_F00_cropped,cropped,model_inputs/images_cropped/WBGBIF2026_E0248_F00_cropped.jpg,true,0,0,1998a26ce27f489f6de0c7a1e3bc9dfb0609848e0c9df625a68dc69434d53095,1998a26ce27f489f6de0c7a1e3bc9dfb0609848e0c9df625a68dc69434d53095,CC-BY-4.0,http://creativecommons.org/licenses/by/4.0/legalcode,redistribute_derivative_with_attribution_rights_review_passed
WBGBIF2026_E0248,WBGBIF2026_E0248_F01_cropped,cropped,model_inputs/images_cropped/WBGBIF2026_E0248_F01_cropped.jpg,true,1,1,e8e90d426bfb93de944edcf5f2d6807cc63aafbcdc80db5032fda30ad2f05101,e8e90d426bfb93de944edcf5f2d6807cc63aafbcdc80db5032fda30ad2f05101,CC-BY-4.0,http://creativecommons.org/licenses/by/4.0/legalcode,redistribute_derivative_with_attribution_rights_review_passed
WBGBIF2026_E0248,WBGBIF2026_E0248_F02_cropped,cropped,model_inputs/images_cropped/WBGBIF2026_E0248_F02_cropped.jpg,true,2,2,127e7f9b9236ed9d213ce1d1be40416918d68ddbe93715374d471eb49f94e2d3,127e7f9b9236ed9d213ce1d1be40416918d68ddbe93715374d471eb49f94e2d3,CC-BY-4.0,http://creativecommons.org/licenses/by/4.0/legalcode,redistribute_derivative_with_attribution_rights_review_passed
WBGBIF2026_E0248,WBGBIF2026_E0248_F03_cropped,cropped,model_inputs/images_cropped/WBGBIF2026_E0248_F03_cropped.jpg,true,3,3,2555364f0f03e1a33e53136b2e792ddb5ddb431b0009882e3bd4f81e481f2839,2555364f0f03e1a33e53136b2e792ddb5ddb431b0009882e3bd4f81e481f2839,CC-BY-4.0,http://creativecommons.org/licenses/by/4.0/legalcode,redistribute_derivative_with_attribution_rights_review_passed
WBGBIF2026_E0248,WBGBIF2026_E0248_F04_cropped,cropped,model_inputs/images_cropped/WBGBIF2026_E0248_F04_cropped.jpg,true,4,4,4ab1f2b6a7e72abef81d843ee3e85bd573e229da9b6822dd45dc5a8565bc2f21,4ab1f2b6a7e72abef81d843ee3e85bd573e229da9b6822dd45dc5a8565bc2f21,CC-BY-4.0,http://creativecommons.org/licenses/by/4.0/legalcode,redistribute_derivative_with_attribution_rights_review_passed
WBGBIF2026_E0249,WBGBIF2026_E0249_F00_cropped,cropped,model_inputs/images_cropped/WBGBIF2026_E0249_F00_cropped.jpg,true,0,0,62e6c5566a1eac54a89a2e3cd177eb0a729209b1f5cdcf54ead04aaf094bc23b,62e6c5566a1eac54a89a2e3cd177eb0a729209b1f5cdcf54ead04aaf094bc23b,CC-BY-4.0,http://creativecommons.org/licenses/by/4.0/legalcode,redistribute_derivative_with_attribution_rights_review_passed
WBGBIF2026_E0249,WBGBIF2026_E0249_F01_cropped,cropped,model_inputs/images_cropped/WBGBIF2026_E0249_F01_cropped.jpg,true,1,1,bf2302c7a00d7920a7f784fc225166e816d4c1fc079c9ed0db40c0c19f61c66d,bf2302c7a00d7920a7f784fc225166e816d4c1fc079c9ed0db40c0c19f61c66d,CC-BY-4.0,http://creativecommons.org/licenses/by/4.0/legalcode,redistribute_derivative_with_attribution_rights_review_passed
WBGBIF2026_E0249,WBGBIF2026_E0249_F02_cropped,cropped,model_inputs/images_cropped/WBGBIF2026_E0249_F02_cropped.jpg,true,2,2,c59e503a9d4161d16f2e53e3f90b432de6f21f1276039b3ab3f39736700e0920,c59e503a9d4161d16f2e53e3f90b432de6f21f1276039b3ab3f39736700e0920,CC-BY-4.0,http://creativecommons.org/licenses/by/4.0/legalcode,redistribute_derivative_with_attribution_rights_review_passed
WBGBIF2026_E0249,WBGBIF2026_E0249_F03_cropped,cropped,model_inputs/images_cropped/WBGBIF2026_E0249_F03_cropped.jpg,true,3,3,ed93cae78419d4396c1c76c2dc1cf4b06148ee07a45de7e09a2b668dbc7f7d5d,ed93cae78419d4396c1c76c2dc1cf4b06148ee07a45de7e09a2b668dbc7f7d5d,CC-BY-4.0,http://creativecommons.org/licenses/by/4.0/legalcode,redistribute_derivative_with_attribution_rights_review_passed
WBGBIF2026_E0249,WBGBIF2026_E0249_F04_cropped,cropped,model_inputs/images_cropped/WBGBIF2026_E0249_F04_cropped.jpg,true,4,4,14c72a6239059ded5d02aa0884e6e147e38faf4879c611502bdd2765407db9a7,14c72a6239059ded5d02aa0884e6e147e38faf4879c611502bdd2765407db9a7,CC-BY-4.0,http://creativecommons.org/licenses/by/4.0/legalcode,redistribute_derivative_with_attribution_rights_review_passed
WBGBIF2026_E0253,WBGBIF2026_E0253_F00_cropped,cropped,model_inputs/images_cropped/WBGBIF2026_E0253_F00_cropped.jpg,true,0,0,9c1bf0e2d31c7e78231fdbc94617ecb36b033a9d0fa564760f46eaaeb4fb5e87,9c1bf0e2d31c7e78231fdbc94617ecb36b033a9d0fa564760f46eaaeb4fb5e87,CC0-1.0,http://creativecommons.org/publicdomain/zero/1.0/legalcode,redistribute_derivative_rights_review_passed
WBGBIF2026_E0253,WBGBIF2026_E0253_F01_cropped,cropped,model_inputs/images_cropped/WBGBIF2026_E0253_F01_cropped.jpg,true,1,1,515c8863712ef6fabbb5474e9bd53b9938490518c44ddcd894b649382a6f786e,515c8863712ef6fabbb5474e9bd53b9938490518c44ddcd894b649382a6f786e,CC0-1.0,http://creativecommons.org/publicdomain/zero/1.0/legalcode,redistribute_derivative_rights_review_passed
WBGBIF2026_E0253,WBGBIF2026_E0253_F02_cropped,cropped,model_inputs/images_cropped/WBGBIF2026_E0253_F02_cropped.jpg,true,2,2,32008e55eb43f0a6ab6a7adc3f6b29ca14df51175feab42f8095f0aa3db97ef6,32008e55eb43f0a6ab6a7adc3f6b29ca14df51175feab42f8095f0aa3db97ef6,CC0-1.0,http://creativecommons.org/publicdomain/zero/1.0/legalcode,redistribute_derivative_rights_review_passed
WBGBIF2026_E0253,WBGBIF2026_E0253_F03_cropped,cropped,model_inputs/images_cropped/WBGBIF2026_E0253_F03_cropped.jpg,true,3,3,eb94f19bc691b63a075e64918138ecd4a3ef639bfb7614056caf892fea17be15,eb94f19bc691b63a075e64918138ecd4a3ef639bfb7614056caf892fea17be15,CC0-1.0,http://creativecommons.org/publicdomain/zero/1.0/legalcode,redistribute_derivative_rights_review_passed
WBGBIF2026_E0253,WBGBIF2026_E0253_F04_cropped,cropped,model_inputs/images_cropped/WBGBIF2026_E0253_F04_cropped.jpg,true,4,4,577eb704ad6c62f192f9664dbe348cf234e32e48b8417015c6a7b331216b10c3,577eb704ad6c62f192f9664dbe348cf234e32e48b8417015c6a7b331216b10c3,CC0-1.0,http://creativecommons.org/publicdomain/zero/1.0/legalcode,redistribute_derivative_rights_review_passed
WBGBIF2026_E0254,WBGBIF2026_E0254_F00_cropped,cropped,model_inputs/images_cropped/WBGBIF2026_E0254_F00_cropped.jpg,true,0,0,5fdae491a8bc578ebce7cdc48c082be3adce4f997b3ef72c44f524b91f5ddabd,5fdae491a8bc578ebce7cdc48c082be3adce4f997b3ef72c44f524b91f5ddabd,CC0-1.0,http://creativecommons.org/publicdomain/zero/1.0/legalcode,redistribute_derivative_rights_review_passed
WBGBIF2026_E0254,WBGBIF2026_E0254_F01_cropped,cropped,model_inputs/images_cropped/WBGBIF2026_E0254_F01_cropped.jpg,true,1,1,badb0b3bd6e42d0f07860998041ee8d98fdac114fc0edb14010d01b320243fa5,badb0b3bd6e42d0f07860998041ee8d98fdac114fc0edb14010d01b320243fa5,CC0-1.0,http://creativecommons.org/publicdomain/zero/1.0/legalcode,redistribute_derivative_rights_review_passed
WBGBIF2026_E0254,WBGBIF2026_E0254_F02_cropped,cropped,model_inputs/images_cropped/WBGBIF2026_E0254_F02_cropped.jpg,true,2,2,0ae935642924738bc66578d68fb8f794bea02e0501a296da1e411b0465095a66,0ae935642924738bc66578d68fb8f794bea02e0501a296da1e411b0465095a66,CC0-1.0,http://creativecommons.org/publicdomain/zero/1.0/legalcode,redistribute_derivative_rights_review_passed
WBGBIF2026_E0254,WBGBIF2026_E0254_F03_cropped,cropped,model_inputs/images_cropped/WBGBIF2026_E0254_F03_cropped.jpg,true,3,3,6df0e51193433f20d67dfd05d12519459926ff94bc57ab819ab55c1414a7e4b8,6df0e51193433f20d67dfd05d12519459926ff94bc57ab819ab55c1414a7e4b8,CC0-1.0,http://creativecommons.org/publicdomain/zero/1.0/legalcode,redistribute_derivative_rights_review_passed
WBGBIF2026_E0254,WBGBIF2026_E0254_F04_cropped,cropped,model_inputs/images_cropped/WBGBIF2026_E0254_F04_cropped.jpg,true,4,4,71782a14a3868f101ce6f885d3dd80cdc09c2d7f093e97fffe47921e2fb2c30f,71782a14a3868f101ce6f885d3dd80cdc09c2d7f093e97fffe47921e2fb2c30f,CC0-1.0,http://creativecommons.org/publicdomain/zero/1.0/legalcode,redistribute_derivative_rights_review_passed
WBGBIF2026_E0255,WBGBIF2026_E0255_F00_cropped,cropped,model_inputs/images_cropped/WBGBIF2026_E0255_F00_cropped.jpg,true,0,0,410124164faac2175da9dac7a40c3557c868ef70b29e96d31935bdd9f294aabf,410124164faac2175da9dac7a40c3557c868ef70b29e96d31935bdd9f294aabf,CC0-1.0,http://creativecommons.org/publicdomain/zero/1.0/legalcode,redistribute_derivative_rights_review_passed
WBGBIF2026_E0255,WBGBIF2026_E0255_F01_cropped,cropped,model_inputs/images_cropped/WBGBIF2026_E0255_F01_cropped.jpg,true,1,1,5b08c075e8c9fa8181a0ac964475dcc9534fea1cdf259e038539a79a868baa6d,5b08c075e8c9fa8181a0ac964475dcc9534fea1cdf259e038539a79a868baa6d,CC0-1.0,http://creativecommons.org/publicdomain/zero/1.0/legalcode,redistribute_derivative_rights_review_passed
WBGBIF2026_E0255,WBGBIF2026_E0255_F02_cropped,cropped,model_inputs/images_cropped/WBGBIF2026_E0255_F02_cropped.jpg,true,2,2,7ff0d486149254e522d96ed682ab7eb5889c7ed7240fc526d47cce5af036d11a,7ff0d486149254e522d96ed682ab7eb5889c7ed7240fc526d47cce5af036d11a,CC0-1.0,http://creativecommons.org/publicdomain/zero/1.0/legalcode,redistribute_derivative_rights_review_passed
WBGBIF2026_E0255,WBGBIF2026_E0255_F03_cropped,cropped,model_inputs/images_cropped/WBGBIF2026_E0255_F03_cropped.jpg,true,3,3,f4f25eb81416cbcdaa4751b5c3d40f5e61593fc7d919125d5aae2f8b23122fb4,f4f25eb81416cbcdaa4751b5c3d40f5e61593fc7d919125d5aae2f8b23122fb4,CC0-1.0,http://creativecommons.org/publicdomain/zero/1.0/legalcode,redistribute_derivative_rights_review_passed
WBGBIF2026_E0255,WBGBIF2026_E0255_F04_cropped,cropped,model_inputs/images_cropped/WBGBIF2026_E0255_F04_cropped.jpg,true,4,4,addc745ae8bbc1415b03812179f859386c12c2f01c1ac0cc48db39736ec0d041,addc745ae8bbc1415b03812179f859386c12c2f01c1ac0cc48db39736ec0d041,CC0-1.0,http://creativecommons.org/publicdomain/zero/1.0/legalcode,redistribute_derivative_rights_review_passed
WBGBIF2026_E0259,WBGBIF2026_E0259_F00_cropped,cropped,model_inputs/images_cropped/WBGBIF2026_E0259_F00_cropped.jpg,true,0,0,142920550c4833ee90743414f6eeaee1b941d15ac2730ad2c8f453a579868485,142920550c4833ee90743414f6eeaee1b941d15ac2730ad2c8f453a579868485,CC0-1.0,http://creativecommons.org/publicdomain/zero/1.0/legalcode,redistribute_derivative_rights_review_passed
WBGBIF2026_E0259,WBGBIF2026_E0259_F01_cropped,cropped,model_inputs/images_cropped/WBGBIF2026_E0259_F01_cropped.jpg,true,1,1,5165a99692c0c5023c3cbb2b4b1380342a4baf6dd1ad4be69312058cdbd64dea,5165a99692c0c5023c3cbb2b4b1380342a4baf6dd1ad4be69312058cdbd64dea,CC0-1.0,http://creativecommons.org/publicdomain/zero/1.0/legalcode,redistribute_derivative_rights_review_passed
WBGBIF2026_E0259,WBGBIF2026_E0259_F02_cropped,cropped,model_inputs/images_cropped/WBGBIF2026_E0259_F02_cropped.jpg,true,2,2,cb173ee58a434384216d06b33e131110992bb6d7d130c5f67aa4eb5b0b40ad93,cb173ee58a434384216d06b33e131110992bb6d7d130c5f67aa4eb5b0b40ad93,CC0-1.0,http://creativecommons.org/publicdomain/zero/1.0/legalcode,redistribute_derivative_rights_review_passed
WBGBIF2026_E0259,WBGBIF2026_E0259_F03_cropped,cropped,model_inputs/images_cropped/WBGBIF2026_E0259_F03_cropped.jpg,true,3,3,d71829c3dd40e91a396b6649e266acb3dea952f178ff2a5109071b734a684d22,d71829c3dd40e91a396b6649e266acb3dea952f178ff2a5109071b734a684d22,CC0-1.0,http://creativecommons.org/publicdomain/zero/1.0/legalcode,redistribute_derivative_rights_review_passed
WBGBIF2026_E0259,WBGBIF2026_E0259_F04_cropped,cropped,model_inputs/images_cropped/WBGBIF2026_E0259_F04_cropped.jpg,true,4,4,cf2ea084c0d5f8d46cde9e702b3a55333b0f7451eaea3d67b4e415d13b902e78,cf2ea084c0d5f8d46cde9e702b3a55333b0f7451eaea3d67b4e415d13b902e78,CC0-1.0,http://creativecommons.org/publicdomain/zero/1.0/legalcode,redistribute_derivative_rights_review_passed
WBGBIF2026_E0260,WBGBIF2026_E0260_F00_cropped,cropped,model_inputs/images_cropped/WBGBIF2026_E0260_F00_cropped.jpg,true,0,0,a3723517aabf8e07db5e85ea400baddb995a586034a8fd4c8984be0bcb2bd0d5,a3723517aabf8e07db5e85ea400baddb995a586034a8fd4c8984be0bcb2bd0d5,CC0-1.0,http://creativecommons.org/publicdomain/zero/1.0/legalcode,redistribute_derivative_rights_review_passed
WBGBIF2026_E0260,WBGBIF2026_E0260_F01_cropped,cropped,model_inputs/images_cropped/WBGBIF2026_E0260_F01_cropped.jpg,true,1,1,65da977d8194b6dfdc35b01c66b4625c9cc2cea00b83bcc78cebac5448d06136,65da977d8194b6dfdc35b01c66b4625c9cc2cea00b83bcc78cebac5448d06136,CC0-1.0,http://creativecommons.org/publicdomain/zero/1.0/legalcode,redistribute_derivative_rights_review_passed
WBGBIF2026_E0261,WBGBIF2026_E0261_F00_cropped,cropped,model_inputs/images_cropped/WBGBIF2026_E0261_F00_cropped.jpg,true,0,0,b6e3cf2f93228a37754ddcc5acb121764abef6aeebac370059084d7f632fbf46,b6e3cf2f93228a37754ddcc5acb121764abef6aeebac370059084d7f632fbf46,CC0-1.0,http://creativecommons.org/publicdomain/zero/1.0/legalcode,redistribute_derivative_rights_review_passed
WBGBIF2026_E0261,WBGBIF2026_E0261_F01_cropped,cropped,model_inputs/images_cropped/WBGBIF2026_E0261_F01_cropped.jpg,true,1,1,32fb977e66ad6d7bbc1e9d85bcf2230fafe18e527b49a00f4323a81df4f2d14d,32fb977e66ad6d7bbc1e9d85bcf2230fafe18e527b49a00f4323a81df4f2d14d,CC0-1.0,http://creativecommons.org/publicdomain/zero/1.0/legalcode,redistribute_derivative_rights_review_passed
WBGBIF2026_E0261,WBGBIF2026_E0261_F02_cropped,cropped,model_inputs/images_cropped/WBGBIF2026_E0261_F02_cropped.jpg,true,2,2,f627d8f3c462cfc70ee661ca2c2ea7c11ae849a101f5afd201006a17ce9ff951,f627d8f3c462cfc70ee661ca2c2ea7c11ae849a101f5afd201006a17ce9ff951,CC0-1.0,http://creativecommons.org/publicdomain/zero/1.0/legalcode,redistribute_derivative_rights_review_passed
WBGBIF2026_E0262,WBGBIF2026_E0262_F00_cropped,cropped,model_inputs/images_cropped/WBGBIF2026_E0262_F00_cropped.jpg,true,0,0,4c2000164b4956297746ee9eb12484932bf12a259513a5405c829823aa761976,4c2000164b4956297746ee9eb12484932bf12a259513a5405c829823aa761976,CC0-1.0,http://creativecommons.org/publicdomain/zero/1.0/legalcode,redistribute_derivative_rights_review_passed
WBGBIF2026_E0262,WBGBIF2026_E0262_F01_cropped,cropped,model_inputs/images_cropped/WBGBIF2026_E0262_F01_cropped.jpg,true,1,1,9d1ef17920fd4ae766d21d6401c489299283bdfaa83dcf3afacfc865d61c29f5,9d1ef17920fd4ae766d21d6401c489299283bdfaa83dcf3afacfc865d61c29f5,CC0-1.0,http://creativecommons.org/publicdomain/zero/1.0/legalcode,redistribute_derivative_rights_review_passed
WBGBIF2026_E0263,WBGBIF2026_E0263_F00_cropped,cropped,model_inputs/images_cropped/WBGBIF2026_E0263_F00_cropped.jpg,true,0,0,5f7024c9dc5542594e71d3e66958e575e7cd898a84d34d35e49172c333e6320f,5f7024c9dc5542594e71d3e66958e575e7cd898a84d34d35e49172c333e6320f,CC0-1.0,http://creativecommons.org/publicdomain/zero/1.0/legalcode,redistribute_derivative_rights_review_passed
WBGBIF2026_E0263,WBGBIF2026_E0263_F01_cropped,cropped,model_inputs/images_cropped/WBGBIF2026_E0263_F01_cropped.jpg,true,1,1,98ed95000ac83f518b402cf525166f254c1739d79c51cc8e9e7bef0835cbadfc,98ed95000ac83f518b402cf525166f254c1739d79c51cc8e9e7bef0835cbadfc,CC0-1.0,http://creativecommons.org/publicdomain/zero/1.0/legalcode,redistribute_derivative_rights_review_passed
WBGBIF2026_E0264,WBGBIF2026_E0264_F00_cropped,cropped,model_inputs/images_cropped/WBGBIF2026_E0264_F00_cropped.jpg,true,0,0,b5bdac48e870f8d80c66afe5d523b545cdb69b0662a36d631d5c6387dcfee8d5,b5bdac48e870f8d80c66afe5d523b545cdb69b0662a36d631d5c6387dcfee8d5,CC0-1.0,http://creativecommons.org/publicdomain/zero/1.0/legalcode,redistribute_derivative_rights_review_passed
WBGBIF2026_E0264,WBGBIF2026_E0264_F01_cropped,cropped,model_inputs/images_cropped/WBGBIF2026_E0264_F01_cropped.jpg,true,1,1,ca52ac17328b701b99ba873db38b6d9dd2298185914c731e0e0b9d90dce173c8,ca52ac17328b701b99ba873db38b6d9dd2298185914c731e0e0b9d90dce173c8,CC0-1.0,http://creativecommons.org/publicdomain/zero/1.0/legalcode,redistribute_derivative_rights_review_passed
WBGBIF2026_E0265,WBGBIF2026_E0265_F00_cropped,cropped,model_inputs/images_cropped/WBGBIF2026_E0265_F00_cropped.jpg,true,0,0,9e5468df2b79f53fa741c09947d98d870e6b1190c504e30c7c66185559316a79,9e5468df2b79f53fa741c09947d98d870e6b1190c504e30c7c66185559316a79,CC0-1.0,http://creativecommons.org/publicdomain/zero/1.0/legalcode,redistribute_derivative_rights_review_passed
WBGBIF2026_E0265,WBGBIF2026_E0265_F01_cropped,cropped,model_inputs/images_cropped/WBGBIF2026_E0265_F01_cropped.jpg,true,1,1,9fe410dc98fad7a59bdd54bb5b1655f40270fbd7f6a6614b7a29c5adc4343307,9fe410dc98fad7a59bdd54bb5b1655f40270fbd7f6a6614b7a29c5adc4343307,CC0-1.0,http://creativecommons.org/publicdomain/zero/1.0/legalcode,redistribute_derivative_rights_review_passed
WBGBIF2026_E0266,WBGBIF2026_E0266_F00_cropped,cropped,model_inputs/images_cropped/WBGBIF2026_E0266_F00_cropped.jpg,true,0,0,68fe7bcd6fc12accfe6113927474dc832c8fa543055da56566bba3065c23ff88,68fe7bcd6fc12accfe6113927474dc832c8fa543055da56566bba3065c23ff88,CC0-1.0,http://creativecommons.org/publicdomain/zero/1.0/legalcode,redistribute_derivative_rights_review_passed
WBGBIF2026_E0266,WBGBIF2026_E0266_F01_cropped,cropped,model_inputs/images_cropped/WBGBIF2026_E0266_F01_cropped.jpg,true,1,1,bd5284d2091476be7592a98393e2c96dfd33700fc8e61b7dbf4ab112fcde502a,bd5284d2091476be7592a98393e2c96dfd33700fc8e61b7dbf4ab112fcde502a,CC0-1.0,http://creativecommons.org/publicdomain/zero/1.0/legalcode,redistribute_derivative_rights_review_passed
WBGBIF2026_E0266,WBGBIF2026_E0266_F02_cropped,cropped,model_inputs/images_cropped/WBGBIF2026_E0266_F02_cropped.jpg,true,2,2,6816c9dff868ab0413c88a1268bd757e396165afa1ae5cc0a0ebddde54689e67,6816c9dff868ab0413c88a1268bd757e396165afa1ae5cc0a0ebddde54689e67,CC0-1.0,http://creativecommons.org/publicdomain/zero/1.0/legalcode,redistribute_derivative_rights_review_passed
WBGBIF2026_E0266,WBGBIF2026_E0266_F03_cropped,cropped,model_inputs/images_cropped/WBGBIF2026_E0266_F03_cropped.jpg,true,3,3,f5f5527843ab732c51f844ecfecba444785bbee668f260b9c8d74f39389fdb91,f5f5527843ab732c51f844ecfecba444785bbee668f260b9c8d74f39389fdb91,CC0-1.0,http://creativecommons.org/publicdomain/zero/1.0/legalcode,redistribute_derivative_rights_review_passed
WBGBIF2026_E0266,WBGBIF2026_E0266_F04_cropped,cropped,model_inputs/images_cropped/WBGBIF2026_E0266_F04_cropped.jpg,true,4,4,a67fb1f68f14c98914e49ef3d2173053d16c353d29098b12df97b5f09c0a7f34,a67fb1f68f14c98914e49ef3d2173053d16c353d29098b12df97b5f09c0a7f34,CC0-1.0,http://creativecommons.org/publicdomain/zero/1.0/legalcode,redistribute_derivative_rights_review_passed
WBGBIF2026_E0267,WBGBIF2026_E0267_F00_cropped,cropped,model_inputs/images_cropped/WBGBIF2026_E0267_F00_cropped.jpg,true,0,0,628ab3a62c11d69bef7edcbae221b02e85169681cdf54787b64bf781b190d1c6,628ab3a62c11d69bef7edcbae221b02e85169681cdf54787b64bf781b190d1c6,CC0-1.0,http://creativecommons.org/publicdomain/zero/1.0/legalcode,redistribute_derivative_rights_review_passed
WBGBIF2026_E0267,WBGBIF2026_E0267_F01_cropped,cropped,model_inputs/images_cropped/WBGBIF2026_E0267_F01_cropped.jpg,true,1,1,ba411eecf1ffc1d0a84c47c0a9fa873a3c8d52210c3ca789fbc1d3a1411673c4,ba411eecf1ffc1d0a84c47c0a9fa873a3c8d52210c3ca789fbc1d3a1411673c4,CC0-1.0,http://creativecommons.org/publicdomain/zero/1.0/legalcode,redistribute_derivative_rights_review_passed
WBGBIF2026_E0267,WBGBIF2026_E0267_F02_cropped,cropped,model_inputs/images_cropped/WBGBIF2026_E0267_F02_cropped.jpg,true,2,2,f5a9b830b69d2f978d748ce194f3e741c26e153f23ebf5a6bb0fe87c941a9c56,f5a9b830b69d2f978d748ce194f3e741c26e153f23ebf5a6bb0fe87c941a9c56,CC0-1.0,http://creativecommons.org/publicdomain/zero/1.0/legalcode,redistribute_derivative_rights_review_passed
WBGBIF2026_E0267,WBGBIF2026_E0267_F03_cropped,cropped,model_inputs/images_cropped/WBGBIF2026_E0267_F03_cropped.jpg,true,3,3,450ec7110ce837c4a8949d074d0f715c7eaaf57b7d346392827df21835685d75,450ec7110ce837c4a8949d074d0f715c7eaaf57b7d346392827df21835685d75,CC0-1.0,http://creativecommons.org/publicdomain/zero/1.0/legalcode,redistribute_derivative_rights_review_passed
WBGBIF2026_E0267,WBGBIF2026_E0267_F04_cropped,cropped,model_inputs/images_cropped/WBGBIF2026_E0267_F04_cropped.jpg,true,4,4,5aa1c80c1068c71833150ba620639165835eac0e39d62b226170c6b91d4ea520,5aa1c80c1068c71833150ba620639165835eac0e39d62b226170c6b91d4ea520,CC0-1.0,http://creativecommons.org/publicdomain/zero/1.0/legalcode,redistribute_derivative_rights_review_passed
WBGBIF2026_E0268,WBGBIF2026_E0268_F00_cropped,cropped,model_inputs/images_cropped/WBGBIF2026_E0268_F00_cropped.jpg,true,0,0,157eda09ad2c6309f175453407d46f4149883c0c46249594a585ef17479a2b2f,157eda09ad2c6309f175453407d46f4149883c0c46249594a585ef17479a2b2f,CC0-1.0,http://creativecommons.org/publicdomain/zero/1.0/legalcode,redistribute_derivative_rights_review_passed
WBGBIF2026_E0268,WBGBIF2026_E0268_F01_cropped,cropped,model_inputs/images_cropped/WBGBIF2026_E0268_F01_cropped.jpg,true,1,1,6e9a807f9ba3c7c7d67f76ea73fe7309e6d18f665ea43dee5c6df6e2ef2f755e,6e9a807f9ba3c7c7d67f76ea73fe7309e6d18f665ea43dee5c6df6e2ef2f755e,CC0-1.0,http://creativecommons.org/publicdomain/zero/1.0/legalcode,redistribute_derivative_rights_review_passed
WBGBIF2026_E0268,WBGBIF2026_E0268_F02_cropped,cropped,model_inputs/images_cropped/WBGBIF2026_E0268_F02_cropped.jpg,true,2,2,c7a5f328998b9bb14f2bad262a8937189b575a8e187bdeff32d1279b0fa7e608,c7a5f328998b9bb14f2bad262a8937189b575a8e187bdeff32d1279b0fa7e608,CC0-1.0,http://creativecommons.org/publicdomain/zero/1.0/legalcode,redistribute_derivative_rights_review_passed
WBGBIF2026_E0268,WBGBIF2026_E0268_F03_cropped,cropped,model_inputs/images_cropped/WBGBIF2026_E0268_F03_cropped.jpg,true,3,3,db89102c508f8e6e614d65209f8862c6a6e35413d852da04fe4de0e05b5c91a3,db89102c508f8e6e614d65209f8862c6a6e35413d852da04fe4de0e05b5c91a3,CC0-1.0,http://creativecommons.org/publicdomain/zero/1.0/legalcode,redistribute_derivative_rights_review_passed
WBGBIF2026_E0268,WBGBIF2026_E0268_F04_cropped,cropped,model_inputs/images_cropped/WBGBIF2026_E0268_F04_cropped.jpg,true,4,4,88af64dffe9d51b36e2b882ad1b0c3ec7ee668710f610840a31e0e30880b2fb4,88af64dffe9d51b36e2b882ad1b0c3ec7ee668710f610840a31e0e30880b2fb4,CC0-1.0,http://creativecommons.org/publicdomain/zero/1.0/legalcode,redistribute_derivative_rights_review_passed
WBGBIF2026_E0269,WBGBIF2026_E0269_F00_cropped,cropped,model_inputs/images_cropped/WBGBIF2026_E0269_F00_cropped.jpg,true,0,0,2f7c2142cb13c9835e5213dc32e3eef15c2291dadb99d3def29ab1ae4d71b362,2f7c2142cb13c9835e5213dc32e3eef15c2291dadb99d3def29ab1ae4d71b362,CC0-1.0,http://creativecommons.org/publicdomain/zero/1.0/legalcode,redistribute_derivative_rights_review_passed
WBGBIF2026_E0269,WBGBIF2026_E0269_F01_cropped,cropped,model_inputs/images_cropped/WBGBIF2026_E0269_F01_cropped.jpg,true,1,1,1541309fdd8441d043c4709189229916098172a8c59f5314f78a2033688a7845,1541309fdd8441d043c4709189229916098172a8c59f5314f78a2033688a7845,CC0-1.0,http://creativecommons.org/publicdomain/zero/1.0/legalcode,redistribute_derivative_rights_review_passed
WBGBIF2026_E0269,WBGBIF2026_E0269_F02_cropped,cropped,model_inputs/images_cropped/WBGBIF2026_E0269_F02_cropped.jpg,true,2,2,2d83f9e19f6419834bd2f7dd2a61f3fd008e5967c1ca4424adc8490288718cb6,2d83f9e19f6419834bd2f7dd2a61f3fd008e5967c1ca4424adc8490288718cb6,CC0-1.0,http://creativecommons.org/publicdomain/zero/1.0/legalcode,redistribute_derivative_rights_review_passed
WBGBIF2026_E0269,WBGBIF2026_E0269_F03_cropped,cropped,model_inputs/images_cropped/WBGBIF2026_E0269_F03_cropped.jpg,true,3,3,0575caaca425e5427f438592ec6774be06b1a63553f7fac3e81bf5a90a6723ec,0575caaca425e5427f438592ec6774be06b1a63553f7fac3e81bf5a90a6723ec,CC0-1.0,http://creativecommons.org/publicdomain/zero/1.0/legalcode,redistribute_derivative_rights_review_passed
WBGBIF2026_E0269,WBGBIF2026_E0269_F04_cropped,cropped,model_inputs/images_cropped/WBGBIF2026_E0269_F04_cropped.jpg,true,4,4,4486f1d54659228b31d83c26676d40c271d2bd80d56ac169840efa74fe536ed9,4486f1d54659228b31d83c26676d40c271d2bd80d56ac169840efa74fe536ed9,CC0-1.0,http://creativecommons.org/publicdomain/zero/1.0/legalcode,redistribute_derivative_rights_review_passed
WBGBIF2026_E0270,WBGBIF2026_E0270_F00_cropped,cropped,model_inputs/images_cropped/WBGBIF2026_E0270_F00_cropped.jpg,true,0,0,d168f22ea33ec17a57a4c99771cf8fb8013fd00a9dedc69892c1ec222bb870d6,d168f22ea33ec17a57a4c99771cf8fb8013fd00a9dedc69892c1ec222bb870d6,CC0-1.0,http://creativecommons.org/publicdomain/zero/1.0/legalcode,redistribute_derivative_rights_review_passed
WBGBIF2026_E0270,WBGBIF2026_E0270_F01_cropped,cropped,model_inputs/images_cropped/WBGBIF2026_E0270_F01_cropped.jpg,true,1,1,430adc91485cff5a16c58955b9a746a78a4426d5fd0ddd149becd5ceef65edbb,430adc91485cff5a16c58955b9a746a78a4426d5fd0ddd149becd5ceef65edbb,CC0-1.0,http://creativecommons.org/publicdomain/zero/1.0/legalcode,redistribute_derivative_rights_review_passed
WBGBIF2026_E0270,WBGBIF2026_E0270_F02_cropped,cropped,model_inputs/images_cropped/WBGBIF2026_E0270_F02_cropped.jpg,true,2,2,6ee5af498f5bfdd8cfa1c20d912c56af7a4e90331dfaae8727c9b92ad40c194e,6ee5af498f5bfdd8cfa1c20d912c56af7a4e90331dfaae8727c9b92ad40c194e,CC0-1.0,http://creativecommons.org/publicdomain/zero/1.0/legalcode,redistribute_derivative_rights_review_passed
WBGBIF2026_E0270,WBGBIF2026_E0270_F03_cropped,cropped,model_inputs/images_cropped/WBGBIF2026_E0270_F03_cropped.jpg,true,3,3,cf4a177a9c18bca9f49e5b64bbe169b54782e022857699ec1678bc02fd98cb21,cf4a177a9c18bca9f49e5b64bbe169b54782e022857699ec1678bc02fd98cb21,CC0-1.0,http://creativecommons.org/publicdomain/zero/1.0/legalcode,redistribute_derivative_rights_review_passed
WBGBIF2026_E0270,WBGBIF2026_E0270_F04_cropped,cropped,model_inputs/images_cropped/WBGBIF2026_E0270_F04_cropped.jpg,true,4,4,8c3d573eef0b54526fc5777705a7a888197ccdc2c9d7e9e4ea563258b100eebf,8c3d573eef0b54526fc5777705a7a888197ccdc2c9d7e9e4ea563258b100eebf,CC0-1.0,http://creativecommons.org/publicdomain/zero/1.0/legalcode,redistribute_derivative_rights_review_passed
WBGBIF2026_E0271,WBGBIF2026_E0271_F00_cropped,cropped,model_inputs/images_cropped/WBGBIF2026_E0271_F00_cropped.jpg,true,0,0,4d7849310138f3e4f8743000edaa9550a89fba94025146f2747b95d15133c64f,4d7849310138f3e4f8743000edaa9550a89fba94025146f2747b95d15133c64f,CC0-1.0,http://creativecommons.org/publicdomain/zero/1.0/legalcode,redistribute_derivative_rights_review_passed
WBGBIF2026_E0271,WBGBIF2026_E0271_F01_cropped,cropped,model_inputs/images_cropped/WBGBIF2026_E0271_F01_cropped.jpg,true,1,1,41f29d47976cbe09e0d33ead88306784cd1bb8bdbbc03b96bbf9bbd0376f5875,41f29d47976cbe09e0d33ead88306784cd1bb8bdbbc03b96bbf9bbd0376f5875,CC0-1.0,http://creativecommons.org/publicdomain/zero/1.0/legalcode,redistribute_derivative_rights_review_passed
WBGBIF2026_E0271,WBGBIF2026_E0271_F02_cropped,cropped,model_inputs/images_cropped/WBGBIF2026_E0271_F02_cropped.jpg,true,2,2,a2af63ba2c1d6daa36afa9f9aa36188dc05f2809335b3f3bfa22ec499dc1d081,a2af63ba2c1d6daa36afa9f9aa36188dc05f2809335b3f3bfa22ec499dc1d081,CC0-1.0,http://creativecommons.org/publicdomain/zero/1.0/legalcode,redistribute_derivative_rights_review_passed
WBGBIF2026_E0271,WBGBIF2026_E0271_F03_cropped,cropped,model_inputs/images_cropped/WBGBIF2026_E0271_F03_cropped.jpg,true,3,3,3f3239eb7a529fb1be06b8472b3ef14d4c53cd0740f33814150d084db90165b2,3f3239eb7a529fb1be06b8472b3ef14d4c53cd0740f33814150d084db90165b2,CC0-1.0,http://creativecommons.org/publicdomain/zero/1.0/legalcode,redistribute_derivative_rights_review_passed
WBGBIF2026_E0271,WBGBIF2026_E0271_F04_cropped,cropped,model_inputs/images_cropped/WBGBIF2026_E0271_F04_cropped.jpg,true,4,4,f7d82992eef94519b7eae003222bc413d6c6e23a45fa445ffc5cf47c8b81c274,f7d82992eef94519b7eae003222bc413d6c6e23a45fa445ffc5cf47c8b81c274,CC0-1.0,http://creativecommons.org/publicdomain/zero/1.0/legalcode,redistribute_derivative_rights_review_passed
WBGBIF2026_E0272,WBGBIF2026_E0272_F00_cropped,cropped,model_inputs/images_cropped/WBGBIF2026_E0272_F00_cropped.jpg,true,0,0,71876bbb870f22a194efbfb056c0e97953a11d8b0e620ea283e169e50e961acc,71876bbb870f22a194efbfb056c0e97953a11d8b0e620ea283e169e50e961acc,CC0-1.0,http://creativecommons.org/publicdomain/zero/1.0/legalcode,redistribute_derivative_rights_review_passed
WBGBIF2026_E0272,WBGBIF2026_E0272_F01_cropped,cropped,model_inputs/images_cropped/WBGBIF2026_E0272_F01_cropped.jpg,true,1,2,07d3dac4d4c0f51114d6e42e00c1c74b1b146208ddc474c6c9898c55ac23e993,07d3dac4d4c0f51114d6e42e00c1c74b1b146208ddc474c6c9898c55ac23e993,CC0-1.0,http://creativecommons.org/publicdomain/zero/1.0/legalcode,redistribute_derivative_rights_review_passed
WBGBIF2026_E0272,WBGBIF2026_E0272_F02_cropped,cropped,model_inputs/images_cropped/WBGBIF2026_E0272_F02_cropped.jpg,true,2,4,24587960b97b96c1039f97444e8661fac490f7607257398f222766b24cc50b85,24587960b97b96c1039f97444e8661fac490f7607257398f222766b24cc50b85,CC0-1.0,http://creativecommons.org/publicdomain/zero/1.0/legalcode,redistribute_derivative_rights_review_passed
WBGBIF2026_E0272,WBGBIF2026_E0272_F03_cropped,cropped,model_inputs/images_cropped/WBGBIF2026_E0272_F03_cropped.jpg,true,3,6,f1710b895572fcad10a942c649098d0d0c7c60a4207b27fd4ca5a83a97df0a56,f1710b895572fcad10a942c649098d0d0c7c60a4207b27fd4ca5a83a97df0a56,CC0-1.0,http://creativecommons.org/publicdomain/zero/1.0/legalcode,redistribute_derivative_rights_review_passed
WBGBIF2026_E0272,WBGBIF2026_E0272_F04_cropped,cropped,model_inputs/images_cropped/WBGBIF2026_E0272_F04_cropped.jpg,true,4,8,4c2a69020dcbfd75813c3150f01905de86de9642e31960c4e7026f4e718186cc,4c2a69020dcbfd75813c3150f01905de86de9642e31960c4e7026f4e718186cc,CC0-1.0,http://creativecommons.org/publicdomain/zero/1.0/legalcode,redistribute_derivative_rights_review_passed
WBGBIF2026_E0273,WBGBIF2026_E0273_F00_cropped,cropped,model_inputs/images_cropped/WBGBIF2026_E0273_F00_cropped.jpg,true,0,0,2abe2280f3cdf9f2e52244b40c17234badec47442efd7daa53d805e4d8c659f7,2abe2280f3cdf9f2e52244b40c17234badec47442efd7daa53d805e4d8c659f7,CC0-1.0,http://creativecommons.org/publicdomain/zero/1.0/legalcode,redistribute_derivative_rights_review_passed
WBGBIF2026_E0273,WBGBIF2026_E0273_F01_cropped,cropped,model_inputs/images_cropped/WBGBIF2026_E0273_F01_cropped.jpg,true,1,1,e3faf1cb3c90893d2c80c6edcb1d57d9ead6f9b0570f25be0f415b23937328e9,e3faf1cb3c90893d2c80c6edcb1d57d9ead6f9b0570f25be0f415b23937328e9,CC0-1.0,http://creativecommons.org/publicdomain/zero/1.0/legalcode,redistribute_derivative_rights_review_passed
WBGBIF2026_E0273,WBGBIF2026_E0273_F02_cropped,cropped,model_inputs/images_cropped/WBGBIF2026_E0273_F02_cropped.jpg,true,2,2,943c71dd968f236e6e45bae2a4d5a95ce927f522aeb32b74d8a7d264c1695982,943c71dd968f236e6e45bae2a4d5a95ce927f522aeb32b74d8a7d264c1695982,CC0-1.0,http://creativecommons.org/publicdomain/zero/1.0/legalcode,redistribute_derivative_rights_review_passed
WBGBIF2026_E0273,WBGBIF2026_E0273_F03_cropped,cropped,model_inputs/images_cropped/WBGBIF2026_E0273_F03_cropped.jpg,true,3,3,ef9e20ea9b3ed9bfcf671470ed15c0dda60f6b76503e7440632c3bb98674a668,ef9e20ea9b3ed9bfcf671470ed15c0dda60f6b76503e7440632c3bb98674a668,CC0-1.0,http://creativecommons.org/publicdomain/zero/1.0/legalcode,redistribute_derivative_rights_review_passed
WBGBIF2026_E0273,WBGBIF2026_E0273_F04_cropped,cropped,model_inputs/images_cropped/WBGBIF2026_E0273_F04_cropped.jpg,true,4,4,bace5e34c4d624c4b0beea5b37b468159d0ee1ea827ce138fd7d244163bb5daf,bace5e34c4d624c4b0beea5b37b468159d0ee1ea827ce138fd7d244163bb5daf,CC0-1.0,http://creativecommons.org/publicdomain/zero/1.0/legalcode,redistribute_derivative_rights_review_passed
WBGBIF2026_E0274,WBGBIF2026_E0274_F00_cropped,cropped,model_inputs/images_cropped/WBGBIF2026_E0274_F00_cropped.jpg,true,0,0,542d701641d546f163b82acc258da9496e868c34c06764d2c20a1a9627020daf,542d701641d546f163b82acc258da9496e868c34c06764d2c20a1a9627020daf,CC0-1.0,http://creativecommons.org/publicdomain/zero/1.0/legalcode,redistribute_derivative_rights_review_passed
WBGBIF2026_E0274,WBGBIF2026_E0274_F01_cropped,cropped,model_inputs/images_cropped/WBGBIF2026_E0274_F01_cropped.jpg,true,1,1,0aa60f6ecde15158af37d1c1014b2bcc30cc87ea5b2b198c0e2a19237095f242,0aa60f6ecde15158af37d1c1014b2bcc30cc87ea5b2b198c0e2a19237095f242,CC0-1.0,http://creativecommons.org/publicdomain/zero/1.0/legalcode,redistribute_derivative_rights_review_passed
WBGBIF2026_E0275,WBGBIF2026_E0275_F00_cropped,cropped,model_inputs/images_cropped/WBGBIF2026_E0275_F00_cropped.jpg,true,0,0,ba4700e3584e3a8202919b5b8fe43f1fd762c94a5b868ebb629a2dda274d4402,ba4700e3584e3a8202919b5b8fe43f1fd762c94a5b868ebb629a2dda274d4402,CC0-1.0,http://creativecommons.org/publicdomain/zero/1.0/legalcode,redistribute_derivative_rights_review_passed
WBGBIF2026_E0275,WBGBIF2026_E0275_F01_cropped,cropped,model_inputs/images_cropped/WBGBIF2026_E0275_F01_cropped.jpg,true,1,1,241bb6f21eb2f26da89160183b31647b4851749e6cc9115973f80e67bd1cc581,241bb6f21eb2f26da89160183b31647b4851749e6cc9115973f80e67bd1cc581,CC0-1.0,http://creativecommons.org/publicdomain/zero/1.0/legalcode,redistribute_derivative_rights_review_passed
WBGBIF2026_E0276,WBGBIF2026_E0276_F00_cropped,cropped,model_inputs/images_cropped/WBGBIF2026_E0276_F00_cropped.jpg,true,0,0,53d4abbac7032a44b64bd10549abf6a1f84b19e3a11cd060a9dcddac64149b7f,53d4abbac7032a44b64bd10549abf6a1f84b19e3a11cd060a9dcddac64149b7f,CC0-1.0,http://creativecommons.org/publicdomain/zero/1.0/legalcode,redistribute_derivative_rights_review_passed
WBGBIF2026_E0276,WBGBIF2026_E0276_F01_cropped,cropped,model_inputs/images_cropped/WBGBIF2026_E0276_F01_cropped.jpg,true,1,1,d6f0722de45f6a91f61486e75e807714d44c67a077d2d85968d38612526e940d,d6f0722de45f6a91f61486e75e807714d44c67a077d2d85968d38612526e940d,CC0-1.0,http://creativecommons.org/publicdomain/zero/1.0/legalcode,redistribute_derivative_rights_review_passed
WBGBIF2026_E0277,WBGBIF2026_E0277_F00_cropped,cropped,model_inputs/images_cropped/WBGBIF2026_E0277_F00_cropped.jpg,true,0,0,c6724706c078533e8e3ac8c4b0fac4f25a1ef3f87eb2f14e9c71110192a9c975,c6724706c078533e8e3ac8c4b0fac4f25a1ef3f87eb2f14e9c71110192a9c975,CC0-1.0,http://creativecommons.org/publicdomain/zero/1.0/legalcode,redistribute_derivative_rights_review_passed
WBGBIF2026_E0277,WBGBIF2026_E0277_F01_cropped,cropped,model_inputs/images_cropped/WBGBIF2026_E0277_F01_cropped.jpg,true,1,1,bab0f956d50a594356007cc2f5d88088f1fc311c855c81f1d72f5e806c0642c6,bab0f956d50a594356007cc2f5d88088f1fc311c855c81f1d72f5e806c0642c6,CC0-1.0,http://creativecommons.org/publicdomain/zero/1.0/legalcode,redistribute_derivative_rights_review_passed
WBGBIF2026_E0277,WBGBIF2026_E0277_F02_cropped,cropped,model_inputs/images_cropped/WBGBIF2026_E0277_F02_cropped.jpg,true,2,2,6c26e95b94b25c9212c38671455879bcb4ee3b8e5bd5c1bc507e25e4950478a0,6c26e95b94b25c9212c38671455879bcb4ee3b8e5bd5c1bc507e25e4950478a0,CC0-1.0,http://creativecommons.org/publicdomain/zero/1.0/legalcode,redistribute_derivative_rights_review_passed
WBGBIF2026_E0277,WBGBIF2026_E0277_F03_cropped,cropped,model_inputs/images_cropped/WBGBIF2026_E0277_F03_cropped.jpg,true,3,3,451ffda79af1a109387b4bc107b6ce7dccbd0e3f55c25295444a5c3d131e75d3,451ffda79af1a109387b4bc107b6ce7dccbd0e3f55c25295444a5c3d131e75d3,CC0-1.0,http://creativecommons.org/publicdomain/zero/1.0/legalcode,redistribute_derivative_rights_review_passed
WBGBIF2026_E0277,WBGBIF2026_E0277_F04_cropped,cropped,model_inputs/images_cropped/WBGBIF2026_E0277_F04_cropped.jpg,true,4,4,b50c5be5592ea125fa128f2250991fbc055fe01348a4474dfc0a0b8936a3fb75,b50c5be5592ea125fa128f2250991fbc055fe01348a4474dfc0a0b8936a3fb75,CC0-1.0,http://creativecommons.org/publicdomain/zero/1.0/legalcode,redistribute_derivative_rights_review_passed
WBGBIF2026_E0278,WBGBIF2026_E0278_F00_cropped,cropped,model_inputs/images_cropped/WBGBIF2026_E0278_F00_cropped.jpg,true,0,0,d10502b6f188bfb996aff33e8d26223ff04c2efc15c69add44ce8d97be0e1949,d10502b6f188bfb996aff33e8d26223ff04c2efc15c69add44ce8d97be0e1949,CC0-1.0,http://creativecommons.org/publicdomain/zero/1.0/legalcode,redistribute_derivative_rights_review_passed
WBGBIF2026_E0278,WBGBIF2026_E0278_F01_cropped,cropped,model_inputs/images_cropped/WBGBIF2026_E0278_F01_cropped.jpg,true,1,5,2a732a2cdd1eaba6567dd2cad46d4dfaa0fb5678e1b723b41f098e355a69b38d,2a732a2cdd1eaba6567dd2cad46d4dfaa0fb5678e1b723b41f098e355a69b38d,CC0-1.0,http://creativecommons.org/publicdomain/zero/1.0/legalcode,redistribute_derivative_rights_review_passed
WBGBIF2026_E0278,WBGBIF2026_E0278_F02_cropped,cropped,model_inputs/images_cropped/WBGBIF2026_E0278_F02_cropped.jpg,true,2,11,e991b42f3eb7d75bd14731b5b0dce4a7d7ef012d3c38c171ff6ecb17da3aeafb,e991b42f3eb7d75bd14731b5b0dce4a7d7ef012d3c38c171ff6ecb17da3aeafb,CC0-1.0,http://creativecommons.org/publicdomain/zero/1.0/legalcode,redistribute_derivative_rights_review_passed
WBGBIF2026_E0278,WBGBIF2026_E0278_F03_cropped,cropped,model_inputs/images_cropped/WBGBIF2026_E0278_F03_cropped.jpg,true,3,16,4f7e11c7496067f4936811e89e5be197f65b77458badb5d19840b2402883996a,4f7e11c7496067f4936811e89e5be197f65b77458badb5d19840b2402883996a,CC0-1.0,http://creativecommons.org/publicdomain/zero/1.0/legalcode,redistribute_derivative_rights_review_passed
WBGBIF2026_E0278,WBGBIF2026_E0278_F04_cropped,cropped,model_inputs/images_cropped/WBGBIF2026_E0278_F04_cropped.jpg,true,4,22,43ac34c2df93147716e9f8a1db8362c28de32569fb7eeedf48c2dc795703fda3,43ac34c2df93147716e9f8a1db8362c28de32569fb7eeedf48c2dc795703fda3,CC0-1.0,http://creativecommons.org/publicdomain/zero/1.0/legalcode,redistribute_derivative_rights_review_passed
WBGBIF2026_E0279,WBGBIF2026_E0279_F00_cropped,cropped,model_inputs/images_cropped/WBGBIF2026_E0279_F00_cropped.jpg,true,0,0,910d3d1307937a6204d141376d31df012ec085e96e8d029b0b00c2914b1bbf3f,910d3d1307937a6204d141376d31df012ec085e96e8d029b0b00c2914b1bbf3f,CC0-1.0,http://creativecommons.org/publicdomain/zero/1.0/legalcode,redistribute_derivative_rights_review_passed
WBGBIF2026_E0279,WBGBIF2026_E0279_F01_cropped,cropped,model_inputs/images_cropped/WBGBIF2026_E0279_F01_cropped.jpg,true,1,2,5d48cb0b2930e711a1c166e4dc7ed4e291c8eba99d984c21a5eaec305eafb546,5d48cb0b2930e711a1c166e4dc7ed4e291c8eba99d984c21a5eaec305eafb546,CC0-1.0,http://creativecommons.org/publicdomain/zero/1.0/legalcode,redistribute_derivative_rights_review_passed
WBGBIF2026_E0279,WBGBIF2026_E0279_F02_cropped,cropped,model_inputs/images_cropped/WBGBIF2026_E0279_F02_cropped.jpg,true,2,4,ebc87fe94adc50f5cc8a92f91573393da59950f24c48f3c5a62f1c7661803bb8,ebc87fe94adc50f5cc8a92f91573393da59950f24c48f3c5a62f1c7661803bb8,CC0-1.0,http://creativecommons.org/publicdomain/zero/1.0/legalcode,redistribute_derivative_rights_review_passed
WBGBIF2026_E0279,WBGBIF2026_E0279_F03_cropped,cropped,model_inputs/images_cropped/WBGBIF2026_E0279_F03_cropped.jpg,true,3,6,96bd050308101ebe24e8a5e8e05e71491465e905f37caced656c10394f7002ab,96bd050308101ebe24e8a5e8e05e71491465e905f37caced656c10394f7002ab,CC0-1.0,http://creativecommons.org/publicdomain/zero/1.0/legalcode,redistribute_derivative_rights_review_passed
WBGBIF2026_E0279,WBGBIF2026_E0279_F04_cropped,cropped,model_inputs/images_cropped/WBGBIF2026_E0279_F04_cropped.jpg,true,4,8,35165f9a081f201c49bd2671a7532fdab071caa6f22f1a466bbed5f1f1df5dd8,35165f9a081f201c49bd2671a7532fdab071caa6f22f1a466bbed5f1f1df5dd8,CC0-1.0,http://creativecommons.org/publicdomain/zero/1.0/legalcode,redistribute_derivative_rights_review_passed
WBGBIF2026_E0289,WBGBIF2026_E0289_F00_cropped,cropped,model_inputs/images_cropped/WBGBIF2026_E0289_F00_cropped.jpg,true,0,0,6714d253a4259a90f0254af94099df189a93bf46edfd00b8dabcca3f184d74e8,6714d253a4259a90f0254af94099df189a93bf46edfd00b8dabcca3f184d74e8,CC0-1.0,http://creativecommons.org/publicdomain/zero/1.0/legalcode,redistribute_derivative_rights_review_passed
WBGBIF2026_E0289,WBGBIF2026_E0289_F01_cropped,cropped,model_inputs/images_cropped/WBGBIF2026_E0289_F01_cropped.jpg,true,1,1,c94a8e9ea2b5bbd868ab14ca3195a63a9584a3087439c5d5e2120b835a186df3,c94a8e9ea2b5bbd868ab14ca3195a63a9584a3087439c5d5e2120b835a186df3,CC0-1.0,http://creativecommons.org/publicdomain/zero/1.0/legalcode,redistribute_derivative_rights_review_passed
WBGBIF2026_E0289,WBGBIF2026_E0289_F02_cropped,cropped,model_inputs/images_cropped/WBGBIF2026_E0289_F02_cropped.jpg,true,2,2,49949360de4a235d49316a4cd0b07b6f8d8b71e0ae0c4f493fc43eb56116c3d9,49949360de4a235d49316a4cd0b07b6f8d8b71e0ae0c4f493fc43eb56116c3d9,CC0-1.0,http://creativecommons.org/publicdomain/zero/1.0/legalcode,redistribute_derivative_rights_review_passed
WBGBIF2026_E0289,WBGBIF2026_E0289_F03_cropped,cropped,model_inputs/images_cropped/WBGBIF2026_E0289_F03_cropped.jpg,true,3,3,5311ab779c6c13476a879e6d4d1a3fd2157a5a8e48f4d8860dc50497913108ea,5311ab779c6c13476a879e6d4d1a3fd2157a5a8e48f4d8860dc50497913108ea,CC0-1.0,http://creativecommons.org/publicdomain/zero/1.0/legalcode,redistribute_derivative_rights_review_passed
WBGBIF2026_E0289,WBGBIF2026_E0289_F04_cropped,cropped,model_inputs/images_cropped/WBGBIF2026_E0289_F04_cropped.jpg,true,4,4,16238a2b5fbd75f8fac15b64f000f4ba712ac1e3fb380db690476f27f2baf65a,16238a2b5fbd75f8fac15b64f000f4ba712ac1e3fb380db690476f27f2baf65a,CC0-1.0,http://creativecommons.org/publicdomain/zero/1.0/legalcode,redistribute_derivative_rights_review_passed
WBGBIF2026_E0290,WBGBIF2026_E0290_F00_cropped,cropped,model_inputs/images_cropped/WBGBIF2026_E0290_F00_cropped.jpg,true,0,0,1bfe0464c03b4d8b966caa18f6a42694460731f6daca241692588c0beb83ef9f,1bfe0464c03b4d8b966caa18f6a42694460731f6daca241692588c0beb83ef9f,CC0-1.0,http://creativecommons.org/publicdomain/zero/1.0/legalcode,redistribute_derivative_rights_review_passed
WBGBIF2026_E0290,WBGBIF2026_E0290_F01_cropped,cropped,model_inputs/images_cropped/WBGBIF2026_E0290_F01_cropped.jpg,true,1,1,779a03e78b360a8c7ddc8c49ef28d92b04546ed0d0153fdc8feb89e535d8612b,779a03e78b360a8c7ddc8c49ef28d92b04546ed0d0153fdc8feb89e535d8612b,CC0-1.0,http://creativecommons.org/publicdomain/zero/1.0/legalcode,redistribute_derivative_rights_review_passed
WBGBIF2026_E0290,WBGBIF2026_E0290_F02_cropped,cropped,model_inputs/images_cropped/WBGBIF2026_E0290_F02_cropped.jpg,true,2,2,c8dff2dd0c7a41df425232db19550620248703476bfbdd3fe01dda8138a3e529,c8dff2dd0c7a41df425232db19550620248703476bfbdd3fe01dda8138a3e529,CC0-1.0,http://creativecommons.org/publicdomain/zero/1.0/legalcode,redistribute_derivative_rights_review_passed
WBGBIF2026_E0290,WBGBIF2026_E0290_F03_cropped,cropped,model_inputs/images_cropped/WBGBIF2026_E0290_F03_cropped.jpg,true,3,3,8005f50c6d473aedf3fe5c77684b679296a1bc07d31bc6e6a69b0adfe5132c0c,8005f50c6d473aedf3fe5c77684b679296a1bc07d31bc6e6a69b0adfe5132c0c,CC0-1.0,http://creativecommons.org/publicdomain/zero/1.0/legalcode,redistribute_derivative_rights_review_passed
WBGBIF2026_E0290,WBGBIF2026_E0290_F04_cropped,cropped,model_inputs/images_cropped/WBGBIF2026_E0290_F04_cropped.jpg,true,4,4,53b0fed1e8984098358749e3c5349e493ea4530fea6ca3d7b2ff52e356e1fa7c,53b0fed1e8984098358749e3c5349e493ea4530fea6ca3d7b2ff52e356e1fa7c,CC0-1.0,http://creativecommons.org/publicdomain/zero/1.0/legalcode,redistribute_derivative_rights_review_passed
WBGBIF2026_E0291,WBGBIF2026_E0291_F00_cropped,cropped,model_inputs/images_cropped/WBGBIF2026_E0291_F00_cropped.jpg,true,0,0,d5c9840b010fcbd8313c6de4c9a0e17c2032757eaa19462bfeed5f49fbc8df7b,d5c9840b010fcbd8313c6de4c9a0e17c2032757eaa19462bfeed5f49fbc8df7b,CC0-1.0,http://creativecommons.org/publicdomain/zero/1.0/legalcode,redistribute_derivative_rights_review_passed
WBGBIF2026_E0291,WBGBIF2026_E0291_F01_cropped,cropped,model_inputs/images_cropped/WBGBIF2026_E0291_F01_cropped.jpg,true,1,1,9be0e2e01dada243c8eff7bbdc013899d84bf7b80c308de0ffaa8eb512b54cfa,9be0e2e01dada243c8eff7bbdc013899d84bf7b80c308de0ffaa8eb512b54cfa,CC0-1.0,http://creativecommons.org/publicdomain/zero/1.0/legalcode,redistribute_derivative_rights_review_passed
WBGBIF2026_E0291,WBGBIF2026_E0291_F02_cropped,cropped,model_inputs/images_cropped/WBGBIF2026_E0291_F02_cropped.jpg,true,2,2,fb230d11a53b0ac482c01f91df42c14e7ecb25825182a369878514f865b52606,fb230d11a53b0ac482c01f91df42c14e7ecb25825182a369878514f865b52606,CC0-1.0,http://creativecommons.org/publicdomain/zero/1.0/legalcode,redistribute_derivative_rights_review_passed
WBGBIF2026_E0291,WBGBIF2026_E0291_F03_cropped,cropped,model_inputs/images_cropped/WBGBIF2026_E0291_F03_cropped.jpg,true,3,3,d43beaac6df3f65059c1a1b617b2c393129cfa33131d53739965b951c32a52f3,d43beaac6df3f65059c1a1b617b2c393129cfa33131d53739965b951c32a52f3,CC0-1.0,http://creativecommons.org/publicdomain/zero/1.0/legalcode,redistribute_derivative_rights_review_passed
WBGBIF2026_E0291,WBGBIF2026_E0291_F04_cropped,cropped,model_inputs/images_cropped/WBGBIF2026_E0291_F04_cropped.jpg,true,4,4,1f6149d19d1f5b2e97a364db8e97599c25fe368f00e86f86aa1d36ede7611bd5,1f6149d19d1f5b2e97a364db8e97599c25fe368f00e86f86aa1d36ede7611bd5,CC0-1.0,http://creativecommons.org/publicdomain/zero/1.0/legalcode,redistribute_derivative_rights_review_passed
WBGBIF2026_E0292,WBGBIF2026_E0292_F00_cropped,cropped,model_inputs/images_cropped/WBGBIF2026_E0292_F00_cropped.jpg,true,0,0,92c00979b9be88b857497e62a6df1e4255fa00cebbb54a59a188281700e8b2fa,92c00979b9be88b857497e62a6df1e4255fa00cebbb54a59a188281700e8b2fa,CC-BY-4.0,http://creativecommons.org/licenses/by/4.0/legalcode,redistribute_derivative_with_attribution_rights_review_passed
WBGBIF2026_E0292,WBGBIF2026_E0292_F01_cropped,cropped,model_inputs/images_cropped/WBGBIF2026_E0292_F01_cropped.jpg,true,1,1,f3b8fd640169eb5750ce7bc9493af7d240dd618de74812375e9723c904f6ab4f,f3b8fd640169eb5750ce7bc9493af7d240dd618de74812375e9723c904f6ab4f,CC-BY-4.0,http://creativecommons.org/licenses/by/4.0/legalcode,redistribute_derivative_with_attribution_rights_review_passed
WBGBIF2026_E0292,WBGBIF2026_E0292_F02_cropped,cropped,model_inputs/images_cropped/WBGBIF2026_E0292_F02_cropped.jpg,true,2,2,c50d210812ba746b858c5b85a43512e8c36301dc8ee94776ad7a3c785978af26,c50d210812ba746b858c5b85a43512e8c36301dc8ee94776ad7a3c785978af26,CC-BY-4.0,http://creativecommons.org/licenses/by/4.0/legalcode,redistribute_derivative_with_attribution_rights_review_passed
WBGBIF2026_E0292,WBGBIF2026_E0292_F03_cropped,cropped,model_inputs/images_cropped/WBGBIF2026_E0292_F03_cropped.jpg,true,3,3,42eaefb9bafdacda605d9170fd89d01bbda9558167777534538be1aaa90efe01,42eaefb9bafdacda605d9170fd89d01bbda9558167777534538be1aaa90efe01,CC-BY-4.0,http://creativecommons.org/licenses/by/4.0/legalcode,redistribute_derivative_with_attribution_rights_review_passed
WBGBIF2026_E0292,WBGBIF2026_E0292_F04_cropped,cropped,model_inputs/images_cropped/WBGBIF2026_E0292_F04_cropped.jpg,true,4,4,b9ef8fa7daa8354dac981a34ecd23c51c40d6488247473e1e402051ec0dbfdfc,b9ef8fa7daa8354dac981a34ecd23c51c40d6488247473e1e402051ec0dbfdfc,CC-BY-4.0,http://creativecommons.org/licenses/by/4.0/legalcode,redistribute_derivative_with_attribution_rights_review_passed
WBGBIF2026_E0293,WBGBIF2026_E0293_F00_cropped,cropped,model_inputs/images_cropped/WBGBIF2026_E0293_F00_cropped.jpg,true,0,0,be24ee904e26f5c9d9548c7b3f538de4bb1f4c8c76e2dea1f4ff2c33cebdba33,be24ee904e26f5c9d9548c7b3f538de4bb1f4c8c76e2dea1f4ff2c33cebdba33,CC-BY-4.0,http://creativecommons.org/licenses/by/4.0/legalcode,redistribute_derivative_with_attribution_rights_review_passed
WBGBIF2026_E0293,WBGBIF2026_E0293_F01_cropped,cropped,model_inputs/images_cropped/WBGBIF2026_E0293_F01_cropped.jpg,true,1,1,03ffc3ba674bfe32f14a0465cc519832b6c46f0218f97ea42cd0f0cba7097602,03ffc3ba674bfe32f14a0465cc519832b6c46f0218f97ea42cd0f0cba7097602,CC-BY-4.0,http://creativecommons.org/licenses/by/4.0/legalcode,redistribute_derivative_with_attribution_rights_review_passed
WBGBIF2026_E0293,WBGBIF2026_E0293_F02_cropped,cropped,model_inputs/images_cropped/WBGBIF2026_E0293_F02_cropped.jpg,true,2,2,4850aac9ad6dd01ad2c51adda8f16c54c808f85a004abc1469b7dbe151917e54,4850aac9ad6dd01ad2c51adda8f16c54c808f85a004abc1469b7dbe151917e54,CC-BY-4.0,http://creativecommons.org/licenses/by/4.0/legalcode,redistribute_derivative_with_attribution_rights_review_passed
WBGBIF2026_E0293,WBGBIF2026_E0293_F03_cropped,cropped,model_inputs/images_cropped/WBGBIF2026_E0293_F03_cropped.jpg,true,3,3,31f103a69f1721f9cf64009d6c92a7483dae1516ab76aa137ee55303a73e55b7,31f103a69f1721f9cf64009d6c92a7483dae1516ab76aa137ee55303a73e55b7,CC-BY-4.0,http://creativecommons.org/licenses/by/4.0/legalcode,redistribute_derivative_with_attribution_rights_review_passed
WBGBIF2026_E0293,WBGBIF2026_E0293_F04_cropped,cropped,model_inputs/images_cropped/WBGBIF2026_E0293_F04_cropped.jpg,true,4,4,4d5e9fe1352615d68d15f5db06ece8a1f06606f615b865eae4272235d118a350,4d5e9fe1352615d68d15f5db06ece8a1f06606f615b865eae4272235d118a350,CC-BY-4.0,http://creativecommons.org/licenses/by/4.0/legalcode,redistribute_derivative_with_attribution_rights_review_passed
WBGBIF2026_E0294,WBGBIF2026_E0294_F00_cropped,cropped,model_inputs/images_cropped/WBGBIF2026_E0294_F00_cropped.jpg,true,0,0,f85bc2f4d0d14f7ce68fd6580ef65f111a2981ab28cc0df8a430bf8a5eabe069,f85bc2f4d0d14f7ce68fd6580ef65f111a2981ab28cc0df8a430bf8a5eabe069,CC-BY-4.0,http://creativecommons.org/licenses/by/4.0/legalcode,redistribute_derivative_with_attribution_rights_review_passed
WBGBIF2026_E0294,WBGBIF2026_E0294_F01_cropped,cropped,model_inputs/images_cropped/WBGBIF2026_E0294_F01_cropped.jpg,true,1,1,f291f6abae83637b2598e56f01edc639ac817f9c95947dcaaadb453084ec2e4d,f291f6abae83637b2598e56f01edc639ac817f9c95947dcaaadb453084ec2e4d,CC-BY-4.0,http://creativecommons.org/licenses/by/4.0/legalcode,redistribute_derivative_with_attribution_rights_review_passed
WBGBIF2026_E0294,WBGBIF2026_E0294_F02_cropped,cropped,model_inputs/images_cropped/WBGBIF2026_E0294_F02_cropped.jpg,true,2,2,085df1a68a7a42fbff6b4736e5cd857a0026007627599dc72b94d167f199ec8b,085df1a68a7a42fbff6b4736e5cd857a0026007627599dc72b94d167f199ec8b,CC-BY-4.0,http://creativecommons.org/licenses/by/4.0/legalcode,redistribute_derivative_with_attribution_rights_review_passed
WBGBIF2026_E0294,WBGBIF2026_E0294_F03_cropped,cropped,model_inputs/images_cropped/WBGBIF2026_E0294_F03_cropped.jpg,true,3,3,58debb74570c111515f947b4669848015f6da21af8e057adc0e540cdd75933ac,58debb74570c111515f947b4669848015f6da21af8e057adc0e540cdd75933ac,CC-BY-4.0,http://creativecommons.org/licenses/by/4.0/legalcode,redistribute_derivative_with_attribution_rights_review_passed
WBGBIF2026_E0294,WBGBIF2026_E0294_F04_cropped,cropped,model_inputs/images_cropped/WBGBIF2026_E0294_F04_cropped.jpg,true,4,4,f187c6d1a4be018732a6a025921ff1340aa1a27bc9f58264adece8bb05385334,f187c6d1a4be018732a6a025921ff1340aa1a27bc9f58264adece8bb05385334,CC-BY-4.0,http://creativecommons.org/licenses/by/4.0/legalcode,redistribute_derivative_with_attribution_rights_review_passed
WBGBIF2026_E0295,WBGBIF2026_E0295_F00_cropped,cropped,model_inputs/images_cropped/WBGBIF2026_E0295_F00_cropped.jpg,true,0,0,4d30193aee2970dd6a9a23df78c08a47f4384a0790e1ef733898c4b2b098dd1a,4d30193aee2970dd6a9a23df78c08a47f4384a0790e1ef733898c4b2b098dd1a,CC-BY-4.0,http://creativecommons.org/licenses/by/4.0/legalcode,redistribute_derivative_with_attribution_rights_review_passed
WBGBIF2026_E0295,WBGBIF2026_E0295_F01_cropped,cropped,model_inputs/images_cropped/WBGBIF2026_E0295_F01_cropped.jpg,true,1,1,e1d833659dac245d62efecb9ec8d4d39bab9b2b68846ca250376fc3def8509c9,e1d833659dac245d62efecb9ec8d4d39bab9b2b68846ca250376fc3def8509c9,CC-BY-4.0,http://creativecommons.org/licenses/by/4.0/legalcode,redistribute_derivative_with_attribution_rights_review_passed
WBGBIF2026_E0295,WBGBIF2026_E0295_F02_cropped,cropped,model_inputs/images_cropped/WBGBIF2026_E0295_F02_cropped.jpg,true,2,2,fc59a33aed7bee76b7e923a0c19ea248d87d7bb4fece7234c21ed43c8bef0179,fc59a33aed7bee76b7e923a0c19ea248d87d7bb4fece7234c21ed43c8bef0179,CC-BY-4.0,http://creativecommons.org/licenses/by/4.0/legalcode,redistribute_derivative_with_attribution_rights_review_passed
WBGBIF2026_E0295,WBGBIF2026_E0295_F03_cropped,cropped,model_inputs/images_cropped/WBGBIF2026_E0295_F03_cropped.jpg,true,3,3,d7418e701d16c63ac149d315f939f4542ee78743234bdc2e5b1ff764fb9503a4,d7418e701d16c63ac149d315f939f4542ee78743234bdc2e5b1ff764fb9503a4,CC-BY-4.0,http://creativecommons.org/licenses/by/4.0/legalcode,redistribute_derivative_with_attribution_rights_review_passed
WBGBIF2026_E0295,WBGBIF2026_E0295_F04_cropped,cropped,model_inputs/images_cropped/WBGBIF2026_E0295_F04_cropped.jpg,true,4,4,135434d0a77dd932e88fab1532a6e3568a08a5cec1e332425beaff6bca3392d5,135434d0a77dd932e88fab1532a6e3568a08a5cec1e332425beaff6bca3392d5,CC-BY-4.0,http://creativecommons.org/licenses/by/4.0/legalcode,redistribute_derivative_with_attribution_rights_review_passed
WBGBIF2026_E0296,WBGBIF2026_E0296_F00_cropped,cropped,model_inputs/images_cropped/WBGBIF2026_E0296_F00_cropped.jpg,true,0,0,9ea9bf212acdf12822d75e7c32bd69dfa4cdf5da070186939e139b51d0ce5e90,9ea9bf212acdf12822d75e7c32bd69dfa4cdf5da070186939e139b51d0ce5e90,CC-BY-4.0,http://creativecommons.org/licenses/by/4.0/legalcode,redistribute_derivative_with_attribution_rights_review_passed
WBGBIF2026_E0296,WBGBIF2026_E0296_F01_cropped,cropped,model_inputs/images_cropped/WBGBIF2026_E0296_F01_cropped.jpg,true,1,1,a4ae68bfd3d2594c0e852861d520247bb3215e2950a55d0fb4d06cbe935e5b16,a4ae68bfd3d2594c0e852861d520247bb3215e2950a55d0fb4d06cbe935e5b16,CC-BY-4.0,http://creativecommons.org/licenses/by/4.0/legalcode,redistribute_derivative_with_attribution_rights_review_passed
WBGBIF2026_E0296,WBGBIF2026_E0296_F02_cropped,cropped,model_inputs/images_cropped/WBGBIF2026_E0296_F02_cropped.jpg,true,2,2,a660fe1c6037920595b8f8fa0f2338cee26e1bc4fe4d122af0589b2ef55580cd,a660fe1c6037920595b8f8fa0f2338cee26e1bc4fe4d122af0589b2ef55580cd,CC-BY-4.0,http://creativecommons.org/licenses/by/4.0/legalcode,redistribute_derivative_with_attribution_rights_review_passed
WBGBIF2026_E0297,WBGBIF2026_E0297_F00_cropped,cropped,model_inputs/images_cropped/WBGBIF2026_E0297_F00_cropped.jpg,true,0,0,4c6e756f48a3ac3d8c7605afd5a292ba62b4823f5c4a007b072ed1a8610fdc0c,4c6e756f48a3ac3d8c7605afd5a292ba62b4823f5c4a007b072ed1a8610fdc0c,CC-BY-4.0,http://creativecommons.org/licenses/by/4.0/legalcode,redistribute_derivative_with_attribution_rights_review_passed
WBGBIF2026_E0297,WBGBIF2026_E0297_F01_cropped,cropped,model_inputs/images_cropped/WBGBIF2026_E0297_F01_cropped.jpg,true,1,1,3a245210dcfe46d5d3fa6f25701fe2480b15b6326827e33831a74120e0ce77bd,3a245210dcfe46d5d3fa6f25701fe2480b15b6326827e33831a74120e0ce77bd,CC-BY-4.0,http://creativecommons.org/licenses/by/4.0/legalcode,redistribute_derivative_with_attribution_rights_review_passed
WBGBIF2026_E0298,WBGBIF2026_E0298_F00_cropped,cropped,model_inputs/images_cropped/WBGBIF2026_E0298_F00_cropped.jpg,true,0,0,e2384cf7bf35d9aea7a406e1f6964d92bc7c2844a49d69a0fd1d813fe93e3dc8,e2384cf7bf35d9aea7a406e1f6964d92bc7c2844a49d69a0fd1d813fe93e3dc8,CC-BY-4.0,http://creativecommons.org/licenses/by/4.0/legalcode,redistribute_derivative_with_attribution_rights_review_passed
WBGBIF2026_E0298,WBGBIF2026_E0298_F01_cropped,cropped,model_inputs/images_cropped/WBGBIF2026_E0298_F01_cropped.jpg,true,1,1,88ffa69fe19a2134a8c6ea7898f9982e954a9dc80ea946678bfd37a870587399,88ffa69fe19a2134a8c6ea7898f9982e954a9dc80ea946678bfd37a870587399,CC-BY-4.0,http://creativecommons.org/licenses/by/4.0/legalcode,redistribute_derivative_with_attribution_rights_review_passed
WBGBIF2026_E0298,WBGBIF2026_E0298_F02_cropped,cropped,model_inputs/images_cropped/WBGBIF2026_E0298_F02_cropped.jpg,true,2,2,5924534373756588396f21a2f8c5a4e5096d23eddf5fe1d6fb678c5f1a64aa73,5924534373756588396f21a2f8c5a4e5096d23eddf5fe1d6fb678c5f1a64aa73,CC-BY-4.0,http://creativecommons.org/licenses/by/4.0/legalcode,redistribute_derivative_with_attribution_rights_review_passed
WBGBIF2026_E0298,WBGBIF2026_E0298_F03_cropped,cropped,model_inputs/images_cropped/WBGBIF2026_E0298_F03_cropped.jpg,true,3,3,b5ea4756aa85973957b14ecefa7d2e6538fd29fe1f68502632d26431ee56a2d8,b5ea4756aa85973957b14ecefa7d2e6538fd29fe1f68502632d26431ee56a2d8,CC-BY-4.0,http://creativecommons.org/licenses/by/4.0/legalcode,redistribute_derivative_with_attribution_rights_review_passed
WBGBIF2026_E0298,WBGBIF2026_E0298_F04_cropped,cropped,model_inputs/images_cropped/WBGBIF2026_E0298_F04_cropped.jpg,true,4,4,406a811204ad4ea215375d03c632fcb952826cb055c1231c9e6f6ef757286eb5,406a811204ad4ea215375d03c632fcb952826cb055c1231c9e6f6ef757286eb5,CC-BY-4.0,http://creativecommons.org/licenses/by/4.0/legalcode,redistribute_derivative_with_attribution_rights_review_passed
WBGBIF2026_E0299,WBGBIF2026_E0299_F00_cropped,cropped,model_inputs/images_cropped/WBGBIF2026_E0299_F00_cropped.jpg,true,0,0,48ef4ffe8d9cf56e8551fb493c89f8781114fe466a0e63048c1f9cf700659a1c,48ef4ffe8d9cf56e8551fb493c89f8781114fe466a0e63048c1f9cf700659a1c,CC-BY-4.0,http://creativecommons.org/licenses/by/4.0/legalcode,redistribute_derivative_with_attribution_rights_review_passed
WBGBIF2026_E0299,WBGBIF2026_E0299_F01_cropped,cropped,model_inputs/images_cropped/WBGBIF2026_E0299_F01_cropped.jpg,true,1,1,f3fea9a36670ac5929f8ced5efcd67dd4d26cf3c80c5cc471cc14774057184cf,f3fea9a36670ac5929f8ced5efcd67dd4d26cf3c80c5cc471cc14774057184cf,CC-BY-4.0,http://creativecommons.org/licenses/by/4.0/legalcode,redistribute_derivative_with_attribution_rights_review_passed
WBGBIF2026_E0299,WBGBIF2026_E0299_F02_cropped,cropped,model_inputs/images_cropped/WBGBIF2026_E0299_F02_cropped.jpg,true,2,2,c373d1acbe73015320198f4314ac90bf8d669004f345eb579e73f8f057e5df56,c373d1acbe73015320198f4314ac90bf8d669004f345eb579e73f8f057e5df56,CC-BY-4.0,http://creativecommons.org/licenses/by/4.0/legalcode,redistribute_derivative_with_attribution_rights_review_passed
WBGBIF2026_E0299,WBGBIF2026_E0299_F03_cropped,cropped,model_inputs/images_cropped/WBGBIF2026_E0299_F03_cropped.jpg,true,3,3,ebf633780e91d2c8ef43e80ad5ac13db229cd63654d6b81c4afbadcc5c969352,ebf633780e91d2c8ef43e80ad5ac13db229cd63654d6b81c4afbadcc5c969352,CC-BY-4.0,http://creativecommons.org/licenses/by/4.0/legalcode,redistribute_derivative_with_attribution_rights_review_passed
WBGBIF2026_E0299,WBGBIF2026_E0299_F04_cropped,cropped,model_inputs/images_cropped/WBGBIF2026_E0299_F04_cropped.jpg,true,4,4,5a4718416f7ae9d2a83ed7f6fdb7cd3aa747820c70a588a32b24c51c888530ef,5a4718416f7ae9d2a83ed7f6fdb7cd3aa747820c70a588a32b24c51c888530ef,CC-BY-4.0,http://creativecommons.org/licenses/by/4.0/legalcode,redistribute_derivative_with_attribution_rights_review_passed
WBGBIF2026_E0300,WBGBIF2026_E0300_F00_cropped,cropped,model_inputs/images_cropped/WBGBIF2026_E0300_F00_cropped.jpg,true,0,0,14d18720ee7911ac12f201fed96f33a76becc30547859218d7b9db7b696d3109,14d18720ee7911ac12f201fed96f33a76becc30547859218d7b9db7b696d3109,CC-BY-4.0,http://creativecommons.org/licenses/by/4.0/legalcode,redistribute_derivative_with_attribution_rights_review_passed
WBGBIF2026_E0300,WBGBIF2026_E0300_F01_cropped,cropped,model_inputs/images_cropped/WBGBIF2026_E0300_F01_cropped.jpg,true,1,1,d87611d4220446c47e73744389bb4d2ff43ae3aa59d97db0f3b10f1f64e10600,d87611d4220446c47e73744389bb4d2ff43ae3aa59d97db0f3b10f1f64e10600,CC-BY-4.0,http://creativecommons.org/licenses/by/4.0/legalcode,redistribute_derivative_with_attribution_rights_review_passed
WBGBIF2026_E0300,WBGBIF2026_E0300_F02_cropped,cropped,model_inputs/images_cropped/WBGBIF2026_E0300_F02_cropped.jpg,true,2,2,43b67c5963a0f9b006002ba26db1dc86e7d3400a91bf50bd572935171b74f75f,43b67c5963a0f9b006002ba26db1dc86e7d3400a91bf50bd572935171b74f75f,CC-BY-4.0,http://creativecommons.org/licenses/by/4.0/legalcode,redistribute_derivative_with_attribution_rights_review_passed
WBGBIF2026_E0300,WBGBIF2026_E0300_F03_cropped,cropped,model_inputs/images_cropped/WBGBIF2026_E0300_F03_cropped.jpg,true,3,3,d1242c3d33a1632ded5c73ff7b58e614b4f4b073924723935d08de71a0e17d83,d1242c3d33a1632ded5c73ff7b58e614b4f4b073924723935d08de71a0e17d83,CC-BY-4.0,http://creativecommons.org/licenses/by/4.0/legalcode,redistribute_derivative_with_attribution_rights_review_passed
WBGBIF2026_E0300,WBGBIF2026_E0300_F04_cropped,cropped,model_inputs/images_cropped/WBGBIF2026_E0300_F04_cropped.jpg,true,4,4,ba796a90f04419c553d0e70de018c666cbc42878bdc130b9f1fcea7457474bf1,ba796a90f04419c553d0e70de018c666cbc42878bdc130b9f1fcea7457474bf1,CC-BY-4.0,http://creativecommons.org/licenses/by/4.0/legalcode,redistribute_derivative_with_attribution_rights_review_passed
WBGBIF2026_E0301,WBGBIF2026_E0301_F00_cropped,cropped,model_inputs/images_cropped/WBGBIF2026_E0301_F00_cropped.jpg,true,0,0,6653912fcca1502a1407ad64238ac380f2c9da81bfe600bd4b7c8902be5c831b,6653912fcca1502a1407ad64238ac380f2c9da81bfe600bd4b7c8902be5c831b,CC-BY-4.0,http://creativecommons.org/licenses/by/4.0/legalcode,redistribute_derivative_with_attribution_rights_review_passed
WBGBIF2026_E0301,WBGBIF2026_E0301_F01_cropped,cropped,model_inputs/images_cropped/WBGBIF2026_E0301_F01_cropped.jpg,true,1,1,a0502a06f4b2b020aed52b6720b084041588dbc0d0666ad45e3eb833138380fd,a0502a06f4b2b020aed52b6720b084041588dbc0d0666ad45e3eb833138380fd,CC-BY-4.0,http://creativecommons.org/licenses/by/4.0/legalcode,redistribute_derivative_with_attribution_rights_review_passed
WBGBIF2026_E0301,WBGBIF2026_E0301_F02_cropped,cropped,model_inputs/images_cropped/WBGBIF2026_E0301_F02_cropped.jpg,true,2,2,205dccb1b75f4843d23b4656054e83946d87620ceccfab8a717d457cac8a3052,205dccb1b75f4843d23b4656054e83946d87620ceccfab8a717d457cac8a3052,CC-BY-4.0,http://creativecommons.org/licenses/by/4.0/legalcode,redistribute_derivative_with_attribution_rights_review_passed
WBGBIF2026_E0301,WBGBIF2026_E0301_F03_cropped,cropped,model_inputs/images_cropped/WBGBIF2026_E0301_F03_cropped.jpg,true,3,3,7d4b40e477d75212312ab13618035ff436b81a54e4472be9dca280f5b1f3cf20,7d4b40e477d75212312ab13618035ff436b81a54e4472be9dca280f5b1f3cf20,CC-BY-4.0,http://creativecommons.org/licenses/by/4.0/legalcode,redistribute_derivative_with_attribution_rights_review_passed
WBGBIF2026_E0301,WBGBIF2026_E0301_F04_cropped,cropped,model_inputs/images_cropped/WBGBIF2026_E0301_F04_cropped.jpg,true,4,4,9eea7e85df9f9c6cc0d71aefffb10ae2747e83ae6148c18e8c8ecb0f064941d6,9eea7e85df9f9c6cc0d71aefffb10ae2747e83ae6148c18e8c8ecb0f064941d6,CC-BY-4.0,http://creativecommons.org/licenses/by/4.0/legalcode,redistribute_derivative_with_attribution_rights_review_passed
WBGBIF2026_E0302,WBGBIF2026_E0302_F00_cropped,cropped,model_inputs/images_cropped/WBGBIF2026_E0302_F00_cropped.jpg,true,0,0,c486a342d50d943fd5def8ab9a262a700f497fdd4f20ee1754612a7b69adbb3e,c486a342d50d943fd5def8ab9a262a700f497fdd4f20ee1754612a7b69adbb3e,CC-BY-4.0,http://creativecommons.org/licenses/by/4.0/legalcode,redistribute_derivative_with_attribution_rights_review_passed
WBGBIF2026_E0302,WBGBIF2026_E0302_F01_cropped,cropped,model_inputs/images_cropped/WBGBIF2026_E0302_F01_cropped.jpg,true,1,1,c0fb88e2aff6043bdb3fe7757d7412cbf8e888d8bbaba6c115f865ddc4ad9373,c0fb88e2aff6043bdb3fe7757d7412cbf8e888d8bbaba6c115f865ddc4ad9373,CC-BY-4.0,http://creativecommons.org/licenses/by/4.0/legalcode,redistribute_derivative_with_attribution_rights_review_passed
WBGBIF2026_E0302,WBGBIF2026_E0302_F02_cropped,cropped,model_inputs/images_cropped/WBGBIF2026_E0302_F02_cropped.jpg,true,2,2,a578dd073a56b10be20ef00fb1f5687876b1850d7873a1d69407b40f85c6fd7d,a578dd073a56b10be20ef00fb1f5687876b1850d7873a1d69407b40f85c6fd7d,CC-BY-4.0,http://creativecommons.org/licenses/by/4.0/legalcode,redistribute_derivative_with_attribution_rights_review_passed
WBGBIF2026_E0302,WBGBIF2026_E0302_F03_cropped,cropped,model_inputs/images_cropped/WBGBIF2026_E0302_F03_cropped.jpg,true,3,3,eb98723d4e166b1123451bdd50f600197bf4d718e37af15ffa6dade29d8c6cc7,eb98723d4e166b1123451bdd50f600197bf4d718e37af15ffa6dade29d8c6cc7,CC-BY-4.0,http://creativecommons.org/licenses/by/4.0/legalcode,redistribute_derivative_with_attribution_rights_review_passed
WBGBIF2026_E0302,WBGBIF2026_E0302_F04_cropped,cropped,model_inputs/images_cropped/WBGBIF2026_E0302_F04_cropped.jpg,true,4,4,2f3cd5eac791e880cea649bb43e2d907f97e56a8198b865c4b5d2c4a51cade8a,2f3cd5eac791e880cea649bb43e2d907f97e56a8198b865c4b5d2c4a51cade8a,CC-BY-4.0,http://creativecommons.org/licenses/by/4.0/legalcode,redistribute_derivative_with_attribution_rights_review_passed
WBGBIF2026_E0303,WBGBIF2026_E0303_F00_cropped,cropped,model_inputs/images_cropped/WBGBIF2026_E0303_F00_cropped.jpg,true,0,0,5582fefe88736cbba47269adcb9a5c55f60e3509394d682c5aefcd809788d58d,5582fefe88736cbba47269adcb9a5c55f60e3509394d682c5aefcd809788d58d,CC-BY-4.0,http://creativecommons.org/licenses/by/4.0/legalcode,redistribute_derivative_with_attribution_rights_review_passed
WBGBIF2026_E0303,WBGBIF2026_E0303_F01_cropped,cropped,model_inputs/images_cropped/WBGBIF2026_E0303_F01_cropped.jpg,true,1,1,3e17ad2d6e6cecba1614761852f93b01583bee6cab2baa97014e13c4ab175471,3e17ad2d6e6cecba1614761852f93b01583bee6cab2baa97014e13c4ab175471,CC-BY-4.0,http://creativecommons.org/licenses/by/4.0/legalcode,redistribute_derivative_with_attribution_rights_review_passed
WBGBIF2026_E0303,WBGBIF2026_E0303_F02_cropped,cropped,model_inputs/images_cropped/WBGBIF2026_E0303_F02_cropped.jpg,true,2,2,7d21f1951238f0e5118f3d9eeed0e02d1cbbef65ada0a948c8febea01d73b590,7d21f1951238f0e5118f3d9eeed0e02d1cbbef65ada0a948c8febea01d73b590,CC-BY-4.0,http://creativecommons.org/licenses/by/4.0/legalcode,redistribute_derivative_with_attribution_rights_review_passed
WBGBIF2026_E0304,WBGBIF2026_E0304_F00_cropped,cropped,model_inputs/images_cropped/WBGBIF2026_E0304_F00_cropped.jpg,true,0,0,59aa23641e1cee679fb539083cff85ddf8b4ee88ad9f9c40258411314694b582,59aa23641e1cee679fb539083cff85ddf8b4ee88ad9f9c40258411314694b582,CC-BY-4.0,http://creativecommons.org/licenses/by/4.0/legalcode,redistribute_derivative_with_attribution_rights_review_passed
WBGBIF2026_E0304,WBGBIF2026_E0304_F01_cropped,cropped,model_inputs/images_cropped/WBGBIF2026_E0304_F01_cropped.jpg,true,1,1,c2788f908ef0dda9546a898b856498778964ef701125a77e376c9080f70f969c,c2788f908ef0dda9546a898b856498778964ef701125a77e376c9080f70f969c,CC-BY-4.0,http://creativecommons.org/licenses/by/4.0/legalcode,redistribute_derivative_with_attribution_rights_review_passed
WBGBIF2026_E0304,WBGBIF2026_E0304_F02_cropped,cropped,model_inputs/images_cropped/WBGBIF2026_E0304_F02_cropped.jpg,true,2,2,6973300130de44d5dfafca92c2d15a0614aa416652eacea2734dc01095c3d89c,6973300130de44d5dfafca92c2d15a0614aa416652eacea2734dc01095c3d89c,CC-BY-4.0,http://creativecommons.org/licenses/by/4.0/legalcode,redistribute_derivative_with_attribution_rights_review_passed
WBGBIF2026_E0304,WBGBIF2026_E0304_F03_cropped,cropped,model_inputs/images_cropped/WBGBIF2026_E0304_F03_cropped.jpg,true,3,3,05eb5b82b37084cce35413eb93bb170d22acfa87d724637e1a26745dc91d34ff,05eb5b82b37084cce35413eb93bb170d22acfa87d724637e1a26745dc91d34ff,CC-BY-4.0,http://creativecommons.org/licenses/by/4.0/legalcode,redistribute_derivative_with_attribution_rights_review_passed
WBGBIF2026_E0304,WBGBIF2026_E0304_F04_cropped,cropped,model_inputs/images_cropped/WBGBIF2026_E0304_F04_cropped.jpg,true,4,4,abf7e3b19689982fbdf64db4843d57b0824c45f192f665093f49ffb58eec5cc8,abf7e3b19689982fbdf64db4843d57b0824c45f192f665093f49ffb58eec5cc8,CC-BY-4.0,http://creativecommons.org/licenses/by/4.0/legalcode,redistribute_derivative_with_attribution_rights_review_passed
WBGBIF2026_E0305,WBGBIF2026_E0305_F00_cropped,cropped,model_inputs/images_cropped/WBGBIF2026_E0305_F00_cropped.jpg,true,0,0,1db68b0988634a9e3fb8c6b711713f5335634e2ff7d88e49885d07f00eba6643,1db68b0988634a9e3fb8c6b711713f5335634e2ff7d88e49885d07f00eba6643,CC-BY-4.0,http://creativecommons.org/licenses/by/4.0/legalcode,redistribute_derivative_with_attribution_rights_review_passed
WBGBIF2026_E0305,WBGBIF2026_E0305_F01_cropped,cropped,model_inputs/images_cropped/WBGBIF2026_E0305_F01_cropped.jpg,true,1,1,6d7caabf08b2059eefc5c544013b11c3cd245d8d252cb519f867d553f2639c96,6d7caabf08b2059eefc5c544013b11c3cd245d8d252cb519f867d553f2639c96,CC-BY-4.0,http://creativecommons.org/licenses/by/4.0/legalcode,redistribute_derivative_with_attribution_rights_review_passed
WBGBIF2026_E0305,WBGBIF2026_E0305_F02_cropped,cropped,model_inputs/images_cropped/WBGBIF2026_E0305_F02_cropped.jpg,true,2,2,20aa27444d83ebd402ef8c639cb2883279a278a3e07ea62c58332234f259097f,20aa27444d83ebd402ef8c639cb2883279a278a3e07ea62c58332234f259097f,CC-BY-4.0,http://creativecommons.org/licenses/by/4.0/legalcode,redistribute_derivative_with_attribution_rights_review_passed
WBGBIF2026_E0305,WBGBIF2026_E0305_F03_cropped,cropped,model_inputs/images_cropped/WBGBIF2026_E0305_F03_cropped.jpg,true,3,3,6d4e37f05aba5402a9a4153ac3ff71092257e5fe41ec1d02ac79fc494af98394,6d4e37f05aba5402a9a4153ac3ff71092257e5fe41ec1d02ac79fc494af98394,CC-BY-4.0,http://creativecommons.org/licenses/by/4.0/legalcode,redistribute_derivative_with_attribution_rights_review_passed
WBGBIF2026_E0305,WBGBIF2026_E0305_F04_cropped,cropped,model_inputs/images_cropped/WBGBIF2026_E0305_F04_cropped.jpg,true,4,4,5e48a5aaca0819a8a4cc212cb2a996d1148a8b3048ef8a84d748342aa4a39235,5e48a5aaca0819a8a4cc212cb2a996d1148a8b3048ef8a84d748342aa4a39235,CC-BY-4.0,http://creativecommons.org/licenses/by/4.0/legalcode,redistribute_derivative_with_attribution_rights_review_passed
WBGBIF2026_E0306,WBGBIF2026_E0306_F00_cropped,cropped,model_inputs/images_cropped/WBGBIF2026_E0306_F00_cropped.jpg,true,0,0,a90b74627fa15244623b902ee026566a99fcd3c060ae769a2320dec43685f729,a90b74627fa15244623b902ee026566a99fcd3c060ae769a2320dec43685f729,CC-BY-4.0,http://creativecommons.org/licenses/by/4.0/legalcode,redistribute_derivative_with_attribution_rights_review_passed
WBGBIF2026_E0306,WBGBIF2026_E0306_F01_cropped,cropped,model_inputs/images_cropped/WBGBIF2026_E0306_F01_cropped.jpg,true,1,1,852cd615a599bd73152a726992a1f56a103adcb42d98e45ee9bea9398d82df8f,852cd615a599bd73152a726992a1f56a103adcb42d98e45ee9bea9398d82df8f,CC-BY-4.0,http://creativecommons.org/licenses/by/4.0/legalcode,redistribute_derivative_with_attribution_rights_review_passed
WBGBIF2026_E0307,WBGBIF2026_E0307_F00_cropped,cropped,model_inputs/images_cropped/WBGBIF2026_E0307_F00_cropped.jpg,true,0,0,1d706a47d3374c45f36bcf4dcc36c227ea57a9576abd843e615a7a648010da4b,1d706a47d3374c45f36bcf4dcc36c227ea57a9576abd843e615a7a648010da4b,CC0-1.0,http://creativecommons.org/publicdomain/zero/1.0/legalcode,redistribute_derivative_rights_review_passed
WBGBIF2026_E0307,WBGBIF2026_E0307_F01_cropped,cropped,model_inputs/images_cropped/WBGBIF2026_E0307_F01_cropped.jpg,true,1,1,c49f35d4dc716f203da47b83133cd8ca8fe3641364322245c56c52d7a820253e,c49f35d4dc716f203da47b83133cd8ca8fe3641364322245c56c52d7a820253e,CC0-1.0,http://creativecommons.org/publicdomain/zero/1.0/legalcode,redistribute_derivative_rights_review_passed
WBGBIF2026_E0307,WBGBIF2026_E0307_F02_cropped,cropped,model_inputs/images_cropped/WBGBIF2026_E0307_F02_cropped.jpg,true,2,2,e055e128a98c5a5030e43ebf64bd8df6d9d2c57ee6ec4a8723f957212b7be413,e055e128a98c5a5030e43ebf64bd8df6d9d2c57ee6ec4a8723f957212b7be413,CC0-1.0,http://creativecommons.org/publicdomain/zero/1.0/legalcode,redistribute_derivative_rights_review_passed
WBGBIF2026_E0307,WBGBIF2026_E0307_F03_cropped,cropped,model_inputs/images_cropped/WBGBIF2026_E0307_F03_cropped.jpg,true,3,3,59c99f549590571b4a2c6cf3c3331cfc7dd691aa04dabe8c99f4bd546fbcf9df,59c99f549590571b4a2c6cf3c3331cfc7dd691aa04dabe8c99f4bd546fbcf9df,CC0-1.0,http://creativecommons.org/publicdomain/zero/1.0/legalcode,redistribute_derivative_rights_review_passed
WBGBIF2026_E0307,WBGBIF2026_E0307_F04_cropped,cropped,model_inputs/images_cropped/WBGBIF2026_E0307_F04_cropped.jpg,true,4,4,592456b53f8e3a7ce3398b93a5647f4c87af0ae0b7e7698a1978217b0403a97e,592456b53f8e3a7ce3398b93a5647f4c87af0ae0b7e7698a1978217b0403a97e,CC0-1.0,http://creativecommons.org/publicdomain/zero/1.0/legalcode,redistribute_derivative_rights_review_passed
WBGBIF2026_E0308,WBGBIF2026_E0308_F00_cropped,cropped,model_inputs/images_cropped/WBGBIF2026_E0308_F00_cropped.jpg,true,0,0,65891ff8802f575a5be8ed30bc1fe598923298c3caa65747078b5d0584a10b72,65891ff8802f575a5be8ed30bc1fe598923298c3caa65747078b5d0584a10b72,CC0-1.0,http://creativecommons.org/publicdomain/zero/1.0/legalcode,redistribute_derivative_rights_review_passed
WBGBIF2026_E0308,WBGBIF2026_E0308_F01_cropped,cropped,model_inputs/images_cropped/WBGBIF2026_E0308_F01_cropped.jpg,true,1,1,194004d82ae26ffe7767f801d27cf6a178e4de429a8d0d498bc79588e6531ffa,194004d82ae26ffe7767f801d27cf6a178e4de429a8d0d498bc79588e6531ffa,CC0-1.0,http://creativecommons.org/publicdomain/zero/1.0/legalcode,redistribute_derivative_rights_review_passed
WBGBIF2026_E0308,WBGBIF2026_E0308_F02_cropped,cropped,model_inputs/images_cropped/WBGBIF2026_E0308_F02_cropped.jpg,true,2,2,7c6157bce0f41de757ef7788c1fb6f6b30455fb47f669f853dfc3fc2544513c7,7c6157bce0f41de757ef7788c1fb6f6b30455fb47f669f853dfc3fc2544513c7,CC0-1.0,http://creativecommons.org/publicdomain/zero/1.0/legalcode,redistribute_derivative_rights_review_passed
WBGBIF2026_E0308,WBGBIF2026_E0308_F03_cropped,cropped,model_inputs/images_cropped/WBGBIF2026_E0308_F03_cropped.jpg,true,3,3,b67f3384e35e6cbd08ee6bdcf33428345b6b285413a11b3095809de6170dc7a7,b67f3384e35e6cbd08ee6bdcf33428345b6b285413a11b3095809de6170dc7a7,CC0-1.0,http://creativecommons.org/publicdomain/zero/1.0/legalcode,redistribute_derivative_rights_review_passed
WBGBIF2026_E0308,WBGBIF2026_E0308_F04_cropped,cropped,model_inputs/images_cropped/WBGBIF2026_E0308_F04_cropped.jpg,true,4,4,9ce1d1c0af07064a46e759308f3d90c48bb81aa6c7659ae1d22a0491b32429bb,9ce1d1c0af07064a46e759308f3d90c48bb81aa6c7659ae1d22a0491b32429bb,CC0-1.0,http://creativecommons.org/publicdomain/zero/1.0/legalcode,redistribute_derivative_rights_review_passed
WBGBIF2026_E0309,WBGBIF2026_E0309_F00_cropped,cropped,model_inputs/images_cropped/WBGBIF2026_E0309_F00_cropped.jpg,true,0,0,a39ccd138eef368e37342b5b2f0af3669347fefe85428a8d678aceb179ace58e,a39ccd138eef368e37342b5b2f0af3669347fefe85428a8d678aceb179ace58e,CC0-1.0,http://creativecommons.org/publicdomain/zero/1.0/legalcode,redistribute_derivative_rights_review_passed
WBGBIF2026_E0309,WBGBIF2026_E0309_F01_cropped,cropped,model_inputs/images_cropped/WBGBIF2026_E0309_F01_cropped.jpg,true,1,1,6a9a1407c0a753bf5dad92537a2e510dcf007246a44cf7cbc7e99aebbd0b4ef8,6a9a1407c0a753bf5dad92537a2e510dcf007246a44cf7cbc7e99aebbd0b4ef8,CC0-1.0,http://creativecommons.org/publicdomain/zero/1.0/legalcode,redistribute_derivative_rights_review_passed
WBGBIF2026_E0309,WBGBIF2026_E0309_F02_cropped,cropped,model_inputs/images_cropped/WBGBIF2026_E0309_F02_cropped.jpg,true,2,2,269eaa98971c5bb9bf5a8be6655ec422d0d0420873352a9d786a5b9a6d7b7b0e,269eaa98971c5bb9bf5a8be6655ec422d0d0420873352a9d786a5b9a6d7b7b0e,CC0-1.0,http://creativecommons.org/publicdomain/zero/1.0/legalcode,redistribute_derivative_rights_review_passed
WBGBIF2026_E0309,WBGBIF2026_E0309_F03_cropped,cropped,model_inputs/images_cropped/WBGBIF2026_E0309_F03_cropped.jpg,true,3,3,da4b27becf5d7804c8dc613f5663176b94bc86966b7ca974ad57edc9210e18b5,da4b27becf5d7804c8dc613f5663176b94bc86966b7ca974ad57edc9210e18b5,CC0-1.0,http://creativecommons.org/publicdomain/zero/1.0/legalcode,redistribute_derivative_rights_review_passed
WBGBIF2026_E0309,WBGBIF2026_E0309_F04_cropped,cropped,model_inputs/images_cropped/WBGBIF2026_E0309_F04_cropped.jpg,true,4,4,d1fb95de043b5daa439967cab90b35ca6a555a71abef79937a4707a90c95e4dd,d1fb95de043b5daa439967cab90b35ca6a555a71abef79937a4707a90c95e4dd,CC0-1.0,http://creativecommons.org/publicdomain/zero/1.0/legalcode,redistribute_derivative_rights_review_passed
WBGBIF2026_E0310,WBGBIF2026_E0310_F00_cropped,cropped,model_inputs/images_cropped/WBGBIF2026_E0310_F00_cropped.jpg,true,0,0,e3f337fc5ffa53bf3c3367a53fa1da93587fcff2b2548025d01bd3856402ec34,e3f337fc5ffa53bf3c3367a53fa1da93587fcff2b2548025d01bd3856402ec34,CC0-1.0,http://creativecommons.org/publicdomain/zero/1.0/legalcode,redistribute_derivative_rights_review_passed
WBGBIF2026_E0310,WBGBIF2026_E0310_F01_cropped,cropped,model_inputs/images_cropped/WBGBIF2026_E0310_F01_cropped.jpg,true,1,1,a52f3729b8d83382beacd86a8dd10f8ef01f23cf46b1de75989ee6514c11aec6,a52f3729b8d83382beacd86a8dd10f8ef01f23cf46b1de75989ee6514c11aec6,CC0-1.0,http://creativecommons.org/publicdomain/zero/1.0/legalcode,redistribute_derivative_rights_review_passed
WBGBIF2026_E0310,WBGBIF2026_E0310_F02_cropped,cropped,model_inputs/images_cropped/WBGBIF2026_E0310_F02_cropped.jpg,true,2,2,cd2d3aca8041f9a9b674d0ac7fca0d294294dd0491c4a25698e071b9aff11635,cd2d3aca8041f9a9b674d0ac7fca0d294294dd0491c4a25698e071b9aff11635,CC0-1.0,http://creativecommons.org/publicdomain/zero/1.0/legalcode,redistribute_derivative_rights_review_passed
WBGBIF2026_E0310,WBGBIF2026_E0310_F03_cropped,cropped,model_inputs/images_cropped/WBGBIF2026_E0310_F03_cropped.jpg,true,3,3,9ec0b62c45e2fc42ef2e236e2b00253729b156928ffdc8f7f146d1fcdcbb20e3,9ec0b62c45e2fc42ef2e236e2b00253729b156928ffdc8f7f146d1fcdcbb20e3,CC0-1.0,http://creativecommons.org/publicdomain/zero/1.0/legalcode,redistribute_derivative_rights_review_passed
WBGBIF2026_E0310,WBGBIF2026_E0310_F04_cropped,cropped,model_inputs/images_cropped/WBGBIF2026_E0310_F04_cropped.jpg,true,4,4,4d1bb61471f78db590e053a6ae9ded0d05696e2f049fdfeeb2460acdd35269c5,4d1bb61471f78db590e053a6ae9ded0d05696e2f049fdfeeb2460acdd35269c5,CC0-1.0,http://creativecommons.org/publicdomain/zero/1.0/legalcode,redistribute_derivative_rights_review_passed
WBGBIF2026_E0311,WBGBIF2026_E0311_F00_cropped,cropped,model_inputs/images_cropped/WBGBIF2026_E0311_F00_cropped.jpg,true,0,0,6c3be9e51c076537b216c2ba75e49886368073a7e57b987d9ca7ffb65e51a30d,6c3be9e51c076537b216c2ba75e49886368073a7e57b987d9ca7ffb65e51a30d,CC0-1.0,http://creativecommons.org/publicdomain/zero/1.0/legalcode,redistribute_derivative_rights_review_passed
WBGBIF2026_E0311,WBGBIF2026_E0311_F01_cropped,cropped,model_inputs/images_cropped/WBGBIF2026_E0311_F01_cropped.jpg,true,1,1,739f349340447f974c21e65a0a7b120c4ee2f05441754cf7844967d28b6126cd,739f349340447f974c21e65a0a7b120c4ee2f05441754cf7844967d28b6126cd,CC0-1.0,http://creativecommons.org/publicdomain/zero/1.0/legalcode,redistribute_derivative_rights_review_passed
WBGBIF2026_E0311,WBGBIF2026_E0311_F02_cropped,cropped,model_inputs/images_cropped/WBGBIF2026_E0311_F02_cropped.jpg,true,2,2,b2d38e2f426e4cd526c26d33909f5e5cb0efa7deca03d6ddafad0c22a032eb13,b2d38e2f426e4cd526c26d33909f5e5cb0efa7deca03d6ddafad0c22a032eb13,CC0-1.0,http://creativecommons.org/publicdomain/zero/1.0/legalcode,redistribute_derivative_rights_review_passed
WBGBIF2026_E0311,WBGBIF2026_E0311_F03_cropped,cropped,model_inputs/images_cropped/WBGBIF2026_E0311_F03_cropped.jpg,true,3,3,b05359bb1ca63674c04b4df24d1f4e5333da9a1600c146e41ebed32926632ffe,b05359bb1ca63674c04b4df24d1f4e5333da9a1600c146e41ebed32926632ffe,CC0-1.0,http://creativecommons.org/publicdomain/zero/1.0/legalcode,redistribute_derivative_rights_review_passed
WBGBIF2026_E0311,WBGBIF2026_E0311_F04_cropped,cropped,model_inputs/images_cropped/WBGBIF2026_E0311_F04_cropped.jpg,true,4,4,bea6d34686079027a3acbdbec6fcf5e482777633ace70da7984425751ffe0737,bea6d34686079027a3acbdbec6fcf5e482777633ace70da7984425751ffe0737,CC0-1.0,http://creativecommons.org/publicdomain/zero/1.0/legalcode,redistribute_derivative_rights_review_passed
WBGBIF2026_E0312,WBGBIF2026_E0312_F00_cropped,cropped,model_inputs/images_cropped/WBGBIF2026_E0312_F00_cropped.jpg,true,0,0,f52c0879d4632a4713e9ed23d6fe20bfa95a5ff443a50ead17de27844be353be,f52c0879d4632a4713e9ed23d6fe20bfa95a5ff443a50ead17de27844be353be,CC0-1.0,http://creativecommons.org/publicdomain/zero/1.0/legalcode,redistribute_derivative_rights_review_passed
WBGBIF2026_E0312,WBGBIF2026_E0312_F01_cropped,cropped,model_inputs/images_cropped/WBGBIF2026_E0312_F01_cropped.jpg,true,1,1,c792eb50983763621a72ec7888973bf552b4e5d5b98ec0e633e7c2e5bfb60817,c792eb50983763621a72ec7888973bf552b4e5d5b98ec0e633e7c2e5bfb60817,CC0-1.0,http://creativecommons.org/publicdomain/zero/1.0/legalcode,redistribute_derivative_rights_review_passed
WBGBIF2026_E0312,WBGBIF2026_E0312_F02_cropped,cropped,model_inputs/images_cropped/WBGBIF2026_E0312_F02_cropped.jpg,true,2,2,26b1d36b0e152e1e37dcf91ae823118bd31b38e006a3f7f4feb457988c75acc4,26b1d36b0e152e1e37dcf91ae823118bd31b38e006a3f7f4feb457988c75acc4,CC0-1.0,http://creativecommons.org/publicdomain/zero/1.0/legalcode,redistribute_derivative_rights_review_passed
WBGBIF2026_E0312,WBGBIF2026_E0312_F03_cropped,cropped,model_inputs/images_cropped/WBGBIF2026_E0312_F03_cropped.jpg,true,3,3,f253969d29de7b4a39a51ec77c6c971d2a37c6c48d5a98a0925b684630581be5,f253969d29de7b4a39a51ec77c6c971d2a37c6c48d5a98a0925b684630581be5,CC0-1.0,http://creativecommons.org/publicdomain/zero/1.0/legalcode,redistribute_derivative_rights_review_passed
WBGBIF2026_E0312,WBGBIF2026_E0312_F04_cropped,cropped,model_inputs/images_cropped/WBGBIF2026_E0312_F04_cropped.jpg,true,4,4,41028ad858944bb93909888f55784cd6144a904e4f54ac719300661094dc5334,41028ad858944bb93909888f55784cd6144a904e4f54ac719300661094dc5334,CC0-1.0,http://creativecommons.org/publicdomain/zero/1.0/legalcode,redistribute_derivative_rights_review_passed
WBGBIF2026_E0313,WBGBIF2026_E0313_F00_cropped,cropped,model_inputs/images_cropped/WBGBIF2026_E0313_F00_cropped.jpg,true,0,0,0b3ed91301f9557fa313441d00bcc692be624233e5d52f65318ef85ec88d7f12,0b3ed91301f9557fa313441d00bcc692be624233e5d52f65318ef85ec88d7f12,CC0-1.0,http://creativecommons.org/publicdomain/zero/1.0/legalcode,redistribute_derivative_rights_review_passed
WBGBIF2026_E0313,WBGBIF2026_E0313_F01_cropped,cropped,model_inputs/images_cropped/WBGBIF2026_E0313_F01_cropped.jpg,true,1,1,d453a43f6b651b2945ce9517a971165377cf7dc10457e049c99d68ffad46f595,d453a43f6b651b2945ce9517a971165377cf7dc10457e049c99d68ffad46f595,CC0-1.0,http://creativecommons.org/publicdomain/zero/1.0/legalcode,redistribute_derivative_rights_review_passed
WBGBIF2026_E0313,WBGBIF2026_E0313_F02_cropped,cropped,model_inputs/images_cropped/WBGBIF2026_E0313_F02_cropped.jpg,true,2,2,ab1f950104f1fa9142c4c187eb42a2db42e8952dfa6dc07c890ea3c70c6e23b3,ab1f950104f1fa9142c4c187eb42a2db42e8952dfa6dc07c890ea3c70c6e23b3,CC0-1.0,http://creativecommons.org/publicdomain/zero/1.0/legalcode,redistribute_derivative_rights_review_passed
WBGBIF2026_E0313,WBGBIF2026_E0313_F03_cropped,cropped,model_inputs/images_cropped/WBGBIF2026_E0313_F03_cropped.jpg,true,3,3,52bf2dc4a3885a54477dadc64a7da90002f842ca63cfd781b6613f5df9f7675f,52bf2dc4a3885a54477dadc64a7da90002f842ca63cfd781b6613f5df9f7675f,CC0-1.0,http://creativecommons.org/publicdomain/zero/1.0/legalcode,redistribute_derivative_rights_review_passed
WBGBIF2026_E0313,WBGBIF2026_E0313_F04_cropped,cropped,model_inputs/images_cropped/WBGBIF2026_E0313_F04_cropped.jpg,true,4,4,cb647e7595de65e346cdad26b664bd91c25433fda120342ba764ef0eb2c6fc48,cb647e7595de65e346cdad26b664bd91c25433fda120342ba764ef0eb2c6fc48,CC0-1.0,http://creativecommons.org/publicdomain/zero/1.0/legalcode,redistribute_derivative_rights_review_passed
WBGBIF2026_E0314,WBGBIF2026_E0314_F00_cropped,cropped,model_inputs/images_cropped/WBGBIF2026_E0314_F00_cropped.jpg,true,0,0,1700fef196bed1b24681e82cb646e211f394400bd262b5f2f81d4874e9518c22,1700fef196bed1b24681e82cb646e211f394400bd262b5f2f81d4874e9518c22,CC0-1.0,http://creativecommons.org/publicdomain/zero/1.0/legalcode,redistribute_derivative_rights_review_passed
WBGBIF2026_E0314,WBGBIF2026_E0314_F01_cropped,cropped,model_inputs/images_cropped/WBGBIF2026_E0314_F01_cropped.jpg,true,1,1,c0ade9f604901163c06dade3ef757ef0e4f13e035f9ab479f5eb7436e9578019,c0ade9f604901163c06dade3ef757ef0e4f13e035f9ab479f5eb7436e9578019,CC0-1.0,http://creativecommons.org/publicdomain/zero/1.0/legalcode,redistribute_derivative_rights_review_passed
WBGBIF2026_E0314,WBGBIF2026_E0314_F02_cropped,cropped,model_inputs/images_cropped/WBGBIF2026_E0314_F02_cropped.jpg,true,2,2,9ba7efc9b764a967f584ffe6f534bec3dff3da11e2c9f1339fa43fceacad49f0,9ba7efc9b764a967f584ffe6f534bec3dff3da11e2c9f1339fa43fceacad49f0,CC0-1.0,http://creativecommons.org/publicdomain/zero/1.0/legalcode,redistribute_derivative_rights_review_passed
WBGBIF2026_E0314,WBGBIF2026_E0314_F03_cropped,cropped,model_inputs/images_cropped/WBGBIF2026_E0314_F03_cropped.jpg,true,3,3,b63d446c0ef5586dbd0b4a748482673643e08c5dfed10dfa25c62d838f9fee68,b63d446c0ef5586dbd0b4a748482673643e08c5dfed10dfa25c62d838f9fee68,CC0-1.0,http://creativecommons.org/publicdomain/zero/1.0/legalcode,redistribute_derivative_rights_review_passed
WBGBIF2026_E0314,WBGBIF2026_E0314_F04_cropped,cropped,model_inputs/images_cropped/WBGBIF2026_E0314_F04_cropped.jpg,true,4,4,a5df3c85b9e27bd9fe8aeaef76fe2f9954f1fdf94ab1476a37af476ac9c21310,a5df3c85b9e27bd9fe8aeaef76fe2f9954f1fdf94ab1476a37af476ac9c21310,CC0-1.0,http://creativecommons.org/publicdomain/zero/1.0/legalcode,redistribute_derivative_rights_review_passed
WBGBIF2026_E0315,WBGBIF2026_E0315_F00_cropped,cropped,model_inputs/images_cropped/WBGBIF2026_E0315_F00_cropped.jpg,true,0,0,1cc4bd6990f475f79da5930c8e04b1367d9f320b1418261bf1e2d0672a849779,1cc4bd6990f475f79da5930c8e04b1367d9f320b1418261bf1e2d0672a849779,CC0-1.0,http://creativecommons.org/publicdomain/zero/1.0/legalcode,redistribute_derivative_rights_review_passed
WBGBIF2026_E0315,WBGBIF2026_E0315_F01_cropped,cropped,model_inputs/images_cropped/WBGBIF2026_E0315_F01_cropped.jpg,true,1,1,dada5522e541b668b4c6c29c8b68cc830b13c65ceaa4477f45ec49267c496ffe,dada5522e541b668b4c6c29c8b68cc830b13c65ceaa4477f45ec49267c496ffe,CC0-1.0,http://creativecommons.org/publicdomain/zero/1.0/legalcode,redistribute_derivative_rights_review_passed
WBGBIF2026_E0315,WBGBIF2026_E0315_F02_cropped,cropped,model_inputs/images_cropped/WBGBIF2026_E0315_F02_cropped.jpg,true,2,2,bf82063305898f8801ec2a14630efca8b3c93b3bd556d11179eb3c39846fc9f1,bf82063305898f8801ec2a14630efca8b3c93b3bd556d11179eb3c39846fc9f1,CC0-1.0,http://creativecommons.org/publicdomain/zero/1.0/legalcode,redistribute_derivative_rights_review_passed
WBGBIF2026_E0315,WBGBIF2026_E0315_F03_cropped,cropped,model_inputs/images_cropped/WBGBIF2026_E0315_F03_cropped.jpg,true,3,3,0a702c8c6413353ca9cf5723e89a19466ba0920ced1478722f7a38df77d153f6,0a702c8c6413353ca9cf5723e89a19466ba0920ced1478722f7a38df77d153f6,CC0-1.0,http://creativecommons.org/publicdomain/zero/1.0/legalcode,redistribute_derivative_rights_review_passed
WBGBIF2026_E0315,WBGBIF2026_E0315_F04_cropped,cropped,model_inputs/images_cropped/WBGBIF2026_E0315_F04_cropped.jpg,true,4,4,30e2aec9c5f33fe327f5047f90a2818d9423e8f009f74968e485d3be7754d4de,30e2aec9c5f33fe327f5047f90a2818d9423e8f009f74968e485d3be7754d4de,CC0-1.0,http://creativecommons.org/publicdomain/zero/1.0/legalcode,redistribute_derivative_rights_review_passed
WBGBIF2026_E0316,WBGBIF2026_E0316_F00_cropped,cropped,model_inputs/images_cropped/WBGBIF2026_E0316_F00_cropped.jpg,true,0,0,913b07dbe5e621d22c450e8dd15dc238be986fb892969198cf49750673d2a54c,913b07dbe5e621d22c450e8dd15dc238be986fb892969198cf49750673d2a54c,CC0-1.0,http://creativecommons.org/publicdomain/zero/1.0/legalcode,redistribute_derivative_rights_review_passed
WBGBIF2026_E0316,WBGBIF2026_E0316_F01_cropped,cropped,model_inputs/images_cropped/WBGBIF2026_E0316_F01_cropped.jpg,true,1,1,00728ed054dd8b5b44530dfd4c27bdd49534c17d723d6bf4a95c7a1684e3fc47,00728ed054dd8b5b44530dfd4c27bdd49534c17d723d6bf4a95c7a1684e3fc47,CC0-1.0,http://creativecommons.org/publicdomain/zero/1.0/legalcode,redistribute_derivative_rights_review_passed
WBGBIF2026_E0316,WBGBIF2026_E0316_F02_cropped,cropped,model_inputs/images_cropped/WBGBIF2026_E0316_F02_cropped.jpg,true,2,2,528a365f578254916bceea1399fb6ea61a344c5745338fdf84142aba9ca4c00e,528a365f578254916bceea1399fb6ea61a344c5745338fdf84142aba9ca4c00e,CC0-1.0,http://creativecommons.org/publicdomain/zero/1.0/legalcode,redistribute_derivative_rights_review_passed
WBGBIF2026_E0316,WBGBIF2026_E0316_F03_cropped,cropped,model_inputs/images_cropped/WBGBIF2026_E0316_F03_cropped.jpg,true,3,3,68f32b335aea22aa46459598e3d04e28ef3b8b68d58508b1041b69931998a9bc,68f32b335aea22aa46459598e3d04e28ef3b8b68d58508b1041b69931998a9bc,CC0-1.0,http://creativecommons.org/publicdomain/zero/1.0/legalcode,redistribute_derivative_rights_review_passed
WBGBIF2026_E0316,WBGBIF2026_E0316_F04_cropped,cropped,model_inputs/images_cropped/WBGBIF2026_E0316_F04_cropped.jpg,true,4,4,cfa0c048bcbe3b1dddad25d137f41151d9b9e8ac33a13157bdda08b06c20cd8c,cfa0c048bcbe3b1dddad25d137f41151d9b9e8ac33a13157bdda08b06c20cd8c,CC0-1.0,http://creativecommons.org/publicdomain/zero/1.0/legalcode,redistribute_derivative_rights_review_passed
WBGBIF2026_E0317,WBGBIF2026_E0317_F00_cropped,cropped,model_inputs/images_cropped/WBGBIF2026_E0317_F00_cropped.jpg,true,0,0,fb056bae8db6253f9adfebcc57675aea5b2997fa55557d33efc3e2d054b6e360,fb056bae8db6253f9adfebcc57675aea5b2997fa55557d33efc3e2d054b6e360,CC0-1.0,http://creativecommons.org/publicdomain/zero/1.0/legalcode,redistribute_derivative_rights_review_passed
WBGBIF2026_E0317,WBGBIF2026_E0317_F01_cropped,cropped,model_inputs/images_cropped/WBGBIF2026_E0317_F01_cropped.jpg,true,1,1,dc48bae4c736ddce93407329a631fc82e4edaf30ac1b94ae52eb99522a987f67,dc48bae4c736ddce93407329a631fc82e4edaf30ac1b94ae52eb99522a987f67,CC0-1.0,http://creativecommons.org/publicdomain/zero/1.0/legalcode,redistribute_derivative_rights_review_passed
WBGBIF2026_E0317,WBGBIF2026_E0317_F02_cropped,cropped,model_inputs/images_cropped/WBGBIF2026_E0317_F02_cropped.jpg,true,2,2,5a938ca1a9e8d74f936f881b4232e172c655263ae8b1fccffd550445d111933d,5a938ca1a9e8d74f936f881b4232e172c655263ae8b1fccffd550445d111933d,CC0-1.0,http://creativecommons.org/publicdomain/zero/1.0/legalcode,redistribute_derivative_rights_review_passed
WBGBIF2026_E0317,WBGBIF2026_E0317_F03_cropped,cropped,model_inputs/images_cropped/WBGBIF2026_E0317_F03_cropped.jpg,true,3,3,817919547a47183a7076594f7497be77740b088564ce603c4b240260100332c4,817919547a47183a7076594f7497be77740b088564ce603c4b240260100332c4,CC0-1.0,http://creativecommons.org/publicdomain/zero/1.0/legalcode,redistribute_derivative_rights_review_passed
WBGBIF2026_E0317,WBGBIF2026_E0317_F04_cropped,cropped,model_inputs/images_cropped/WBGBIF2026_E0317_F04_cropped.jpg,true,4,4,e493c2c218ea0050244a3f56cc4a5770a4d8c88d28d3d92041513e67de18fa1d,e493c2c218ea0050244a3f56cc4a5770a4d8c88d28d3d92041513e67de18fa1d,CC0-1.0,http://creativecommons.org/publicdomain/zero/1.0/legalcode,redistribute_derivative_rights_review_passed
WBGBIF2026_E0318,WBGBIF2026_E0318_F00_cropped,cropped,model_inputs/images_cropped/WBGBIF2026_E0318_F00_cropped.jpg,true,0,0,5ca29f93a31530a367a8bc280891949eadc15d6007eaecaaf197e6675c347e05,5ca29f93a31530a367a8bc280891949eadc15d6007eaecaaf197e6675c347e05,CC0-1.0,http://creativecommons.org/publicdomain/zero/1.0/legalcode,redistribute_derivative_rights_review_passed
WBGBIF2026_E0318,WBGBIF2026_E0318_F01_cropped,cropped,model_inputs/images_cropped/WBGBIF2026_E0318_F01_cropped.jpg,true,1,2,abd87a343141c4262877c7d609130cfed2ba85d752d19fecdf0cd9df2975d753,abd87a343141c4262877c7d609130cfed2ba85d752d19fecdf0cd9df2975d753,CC0-1.0,http://creativecommons.org/publicdomain/zero/1.0/legalcode,redistribute_derivative_rights_review_passed
WBGBIF2026_E0318,WBGBIF2026_E0318_F02_cropped,cropped,model_inputs/images_cropped/WBGBIF2026_E0318_F02_cropped.jpg,true,2,4,4e1a07b316f3bbc7489fc40e293096ee231dcc5a774db549731da2b83e2912a8,4e1a07b316f3bbc7489fc40e293096ee231dcc5a774db549731da2b83e2912a8,CC0-1.0,http://creativecommons.org/publicdomain/zero/1.0/legalcode,redistribute_derivative_rights_review_passed
WBGBIF2026_E0318,WBGBIF2026_E0318_F03_cropped,cropped,model_inputs/images_cropped/WBGBIF2026_E0318_F03_cropped.jpg,true,3,6,36c6c1136edafb1b0a5b54ad535a9f55a0f100f1e4570df86539d6da11ea0028,36c6c1136edafb1b0a5b54ad535a9f55a0f100f1e4570df86539d6da11ea0028,CC0-1.0,http://creativecommons.org/publicdomain/zero/1.0/legalcode,redistribute_derivative_rights_review_passed
WBGBIF2026_E0318,WBGBIF2026_E0318_F04_cropped,cropped,model_inputs/images_cropped/WBGBIF2026_E0318_F04_cropped.jpg,true,4,8,a337b834f0f4c71ba392767bcff9de0aaed86bbe2dc00d41b7ada7a4e1c691a9,a337b834f0f4c71ba392767bcff9de0aaed86bbe2dc00d41b7ada7a4e1c691a9,CC0-1.0,http://creativecommons.org/publicdomain/zero/1.0/legalcode,redistribute_derivative_rights_review_passed
WBGBIF2026_E0319,WBGBIF2026_E0319_F00_cropped,cropped,model_inputs/images_cropped/WBGBIF2026_E0319_F00_cropped.jpg,true,0,0,709ceee1a9248b6cfd18a0867c7008f9687fb6fd360a85f265eed9a77b7e4479,709ceee1a9248b6cfd18a0867c7008f9687fb6fd360a85f265eed9a77b7e4479,CC0-1.0,http://creativecommons.org/publicdomain/zero/1.0/legalcode,redistribute_derivative_rights_review_passed
WBGBIF2026_E0319,WBGBIF2026_E0319_F01_cropped,cropped,model_inputs/images_cropped/WBGBIF2026_E0319_F01_cropped.jpg,true,1,1,ce7019a47b7b251e99e4b76995a6150c77a68a3a95594826eaaf1476b3266bf8,ce7019a47b7b251e99e4b76995a6150c77a68a3a95594826eaaf1476b3266bf8,CC0-1.0,http://creativecommons.org/publicdomain/zero/1.0/legalcode,redistribute_derivative_rights_review_passed
WBGBIF2026_E0320,WBGBIF2026_E0320_F00_cropped,cropped,model_inputs/images_cropped/WBGBIF2026_E0320_F00_cropped.jpg,true,0,0,4e6d1fdd86ff5bbd97f983ca6e593be7963d77b3b6026676e62d83125a50c1ff,4e6d1fdd86ff5bbd97f983ca6e593be7963d77b3b6026676e62d83125a50c1ff,CC0-1.0,http://creativecommons.org/publicdomain/zero/1.0/legalcode,redistribute_derivative_rights_review_passed
WBGBIF2026_E0320,WBGBIF2026_E0320_F01_cropped,cropped,model_inputs/images_cropped/WBGBIF2026_E0320_F01_cropped.jpg,true,1,1,da91396a339360179f3747e10afb2835bc6f598d73559200e98de866432ecdf2,da91396a339360179f3747e10afb2835bc6f598d73559200e98de866432ecdf2,CC0-1.0,http://creativecommons.org/publicdomain/zero/1.0/legalcode,redistribute_derivative_rights_review_passed
WBGBIF2026_E0321,WBGBIF2026_E0321_F00_cropped,cropped,model_inputs/images_cropped/WBGBIF2026_E0321_F00_cropped.jpg,true,0,0,051c0c0491705932619811d34cf6bff03174fca1477012d6c6390dfc24ebfb04,051c0c0491705932619811d34cf6bff03174fca1477012d6c6390dfc24ebfb04,CC0-1.0,http://creativecommons.org/publicdomain/zero/1.0/legalcode,redistribute_derivative_rights_review_passed
WBGBIF2026_E0321,WBGBIF2026_E0321_F01_cropped,cropped,model_inputs/images_cropped/WBGBIF2026_E0321_F01_cropped.jpg,true,1,1,00603608462ac5ff970ddf10ca474269aff197accae8c05926c595a6aea9d79b,00603608462ac5ff970ddf10ca474269aff197accae8c05926c595a6aea9d79b,CC0-1.0,http://creativecommons.org/publicdomain/zero/1.0/legalcode,redistribute_derivative_rights_review_passed
WBGBIF2026_E0325,WBGBIF2026_E0325_F00_cropped,cropped,model_inputs/images_cropped/WBGBIF2026_E0325_F00_cropped.jpg,true,0,0,89d3ad0b93b21a94a07148f69bc005f74cbe6b54281beedffe0010f613b0a0fd,89d3ad0b93b21a94a07148f69bc005f74cbe6b54281beedffe0010f613b0a0fd,CC0-1.0,http://creativecommons.org/publicdomain/zero/1.0/legalcode,redistribute_derivative_rights_review_passed
WBGBIF2026_E0325,WBGBIF2026_E0325_F01_cropped,cropped,model_inputs/images_cropped/WBGBIF2026_E0325_F01_cropped.jpg,true,1,1,e38c35fab346609b410cedcda9f5a6cf752a79cd61932c7bae2b75ba4196f038,e38c35fab346609b410cedcda9f5a6cf752a79cd61932c7bae2b75ba4196f038,CC0-1.0,http://creativecommons.org/publicdomain/zero/1.0/legalcode,redistribute_derivative_rights_review_passed
WBGBIF2026_E0325,WBGBIF2026_E0325_F02_cropped,cropped,model_inputs/images_cropped/WBGBIF2026_E0325_F02_cropped.jpg,true,2,2,0f2b0b83fb776ca1d2ba78c3de858a10d76be1db5ed820eef6b2afceb8b8f12d,0f2b0b83fb776ca1d2ba78c3de858a10d76be1db5ed820eef6b2afceb8b8f12d,CC0-1.0,http://creativecommons.org/publicdomain/zero/1.0/legalcode,redistribute_derivative_rights_review_passed
WBGBIF2026_E0325,WBGBIF2026_E0325_F03_cropped,cropped,model_inputs/images_cropped/WBGBIF2026_E0325_F03_cropped.jpg,true,3,3,d7e2a6b136845050043277669e9d8d49ae4a110183340c11d3db0a3797b389c1,d7e2a6b136845050043277669e9d8d49ae4a110183340c11d3db0a3797b389c1,CC0-1.0,http://creativecommons.org/publicdomain/zero/1.0/legalcode,redistribute_derivative_rights_review_passed
WBGBIF2026_E0325,WBGBIF2026_E0325_F04_cropped,cropped,model_inputs/images_cropped/WBGBIF2026_E0325_F04_cropped.jpg,true,4,4,01772658dbdf9327eefb60b859434dab376a8cb114cb200153a19704cb96e56b,01772658dbdf9327eefb60b859434dab376a8cb114cb200153a19704cb96e56b,CC0-1.0,http://creativecommons.org/publicdomain/zero/1.0/legalcode,redistribute_derivative_rights_review_passed
WBGBIF2026_E0326,WBGBIF2026_E0326_F00_cropped,cropped,model_inputs/images_cropped/WBGBIF2026_E0326_F00_cropped.jpg,true,0,0,8472d3ba04b4356ce42e1212004c1b5091a86a29c4c30811f30edfa69be27ead,8472d3ba04b4356ce42e1212004c1b5091a86a29c4c30811f30edfa69be27ead,CC0-1.0,http://creativecommons.org/publicdomain/zero/1.0/legalcode,redistribute_derivative_rights_review_passed
WBGBIF2026_E0326,WBGBIF2026_E0326_F01_cropped,cropped,model_inputs/images_cropped/WBGBIF2026_E0326_F01_cropped.jpg,true,1,9,04a539d2f8ccce992be22e734ab3b56bf7417fe3dc9ca712a57a813de11ac82f,04a539d2f8ccce992be22e734ab3b56bf7417fe3dc9ca712a57a813de11ac82f,CC0-1.0,http://creativecommons.org/publicdomain/zero/1.0/legalcode,redistribute_derivative_rights_review_passed
WBGBIF2026_E0326,WBGBIF2026_E0326_F02_cropped,cropped,model_inputs/images_cropped/WBGBIF2026_E0326_F02_cropped.jpg,true,2,18,9239e6023ec9d4930be61a1f85f5f8b1992d7d1d52e3bc630060a8d2ad531333,9239e6023ec9d4930be61a1f85f5f8b1992d7d1d52e3bc630060a8d2ad531333,CC0-1.0,http://creativecommons.org/publicdomain/zero/1.0/legalcode,redistribute_derivative_rights_review_passed
WBGBIF2026_E0326,WBGBIF2026_E0326_F03_cropped,cropped,model_inputs/images_cropped/WBGBIF2026_E0326_F03_cropped.jpg,true,3,26,ed388a19014cb4f39dc37bf1456b29e6e60b4e411b6f20c96b25d2fb9c1455fc,ed388a19014cb4f39dc37bf1456b29e6e60b4e411b6f20c96b25d2fb9c1455fc,CC0-1.0,http://creativecommons.org/publicdomain/zero/1.0/legalcode,redistribute_derivative_rights_review_passed
WBGBIF2026_E0326,WBGBIF2026_E0326_F04_cropped,cropped,model_inputs/images_cropped/WBGBIF2026_E0326_F04_cropped.jpg,true,4,35,7f6c4fdb7d2ef86ab1c238675e2735ec1c9d2445c6e1515b99f3a567f22f14d7,7f6c4fdb7d2ef86ab1c238675e2735ec1c9d2445c6e1515b99f3a567f22f14d7,CC0-1.0,http://creativecommons.org/publicdomain/zero/1.0/legalcode,redistribute_derivative_rights_review_passed
WBGBIF2026_E0327,WBGBIF2026_E0327_F00_cropped,cropped,model_inputs/images_cropped/WBGBIF2026_E0327_F00_cropped.jpg,true,0,0,db1692f86cc8ef98af922352ef70456166ad609fc154102fd175e1ee6cbf3d29,db1692f86cc8ef98af922352ef70456166ad609fc154102fd175e1ee6cbf3d29,CC0-1.0,http://creativecommons.org/publicdomain/zero/1.0/legalcode,redistribute_derivative_rights_review_passed
WBGBIF2026_E0327,WBGBIF2026_E0327_F01_cropped,cropped,model_inputs/images_cropped/WBGBIF2026_E0327_F01_cropped.jpg,true,1,1,ebc91321ba218589a357d064b52d487418ee23cf6c9f051e53c12d5a59275d8e,ebc91321ba218589a357d064b52d487418ee23cf6c9f051e53c12d5a59275d8e,CC0-1.0,http://creativecommons.org/publicdomain/zero/1.0/legalcode,redistribute_derivative_rights_review_passed
WBGBIF2026_E0328,WBGBIF2026_E0328_F00_cropped,cropped,model_inputs/images_cropped/WBGBIF2026_E0328_F00_cropped.jpg,true,0,0,0e95a363592d54d207e503008e7d56f1c51e951ae8ea6005edd354d892ae08f0,0e95a363592d54d207e503008e7d56f1c51e951ae8ea6005edd354d892ae08f0,CC0-1.0,http://creativecommons.org/publicdomain/zero/1.0/legalcode,redistribute_derivative_rights_review_passed
WBGBIF2026_E0328,WBGBIF2026_E0328_F01_cropped,cropped,model_inputs/images_cropped/WBGBIF2026_E0328_F01_cropped.jpg,true,1,1,0777f755c449039ac61a830752edc4b13f6d0509aeeb13cb47b386fd45acb682,0777f755c449039ac61a830752edc4b13f6d0509aeeb13cb47b386fd45acb682,CC0-1.0,http://creativecommons.org/publicdomain/zero/1.0/legalcode,redistribute_derivative_rights_review_passed
WBGBIF2026_E0328,WBGBIF2026_E0328_F02_cropped,cropped,model_inputs/images_cropped/WBGBIF2026_E0328_F02_cropped.jpg,true,2,2,1500b3a49bf5074657ab221e139815b497beb87ef55c2fd8c704b56a5e8546cd,1500b3a49bf5074657ab221e139815b497beb87ef55c2fd8c704b56a5e8546cd,CC0-1.0,http://creativecommons.org/publicdomain/zero/1.0/legalcode,redistribute_derivative_rights_review_passed
WBGBIF2026_E0328,WBGBIF2026_E0328_F03_cropped,cropped,model_inputs/images_cropped/WBGBIF2026_E0328_F03_cropped.jpg,true,3,3,43731b87a40655be3cb6563e69f280ffe2a39136941e2e20177d623e23ccef97,43731b87a40655be3cb6563e69f280ffe2a39136941e2e20177d623e23ccef97,CC0-1.0,http://creativecommons.org/publicdomain/zero/1.0/legalcode,redistribute_derivative_rights_review_passed
WBGBIF2026_E0328,WBGBIF2026_E0328_F04_cropped,cropped,model_inputs/images_cropped/WBGBIF2026_E0328_F04_cropped.jpg,true,4,4,9f465f39291c4f86afac005a9617319f156763f39bb3b4ec2a7c04c4491ba968,9f465f39291c4f86afac005a9617319f156763f39bb3b4ec2a7c04c4491ba968,CC0-1.0,http://creativecommons.org/publicdomain/zero/1.0/legalcode,redistribute_derivative_rights_review_passed
WBGBIF2026_E0329,WBGBIF2026_E0329_F00_cropped,cropped,model_inputs/images_cropped/WBGBIF2026_E0329_F00_cropped.jpg,true,0,0,89619aa3e0fdeeea7eedcdb603d786c70bec0e0318cc7a4d00b8c7b047a72147,89619aa3e0fdeeea7eedcdb603d786c70bec0e0318cc7a4d00b8c7b047a72147,CC0-1.0,http://creativecommons.org/publicdomain/zero/1.0/legalcode,redistribute_derivative_rights_review_passed
WBGBIF2026_E0329,WBGBIF2026_E0329_F01_cropped,cropped,model_inputs/images_cropped/WBGBIF2026_E0329_F01_cropped.jpg,true,1,1,3b1c5e3b6cec2bd6bbd6609d99e0856adb7b7329ae6049d061e5c0cfa49994ed,3b1c5e3b6cec2bd6bbd6609d99e0856adb7b7329ae6049d061e5c0cfa49994ed,CC0-1.0,http://creativecommons.org/publicdomain/zero/1.0/legalcode,redistribute_derivative_rights_review_passed
WBGBIF2026_E0329,WBGBIF2026_E0329_F02_cropped,cropped,model_inputs/images_cropped/WBGBIF2026_E0329_F02_cropped.jpg,true,2,2,286159a623f64c75818f3d279a32f469f4e8663ff8489132b1f4850470508854,286159a623f64c75818f3d279a32f469f4e8663ff8489132b1f4850470508854,CC0-1.0,http://creativecommons.org/publicdomain/zero/1.0/legalcode,redistribute_derivative_rights_review_passed
WBGBIF2026_E0329,WBGBIF2026_E0329_F03_cropped,cropped,model_inputs/images_cropped/WBGBIF2026_E0329_F03_cropped.jpg,true,3,3,1000f132d18f84e96e4e02ee34e5bb48b18c1aeffdf2d0f4054ccf075a33fbb0,1000f132d18f84e96e4e02ee34e5bb48b18c1aeffdf2d0f4054ccf075a33fbb0,CC0-1.0,http://creativecommons.org/publicdomain/zero/1.0/legalcode,redistribute_derivative_rights_review_passed
WBGBIF2026_E0329,WBGBIF2026_E0329_F04_cropped,cropped,model_inputs/images_cropped/WBGBIF2026_E0329_F04_cropped.jpg,true,4,4,a31654630d0a6a977a93a924fdf01539395a9fc3b2baf5c6eebb5e3791f6aa02,a31654630d0a6a977a93a924fdf01539395a9fc3b2baf5c6eebb5e3791f6aa02,CC0-1.0,http://creativecommons.org/publicdomain/zero/1.0/legalcode,redistribute_derivative_rights_review_passed
WBGBIF2026_E0330,WBGBIF2026_E0330_F00_cropped,cropped,model_inputs/images_cropped/WBGBIF2026_E0330_F00_cropped.jpg,true,0,0,59080ac3acbd288d8be93fbf62e28f0bf4ebebae43ed05c7abe0c1d27dc262c1,59080ac3acbd288d8be93fbf62e28f0bf4ebebae43ed05c7abe0c1d27dc262c1,CC0-1.0,http://creativecommons.org/publicdomain/zero/1.0/legalcode,redistribute_derivative_rights_review_passed
WBGBIF2026_E0330,WBGBIF2026_E0330_F01_cropped,cropped,model_inputs/images_cropped/WBGBIF2026_E0330_F01_cropped.jpg,true,1,1,1122d0ec7c7cb8681ec81ae1400b1b1e132d83b2c9c0ff61b8196f03604fd652,1122d0ec7c7cb8681ec81ae1400b1b1e132d83b2c9c0ff61b8196f03604fd652,CC0-1.0,http://creativecommons.org/publicdomain/zero/1.0/legalcode,redistribute_derivative_rights_review_passed
WBGBIF2026_E0001,WBGBIF2026_E0001_F00_uncropped,uncropped,model_inputs/images_uncropped/WBGBIF2026_E0001_F00_uncropped.jpg,true,0,0,c53a7b33c4d7902ed5355dbd72b97de248fc8cc74aef8ba4ad7566cc8b0c0dd2,c53a7b33c4d7902ed5355dbd72b97de248fc8cc74aef8ba4ad7566cc8b0c0dd2,CC0-1.0,http://creativecommons.org/publicdomain/zero/1.0/legalcode,redistribute_derivative_rights_review_passed
WBGBIF2026_E0001,WBGBIF2026_E0001_F01_uncropped,uncropped,model_inputs/images_uncropped/WBGBIF2026_E0001_F01_uncropped.jpg,true,1,1,415147317370ce3c9662e9b5c38161ad54ac1d4e99cd8926e3ad40bb18e6c317,415147317370ce3c9662e9b5c38161ad54ac1d4e99cd8926e3ad40bb18e6c317,CC0-1.0,http://creativecommons.org/publicdomain/zero/1.0/legalcode,redistribute_derivative_rights_review_passed
WBGBIF2026_E0001,WBGBIF2026_E0001_F02_uncropped,uncropped,model_inputs/images_uncropped/WBGBIF2026_E0001_F02_uncropped.jpg,true,2,2,ebef27696c3863d096b9f49913f3e000673ee22ddd156aa05d3dfa8685f33d4b,ebef27696c3863d096b9f49913f3e000673ee22ddd156aa05d3dfa8685f33d4b,CC0-1.0,http://creativecommons.org/publicdomain/zero/1.0/legalcode,redistribute_derivative_rights_review_passed
WBGBIF2026_E0001,WBGBIF2026_E0001_F03_uncropped,uncropped,model_inputs/images_uncropped/WBGBIF2026_E0001_F03_uncropped.jpg,true,3,3,d03217e36450550d2b87859b064504f7ac5895198585c997c093756244cba249,d03217e36450550d2b87859b064504f7ac5895198585c997c093756244cba249,CC0-1.0,http://creativecommons.org/publicdomain/zero/1.0/legalcode,redistribute_derivative_rights_review_passed
WBGBIF2026_E0001,WBGBIF2026_E0001_F04_uncropped,uncropped,model_inputs/images_uncropped/WBGBIF2026_E0001_F04_uncropped.jpg,true,4,4,9336bbcc144a78d82b01a21d5b2380133dd35cb8869c0d4c5c523febf0aff27d,9336bbcc144a78d82b01a21d5b2380133dd35cb8869c0d4c5c523febf0aff27d,CC0-1.0,http://creativecommons.org/publicdomain/zero/1.0/legalcode,redistribute_derivative_rights_review_passed
WBGBIF2026_E0002,WBGBIF2026_E0002_F00_uncropped,uncropped,model_inputs/images_uncropped/WBGBIF2026_E0002_F00_uncropped.jpg,true,0,0,ba45a0c08cabb9d663bddb11bd8cf286f022d48bd104ef633094f18014026900,ba45a0c08cabb9d663bddb11bd8cf286f022d48bd104ef633094f18014026900,CC0-1.0,http://creativecommons.org/publicdomain/zero/1.0/legalcode,redistribute_derivative_rights_review_passed
WBGBIF2026_E0002,WBGBIF2026_E0002_F01_uncropped,uncropped,model_inputs/images_uncropped/WBGBIF2026_E0002_F01_uncropped.jpg,true,1,1,a4c6b7da65fddbeeb3340ef0d71e1b4654a97ec5770c627d45e1079bc53614b2,a4c6b7da65fddbeeb3340ef0d71e1b4654a97ec5770c627d45e1079bc53614b2,CC0-1.0,http://creativecommons.org/publicdomain/zero/1.0/legalcode,redistribute_derivative_rights_review_passed
WBGBIF2026_E0003,WBGBIF2026_E0003_F00_uncropped,uncropped,model_inputs/images_uncropped/WBGBIF2026_E0003_F00_uncropped.jpg,true,0,0,fcc07e2bddf41ac21688c8b3934357ea9460de7ae72111d3a33b09d13dff864a,fcc07e2bddf41ac21688c8b3934357ea9460de7ae72111d3a33b09d13dff864a,CC0-1.0,http://creativecommons.org/publicdomain/zero/1.0/legalcode,redistribute_derivative_rights_review_passed
WBGBIF2026_E0003,WBGBIF2026_E0003_F01_uncropped,uncropped,model_inputs/images_uncropped/WBGBIF2026_E0003_F01_uncropped.jpg,true,1,1,439188c369d5e3f80552a0a86741a65c4ad3407a141c7175dbd6a62449da31c1,439188c369d5e3f80552a0a86741a65c4ad3407a141c7175dbd6a62449da31c1,CC0-1.0,http://creativecommons.org/publicdomain/zero/1.0/legalcode,redistribute_derivative_rights_review_passed
WBGBIF2026_E0007,WBGBIF2026_E0007_F00_uncropped,uncropped,model_inputs/images_uncropped/WBGBIF2026_E0007_F00_uncropped.jpg,true,0,0,2aff6252a9c31d50a558bf58b1f0a33935b9b7f16a2d9bb7d1cdf5fae86b3d69,2aff6252a9c31d50a558bf58b1f0a33935b9b7f16a2d9bb7d1cdf5fae86b3d69,CC0-1.0,http://creativecommons.org/publicdomain/zero/1.0/legalcode,redistribute_derivative_rights_review_passed
WBGBIF2026_E0007,WBGBIF2026_E0007_F01_uncropped,uncropped,model_inputs/images_uncropped/WBGBIF2026_E0007_F01_uncropped.jpg,true,1,2,a4329dfa5ad718ab8da97ac0eb2c3c685617baa35b78855f35b9339a26b1c7b4,a4329dfa5ad718ab8da97ac0eb2c3c685617baa35b78855f35b9339a26b1c7b4,CC0-1.0,http://creativecommons.org/publicdomain/zero/1.0/legalcode,redistribute_derivative_rights_review_passed
WBGBIF2026_E0007,WBGBIF2026_E0007_F02_uncropped,uncropped,model_inputs/images_uncropped/WBGBIF2026_E0007_F02_uncropped.jpg,true,2,4,32cc9e9c8ea27cf0a6efad76957e9a08259205513938b5283cc497eb4df748d7,32cc9e9c8ea27cf0a6efad76957e9a08259205513938b5283cc497eb4df748d7,CC0-1.0,http://creativecommons.org/publicdomain/zero/1.0/legalcode,redistribute_derivative_rights_review_passed
WBGBIF2026_E0007,WBGBIF2026_E0007_F03_uncropped,uncropped,model_inputs/images_uncropped/WBGBIF2026_E0007_F03_uncropped.jpg,true,3,6,554051db3b5cb9f3e5d2453b9e40c73fda7d46cc6e46a6285ee4f9773135ff52,554051db3b5cb9f3e5d2453b9e40c73fda7d46cc6e46a6285ee4f9773135ff52,CC0-1.0,http://creativecommons.org/publicdomain/zero/1.0/legalcode,redistribute_derivative_rights_review_passed
WBGBIF2026_E0007,WBGBIF2026_E0007_F04_uncropped,uncropped,model_inputs/images_uncropped/WBGBIF2026_E0007_F04_uncropped.jpg,true,4,8,6bc895f8cd6349759b78a941ed0c427380b0432b41ab980d2b10f69dbb8d0b6a,6bc895f8cd6349759b78a941ed0c427380b0432b41ab980d2b10f69dbb8d0b6a,CC0-1.0,http://creativecommons.org/publicdomain/zero/1.0/legalcode,redistribute_derivative_rights_review_passed
WBGBIF2026_E0008,WBGBIF2026_E0008_F00_uncropped,uncropped,model_inputs/images_uncropped/WBGBIF2026_E0008_F00_uncropped.jpg,true,0,0,8831cb70682b2e1202af0cf216a339ab79e4454fe1127e7459be5ba51a3a5583,8831cb70682b2e1202af0cf216a339ab79e4454fe1127e7459be5ba51a3a5583,CC0-1.0,http://creativecommons.org/publicdomain/zero/1.0/legalcode,redistribute_derivative_rights_review_passed
WBGBIF2026_E0008,WBGBIF2026_E0008_F01_uncropped,uncropped,model_inputs/images_uncropped/WBGBIF2026_E0008_F01_uncropped.jpg,true,1,15,09dcbf9c3a0b7fc41995b868af9f5b2153700ac0b73100fd18ca9aa449c6db20,09dcbf9c3a0b7fc41995b868af9f5b2153700ac0b73100fd18ca9aa449c6db20,CC0-1.0,http://creativecommons.org/publicdomain/zero/1.0/legalcode,redistribute_derivative_rights_review_passed
WBGBIF2026_E0008,WBGBIF2026_E0008_F02_uncropped,uncropped,model_inputs/images_uncropped/WBGBIF2026_E0008_F02_uncropped.jpg,true,2,29,e74c6d283c64b9525823a74c22dc75100f65a826d3fdca9631972a0f778b0b28,e74c6d283c64b9525823a74c22dc75100f65a826d3fdca9631972a0f778b0b28,CC0-1.0,http://creativecommons.org/publicdomain/zero/1.0/legalcode,redistribute_derivative_rights_review_passed
WBGBIF2026_E0008,WBGBIF2026_E0008_F03_uncropped,uncropped,model_inputs/images_uncropped/WBGBIF2026_E0008_F03_uncropped.jpg,true,3,30,c3a2382917a0b7cbf81acf97328bfbcca9a4f0ced3afeebb5d1bfaed028ab14c,c3a2382917a0b7cbf81acf97328bfbcca9a4f0ced3afeebb5d1bfaed028ab14c,CC0-1.0,http://creativecommons.org/publicdomain/zero/1.0/legalcode,redistribute_derivative_rights_review_passed
WBGBIF2026_E0008,WBGBIF2026_E0008_F04_uncropped,uncropped,model_inputs/images_uncropped/WBGBIF2026_E0008_F04_uncropped.jpg,true,4,31,dbf6aeca93ba6ac68f68bc0bf1a292fbf1ed5d0970f6b90a62ad37d2f626bf79,dbf6aeca93ba6ac68f68bc0bf1a292fbf1ed5d0970f6b90a62ad37d2f626bf79,CC0-1.0,http://creativecommons.org/publicdomain/zero/1.0/legalcode,redistribute_derivative_rights_review_passed
WBGBIF2026_E0009,WBGBIF2026_E0009_F00_uncropped,uncropped,model_inputs/images_uncropped/WBGBIF2026_E0009_F00_uncropped.jpg,true,0,0,cc7fe2dc0e7b48f1ceffe2f0842d8f1e62a67d6a5027e20ee9120931456e9d20,cc7fe2dc0e7b48f1ceffe2f0842d8f1e62a67d6a5027e20ee9120931456e9d20,CC0-1.0,http://creativecommons.org/publicdomain/zero/1.0/legalcode,redistribute_derivative_rights_review_passed
WBGBIF2026_E0009,WBGBIF2026_E0009_F01_uncropped,uncropped,model_inputs/images_uncropped/WBGBIF2026_E0009_F01_uncropped.jpg,true,1,1,d1220fb14de45d48571b20e15914a82c2f896d99d6da32fb46270b259e39c19d,d1220fb14de45d48571b20e15914a82c2f896d99d6da32fb46270b259e39c19d,CC0-1.0,http://creativecommons.org/publicdomain/zero/1.0/legalcode,redistribute_derivative_rights_review_passed
WBGBIF2026_E0009,WBGBIF2026_E0009_F02_uncropped,uncropped,model_inputs/images_uncropped/WBGBIF2026_E0009_F02_uncropped.jpg,true,2,2,277344b1d19310c8fc639714f8f30fc1fd40b930381c8c948c2c101cb4b9b1c0,277344b1d19310c8fc639714f8f30fc1fd40b930381c8c948c2c101cb4b9b1c0,CC0-1.0,http://creativecommons.org/publicdomain/zero/1.0/legalcode,redistribute_derivative_rights_review_passed
WBGBIF2026_E0009,WBGBIF2026_E0009_F03_uncropped,uncropped,model_inputs/images_uncropped/WBGBIF2026_E0009_F03_uncropped.jpg,true,3,3,49594afcfce93f0942263284739cbbaca77aab9e88b55e8496e4a39222a61379,49594afcfce93f0942263284739cbbaca77aab9e88b55e8496e4a39222a61379,CC0-1.0,http://creativecommons.org/publicdomain/zero/1.0/legalcode,redistribute_derivative_rights_review_passed
WBGBIF2026_E0009,WBGBIF2026_E0009_F04_uncropped,uncropped,model_inputs/images_uncropped/WBGBIF2026_E0009_F04_uncropped.jpg,true,4,4,9a844823ca862a3c8ec55cf17482c47ad9ebecba8facac3ffe406841729ad23f,9a844823ca862a3c8ec55cf17482c47ad9ebecba8facac3ffe406841729ad23f,CC0-1.0,http://creativecommons.org/publicdomain/zero/1.0/legalcode,redistribute_derivative_rights_review_passed
WBGBIF2026_E0010,WBGBIF2026_E0010_F00_uncropped,uncropped,model_inputs/images_uncropped/WBGBIF2026_E0010_F00_uncropped.jpg,true,0,0,daaea59178ca03e8d7e0d21abf02a8d5298a4a342885ce378d8ce3e31fb24070,daaea59178ca03e8d7e0d21abf02a8d5298a4a342885ce378d8ce3e31fb24070,CC0-1.0,http://creativecommons.org/publicdomain/zero/1.0/legalcode,redistribute_derivative_rights_review_passed
WBGBIF2026_E0010,WBGBIF2026_E0010_F01_uncropped,uncropped,model_inputs/images_uncropped/WBGBIF2026_E0010_F01_uncropped.jpg,true,1,1,01198da1015371ddd475daa33ff4ef5c40010f71c02ace8e1b3264324b8ccebe,01198da1015371ddd475daa33ff4ef5c40010f71c02ace8e1b3264324b8ccebe,CC0-1.0,http://creativecommons.org/publicdomain/zero/1.0/legalcode,redistribute_derivative_rights_review_passed
WBGBIF2026_E0010,WBGBIF2026_E0010_F02_uncropped,uncropped,model_inputs/images_uncropped/WBGBIF2026_E0010_F02_uncropped.jpg,true,2,2,e84a0202141f5af097f7889b5f14b8a88c02d025f7ee5a94d4512cdc6f796620,e84a0202141f5af097f7889b5f14b8a88c02d025f7ee5a94d4512cdc6f796620,CC0-1.0,http://creativecommons.org/publicdomain/zero/1.0/legalcode,redistribute_derivative_rights_review_passed
WBGBIF2026_E0010,WBGBIF2026_E0010_F03_uncropped,uncropped,model_inputs/images_uncropped/WBGBIF2026_E0010_F03_uncropped.jpg,true,3,3,afb253c52218a519945b7710120f696adfb4d19239808a2a69e663af52e686b2,afb253c52218a519945b7710120f696adfb4d19239808a2a69e663af52e686b2,CC0-1.0,http://creativecommons.org/publicdomain/zero/1.0/legalcode,redistribute_derivative_rights_review_passed
WBGBIF2026_E0010,WBGBIF2026_E0010_F04_uncropped,uncropped,model_inputs/images_uncropped/WBGBIF2026_E0010_F04_uncropped.jpg,true,4,4,c63f4c7ec3fd2a5c4936de284b646668da1faad977d8ded08078b3e61b46ff99,c63f4c7ec3fd2a5c4936de284b646668da1faad977d8ded08078b3e61b46ff99,CC0-1.0,http://creativecommons.org/publicdomain/zero/1.0/legalcode,redistribute_derivative_rights_review_passed
WBGBIF2026_E0011,WBGBIF2026_E0011_F00_uncropped,uncropped,model_inputs/images_uncropped/WBGBIF2026_E0011_F00_uncropped.jpg,true,0,0,91b9bcc0af70cf05381f8ce487f3f58d8f798967579886727432f1462dc8bf86,91b9bcc0af70cf05381f8ce487f3f58d8f798967579886727432f1462dc8bf86,CC0-1.0,http://creativecommons.org/publicdomain/zero/1.0/legalcode,redistribute_derivative_rights_review_passed
WBGBIF2026_E0011,WBGBIF2026_E0011_F01_uncropped,uncropped,model_inputs/images_uncropped/WBGBIF2026_E0011_F01_uncropped.jpg,true,1,1,72dcb7a658359892cc89a57dac939c48a3389d31e1c405c87378a4c3955696c0,72dcb7a658359892cc89a57dac939c48a3389d31e1c405c87378a4c3955696c0,CC0-1.0,http://creativecommons.org/publicdomain/zero/1.0/legalcode,redistribute_derivative_rights_review_passed
WBGBIF2026_E0011,WBGBIF2026_E0011_F02_uncropped,uncropped,model_inputs/images_uncropped/WBGBIF2026_E0011_F02_uncropped.jpg,true,2,2,e1e894376a334b9aab0b68e8a0a95d9492eb43819145974be06da2d12cd5303f,e1e894376a334b9aab0b68e8a0a95d9492eb43819145974be06da2d12cd5303f,CC0-1.0,http://creativecommons.org/publicdomain/zero/1.0/legalcode,redistribute_derivative_rights_review_passed
WBGBIF2026_E0011,WBGBIF2026_E0011_F03_uncropped,uncropped,model_inputs/images_uncropped/WBGBIF2026_E0011_F03_uncropped.jpg,true,3,3,1f0f57f05985b26c09f873b8b1b623cbeac8b70a23b45cd329b317617d261685,1f0f57f05985b26c09f873b8b1b623cbeac8b70a23b45cd329b317617d261685,CC0-1.0,http://creativecommons.org/publicdomain/zero/1.0/legalcode,redistribute_derivative_rights_review_passed
WBGBIF2026_E0011,WBGBIF2026_E0011_F04_uncropped,uncropped,model_inputs/images_uncropped/WBGBIF2026_E0011_F04_uncropped.jpg,true,4,4,b156dc48697211179d539f2aafb1fb864e32f1c63c155c18b9eb22b70d699b03,b156dc48697211179d539f2aafb1fb864e32f1c63c155c18b9eb22b70d699b03,CC0-1.0,http://creativecommons.org/publicdomain/zero/1.0/legalcode,redistribute_derivative_rights_review_passed
WBGBIF2026_E0012,WBGBIF2026_E0012_F00_uncropped,uncropped,model_inputs/images_uncropped/WBGBIF2026_E0012_F00_uncropped.jpg,true,0,0,d08222623bf07afeb6c700c5b82bd0ad38f07f49ef33741beecfa446e62f7b4d,d08222623bf07afeb6c700c5b82bd0ad38f07f49ef33741beecfa446e62f7b4d,CC0-1.0,http://creativecommons.org/publicdomain/zero/1.0/legalcode,redistribute_derivative_rights_review_passed
WBGBIF2026_E0012,WBGBIF2026_E0012_F01_uncropped,uncropped,model_inputs/images_uncropped/WBGBIF2026_E0012_F01_uncropped.jpg,true,1,1,9836ea6c57c19ec128a8919c48eab727056c8791e6f5b16b1b8327afe473133a,9836ea6c57c19ec128a8919c48eab727056c8791e6f5b16b1b8327afe473133a,CC0-1.0,http://creativecommons.org/publicdomain/zero/1.0/legalcode,redistribute_derivative_rights_review_passed
WBGBIF2026_E0012,WBGBIF2026_E0012_F02_uncropped,uncropped,model_inputs/images_uncropped/WBGBIF2026_E0012_F02_uncropped.jpg,true,2,2,766d286475c5995bf7cde5e03148568fa71d98b830e531c19d42241f61c75089,766d286475c5995bf7cde5e03148568fa71d98b830e531c19d42241f61c75089,CC0-1.0,http://creativecommons.org/publicdomain/zero/1.0/legalcode,redistribute_derivative_rights_review_passed
WBGBIF2026_E0012,WBGBIF2026_E0012_F03_uncropped,uncropped,model_inputs/images_uncropped/WBGBIF2026_E0012_F03_uncropped.jpg,true,3,3,743844ad401faee7c2eb96b1d0414bcae3100a7490cba3ece82a8fc7d3d569a9,743844ad401faee7c2eb96b1d0414bcae3100a7490cba3ece82a8fc7d3d569a9,CC0-1.0,http://creativecommons.org/publicdomain/zero/1.0/legalcode,redistribute_derivative_rights_review_passed
WBGBIF2026_E0012,WBGBIF2026_E0012_F04_uncropped,uncropped,model_inputs/images_uncropped/WBGBIF2026_E0012_F04_uncropped.jpg,true,4,4,d125624bf3e4de5e7b4466355e6ca04c39e2b8f9287b24e1dede81d9ce060c0e,d125624bf3e4de5e7b4466355e6ca04c39e2b8f9287b24e1dede81d9ce060c0e,CC0-1.0,http://creativecommons.org/publicdomain/zero/1.0/legalcode,redistribute_derivative_rights_review_passed
WBGBIF2026_E0013,WBGBIF2026_E0013_F00_uncropped,uncropped,model_inputs/images_uncropped/WBGBIF2026_E0013_F00_uncropped.jpg,true,0,0,2db16401d23607c0163e5dfbdc739a33bc3df49bed96ae551c2814e5c61dbcdd,2db16401d23607c0163e5dfbdc739a33bc3df49bed96ae551c2814e5c61dbcdd,CC0-1.0,http://creativecommons.org/publicdomain/zero/1.0/legalcode,redistribute_derivative_rights_review_passed
WBGBIF2026_E0013,WBGBIF2026_E0013_F01_uncropped,uncropped,model_inputs/images_uncropped/WBGBIF2026_E0013_F01_uncropped.jpg,true,1,2,8bf5dbf311616cbc9fcbb66999aff3b5f02fa7885064f7a0f3923d759df451e9,8bf5dbf311616cbc9fcbb66999aff3b5f02fa7885064f7a0f3923d759df451e9,CC0-1.0,http://creativecommons.org/publicdomain/zero/1.0/legalcode,redistribute_derivative_rights_review_passed
WBGBIF2026_E0013,WBGBIF2026_E0013_F02_uncropped,uncropped,model_inputs/images_uncropped/WBGBIF2026_E0013_F02_uncropped.jpg,true,2,4,8c0d9bb9e001d6faf163d16ec1f749667257d7ca78925d44bef465b82058437a,8c0d9bb9e001d6faf163d16ec1f749667257d7ca78925d44bef465b82058437a,CC0-1.0,http://creativecommons.org/publicdomain/zero/1.0/legalcode,redistribute_derivative_rights_review_passed
WBGBIF2026_E0013,WBGBIF2026_E0013_F03_uncropped,uncropped,model_inputs/images_uncropped/WBGBIF2026_E0013_F03_uncropped.jpg,true,3,6,fcd6cb37b232a1de4cc521253b13bf02d44a7d462c01037c8e9efe37a12456c0,fcd6cb37b232a1de4cc521253b13bf02d44a7d462c01037c8e9efe37a12456c0,CC0-1.0,http://creativecommons.org/publicdomain/zero/1.0/legalcode,redistribute_derivative_rights_review_passed
WBGBIF2026_E0013,WBGBIF2026_E0013_F04_uncropped,uncropped,model_inputs/images_uncropped/WBGBIF2026_E0013_F04_uncropped.jpg,true,4,8,3b96519ec107856c8693a024f7963e468792b5ac9196cba640a2b505af9dbe92,3b96519ec107856c8693a024f7963e468792b5ac9196cba640a2b505af9dbe92,CC0-1.0,http://creativecommons.org/publicdomain/zero/1.0/legalcode,redistribute_derivative_rights_review_passed
WBGBIF2026_E0014,WBGBIF2026_E0014_F00_uncropped,uncropped,model_inputs/images_uncropped/WBGBIF2026_E0014_F00_uncropped.jpg,true,0,0,cb301863c5bbf2c1bcb52871cdb3401bbaf223a56424501359685f5c4be26e9e,cb301863c5bbf2c1bcb52871cdb3401bbaf223a56424501359685f5c4be26e9e,CC0-1.0,http://creativecommons.org/publicdomain/zero/1.0/legalcode,redistribute_derivative_rights_review_passed
WBGBIF2026_E0014,WBGBIF2026_E0014_F01_uncropped,uncropped,model_inputs/images_uncropped/WBGBIF2026_E0014_F01_uncropped.jpg,true,1,1,2d67387610f8dccbef67555e956192eebd58dced76472b9d5181b0bf2a7f5493,2d67387610f8dccbef67555e956192eebd58dced76472b9d5181b0bf2a7f5493,CC0-1.0,http://creativecommons.org/publicdomain/zero/1.0/legalcode,redistribute_derivative_rights_review_passed
WBGBIF2026_E0014,WBGBIF2026_E0014_F02_uncropped,uncropped,model_inputs/images_uncropped/WBGBIF2026_E0014_F02_uncropped.jpg,true,2,2,e9697b8988a762d71f70bba0e4472d7b8104656b2412cd787db9799f7d163d52,e9697b8988a762d71f70bba0e4472d7b8104656b2412cd787db9799f7d163d52,CC0-1.0,http://creativecommons.org/publicdomain/zero/1.0/legalcode,redistribute_derivative_rights_review_passed
WBGBIF2026_E0014,WBGBIF2026_E0014_F03_uncropped,uncropped,model_inputs/images_uncropped/WBGBIF2026_E0014_F03_uncropped.jpg,true,3,3,fe5ccd38fe3f92cebc65a81e732bf670023b332446f4f5f14d89651d4f7d1ef5,fe5ccd38fe3f92cebc65a81e732bf670023b332446f4f5f14d89651d4f7d1ef5,CC0-1.0,http://creativecommons.org/publicdomain/zero/1.0/legalcode,redistribute_derivative_rights_review_passed
WBGBIF2026_E0014,WBGBIF2026_E0014_F04_uncropped,uncropped,model_inputs/images_uncropped/WBGBIF2026_E0014_F04_uncropped.jpg,true,4,4,6955d79e7d29a7898b03f3846ec1e9e25d911950084ce6930780f8478a55d72a,6955d79e7d29a7898b03f3846ec1e9e25d911950084ce6930780f8478a55d72a,CC0-1.0,http://creativecommons.org/publicdomain/zero/1.0/legalcode,redistribute_derivative_rights_review_passed
WBGBIF2026_E0015,WBGBIF2026_E0015_F00_uncropped,uncropped,model_inputs/images_uncropped/WBGBIF2026_E0015_F00_uncropped.jpg,true,0,0,8b210a8f3b9436ea06efe557ebe1550ae4f279dec2868cbdfde041335307e4b1,8b210a8f3b9436ea06efe557ebe1550ae4f279dec2868cbdfde041335307e4b1,CC0-1.0,http://creativecommons.org/publicdomain/zero/1.0/legalcode,redistribute_derivative_rights_review_passed
WBGBIF2026_E0015,WBGBIF2026_E0015_F01_uncropped,uncropped,model_inputs/images_uncropped/WBGBIF2026_E0015_F01_uncropped.jpg,true,1,1,8d7da4e75fac147af1872331c2340679b4607b31601fc90a2e58bbf3986c24a6,8d7da4e75fac147af1872331c2340679b4607b31601fc90a2e58bbf3986c24a6,CC0-1.0,http://creativecommons.org/publicdomain/zero/1.0/legalcode,redistribute_derivative_rights_review_passed
WBGBIF2026_E0015,WBGBIF2026_E0015_F02_uncropped,uncropped,model_inputs/images_uncropped/WBGBIF2026_E0015_F02_uncropped.jpg,true,2,2,b98e7823a8fd3481c6dbd5306efe8f5ff19d11027fb9ae33de8c54fb6b9b65b1,b98e7823a8fd3481c6dbd5306efe8f5ff19d11027fb9ae33de8c54fb6b9b65b1,CC0-1.0,http://creativecommons.org/publicdomain/zero/1.0/legalcode,redistribute_derivative_rights_review_passed
WBGBIF2026_E0015,WBGBIF2026_E0015_F03_uncropped,uncropped,model_inputs/images_uncropped/WBGBIF2026_E0015_F03_uncropped.jpg,true,3,3,7557bd9461c06a8f56d1d684bf398a1bdccd5357c6da008e0b36c9870781716c,7557bd9461c06a8f56d1d684bf398a1bdccd5357c6da008e0b36c9870781716c,CC0-1.0,http://creativecommons.org/publicdomain/zero/1.0/legalcode,redistribute_derivative_rights_review_passed
WBGBIF2026_E0015,WBGBIF2026_E0015_F04_uncropped,uncropped,model_inputs/images_uncropped/WBGBIF2026_E0015_F04_uncropped.jpg,true,4,4,f4b00f8505e0b0e8a2b64d8ce4c8a33c7566a3c15db4d54b49bc5f5a99a5d3f4,f4b00f8505e0b0e8a2b64d8ce4c8a33c7566a3c15db4d54b49bc5f5a99a5d3f4,CC0-1.0,http://creativecommons.org/publicdomain/zero/1.0/legalcode,redistribute_derivative_rights_review_passed
WBGBIF2026_E0016,WBGBIF2026_E0016_F00_uncropped,uncropped,model_inputs/images_uncropped/WBGBIF2026_E0016_F00_uncropped.jpg,true,0,0,7f495c7178fe6f61f5975605d76551cb3b49f4f9cc72b3aa4bf7713ef89cad84,7f495c7178fe6f61f5975605d76551cb3b49f4f9cc72b3aa4bf7713ef89cad84,CC0-1.0,http://creativecommons.org/publicdomain/zero/1.0/legalcode,redistribute_derivative_rights_review_passed
WBGBIF2026_E0016,WBGBIF2026_E0016_F01_uncropped,uncropped,model_inputs/images_uncropped/WBGBIF2026_E0016_F01_uncropped.jpg,true,1,1,84ca3d33b40e2a900ae662eb470c85e52efc5bbe373ee0a909bf910df24f485e,84ca3d33b40e2a900ae662eb470c85e52efc5bbe373ee0a909bf910df24f485e,CC0-1.0,http://creativecommons.org/publicdomain/zero/1.0/legalcode,redistribute_derivative_rights_review_passed
WBGBIF2026_E0016,WBGBIF2026_E0016_F02_uncropped,uncropped,model_inputs/images_uncropped/WBGBIF2026_E0016_F02_uncropped.jpg,true,2,2,4dd1966994f905a31a586a2a95384cf19ceae42035b7ea847279b5faa2745234,4dd1966994f905a31a586a2a95384cf19ceae42035b7ea847279b5faa2745234,CC0-1.0,http://creativecommons.org/publicdomain/zero/1.0/legalcode,redistribute_derivative_rights_review_passed
WBGBIF2026_E0016,WBGBIF2026_E0016_F03_uncropped,uncropped,model_inputs/images_uncropped/WBGBIF2026_E0016_F03_uncropped.jpg,true,3,3,2c11480cf10ee8a35f9e1965c4909c99eab82cd897ecc017a94f7d0c90440624,2c11480cf10ee8a35f9e1965c4909c99eab82cd897ecc017a94f7d0c90440624,CC0-1.0,http://creativecommons.org/publicdomain/zero/1.0/legalcode,redistribute_derivative_rights_review_passed
WBGBIF2026_E0016,WBGBIF2026_E0016_F04_uncropped,uncropped,model_inputs/images_uncropped/WBGBIF2026_E0016_F04_uncropped.jpg,true,4,4,7864bddd41cc708b5c722bbccec4fc702eca758ea7c27681b5023944a42997f2,7864bddd41cc708b5c722bbccec4fc702eca758ea7c27681b5023944a42997f2,CC0-1.0,http://creativecommons.org/publicdomain/zero/1.0/legalcode,redistribute_derivative_rights_review_passed
WBGBIF2026_E0017,WBGBIF2026_E0017_F00_uncropped,uncropped,model_inputs/images_uncropped/WBGBIF2026_E0017_F00_uncropped.jpg,true,0,0,c991da1cf487a0b12c9edc270c69aa6281eb955765554bc3550be500fda55001,c991da1cf487a0b12c9edc270c69aa6281eb955765554bc3550be500fda55001,CC0-1.0,http://creativecommons.org/publicdomain/zero/1.0/legalcode,redistribute_derivative_rights_review_passed
WBGBIF2026_E0017,WBGBIF2026_E0017_F01_uncropped,uncropped,model_inputs/images_uncropped/WBGBIF2026_E0017_F01_uncropped.jpg,true,1,1,6d7f5f5131adfc98b2de461e69bc9e888be89064e8c0902dfaeb08a3cd60d61e,6d7f5f5131adfc98b2de461e69bc9e888be89064e8c0902dfaeb08a3cd60d61e,CC0-1.0,http://creativecommons.org/publicdomain/zero/1.0/legalcode,redistribute_derivative_rights_review_passed
WBGBIF2026_E0017,WBGBIF2026_E0017_F02_uncropped,uncropped,model_inputs/images_uncropped/WBGBIF2026_E0017_F02_uncropped.jpg,true,2,2,3b8255e1bfe89f4020179c66a8a6619dce4b986eda164432a2fecb4b5c423788,3b8255e1bfe89f4020179c66a8a6619dce4b986eda164432a2fecb4b5c423788,CC0-1.0,http://creativecommons.org/publicdomain/zero/1.0/legalcode,redistribute_derivative_rights_review_passed
WBGBIF2026_E0017,WBGBIF2026_E0017_F03_uncropped,uncropped,model_inputs/images_uncropped/WBGBIF2026_E0017_F03_uncropped.jpg,true,3,3,2c61c828a6ab3f1f76b804cfd89a33ad558893c7d64197e1abfa6c4c0314f605,2c61c828a6ab3f1f76b804cfd89a33ad558893c7d64197e1abfa6c4c0314f605,CC0-1.0,http://creativecommons.org/publicdomain/zero/1.0/legalcode,redistribute_derivative_rights_review_passed
WBGBIF2026_E0017,WBGBIF2026_E0017_F04_uncropped,uncropped,model_inputs/images_uncropped/WBGBIF2026_E0017_F04_uncropped.jpg,true,4,4,96818877acc00359cf3ffd080b22b897d6602add3fd5650f80b9fd41ef90d11f,96818877acc00359cf3ffd080b22b897d6602add3fd5650f80b9fd41ef90d11f,CC0-1.0,http://creativecommons.org/publicdomain/zero/1.0/legalcode,redistribute_derivative_rights_review_passed
WBGBIF2026_E0018,WBGBIF2026_E0018_F00_uncropped,uncropped,model_inputs/images_uncropped/WBGBIF2026_E0018_F00_uncropped.jpg,true,0,0,d3eee40e30065df26826be145ae465fba8b273f12fa89cd05fb8112b3be5961d,d3eee40e30065df26826be145ae465fba8b273f12fa89cd05fb8112b3be5961d,CC0-1.0,http://creativecommons.org/publicdomain/zero/1.0/legalcode,redistribute_derivative_rights_review_passed
WBGBIF2026_E0018,WBGBIF2026_E0018_F01_uncropped,uncropped,model_inputs/images_uncropped/WBGBIF2026_E0018_F01_uncropped.jpg,true,1,1,e45fdde4e672ec261f0d33ebaec7e87d759555426c1a428b0806884fe53f6536,e45fdde4e672ec261f0d33ebaec7e87d759555426c1a428b0806884fe53f6536,CC0-1.0,http://creativecommons.org/publicdomain/zero/1.0/legalcode,redistribute_derivative_rights_review_passed
WBGBIF2026_E0018,WBGBIF2026_E0018_F02_uncropped,uncropped,model_inputs/images_uncropped/WBGBIF2026_E0018_F02_uncropped.jpg,true,2,2,0af91feb592da624a58788cffab9e21ef75cfedcb8b0803f7c2f2ca9575682a6,0af91feb592da624a58788cffab9e21ef75cfedcb8b0803f7c2f2ca9575682a6,CC0-1.0,http://creativecommons.org/publicdomain/zero/1.0/legalcode,redistribute_derivative_rights_review_passed
WBGBIF2026_E0018,WBGBIF2026_E0018_F03_uncropped,uncropped,model_inputs/images_uncropped/WBGBIF2026_E0018_F03_uncropped.jpg,true,3,3,2e70e8a5b04d332b785bfcfc0bdee76cae1913c9615248ac2895011819e13d01,2e70e8a5b04d332b785bfcfc0bdee76cae1913c9615248ac2895011819e13d01,CC0-1.0,http://creativecommons.org/publicdomain/zero/1.0/legalcode,redistribute_derivative_rights_review_passed
WBGBIF2026_E0018,WBGBIF2026_E0018_F04_uncropped,uncropped,model_inputs/images_uncropped/WBGBIF2026_E0018_F04_uncropped.jpg,true,4,4,35d4533e78602a2132e3ce944f9c13d25e5a61be38715f535e2088c518a4a297,35d4533e78602a2132e3ce944f9c13d25e5a61be38715f535e2088c518a4a297,CC0-1.0,http://creativecommons.org/publicdomain/zero/1.0/legalcode,redistribute_derivative_rights_review_passed
WBGBIF2026_E0019,WBGBIF2026_E0019_F00_uncropped,uncropped,model_inputs/images_uncropped/WBGBIF2026_E0019_F00_uncropped.jpg,true,0,0,c4e3d9365b63896e125f66bc9a60111dd2b7e0b835c2930e24d23d716349bd0f,c4e3d9365b63896e125f66bc9a60111dd2b7e0b835c2930e24d23d716349bd0f,CC-BY-4.0,http://creativecommons.org/licenses/by/4.0/legalcode,redistribute_derivative_with_attribution_rights_review_passed
WBGBIF2026_E0019,WBGBIF2026_E0019_F01_uncropped,uncropped,model_inputs/images_uncropped/WBGBIF2026_E0019_F01_uncropped.jpg,true,1,1,908167752630121f8ea84a4519d917371f4837a3d6c56c208873a433e5cce508,908167752630121f8ea84a4519d917371f4837a3d6c56c208873a433e5cce508,CC-BY-4.0,http://creativecommons.org/licenses/by/4.0/legalcode,redistribute_derivative_with_attribution_rights_review_passed
WBGBIF2026_E0019,WBGBIF2026_E0019_F02_uncropped,uncropped,model_inputs/images_uncropped/WBGBIF2026_E0019_F02_uncropped.jpg,true,2,2,8c0e86aeb24cc1ce4cf2eac5bea00edd091f4bd84203ea51e316e246494d8419,8c0e86aeb24cc1ce4cf2eac5bea00edd091f4bd84203ea51e316e246494d8419,CC-BY-4.0,http://creativecommons.org/licenses/by/4.0/legalcode,redistribute_derivative_with_attribution_rights_review_passed
WBGBIF2026_E0019,WBGBIF2026_E0019_F03_uncropped,uncropped,model_inputs/images_uncropped/WBGBIF2026_E0019_F03_uncropped.jpg,true,3,3,d66f49160ccad779e33b4968f4b037157fc1f97a7a20cb36537539d24bc85120,d66f49160ccad779e33b4968f4b037157fc1f97a7a20cb36537539d24bc85120,CC-BY-4.0,http://creativecommons.org/licenses/by/4.0/legalcode,redistribute_derivative_with_attribution_rights_review_passed
WBGBIF2026_E0019,WBGBIF2026_E0019_F04_uncropped,uncropped,model_inputs/images_uncropped/WBGBIF2026_E0019_F04_uncropped.jpg,true,4,4,ad5c8f1d2c9fafbceb30f5d9c245365ec7dd632335a5f91caab23038516aed2f,ad5c8f1d2c9fafbceb30f5d9c245365ec7dd632335a5f91caab23038516aed2f,CC-BY-4.0,http://creativecommons.org/licenses/by/4.0/legalcode,redistribute_derivative_with_attribution_rights_review_passed
WBGBIF2026_E0020,WBGBIF2026_E0020_F00_uncropped,uncropped,model_inputs/images_uncropped/WBGBIF2026_E0020_F00_uncropped.jpg,true,0,0,49cca69bff648d6483a12c2dd412dc7be72707c22e06b5495e19715399522718,49cca69bff648d6483a12c2dd412dc7be72707c22e06b5495e19715399522718,CC-BY-4.0,http://creativecommons.org/licenses/by/4.0/legalcode,redistribute_derivative_with_attribution_rights_review_passed
WBGBIF2026_E0020,WBGBIF2026_E0020_F01_uncropped,uncropped,model_inputs/images_uncropped/WBGBIF2026_E0020_F01_uncropped.jpg,true,1,1,dc7aa7267a9e06e6cb36cf8a78177126569606a4214dfb75b6a5b37339d36833,dc7aa7267a9e06e6cb36cf8a78177126569606a4214dfb75b6a5b37339d36833,CC-BY-4.0,http://creativecommons.org/licenses/by/4.0/legalcode,redistribute_derivative_with_attribution_rights_review_passed
WBGBIF2026_E0020,WBGBIF2026_E0020_F02_uncropped,uncropped,model_inputs/images_uncropped/WBGBIF2026_E0020_F02_uncropped.jpg,true,2,2,e5bd7a11ea77d6cd74a0b58cb942cb483d421cfc558ab462debbd4dd82ff38e9,e5bd7a11ea77d6cd74a0b58cb942cb483d421cfc558ab462debbd4dd82ff38e9,CC-BY-4.0,http://creativecommons.org/licenses/by/4.0/legalcode,redistribute_derivative_with_attribution_rights_review_passed
WBGBIF2026_E0020,WBGBIF2026_E0020_F03_uncropped,uncropped,model_inputs/images_uncropped/WBGBIF2026_E0020_F03_uncropped.jpg,true,3,3,d3dc9543abace69b4444a38d45c7369a422b72f235f45afce27797eb4e8e4943,d3dc9543abace69b4444a38d45c7369a422b72f235f45afce27797eb4e8e4943,CC-BY-4.0,http://creativecommons.org/licenses/by/4.0/legalcode,redistribute_derivative_with_attribution_rights_review_passed
WBGBIF2026_E0020,WBGBIF2026_E0020_F04_uncropped,uncropped,model_inputs/images_uncropped/WBGBIF2026_E0020_F04_uncropped.jpg,true,4,4,5b070e145f5a817e03941daffdea82f908cd2bcb52b9498e49834d4df2843bea,5b070e145f5a817e03941daffdea82f908cd2bcb52b9498e49834d4df2843bea,CC-BY-4.0,http://creativecommons.org/licenses/by/4.0/legalcode,redistribute_derivative_with_attribution_rights_review_passed
WBGBIF2026_E0021,WBGBIF2026_E0021_F00_uncropped,uncropped,model_inputs/images_uncropped/WBGBIF2026_E0021_F00_uncropped.jpg,true,0,0,9ba22819b7f8d6339ca89d7638610b043bd8adbe0a2b458bc670883d81096019,9ba22819b7f8d6339ca89d7638610b043bd8adbe0a2b458bc670883d81096019,CC-BY-4.0,http://creativecommons.org/licenses/by/4.0/legalcode,redistribute_derivative_with_attribution_rights_review_passed
WBGBIF2026_E0021,WBGBIF2026_E0021_F01_uncropped,uncropped,model_inputs/images_uncropped/WBGBIF2026_E0021_F01_uncropped.jpg,true,1,1,b0f4f1bfc1d424c7e4b4c1e0fb3a1c4616bf439cdebfbd420636cf4d4359bb5b,b0f4f1bfc1d424c7e4b4c1e0fb3a1c4616bf439cdebfbd420636cf4d4359bb5b,CC-BY-4.0,http://creativecommons.org/licenses/by/4.0/legalcode,redistribute_derivative_with_attribution_rights_review_passed
WBGBIF2026_E0021,WBGBIF2026_E0021_F02_uncropped,uncropped,model_inputs/images_uncropped/WBGBIF2026_E0021_F02_uncropped.jpg,true,2,2,f561532f441551822a145edc02ebc42b31b17c24a53de0c381bec934c118d453,f561532f441551822a145edc02ebc42b31b17c24a53de0c381bec934c118d453,CC-BY-4.0,http://creativecommons.org/licenses/by/4.0/legalcode,redistribute_derivative_with_attribution_rights_review_passed
WBGBIF2026_E0021,WBGBIF2026_E0021_F03_uncropped,uncropped,model_inputs/images_uncropped/WBGBIF2026_E0021_F03_uncropped.jpg,true,3,3,c19497c19334283dcaba97f80388de390306301d645fe77dff7db6dc3f5f0977,c19497c19334283dcaba97f80388de390306301d645fe77dff7db6dc3f5f0977,CC-BY-4.0,http://creativecommons.org/licenses/by/4.0/legalcode,redistribute_derivative_with_attribution_rights_review_passed
WBGBIF2026_E0021,WBGBIF2026_E0021_F04_uncropped,uncropped,model_inputs/images_uncropped/WBGBIF2026_E0021_F04_uncropped.jpg,true,4,4,d621cb0f642eaea106a9b6ae700acf9c919028a1b572cce0713a29efceec4a88,d621cb0f642eaea106a9b6ae700acf9c919028a1b572cce0713a29efceec4a88,CC-BY-4.0,http://creativecommons.org/licenses/by/4.0/legalcode,redistribute_derivative_with_attribution_rights_review_passed
WBGBIF2026_E0022,WBGBIF2026_E0022_F00_uncropped,uncropped,model_inputs/images_uncropped/WBGBIF2026_E0022_F00_uncropped.jpg,true,0,0,4ef357f474f74092c78edcdcc9a167b0601a4201af627ad885e1bab001f5e966,4ef357f474f74092c78edcdcc9a167b0601a4201af627ad885e1bab001f5e966,CC0-1.0,http://creativecommons.org/publicdomain/zero/1.0/legalcode,redistribute_derivative_rights_review_passed
WBGBIF2026_E0022,WBGBIF2026_E0022_F01_uncropped,uncropped,model_inputs/images_uncropped/WBGBIF2026_E0022_F01_uncropped.jpg,true,1,4,859a7aaa173180191a6523be3c08859c5b18c100f40f3b093b1244cece8e84ca,859a7aaa173180191a6523be3c08859c5b18c100f40f3b093b1244cece8e84ca,CC0-1.0,http://creativecommons.org/publicdomain/zero/1.0/legalcode,redistribute_derivative_rights_review_passed
WBGBIF2026_E0022,WBGBIF2026_E0022_F02_uncropped,uncropped,model_inputs/images_uncropped/WBGBIF2026_E0022_F02_uncropped.jpg,true,2,9,039b22ffbc6d4522b07516e9993f28f77b50a1762c9c124f9ad68f04f38d4dd6,039b22ffbc6d4522b07516e9993f28f77b50a1762c9c124f9ad68f04f38d4dd6,CC0-1.0,http://creativecommons.org/publicdomain/zero/1.0/legalcode,redistribute_derivative_rights_review_passed
WBGBIF2026_E0022,WBGBIF2026_E0022_F03_uncropped,uncropped,model_inputs/images_uncropped/WBGBIF2026_E0022_F03_uncropped.jpg,true,3,13,c3b21c3e4f93ac1a17bbcc268abc56ba7cf3bc584cec7ebf435df1aff9c282e1,c3b21c3e4f93ac1a17bbcc268abc56ba7cf3bc584cec7ebf435df1aff9c282e1,CC0-1.0,http://creativecommons.org/publicdomain/zero/1.0/legalcode,redistribute_derivative_rights_review_passed
WBGBIF2026_E0022,WBGBIF2026_E0022_F04_uncropped,uncropped,model_inputs/images_uncropped/WBGBIF2026_E0022_F04_uncropped.jpg,true,4,17,230de2da716912df63ffe6d5392eb9820e5dcfadfac81d9e9fa256054fb3bcaf,230de2da716912df63ffe6d5392eb9820e5dcfadfac81d9e9fa256054fb3bcaf,CC0-1.0,http://creativecommons.org/publicdomain/zero/1.0/legalcode,redistribute_derivative_rights_review_passed
WBGBIF2026_E0023,WBGBIF2026_E0023_F00_uncropped,uncropped,model_inputs/images_uncropped/WBGBIF2026_E0023_F00_uncropped.jpg,true,0,0,7662e1dfb36b5e0401afa0ef56df3731f5774c9d27ce505474f87a62c8bc8813,7662e1dfb36b5e0401afa0ef56df3731f5774c9d27ce505474f87a62c8bc8813,CC-BY-4.0,http://creativecommons.org/licenses/by/4.0/legalcode,redistribute_derivative_with_attribution_rights_review_passed
WBGBIF2026_E0023,WBGBIF2026_E0023_F01_uncropped,uncropped,model_inputs/images_uncropped/WBGBIF2026_E0023_F01_uncropped.jpg,true,1,1,f6a0af9d52e21cceaaf5a1b605fbed8a7efdb2e15fac97a24c947d5d8be2b3e4,f6a0af9d52e21cceaaf5a1b605fbed8a7efdb2e15fac97a24c947d5d8be2b3e4,CC-BY-4.0,http://creativecommons.org/licenses/by/4.0/legalcode,redistribute_derivative_with_attribution_rights_review_passed
WBGBIF2026_E0023,WBGBIF2026_E0023_F02_uncropped,uncropped,model_inputs/images_uncropped/WBGBIF2026_E0023_F02_uncropped.jpg,true,2,2,5a1d8e686268bf0380ed584b58b2f2139221227bd51010d33e7e25c552e309c3,5a1d8e686268bf0380ed584b58b2f2139221227bd51010d33e7e25c552e309c3,CC-BY-4.0,http://creativecommons.org/licenses/by/4.0/legalcode,redistribute_derivative_with_attribution_rights_review_passed
WBGBIF2026_E0023,WBGBIF2026_E0023_F03_uncropped,uncropped,model_inputs/images_uncropped/WBGBIF2026_E0023_F03_uncropped.jpg,true,3,3,c0204bb9d730fd66be13251b435b25668ff85d90aee3bd5fd0bc4bad9d31c861,c0204bb9d730fd66be13251b435b25668ff85d90aee3bd5fd0bc4bad9d31c861,CC-BY-4.0,http://creativecommons.org/licenses/by/4.0/legalcode,redistribute_derivative_with_attribution_rights_review_passed
WBGBIF2026_E0023,WBGBIF2026_E0023_F04_uncropped,uncropped,model_inputs/images_uncropped/WBGBIF2026_E0023_F04_uncropped.jpg,true,4,4,4b394f08c341c85b99798925fcdb80cf5570ca6c8ec4befd7f1cffe1c3529b64,4b394f08c341c85b99798925fcdb80cf5570ca6c8ec4befd7f1cffe1c3529b64,CC-BY-4.0,http://creativecommons.org/licenses/by/4.0/legalcode,redistribute_derivative_with_attribution_rights_review_passed
WBGBIF2026_E0024,WBGBIF2026_E0024_F00_uncropped,uncropped,model_inputs/images_uncropped/WBGBIF2026_E0024_F00_uncropped.jpg,true,0,0,d42ea5d9610b58f49bbcf5f8bb3bf42612782cfeaeba9e119ef1d757e0615945,d42ea5d9610b58f49bbcf5f8bb3bf42612782cfeaeba9e119ef1d757e0615945,CC-BY-4.0,http://creativecommons.org/licenses/by/4.0/legalcode,redistribute_derivative_with_attribution_rights_review_passed
WBGBIF2026_E0024,WBGBIF2026_E0024_F01_uncropped,uncropped,model_inputs/images_uncropped/WBGBIF2026_E0024_F01_uncropped.jpg,true,1,1,51ce508c0f2ff0958b5bab92ce0b2e30c18b58ab8394d14bade73ac9da823683,51ce508c0f2ff0958b5bab92ce0b2e30c18b58ab8394d14bade73ac9da823683,CC-BY-4.0,http://creativecommons.org/licenses/by/4.0/legalcode,redistribute_derivative_with_attribution_rights_review_passed
WBGBIF2026_E0024,WBGBIF2026_E0024_F02_uncropped,uncropped,model_inputs/images_uncropped/WBGBIF2026_E0024_F02_uncropped.jpg,true,2,2,0ab90c9309ca6418443110188e9033cffce9edc3b425f841317cdc2eddeaa9f5,0ab90c9309ca6418443110188e9033cffce9edc3b425f841317cdc2eddeaa9f5,CC-BY-4.0,http://creativecommons.org/licenses/by/4.0/legalcode,redistribute_derivative_with_attribution_rights_review_passed
WBGBIF2026_E0024,WBGBIF2026_E0024_F03_uncropped,uncropped,model_inputs/images_uncropped/WBGBIF2026_E0024_F03_uncropped.jpg,true,3,3,f85bc2a34ede7b0e77a1944a0c950021df6ae1c803a12516178b6a0b8bc77cc2,f85bc2a34ede7b0e77a1944a0c950021df6ae1c803a12516178b6a0b8bc77cc2,CC-BY-4.0,http://creativecommons.org/licenses/by/4.0/legalcode,redistribute_derivative_with_attribution_rights_review_passed
WBGBIF2026_E0024,WBGBIF2026_E0024_F04_uncropped,uncropped,model_inputs/images_uncropped/WBGBIF2026_E0024_F04_uncropped.jpg,true,4,4,6edb2f8177c0d23e370ef7a2b48284cf6f2f1401057c99a6880b86b4fc418de2,6edb2f8177c0d23e370ef7a2b48284cf6f2f1401057c99a6880b86b4fc418de2,CC-BY-4.0,http://creativecommons.org/licenses/by/4.0/legalcode,redistribute_derivative_with_attribution_rights_review_passed
WBGBIF2026_E0028,WBGBIF2026_E0028_F00_uncropped,uncropped,model_inputs/images_uncropped/WBGBIF2026_E0028_F00_uncropped.jpg,true,0,0,d0321da5a7b71d00509864945be49537bfd99ef96bbb9e828b4f746687ae0448,d0321da5a7b71d00509864945be49537bfd99ef96bbb9e828b4f746687ae0448,CC0-1.0,http://creativecommons.org/publicdomain/zero/1.0/legalcode,redistribute_derivative_rights_review_passed
WBGBIF2026_E0028,WBGBIF2026_E0028_F01_uncropped,uncropped,model_inputs/images_uncropped/WBGBIF2026_E0028_F01_uncropped.jpg,true,1,1,685e85a0b5ca9eb7c6b648f8be61b82be6c13de0846fa7f81f51d6c96ba90368,685e85a0b5ca9eb7c6b648f8be61b82be6c13de0846fa7f81f51d6c96ba90368,CC0-1.0,http://creativecommons.org/publicdomain/zero/1.0/legalcode,redistribute_derivative_rights_review_passed
WBGBIF2026_E0028,WBGBIF2026_E0028_F02_uncropped,uncropped,model_inputs/images_uncropped/WBGBIF2026_E0028_F02_uncropped.jpg,true,2,2,f20002a518af9652299919ce15190493cd30e163dc11aa5dd7713f6c38fbe236,f20002a518af9652299919ce15190493cd30e163dc11aa5dd7713f6c38fbe236,CC0-1.0,http://creativecommons.org/publicdomain/zero/1.0/legalcode,redistribute_derivative_rights_review_passed
WBGBIF2026_E0028,WBGBIF2026_E0028_F03_uncropped,uncropped,model_inputs/images_uncropped/WBGBIF2026_E0028_F03_uncropped.jpg,true,3,3,3cb90cf2d72b1e7e063d5aa8bd1902d055dd13e7922b1555be7dca083c2b0584,3cb90cf2d72b1e7e063d5aa8bd1902d055dd13e7922b1555be7dca083c2b0584,CC0-1.0,http://creativecommons.org/publicdomain/zero/1.0/legalcode,redistribute_derivative_rights_review_passed
WBGBIF2026_E0028,WBGBIF2026_E0028_F04_uncropped,uncropped,model_inputs/images_uncropped/WBGBIF2026_E0028_F04_uncropped.jpg,true,4,4,f7503ac2f3780f37c4212115284e740f72b52094af7b830466292c5ee7bd5e28,f7503ac2f3780f37c4212115284e740f72b52094af7b830466292c5ee7bd5e28,CC0-1.0,http://creativecommons.org/publicdomain/zero/1.0/legalcode,redistribute_derivative_rights_review_passed
WBGBIF2026_E0029,WBGBIF2026_E0029_F00_uncropped,uncropped,model_inputs/images_uncropped/WBGBIF2026_E0029_F00_uncropped.jpg,true,0,0,13f752bb125d117062651fc41e3e085c1d641b066f884fb5ecd8c00fc4f14b0a,13f752bb125d117062651fc41e3e085c1d641b066f884fb5ecd8c00fc4f14b0a,CC0-1.0,http://creativecommons.org/publicdomain/zero/1.0/legalcode,redistribute_derivative_rights_review_passed
WBGBIF2026_E0029,WBGBIF2026_E0029_F01_uncropped,uncropped,model_inputs/images_uncropped/WBGBIF2026_E0029_F01_uncropped.jpg,true,1,1,dcf0dfaa4693f578f4d32f929aff30712f9445abc8bef2a847c72aed82adb8da,dcf0dfaa4693f578f4d32f929aff30712f9445abc8bef2a847c72aed82adb8da,CC0-1.0,http://creativecommons.org/publicdomain/zero/1.0/legalcode,redistribute_derivative_rights_review_passed
WBGBIF2026_E0029,WBGBIF2026_E0029_F02_uncropped,uncropped,model_inputs/images_uncropped/WBGBIF2026_E0029_F02_uncropped.jpg,true,2,11,7c6b37faa9106b3ffc98c5b6413a8cdb51b66c955bbbdc2e83124e99ff859019,7c6b37faa9106b3ffc98c5b6413a8cdb51b66c955bbbdc2e83124e99ff859019,CC0-1.0,http://creativecommons.org/publicdomain/zero/1.0/legalcode,redistribute_derivative_rights_review_passed
WBGBIF2026_E0029,WBGBIF2026_E0029_F03_uncropped,uncropped,model_inputs/images_uncropped/WBGBIF2026_E0029_F03_uncropped.jpg,true,3,13,683957524e9600ec1ba520dd9f887852871c7d389bdf0b556d91fd121db66a27,683957524e9600ec1ba520dd9f887852871c7d389bdf0b556d91fd121db66a27,CC0-1.0,http://creativecommons.org/publicdomain/zero/1.0/legalcode,redistribute_derivative_rights_review_passed
WBGBIF2026_E0029,WBGBIF2026_E0029_F04_uncropped,uncropped,model_inputs/images_uncropped/WBGBIF2026_E0029_F04_uncropped.jpg,true,4,15,59cfb15f37b39050ffc6933258919e1522c7d9579eb4ddf8a1536a356a79dada,59cfb15f37b39050ffc6933258919e1522c7d9579eb4ddf8a1536a356a79dada,CC0-1.0,http://creativecommons.org/publicdomain/zero/1.0/legalcode,redistribute_derivative_rights_review_passed
WBGBIF2026_E0030,WBGBIF2026_E0030_F00_uncropped,uncropped,model_inputs/images_uncropped/WBGBIF2026_E0030_F00_uncropped.jpg,true,0,0,1cd3a1de791af0eff7e0bc7f33ce0f2020af00b3e0e77e433cb998321b253912,1cd3a1de791af0eff7e0bc7f33ce0f2020af00b3e0e77e433cb998321b253912,CC0-1.0,http://creativecommons.org/publicdomain/zero/1.0/legalcode,redistribute_derivative_rights_review_passed
WBGBIF2026_E0030,WBGBIF2026_E0030_F01_uncropped,uncropped,model_inputs/images_uncropped/WBGBIF2026_E0030_F01_uncropped.jpg,true,1,2,e9d6d061b70d513f66e7bd0a06c652a14d2a6791f303ec6f49bdf76390793c96,e9d6d061b70d513f66e7bd0a06c652a14d2a6791f303ec6f49bdf76390793c96,CC0-1.0,http://creativecommons.org/publicdomain/zero/1.0/legalcode,redistribute_derivative_rights_review_passed
WBGBIF2026_E0030,WBGBIF2026_E0030_F02_uncropped,uncropped,model_inputs/images_uncropped/WBGBIF2026_E0030_F02_uncropped.jpg,true,2,4,6ca70bc73a72343f972de0c5ffe79559d4c275d6f29d44ad0c6f6b27c265a259,6ca70bc73a72343f972de0c5ffe79559d4c275d6f29d44ad0c6f6b27c265a259,CC0-1.0,http://creativecommons.org/publicdomain/zero/1.0/legalcode,redistribute_derivative_rights_review_passed
WBGBIF2026_E0030,WBGBIF2026_E0030_F03_uncropped,uncropped,model_inputs/images_uncropped/WBGBIF2026_E0030_F03_uncropped.jpg,true,3,6,62878f6ecb7111eec0980631bd03e929ea922a000a4884fcf7bb8471c834cc7e,62878f6ecb7111eec0980631bd03e929ea922a000a4884fcf7bb8471c834cc7e,CC0-1.0,http://creativecommons.org/publicdomain/zero/1.0/legalcode,redistribute_derivative_rights_review_passed
WBGBIF2026_E0030,WBGBIF2026_E0030_F04_uncropped,uncropped,model_inputs/images_uncropped/WBGBIF2026_E0030_F04_uncropped.jpg,true,4,8,545b4236d7a1c1801ae7f329643092536faa1a207e7610ca05d424cf3076d445,545b4236d7a1c1801ae7f329643092536faa1a207e7610ca05d424cf3076d445,CC0-1.0,http://creativecommons.org/publicdomain/zero/1.0/legalcode,redistribute_derivative_rights_review_passed
WBGBIF2026_E0034,WBGBIF2026_E0034_F00_uncropped,uncropped,model_inputs/images_uncropped/WBGBIF2026_E0034_F00_uncropped.jpg,true,0,0,74f4b39f6eb84266f13ba0cdf2951bf8d5fc994aac9640f7c0273ee37e76d6ca,74f4b39f6eb84266f13ba0cdf2951bf8d5fc994aac9640f7c0273ee37e76d6ca,CC0-1.0,http://creativecommons.org/publicdomain/zero/1.0/legalcode,redistribute_derivative_rights_review_passed
WBGBIF2026_E0034,WBGBIF2026_E0034_F01_uncropped,uncropped,model_inputs/images_uncropped/WBGBIF2026_E0034_F01_uncropped.jpg,true,1,1,cc0cc80900f392cca9954e61346238e202812fc2736dab85035eee2a0b688fd8,cc0cc80900f392cca9954e61346238e202812fc2736dab85035eee2a0b688fd8,CC0-1.0,http://creativecommons.org/publicdomain/zero/1.0/legalcode,redistribute_derivative_rights_review_passed
WBGBIF2026_E0035,WBGBIF2026_E0035_F00_uncropped,uncropped,model_inputs/images_uncropped/WBGBIF2026_E0035_F00_uncropped.jpg,true,0,0,f96e8adfa54cf024e0ef132cebbee5193c89439b09ec92d1f5fe9ee499b9855b,f96e8adfa54cf024e0ef132cebbee5193c89439b09ec92d1f5fe9ee499b9855b,CC0-1.0,http://creativecommons.org/publicdomain/zero/1.0/legalcode,redistribute_derivative_rights_review_passed
WBGBIF2026_E0035,WBGBIF2026_E0035_F01_uncropped,uncropped,model_inputs/images_uncropped/WBGBIF2026_E0035_F01_uncropped.jpg,true,1,1,4a773e71e0bf1331e8ef914374693bc6f40aa643fcb638e5b4c0df516f44f39a,4a773e71e0bf1331e8ef914374693bc6f40aa643fcb638e5b4c0df516f44f39a,CC0-1.0,http://creativecommons.org/publicdomain/zero/1.0/legalcode,redistribute_derivative_rights_review_passed
WBGBIF2026_E0036,WBGBIF2026_E0036_F00_uncropped,uncropped,model_inputs/images_uncropped/WBGBIF2026_E0036_F00_uncropped.jpg,true,0,0,55daab8eecdb7d6f3d96aad11c883eb4a83357d22c18e7a14cb9ba08e64cf4cc,55daab8eecdb7d6f3d96aad11c883eb4a83357d22c18e7a14cb9ba08e64cf4cc,CC0-1.0,http://creativecommons.org/publicdomain/zero/1.0/legalcode,redistribute_derivative_rights_review_passed
WBGBIF2026_E0036,WBGBIF2026_E0036_F01_uncropped,uncropped,model_inputs/images_uncropped/WBGBIF2026_E0036_F01_uncropped.jpg,true,1,1,6463d5941d311fd70f442ab6a75fe258beb8903f6b83a0bc01f9322203febeb7,6463d5941d311fd70f442ab6a75fe258beb8903f6b83a0bc01f9322203febeb7,CC0-1.0,http://creativecommons.org/publicdomain/zero/1.0/legalcode,redistribute_derivative_rights_review_passed
WBGBIF2026_E0037,WBGBIF2026_E0037_F00_uncropped,uncropped,model_inputs/images_uncropped/WBGBIF2026_E0037_F00_uncropped.jpg,true,0,0,f9cebff72de1b1bcd5b1eba8b9154eefc2d63fccfb535c72380f44899feefcda,f9cebff72de1b1bcd5b1eba8b9154eefc2d63fccfb535c72380f44899feefcda,CC0-1.0,http://creativecommons.org/publicdomain/zero/1.0/legalcode,redistribute_derivative_rights_review_passed
WBGBIF2026_E0037,WBGBIF2026_E0037_F01_uncropped,uncropped,model_inputs/images_uncropped/WBGBIF2026_E0037_F01_uncropped.jpg,true,1,2,9414f7d22ecf7b9ac06eed2c8c8745246638a394ecadefef83e5d2f7ee6aa986,9414f7d22ecf7b9ac06eed2c8c8745246638a394ecadefef83e5d2f7ee6aa986,CC0-1.0,http://creativecommons.org/publicdomain/zero/1.0/legalcode,redistribute_derivative_rights_review_passed
WBGBIF2026_E0037,WBGBIF2026_E0037_F02_uncropped,uncropped,model_inputs/images_uncropped/WBGBIF2026_E0037_F02_uncropped.jpg,true,2,4,6b0309ddadc070faac531d9087fff0836ddc8cf76c888b29699a2f7f33844d54,6b0309ddadc070faac531d9087fff0836ddc8cf76c888b29699a2f7f33844d54,CC0-1.0,http://creativecommons.org/publicdomain/zero/1.0/legalcode,redistribute_derivative_rights_review_passed
WBGBIF2026_E0037,WBGBIF2026_E0037_F03_uncropped,uncropped,model_inputs/images_uncropped/WBGBIF2026_E0037_F03_uncropped.jpg,true,3,6,843555a6ef6dc0b15fc4eb2f5749f7029119383f8f9c7801fca5708ad0b641c3,843555a6ef6dc0b15fc4eb2f5749f7029119383f8f9c7801fca5708ad0b641c3,CC0-1.0,http://creativecommons.org/publicdomain/zero/1.0/legalcode,redistribute_derivative_rights_review_passed
WBGBIF2026_E0037,WBGBIF2026_E0037_F04_uncropped,uncropped,model_inputs/images_uncropped/WBGBIF2026_E0037_F04_uncropped.jpg,true,4,8,5828e8b10c2ae92dbaac2e8c38c45d508afee5a6773ac5d1f75eac115f20149c,5828e8b10c2ae92dbaac2e8c38c45d508afee5a6773ac5d1f75eac115f20149c,CC0-1.0,http://creativecommons.org/publicdomain/zero/1.0/legalcode,redistribute_derivative_rights_review_passed
WBGBIF2026_E0038,WBGBIF2026_E0038_F00_uncropped,uncropped,model_inputs/images_uncropped/WBGBIF2026_E0038_F00_uncropped.jpg,true,0,0,a6f66a8d63da33d44cfdc2304da3d829f0d773687d2d23f25f69893615be068e,a6f66a8d63da33d44cfdc2304da3d829f0d773687d2d23f25f69893615be068e,CC0-1.0,http://creativecommons.org/publicdomain/zero/1.0/legalcode,redistribute_derivative_rights_review_passed
WBGBIF2026_E0038,WBGBIF2026_E0038_F01_uncropped,uncropped,model_inputs/images_uncropped/WBGBIF2026_E0038_F01_uncropped.jpg,true,1,1,c4e7336ebba868ba31417750d0f34e66989c20665f6b964193e46233d1eda372,c4e7336ebba868ba31417750d0f34e66989c20665f6b964193e46233d1eda372,CC0-1.0,http://creativecommons.org/publicdomain/zero/1.0/legalcode,redistribute_derivative_rights_review_passed
WBGBIF2026_E0038,WBGBIF2026_E0038_F02_uncropped,uncropped,model_inputs/images_uncropped/WBGBIF2026_E0038_F02_uncropped.jpg,true,2,2,894c4fb4b06ef7799249ee7ed395c776aa0a8d064a7964a295df7b93bd089d7b,894c4fb4b06ef7799249ee7ed395c776aa0a8d064a7964a295df7b93bd089d7b,CC0-1.0,http://creativecommons.org/publicdomain/zero/1.0/legalcode,redistribute_derivative_rights_review_passed
WBGBIF2026_E0038,WBGBIF2026_E0038_F03_uncropped,uncropped,model_inputs/images_uncropped/WBGBIF2026_E0038_F03_uncropped.jpg,true,3,3,383a0990a6f6bd377387b220f2bb203769702b889dcac41bde7f23bdffea3846,383a0990a6f6bd377387b220f2bb203769702b889dcac41bde7f23bdffea3846,CC0-1.0,http://creativecommons.org/publicdomain/zero/1.0/legalcode,redistribute_derivative_rights_review_passed
WBGBIF2026_E0038,WBGBIF2026_E0038_F04_uncropped,uncropped,model_inputs/images_uncropped/WBGBIF2026_E0038_F04_uncropped.jpg,true,4,4,c8f360a7885af2c5fbb5085c1e9eb21726808a31d32800375ea10e902e511d88,c8f360a7885af2c5fbb5085c1e9eb21726808a31d32800375ea10e902e511d88,CC0-1.0,http://creativecommons.org/publicdomain/zero/1.0/legalcode,redistribute_derivative_rights_review_passed
WBGBIF2026_E0039,WBGBIF2026_E0039_F00_uncropped,uncropped,model_inputs/images_uncropped/WBGBIF2026_E0039_F00_uncropped.jpg,true,0,0,1c932b0ff692e86e78fc6b72098502d50e843d0ef832ee4942f62101a0e47dda,1c932b0ff692e86e78fc6b72098502d50e843d0ef832ee4942f62101a0e47dda,CC0-1.0,http://creativecommons.org/publicdomain/zero/1.0/legalcode,redistribute_derivative_rights_review_passed
WBGBIF2026_E0039,WBGBIF2026_E0039_F01_uncropped,uncropped,model_inputs/images_uncropped/WBGBIF2026_E0039_F01_uncropped.jpg,true,1,1,f4c32c824ebbc1da0d98ac25713fa6a1e17a4ca9eea276f089bb96f7856b0d31,f4c32c824ebbc1da0d98ac25713fa6a1e17a4ca9eea276f089bb96f7856b0d31,CC0-1.0,http://creativecommons.org/publicdomain/zero/1.0/legalcode,redistribute_derivative_rights_review_passed
WBGBIF2026_E0039,WBGBIF2026_E0039_F02_uncropped,uncropped,model_inputs/images_uncropped/WBGBIF2026_E0039_F02_uncropped.jpg,true,2,2,73561694e9986edd7b771791b31c5e34919150082c379ba9d7ba2434bf19e2e1,73561694e9986edd7b771791b31c5e34919150082c379ba9d7ba2434bf19e2e1,CC0-1.0,http://creativecommons.org/publicdomain/zero/1.0/legalcode,redistribute_derivative_rights_review_passed
WBGBIF2026_E0039,WBGBIF2026_E0039_F03_uncropped,uncropped,model_inputs/images_uncropped/WBGBIF2026_E0039_F03_uncropped.jpg,true,3,3,f4c84375b1d85b177566f8a5d52cbb51c7c3fd207e2318676637f4bb9dcb7712,f4c84375b1d85b177566f8a5d52cbb51c7c3fd207e2318676637f4bb9dcb7712,CC0-1.0,http://creativecommons.org/publicdomain/zero/1.0/legalcode,redistribute_derivative_rights_review_passed
WBGBIF2026_E0039,WBGBIF2026_E0039_F04_uncropped,uncropped,model_inputs/images_uncropped/WBGBIF2026_E0039_F04_uncropped.jpg,true,4,4,3b04a0f488dcae918664497670b92d4d3e932c89d0de05511617277af4aaab03,3b04a0f488dcae918664497670b92d4d3e932c89d0de05511617277af4aaab03,CC0-1.0,http://creativecommons.org/publicdomain/zero/1.0/legalcode,redistribute_derivative_rights_review_passed
WBGBIF2026_E0040,WBGBIF2026_E0040_F00_uncropped,uncropped,model_inputs/images_uncropped/WBGBIF2026_E0040_F00_uncropped.jpg,true,0,0,88ba8183dd7237efff868cdb72dd47f6f1a2bf01fa90d3cadc6df725917b64c8,88ba8183dd7237efff868cdb72dd47f6f1a2bf01fa90d3cadc6df725917b64c8,CC0-1.0,http://creativecommons.org/publicdomain/zero/1.0/legalcode,redistribute_derivative_rights_review_passed
WBGBIF2026_E0040,WBGBIF2026_E0040_F01_uncropped,uncropped,model_inputs/images_uncropped/WBGBIF2026_E0040_F01_uncropped.jpg,true,1,1,a0823dbea5762194874501875525ec7fca4a228eaa4528056c6f7da36da9c4a5,a0823dbea5762194874501875525ec7fca4a228eaa4528056c6f7da36da9c4a5,CC0-1.0,http://creativecommons.org/publicdomain/zero/1.0/legalcode,redistribute_derivative_rights_review_passed
WBGBIF2026_E0041,WBGBIF2026_E0041_F00_uncropped,uncropped,model_inputs/images_uncropped/WBGBIF2026_E0041_F00_uncropped.jpg,true,0,0,43831ea25b328c39392a745279304177a7c18c96c9cff46c3d8ad95fc57a856b,43831ea25b328c39392a745279304177a7c18c96c9cff46c3d8ad95fc57a856b,CC0-1.0,http://creativecommons.org/publicdomain/zero/1.0/legalcode,redistribute_derivative_rights_review_passed
WBGBIF2026_E0041,WBGBIF2026_E0041_F01_uncropped,uncropped,model_inputs/images_uncropped/WBGBIF2026_E0041_F01_uncropped.jpg,true,1,1,97f9b25c04ada0fbb6011d9f78183dbabfda9e9bdfa90063cf98f474b7e988a4,97f9b25c04ada0fbb6011d9f78183dbabfda9e9bdfa90063cf98f474b7e988a4,CC0-1.0,http://creativecommons.org/publicdomain/zero/1.0/legalcode,redistribute_derivative_rights_review_passed
WBGBIF2026_E0042,WBGBIF2026_E0042_F00_uncropped,uncropped,model_inputs/images_uncropped/WBGBIF2026_E0042_F00_uncropped.jpg,true,0,0,1f014a12e0ae5f210d81abb54e0fb0220f3f33d97ec65f49f85e36269d790586,1f014a12e0ae5f210d81abb54e0fb0220f3f33d97ec65f49f85e36269d790586,CC0-1.0,http://creativecommons.org/publicdomain/zero/1.0/legalcode,redistribute_derivative_rights_review_passed
WBGBIF2026_E0042,WBGBIF2026_E0042_F01_uncropped,uncropped,model_inputs/images_uncropped/WBGBIF2026_E0042_F01_uncropped.jpg,true,1,1,bfd79fe823628e2acaa93e2299c8178090c175e7eb8bd1a04e8500739a660729,bfd79fe823628e2acaa93e2299c8178090c175e7eb8bd1a04e8500739a660729,CC0-1.0,http://creativecommons.org/publicdomain/zero/1.0/legalcode,redistribute_derivative_rights_review_passed
WBGBIF2026_E0055,WBGBIF2026_E0055_F00_uncropped,uncropped,model_inputs/images_uncropped/WBGBIF2026_E0055_F00_uncropped.jpg,true,0,0,a7c1fd15d27b1fbac8d59578b018ad5fb160586a2391b1fa5429ff81f66fed92,a7c1fd15d27b1fbac8d59578b018ad5fb160586a2391b1fa5429ff81f66fed92,CC0-1.0,http://creativecommons.org/publicdomain/zero/1.0/legalcode,redistribute_derivative_rights_review_passed
WBGBIF2026_E0055,WBGBIF2026_E0055_F01_uncropped,uncropped,model_inputs/images_uncropped/WBGBIF2026_E0055_F01_uncropped.jpg,true,1,1,d1197e94c1f392959527d240dd8ca3be20d0547c785760d9623bbb090b3e3759,d1197e94c1f392959527d240dd8ca3be20d0547c785760d9623bbb090b3e3759,CC0-1.0,http://creativecommons.org/publicdomain/zero/1.0/legalcode,redistribute_derivative_rights_review_passed
WBGBIF2026_E0055,WBGBIF2026_E0055_F02_uncropped,uncropped,model_inputs/images_uncropped/WBGBIF2026_E0055_F02_uncropped.jpg,true,2,2,96bb44db8b4fb2a5a456d7d3d641eb3370780f343575bb22810f6c977c890150,96bb44db8b4fb2a5a456d7d3d641eb3370780f343575bb22810f6c977c890150,CC0-1.0,http://creativecommons.org/publicdomain/zero/1.0/legalcode,redistribute_derivative_rights_review_passed
WBGBIF2026_E0055,WBGBIF2026_E0055_F03_uncropped,uncropped,model_inputs/images_uncropped/WBGBIF2026_E0055_F03_uncropped.jpg,true,3,3,e936dd09ce7d2e78d8aae8ce7903efa3af7b0967ba4a7cd76005057615c61241,e936dd09ce7d2e78d8aae8ce7903efa3af7b0967ba4a7cd76005057615c61241,CC0-1.0,http://creativecommons.org/publicdomain/zero/1.0/legalcode,redistribute_derivative_rights_review_passed
WBGBIF2026_E0055,WBGBIF2026_E0055_F04_uncropped,uncropped,model_inputs/images_uncropped/WBGBIF2026_E0055_F04_uncropped.jpg,true,4,4,f004b8d6570e2929012aac9fe5f1bd61d7ac3bd40ab06e4ce36d4af9b7a21442,f004b8d6570e2929012aac9fe5f1bd61d7ac3bd40ab06e4ce36d4af9b7a21442,CC0-1.0,http://creativecommons.org/publicdomain/zero/1.0/legalcode,redistribute_derivative_rights_review_passed
WBGBIF2026_E0056,WBGBIF2026_E0056_F00_uncropped,uncropped,model_inputs/images_uncropped/WBGBIF2026_E0056_F00_uncropped.jpg,true,0,0,1df8f54287ed08581177ff01e70ef9d0f14acf6b350a9a5b2f579ac963e0337f,1df8f54287ed08581177ff01e70ef9d0f14acf6b350a9a5b2f579ac963e0337f,CC0-1.0,http://creativecommons.org/publicdomain/zero/1.0/legalcode,redistribute_derivative_rights_review_passed
WBGBIF2026_E0056,WBGBIF2026_E0056_F01_uncropped,uncropped,model_inputs/images_uncropped/WBGBIF2026_E0056_F01_uncropped.jpg,true,1,1,47ee3b6e3b5367a506239ec91701579eba44341b7d434b36ba5064c3b9f3cd6b,47ee3b6e3b5367a506239ec91701579eba44341b7d434b36ba5064c3b9f3cd6b,CC0-1.0,http://creativecommons.org/publicdomain/zero/1.0/legalcode,redistribute_derivative_rights_review_passed
WBGBIF2026_E0056,WBGBIF2026_E0056_F02_uncropped,uncropped,model_inputs/images_uncropped/WBGBIF2026_E0056_F02_uncropped.jpg,true,2,2,e49782d99b92a662aa0dbd7824fe22ffbccabfeb7f15f766ad119838ca0b6194,e49782d99b92a662aa0dbd7824fe22ffbccabfeb7f15f766ad119838ca0b6194,CC0-1.0,http://creativecommons.org/publicdomain/zero/1.0/legalcode,redistribute_derivative_rights_review_passed
WBGBIF2026_E0056,WBGBIF2026_E0056_F03_uncropped,uncropped,model_inputs/images_uncropped/WBGBIF2026_E0056_F03_uncropped.jpg,true,3,3,31a5a8042b3bcc6ad7b873aaaa919e24b3983ccfa7f1b852f7b4f7f7b82d3bdf,31a5a8042b3bcc6ad7b873aaaa919e24b3983ccfa7f1b852f7b4f7f7b82d3bdf,CC0-1.0,http://creativecommons.org/publicdomain/zero/1.0/legalcode,redistribute_derivative_rights_review_passed
WBGBIF2026_E0056,WBGBIF2026_E0056_F04_uncropped,uncropped,model_inputs/images_uncropped/WBGBIF2026_E0056_F04_uncropped.jpg,true,4,4,3a347ebe56a159e4f17521c444debc2e6db2a73be50107fa062b960d5ff72484,3a347ebe56a159e4f17521c444debc2e6db2a73be50107fa062b960d5ff72484,CC0-1.0,http://creativecommons.org/publicdomain/zero/1.0/legalcode,redistribute_derivative_rights_review_passed
WBGBIF2026_E0057,WBGBIF2026_E0057_F00_uncropped,uncropped,model_inputs/images_uncropped/WBGBIF2026_E0057_F00_uncropped.jpg,true,0,0,e7e1e576a153494193ad50b7b59deaebd521e5f32f6cb9da1923fd79230f464f,e7e1e576a153494193ad50b7b59deaebd521e5f32f6cb9da1923fd79230f464f,CC0-1.0,http://creativecommons.org/publicdomain/zero/1.0/legalcode,redistribute_derivative_rights_review_passed
WBGBIF2026_E0057,WBGBIF2026_E0057_F01_uncropped,uncropped,model_inputs/images_uncropped/WBGBIF2026_E0057_F01_uncropped.jpg,true,1,1,7cb5e13ef80a9740642e35fe20a0383048f30126a5fc4c1066f40451487dcbaf,7cb5e13ef80a9740642e35fe20a0383048f30126a5fc4c1066f40451487dcbaf,CC0-1.0,http://creativecommons.org/publicdomain/zero/1.0/legalcode,redistribute_derivative_rights_review_passed
WBGBIF2026_E0057,WBGBIF2026_E0057_F02_uncropped,uncropped,model_inputs/images_uncropped/WBGBIF2026_E0057_F02_uncropped.jpg,true,2,2,d012758a99aad0194cf4e1fe3644394155166990b1f795431a9d5d0394d3dce2,d012758a99aad0194cf4e1fe3644394155166990b1f795431a9d5d0394d3dce2,CC0-1.0,http://creativecommons.org/publicdomain/zero/1.0/legalcode,redistribute_derivative_rights_review_passed
WBGBIF2026_E0057,WBGBIF2026_E0057_F03_uncropped,uncropped,model_inputs/images_uncropped/WBGBIF2026_E0057_F03_uncropped.jpg,true,3,3,fed68e869eff0e0d0a952a59d77ae64b6d6ddfb29351b84fc400a59cdafabc8e,fed68e869eff0e0d0a952a59d77ae64b6d6ddfb29351b84fc400a59cdafabc8e,CC0-1.0,http://creativecommons.org/publicdomain/zero/1.0/legalcode,redistribute_derivative_rights_review_passed
WBGBIF2026_E0057,WBGBIF2026_E0057_F04_uncropped,uncropped,model_inputs/images_uncropped/WBGBIF2026_E0057_F04_uncropped.jpg,true,4,4,79064b6f89d6fe3ddb4c9b3ee3285cf14fa85aa72645fe19c445dfb081268fe7,79064b6f89d6fe3ddb4c9b3ee3285cf14fa85aa72645fe19c445dfb081268fe7,CC0-1.0,http://creativecommons.org/publicdomain/zero/1.0/legalcode,redistribute_derivative_rights_review_passed
WBGBIF2026_E0058,WBGBIF2026_E0058_F00_uncropped,uncropped,model_inputs/images_uncropped/WBGBIF2026_E0058_F00_uncropped.jpg,true,0,0,cee4e90dca20034a04415b673fe97f2ad062c6f1d5a1dd13b0b5023058e71c7c,cee4e90dca20034a04415b673fe97f2ad062c6f1d5a1dd13b0b5023058e71c7c,CC0-1.0,http://creativecommons.org/publicdomain/zero/1.0/legalcode,redistribute_derivative_rights_review_passed
WBGBIF2026_E0058,WBGBIF2026_E0058_F01_uncropped,uncropped,model_inputs/images_uncropped/WBGBIF2026_E0058_F01_uncropped.jpg,true,1,1,dd7c06629895c54a9268224ec3ce8d6675e43d75047e19c2957d5030b992be15,dd7c06629895c54a9268224ec3ce8d6675e43d75047e19c2957d5030b992be15,CC0-1.0,http://creativecommons.org/publicdomain/zero/1.0/legalcode,redistribute_derivative_rights_review_passed
WBGBIF2026_E0058,WBGBIF2026_E0058_F02_uncropped,uncropped,model_inputs/images_uncropped/WBGBIF2026_E0058_F02_uncropped.jpg,true,2,2,a8b4ccd0cb695c74ec62c59af2bdab90814cf56a59d0eec1f69c545d6c2747bd,a8b4ccd0cb695c74ec62c59af2bdab90814cf56a59d0eec1f69c545d6c2747bd,CC0-1.0,http://creativecommons.org/publicdomain/zero/1.0/legalcode,redistribute_derivative_rights_review_passed
WBGBIF2026_E0058,WBGBIF2026_E0058_F03_uncropped,uncropped,model_inputs/images_uncropped/WBGBIF2026_E0058_F03_uncropped.jpg,true,3,3,a73460dac6c4a4052dec60f71b9b9399b93f53fa694ef8278207c131453bd7bb,a73460dac6c4a4052dec60f71b9b9399b93f53fa694ef8278207c131453bd7bb,CC0-1.0,http://creativecommons.org/publicdomain/zero/1.0/legalcode,redistribute_derivative_rights_review_passed
WBGBIF2026_E0058,WBGBIF2026_E0058_F04_uncropped,uncropped,model_inputs/images_uncropped/WBGBIF2026_E0058_F04_uncropped.jpg,true,4,4,b9adf22c6352ed11f932c71ac0b9790388c660cc25e33924ae9b3325bc2199c6,b9adf22c6352ed11f932c71ac0b9790388c660cc25e33924ae9b3325bc2199c6,CC0-1.0,http://creativecommons.org/publicdomain/zero/1.0/legalcode,redistribute_derivative_rights_review_passed
WBGBIF2026_E0059,WBGBIF2026_E0059_F00_uncropped,uncropped,model_inputs/images_uncropped/WBGBIF2026_E0059_F00_uncropped.jpg,true,0,0,34275cff2b725234fedd6e78476c67b6903a3d6195a58d25facb7b24005c4c9e,34275cff2b725234fedd6e78476c67b6903a3d6195a58d25facb7b24005c4c9e,CC0-1.0,http://creativecommons.org/publicdomain/zero/1.0/legalcode,redistribute_derivative_rights_review_passed
WBGBIF2026_E0059,WBGBIF2026_E0059_F01_uncropped,uncropped,model_inputs/images_uncropped/WBGBIF2026_E0059_F01_uncropped.jpg,true,1,1,720408dbd6c8e55b715f9344d06cb21d5aed81fb6e8c7989e2b3ed74993ac409,720408dbd6c8e55b715f9344d06cb21d5aed81fb6e8c7989e2b3ed74993ac409,CC0-1.0,http://creativecommons.org/publicdomain/zero/1.0/legalcode,redistribute_derivative_rights_review_passed
WBGBIF2026_E0060,WBGBIF2026_E0060_F00_uncropped,uncropped,model_inputs/images_uncropped/WBGBIF2026_E0060_F00_uncropped.jpg,true,0,0,8ba0d6eb3c965e51a913cab31ea18eee98486e5e915f66c782215e68d42e9d72,8ba0d6eb3c965e51a913cab31ea18eee98486e5e915f66c782215e68d42e9d72,CC0-1.0,http://creativecommons.org/publicdomain/zero/1.0/legalcode,redistribute_derivative_rights_review_passed
WBGBIF2026_E0060,WBGBIF2026_E0060_F01_uncropped,uncropped,model_inputs/images_uncropped/WBGBIF2026_E0060_F01_uncropped.jpg,true,1,1,d0d5899ca1e4dca7419ea30726a321fce720717a4f2d1c16533fb3cbbe736664,d0d5899ca1e4dca7419ea30726a321fce720717a4f2d1c16533fb3cbbe736664,CC0-1.0,http://creativecommons.org/publicdomain/zero/1.0/legalcode,redistribute_derivative_rights_review_passed
WBGBIF2026_E0060,WBGBIF2026_E0060_F02_uncropped,uncropped,model_inputs/images_uncropped/WBGBIF2026_E0060_F02_uncropped.jpg,true,2,2,3d8ed9e2387e232b1407bb493f0b27683cbeb1d5f99987be9642f484f36d7a95,3d8ed9e2387e232b1407bb493f0b27683cbeb1d5f99987be9642f484f36d7a95,CC0-1.0,http://creativecommons.org/publicdomain/zero/1.0/legalcode,redistribute_derivative_rights_review_passed
WBGBIF2026_E0060,WBGBIF2026_E0060_F03_uncropped,uncropped,model_inputs/images_uncropped/WBGBIF2026_E0060_F03_uncropped.jpg,true,3,3,873e8ac278a35ada3776626e5fd9506f7af02bf1972f46697b6af2c2872af852,873e8ac278a35ada3776626e5fd9506f7af02bf1972f46697b6af2c2872af852,CC0-1.0,http://creativecommons.org/publicdomain/zero/1.0/legalcode,redistribute_derivative_rights_review_passed
WBGBIF2026_E0060,WBGBIF2026_E0060_F04_uncropped,uncropped,model_inputs/images_uncropped/WBGBIF2026_E0060_F04_uncropped.jpg,true,4,4,64d03c0c0b28ce86e9006797db1e286b793e520ffd584d1e399f3bb3bee3066d,64d03c0c0b28ce86e9006797db1e286b793e520ffd584d1e399f3bb3bee3066d,CC0-1.0,http://creativecommons.org/publicdomain/zero/1.0/legalcode,redistribute_derivative_rights_review_passed
WBGBIF2026_E0061,WBGBIF2026_E0061_F00_uncropped,uncropped,model_inputs/images_uncropped/WBGBIF2026_E0061_F00_uncropped.jpg,true,0,0,cc9973fb897bc1377bcdd0b719bce125ad125d79877d3e4c1581b179654da04b,cc9973fb897bc1377bcdd0b719bce125ad125d79877d3e4c1581b179654da04b,CC0-1.0,http://creativecommons.org/publicdomain/zero/1.0/legalcode,redistribute_derivative_rights_review_passed
WBGBIF2026_E0061,WBGBIF2026_E0061_F01_uncropped,uncropped,model_inputs/images_uncropped/WBGBIF2026_E0061_F01_uncropped.jpg,true,1,1,b42cf75256688ab1c9a420d0df5bb100a7a707f14ef9a4a706a49f12fb1f2b7a,b42cf75256688ab1c9a420d0df5bb100a7a707f14ef9a4a706a49f12fb1f2b7a,CC0-1.0,http://creativecommons.org/publicdomain/zero/1.0/legalcode,redistribute_derivative_rights_review_passed
WBGBIF2026_E0061,WBGBIF2026_E0061_F02_uncropped,uncropped,model_inputs/images_uncropped/WBGBIF2026_E0061_F02_uncropped.jpg,true,2,2,fd2781bd64f6c6b34e913b14dd0947acac8d6cf4b36fe2e676ca40f46b12d21b,fd2781bd64f6c6b34e913b14dd0947acac8d6cf4b36fe2e676ca40f46b12d21b,CC0-1.0,http://creativecommons.org/publicdomain/zero/1.0/legalcode,redistribute_derivative_rights_review_passed
WBGBIF2026_E0062,WBGBIF2026_E0062_F00_uncropped,uncropped,model_inputs/images_uncropped/WBGBIF2026_E0062_F00_uncropped.jpg,true,0,0,d10a25c9ef46aeda463137087d9eb16bb3d130fc3b857eb027fd7a346e26a63f,d10a25c9ef46aeda463137087d9eb16bb3d130fc3b857eb027fd7a346e26a63f,CC0-1.0,http://creativecommons.org/publicdomain/zero/1.0/legalcode,redistribute_derivative_rights_review_passed
WBGBIF2026_E0062,WBGBIF2026_E0062_F01_uncropped,uncropped,model_inputs/images_uncropped/WBGBIF2026_E0062_F01_uncropped.jpg,true,1,1,8eb45175eda4bc56461d3febec6ce6a98d658a568dba285115432448127394c9,8eb45175eda4bc56461d3febec6ce6a98d658a568dba285115432448127394c9,CC0-1.0,http://creativecommons.org/publicdomain/zero/1.0/legalcode,redistribute_derivative_rights_review_passed
WBGBIF2026_E0062,WBGBIF2026_E0062_F02_uncropped,uncropped,model_inputs/images_uncropped/WBGBIF2026_E0062_F02_uncropped.jpg,true,2,2,9be0c147d663bd7e6924d7d2fc863c6dabebae7d9baa8f979409522e34943424,9be0c147d663bd7e6924d7d2fc863c6dabebae7d9baa8f979409522e34943424,CC0-1.0,http://creativecommons.org/publicdomain/zero/1.0/legalcode,redistribute_derivative_rights_review_passed
WBGBIF2026_E0063,WBGBIF2026_E0063_F00_uncropped,uncropped,model_inputs/images_uncropped/WBGBIF2026_E0063_F00_uncropped.jpg,true,0,0,38a928e09795f7141b00c070894c0e27e72b85d879d5642940ac43648fd4c16b,38a928e09795f7141b00c070894c0e27e72b85d879d5642940ac43648fd4c16b,CC0-1.0,http://creativecommons.org/publicdomain/zero/1.0/legalcode,redistribute_derivative_rights_review_passed
WBGBIF2026_E0063,WBGBIF2026_E0063_F01_uncropped,uncropped,model_inputs/images_uncropped/WBGBIF2026_E0063_F01_uncropped.jpg,true,1,1,9d52ae7bb9dcba11c5d10cf9789a26181d5d69985c993d0ac5257f884ace58d9,9d52ae7bb9dcba11c5d10cf9789a26181d5d69985c993d0ac5257f884ace58d9,CC0-1.0,http://creativecommons.org/publicdomain/zero/1.0/legalcode,redistribute_derivative_rights_review_passed
WBGBIF2026_E0063,WBGBIF2026_E0063_F02_uncropped,uncropped,model_inputs/images_uncropped/WBGBIF2026_E0063_F02_uncropped.jpg,true,2,2,25a924293d3fa949a438d4e6e595a94c62f8d5ab87cd1e2a9db4ed913ce493f8,25a924293d3fa949a438d4e6e595a94c62f8d5ab87cd1e2a9db4ed913ce493f8,CC0-1.0,http://creativecommons.org/publicdomain/zero/1.0/legalcode,redistribute_derivative_rights_review_passed
WBGBIF2026_E0064,WBGBIF2026_E0064_F00_uncropped,uncropped,model_inputs/images_uncropped/WBGBIF2026_E0064_F00_uncropped.jpg,true,0,0,0fe67201b64db945d6d0688e03a66fa8ad288ecdb5f25c985156f385d6ece871,0fe67201b64db945d6d0688e03a66fa8ad288ecdb5f25c985156f385d6ece871,CC-BY-4.0,http://creativecommons.org/licenses/by/4.0/legalcode,redistribute_derivative_with_attribution_rights_review_passed
WBGBIF2026_E0064,WBGBIF2026_E0064_F01_uncropped,uncropped,model_inputs/images_uncropped/WBGBIF2026_E0064_F01_uncropped.jpg,true,1,1,f3211ab0ba36e2bf5a7e89929942d9a6b73a09b2950f038a37eb226e6a17f930,f3211ab0ba36e2bf5a7e89929942d9a6b73a09b2950f038a37eb226e6a17f930,CC-BY-4.0,http://creativecommons.org/licenses/by/4.0/legalcode,redistribute_derivative_with_attribution_rights_review_passed
WBGBIF2026_E0064,WBGBIF2026_E0064_F02_uncropped,uncropped,model_inputs/images_uncropped/WBGBIF2026_E0064_F02_uncropped.jpg,true,2,2,689169f9f49c3267a408577225f6beff8f889dbc51d614a776df375e10866a96,689169f9f49c3267a408577225f6beff8f889dbc51d614a776df375e10866a96,CC-BY-4.0,http://creativecommons.org/licenses/by/4.0/legalcode,redistribute_derivative_with_attribution_rights_review_passed
WBGBIF2026_E0064,WBGBIF2026_E0064_F03_uncropped,uncropped,model_inputs/images_uncropped/WBGBIF2026_E0064_F03_uncropped.jpg,true,3,3,ab7988b8a35274f5b1f229e528d2f5561758cbc02c176fb38f067a1881bc918b,ab7988b8a35274f5b1f229e528d2f5561758cbc02c176fb38f067a1881bc918b,CC-BY-4.0,http://creativecommons.org/licenses/by/4.0/legalcode,redistribute_derivative_with_attribution_rights_review_passed
WBGBIF2026_E0064,WBGBIF2026_E0064_F04_uncropped,uncropped,model_inputs/images_uncropped/WBGBIF2026_E0064_F04_uncropped.jpg,true,4,4,a4394306ef8e3a1ce0f1a6a21371634aacaa8b6b78759087af5b61b763d10108,a4394306ef8e3a1ce0f1a6a21371634aacaa8b6b78759087af5b61b763d10108,CC-BY-4.0,http://creativecommons.org/licenses/by/4.0/legalcode,redistribute_derivative_with_attribution_rights_review_passed
WBGBIF2026_E0065,WBGBIF2026_E0065_F00_uncropped,uncropped,model_inputs/images_uncropped/WBGBIF2026_E0065_F00_uncropped.jpg,true,0,0,f137aef162d59a6ffad641b8ff7a8346869d2c50122e8534f14781d2d8d9c471,f137aef162d59a6ffad641b8ff7a8346869d2c50122e8534f14781d2d8d9c471,CC-BY-4.0,http://creativecommons.org/licenses/by/4.0/legalcode,redistribute_derivative_with_attribution_rights_review_passed
WBGBIF2026_E0065,WBGBIF2026_E0065_F01_uncropped,uncropped,model_inputs/images_uncropped/WBGBIF2026_E0065_F01_uncropped.jpg,true,1,1,0df09edfd860b8b6bfdc54c97663aa4d44e53480d2e2d5a0944519e32216607e,0df09edfd860b8b6bfdc54c97663aa4d44e53480d2e2d5a0944519e32216607e,CC-BY-4.0,http://creativecommons.org/licenses/by/4.0/legalcode,redistribute_derivative_with_attribution_rights_review_passed
WBGBIF2026_E0065,WBGBIF2026_E0065_F02_uncropped,uncropped,model_inputs/images_uncropped/WBGBIF2026_E0065_F02_uncropped.jpg,true,2,2,7aa4fbbeafabf49343c01ef215127e5b82dc4b61408a836f678d59b0d84896b0,7aa4fbbeafabf49343c01ef215127e5b82dc4b61408a836f678d59b0d84896b0,CC-BY-4.0,http://creativecommons.org/licenses/by/4.0/legalcode,redistribute_derivative_with_attribution_rights_review_passed
WBGBIF2026_E0065,WBGBIF2026_E0065_F03_uncropped,uncropped,model_inputs/images_uncropped/WBGBIF2026_E0065_F03_uncropped.jpg,true,3,3,b62d8a848cb3fec785d5059b9e2c236959f61bd1010551df9569ec0cd3bb394f,b62d8a848cb3fec785d5059b9e2c236959f61bd1010551df9569ec0cd3bb394f,CC-BY-4.0,http://creativecommons.org/licenses/by/4.0/legalcode,redistribute_derivative_with_attribution_rights_review_passed
WBGBIF2026_E0065,WBGBIF2026_E0065_F04_uncropped,uncropped,model_inputs/images_uncropped/WBGBIF2026_E0065_F04_uncropped.jpg,true,4,4,4678210e2645df2eab6bf2bf233b3425bcae1fe71ff9c029a6868a72e048ede4,4678210e2645df2eab6bf2bf233b3425bcae1fe71ff9c029a6868a72e048ede4,CC-BY-4.0,http://creativecommons.org/licenses/by/4.0/legalcode,redistribute_derivative_with_attribution_rights_review_passed
WBGBIF2026_E0066,WBGBIF2026_E0066_F00_uncropped,uncropped,model_inputs/images_uncropped/WBGBIF2026_E0066_F00_uncropped.jpg,true,0,0,af8ccd60929921cb1ebf7004e05fb50c23bbee5ec425d6cf94c530d120d5fbf4,af8ccd60929921cb1ebf7004e05fb50c23bbee5ec425d6cf94c530d120d5fbf4,CC-BY-4.0,http://creativecommons.org/licenses/by/4.0/legalcode,redistribute_derivative_with_attribution_rights_review_passed
WBGBIF2026_E0066,WBGBIF2026_E0066_F01_uncropped,uncropped,model_inputs/images_uncropped/WBGBIF2026_E0066_F01_uncropped.jpg,true,1,1,db9e1e670b19f7987db91e79893ad1f232cef092d60411c2d2337d635c30d108,db9e1e670b19f7987db91e79893ad1f232cef092d60411c2d2337d635c30d108,CC-BY-4.0,http://creativecommons.org/licenses/by/4.0/legalcode,redistribute_derivative_with_attribution_rights_review_passed
WBGBIF2026_E0066,WBGBIF2026_E0066_F02_uncropped,uncropped,model_inputs/images_uncropped/WBGBIF2026_E0066_F02_uncropped.jpg,true,2,2,45eb9c09517692a168e4c4af46569243ffbdaca42759179cfb05f06e7dc8a9a2,45eb9c09517692a168e4c4af46569243ffbdaca42759179cfb05f06e7dc8a9a2,CC-BY-4.0,http://creativecommons.org/licenses/by/4.0/legalcode,redistribute_derivative_with_attribution_rights_review_passed
WBGBIF2026_E0066,WBGBIF2026_E0066_F03_uncropped,uncropped,model_inputs/images_uncropped/WBGBIF2026_E0066_F03_uncropped.jpg,true,3,3,e31f934b7d27d26803ebaffcd0e80179119324b44a884363ccf0d98892565186,e31f934b7d27d26803ebaffcd0e80179119324b44a884363ccf0d98892565186,CC-BY-4.0,http://creativecommons.org/licenses/by/4.0/legalcode,redistribute_derivative_with_attribution_rights_review_passed
WBGBIF2026_E0066,WBGBIF2026_E0066_F04_uncropped,uncropped,model_inputs/images_uncropped/WBGBIF2026_E0066_F04_uncropped.jpg,true,4,4,31dccaf877d11aaba862db3fee1630930aa774a10d7fadd6079706470331d7ad,31dccaf877d11aaba862db3fee1630930aa774a10d7fadd6079706470331d7ad,CC-BY-4.0,http://creativecommons.org/licenses/by/4.0/legalcode,redistribute_derivative_with_attribution_rights_review_passed
WBGBIF2026_E0070,WBGBIF2026_E0070_F00_uncropped,uncropped,model_inputs/images_uncropped/WBGBIF2026_E0070_F00_uncropped.jpg,true,0,0,0623800d9ef62287dad226767004b8d939fc0af95e17206306d69478b9553278,0623800d9ef62287dad226767004b8d939fc0af95e17206306d69478b9553278,CC0-1.0,http://creativecommons.org/publicdomain/zero/1.0/legalcode,redistribute_derivative_rights_review_passed
WBGBIF2026_E0070,WBGBIF2026_E0070_F01_uncropped,uncropped,model_inputs/images_uncropped/WBGBIF2026_E0070_F01_uncropped.jpg,true,1,2,4cbc9436550bbde1152dbc9146e982b01a9da3fda5d4c4817fb5d04680527564,4cbc9436550bbde1152dbc9146e982b01a9da3fda5d4c4817fb5d04680527564,CC0-1.0,http://creativecommons.org/publicdomain/zero/1.0/legalcode,redistribute_derivative_rights_review_passed
WBGBIF2026_E0070,WBGBIF2026_E0070_F02_uncropped,uncropped,model_inputs/images_uncropped/WBGBIF2026_E0070_F02_uncropped.jpg,true,2,4,65ce1f9b00f4804afdd5613b3786bdc6ee3a567e791449593df8dc81ea13f489,65ce1f9b00f4804afdd5613b3786bdc6ee3a567e791449593df8dc81ea13f489,CC0-1.0,http://creativecommons.org/publicdomain/zero/1.0/legalcode,redistribute_derivative_rights_review_passed
WBGBIF2026_E0070,WBGBIF2026_E0070_F03_uncropped,uncropped,model_inputs/images_uncropped/WBGBIF2026_E0070_F03_uncropped.jpg,true,3,6,012c3716ccedcdcd690ca238b7e9efd04b919d22feb1f1855b980c392b338427,012c3716ccedcdcd690ca238b7e9efd04b919d22feb1f1855b980c392b338427,CC0-1.0,http://creativecommons.org/publicdomain/zero/1.0/legalcode,redistribute_derivative_rights_review_passed
WBGBIF2026_E0070,WBGBIF2026_E0070_F04_uncropped,uncropped,model_inputs/images_uncropped/WBGBIF2026_E0070_F04_uncropped.jpg,true,4,8,36c515d2e0b5f1ae25ad8b928c5b6c1ae61e8ddedf25ee8b66767b76730319d6,36c515d2e0b5f1ae25ad8b928c5b6c1ae61e8ddedf25ee8b66767b76730319d6,CC0-1.0,http://creativecommons.org/publicdomain/zero/1.0/legalcode,redistribute_derivative_rights_review_passed
WBGBIF2026_E0071,WBGBIF2026_E0071_F00_uncropped,uncropped,model_inputs/images_uncropped/WBGBIF2026_E0071_F00_uncropped.jpg,true,0,0,f72ec7446d496a7cce5f0a413acd473940ee971639adcef665042c06951de488,f72ec7446d496a7cce5f0a413acd473940ee971639adcef665042c06951de488,CC0-1.0,http://creativecommons.org/publicdomain/zero/1.0/legalcode,redistribute_derivative_rights_review_passed
WBGBIF2026_E0071,WBGBIF2026_E0071_F01_uncropped,uncropped,model_inputs/images_uncropped/WBGBIF2026_E0071_F01_uncropped.jpg,true,1,3,aef389d93620463b415c2322b905ec2e28a17ce5d6342f3f9b1866383cf8ae21,aef389d93620463b415c2322b905ec2e28a17ce5d6342f3f9b1866383cf8ae21,CC0-1.0,http://creativecommons.org/publicdomain/zero/1.0/legalcode,redistribute_derivative_rights_review_passed
WBGBIF2026_E0071,WBGBIF2026_E0071_F02_uncropped,uncropped,model_inputs/images_uncropped/WBGBIF2026_E0071_F02_uncropped.jpg,true,2,6,fa990244b41335109d08f227bd0316af1cea8cf3026715e4e18c2b8a5ce99755,fa990244b41335109d08f227bd0316af1cea8cf3026715e4e18c2b8a5ce99755,CC0-1.0,http://creativecommons.org/publicdomain/zero/1.0/legalcode,redistribute_derivative_rights_review_passed
WBGBIF2026_E0071,WBGBIF2026_E0071_F03_uncropped,uncropped,model_inputs/images_uncropped/WBGBIF2026_E0071_F03_uncropped.jpg,true,3,10,3b527cd61ca5d6e6f8d8dc843b57049d671b45e1d46e0344904e84e6e61631d4,3b527cd61ca5d6e6f8d8dc843b57049d671b45e1d46e0344904e84e6e61631d4,CC0-1.0,http://creativecommons.org/publicdomain/zero/1.0/legalcode,redistribute_derivative_rights_review_passed
WBGBIF2026_E0071,WBGBIF2026_E0071_F04_uncropped,uncropped,model_inputs/images_uncropped/WBGBIF2026_E0071_F04_uncropped.jpg,true,4,13,3f880327662a8997d6a0208fb7a69dc5360d5d394ffb160d1109599bcac9d361,3f880327662a8997d6a0208fb7a69dc5360d5d394ffb160d1109599bcac9d361,CC0-1.0,http://creativecommons.org/publicdomain/zero/1.0/legalcode,redistribute_derivative_rights_review_passed
WBGBIF2026_E0072,WBGBIF2026_E0072_F00_uncropped,uncropped,model_inputs/images_uncropped/WBGBIF2026_E0072_F00_uncropped.jpg,true,0,0,6bb937f6776c490faa1fd291439c4bdebc9396638c3229644607f6e19d905fd5,6bb937f6776c490faa1fd291439c4bdebc9396638c3229644607f6e19d905fd5,CC0-1.0,http://creativecommons.org/publicdomain/zero/1.0/legalcode,redistribute_derivative_rights_review_passed
WBGBIF2026_E0072,WBGBIF2026_E0072_F01_uncropped,uncropped,model_inputs/images_uncropped/WBGBIF2026_E0072_F01_uncropped.jpg,true,1,1,fd781b347e97b9c07d3569231868fcdb4d261c808c5f57f4e14a15d795b76cde,fd781b347e97b9c07d3569231868fcdb4d261c808c5f57f4e14a15d795b76cde,CC0-1.0,http://creativecommons.org/publicdomain/zero/1.0/legalcode,redistribute_derivative_rights_review_passed
WBGBIF2026_E0072,WBGBIF2026_E0072_F02_uncropped,uncropped,model_inputs/images_uncropped/WBGBIF2026_E0072_F02_uncropped.jpg,true,2,2,1af0ce9b7d83abce5977d30c01508cfd5640c1e5ae9bb9858cc96c74b3551bdc,1af0ce9b7d83abce5977d30c01508cfd5640c1e5ae9bb9858cc96c74b3551bdc,CC0-1.0,http://creativecommons.org/publicdomain/zero/1.0/legalcode,redistribute_derivative_rights_review_passed
WBGBIF2026_E0072,WBGBIF2026_E0072_F03_uncropped,uncropped,model_inputs/images_uncropped/WBGBIF2026_E0072_F03_uncropped.jpg,true,3,3,cc33a2edd771be15ed8f1d38b2c98bf38a713c4e1ad9a747dcb9fb4be75302e3,cc33a2edd771be15ed8f1d38b2c98bf38a713c4e1ad9a747dcb9fb4be75302e3,CC0-1.0,http://creativecommons.org/publicdomain/zero/1.0/legalcode,redistribute_derivative_rights_review_passed
WBGBIF2026_E0072,WBGBIF2026_E0072_F04_uncropped,uncropped,model_inputs/images_uncropped/WBGBIF2026_E0072_F04_uncropped.jpg,true,4,4,8e276440af09cfb8a51c3cda840cde4cacd0a941ea2336794c7c08a62ad81ee3,8e276440af09cfb8a51c3cda840cde4cacd0a941ea2336794c7c08a62ad81ee3,CC0-1.0,http://creativecommons.org/publicdomain/zero/1.0/legalcode,redistribute_derivative_rights_review_passed
WBGBIF2026_E0073,WBGBIF2026_E0073_F00_uncropped,uncropped,model_inputs/images_uncropped/WBGBIF2026_E0073_F00_uncropped.jpg,true,0,0,46186f4f48f02ea1c87d1d09b435effb2ea19338782d675d1227ce6be6fd55f8,46186f4f48f02ea1c87d1d09b435effb2ea19338782d675d1227ce6be6fd55f8,CC-BY-4.0,http://creativecommons.org/licenses/by/4.0/legalcode,redistribute_derivative_with_attribution_rights_review_passed
WBGBIF2026_E0073,WBGBIF2026_E0073_F01_uncropped,uncropped,model_inputs/images_uncropped/WBGBIF2026_E0073_F01_uncropped.jpg,true,1,1,335bb9a5cd883ab05e05dd74b8167cd37d0dca08003e7e43c65815dd2558d8c7,335bb9a5cd883ab05e05dd74b8167cd37d0dca08003e7e43c65815dd2558d8c7,CC-BY-4.0,http://creativecommons.org/licenses/by/4.0/legalcode,redistribute_derivative_with_attribution_rights_review_passed
WBGBIF2026_E0073,WBGBIF2026_E0073_F02_uncropped,uncropped,model_inputs/images_uncropped/WBGBIF2026_E0073_F02_uncropped.jpg,true,2,2,4c2cff5282ebf05255a747f3c31510a564e8d0eba063bb10541271ee9a7e27fa,4c2cff5282ebf05255a747f3c31510a564e8d0eba063bb10541271ee9a7e27fa,CC-BY-4.0,http://creativecommons.org/licenses/by/4.0/legalcode,redistribute_derivative_with_attribution_rights_review_passed
WBGBIF2026_E0073,WBGBIF2026_E0073_F03_uncropped,uncropped,model_inputs/images_uncropped/WBGBIF2026_E0073_F03_uncropped.jpg,true,3,3,af939674ddad61b225f5fb08035144d573dc29a182a99e15dc1459b76e50ee8f,af939674ddad61b225f5fb08035144d573dc29a182a99e15dc1459b76e50ee8f,CC-BY-4.0,http://creativecommons.org/licenses/by/4.0/legalcode,redistribute_derivative_with_attribution_rights_review_passed
WBGBIF2026_E0073,WBGBIF2026_E0073_F04_uncropped,uncropped,model_inputs/images_uncropped/WBGBIF2026_E0073_F04_uncropped.jpg,true,4,4,160d805dfcd0f30ede6f622743cf103893d3573adccc5173f04a6501b81cdce9,160d805dfcd0f30ede6f622743cf103893d3573adccc5173f04a6501b81cdce9,CC-BY-4.0,http://creativecommons.org/licenses/by/4.0/legalcode,redistribute_derivative_with_attribution_rights_review_passed
WBGBIF2026_E0074,WBGBIF2026_E0074_F00_uncropped,uncropped,model_inputs/images_uncropped/WBGBIF2026_E0074_F00_uncropped.jpg,true,0,0,0ce9b1bcaa89c9127957bee9d0073997f86c91318da05f483a76423ee643879f,0ce9b1bcaa89c9127957bee9d0073997f86c91318da05f483a76423ee643879f,CC-BY-4.0,http://creativecommons.org/licenses/by/4.0/legalcode,redistribute_derivative_with_attribution_rights_review_passed
WBGBIF2026_E0074,WBGBIF2026_E0074_F01_uncropped,uncropped,model_inputs/images_uncropped/WBGBIF2026_E0074_F01_uncropped.jpg,true,1,1,f99d88acc04dc930a05207c3a8570baa6e8832c2999de9e68b6cf73f75cc6ab1,f99d88acc04dc930a05207c3a8570baa6e8832c2999de9e68b6cf73f75cc6ab1,CC-BY-4.0,http://creativecommons.org/licenses/by/4.0/legalcode,redistribute_derivative_with_attribution_rights_review_passed
WBGBIF2026_E0074,WBGBIF2026_E0074_F02_uncropped,uncropped,model_inputs/images_uncropped/WBGBIF2026_E0074_F02_uncropped.jpg,true,2,2,61617b66ec1c48980fb9a70d58cac65bf16078a92343fedc4c9ca4d0d49e8783,61617b66ec1c48980fb9a70d58cac65bf16078a92343fedc4c9ca4d0d49e8783,CC-BY-4.0,http://creativecommons.org/licenses/by/4.0/legalcode,redistribute_derivative_with_attribution_rights_review_passed
WBGBIF2026_E0074,WBGBIF2026_E0074_F03_uncropped,uncropped,model_inputs/images_uncropped/WBGBIF2026_E0074_F03_uncropped.jpg,true,3,3,d5a4203443520bbebfaba76cfcee9971d246387fdcb54910d29588b51b14fef3,d5a4203443520bbebfaba76cfcee9971d246387fdcb54910d29588b51b14fef3,CC-BY-4.0,http://creativecommons.org/licenses/by/4.0/legalcode,redistribute_derivative_with_attribution_rights_review_passed
WBGBIF2026_E0074,WBGBIF2026_E0074_F04_uncropped,uncropped,model_inputs/images_uncropped/WBGBIF2026_E0074_F04_uncropped.jpg,true,4,4,dfb23c6936e809093fdcf622f19e434a1883947d7a00a3bd4845965996ffc745,dfb23c6936e809093fdcf622f19e434a1883947d7a00a3bd4845965996ffc745,CC-BY-4.0,http://creativecommons.org/licenses/by/4.0/legalcode,redistribute_derivative_with_attribution_rights_review_passed
WBGBIF2026_E0075,WBGBIF2026_E0075_F00_uncropped,uncropped,model_inputs/images_uncropped/WBGBIF2026_E0075_F00_uncropped.jpg,true,0,0,1ec8de304475c731bf8da90728ae82064f7ea28da9530b52ba1f05a6bf527de9,1ec8de304475c731bf8da90728ae82064f7ea28da9530b52ba1f05a6bf527de9,CC-BY-4.0,http://creativecommons.org/licenses/by/4.0/legalcode,redistribute_derivative_with_attribution_rights_review_passed
WBGBIF2026_E0075,WBGBIF2026_E0075_F01_uncropped,uncropped,model_inputs/images_uncropped/WBGBIF2026_E0075_F01_uncropped.jpg,true,1,1,7e52ec56f41d1539e4952cf46d0c1df1cfa0d189f1f7b2bd854ebe42aea56d4d,7e52ec56f41d1539e4952cf46d0c1df1cfa0d189f1f7b2bd854ebe42aea56d4d,CC-BY-4.0,http://creativecommons.org/licenses/by/4.0/legalcode,redistribute_derivative_with_attribution_rights_review_passed
WBGBIF2026_E0075,WBGBIF2026_E0075_F02_uncropped,uncropped,model_inputs/images_uncropped/WBGBIF2026_E0075_F02_uncropped.jpg,true,2,2,0f68ba227354a3235fb93fef82c8de1044ecfb696de2deea34323e31759bfc68,0f68ba227354a3235fb93fef82c8de1044ecfb696de2deea34323e31759bfc68,CC-BY-4.0,http://creativecommons.org/licenses/by/4.0/legalcode,redistribute_derivative_with_attribution_rights_review_passed
WBGBIF2026_E0075,WBGBIF2026_E0075_F03_uncropped,uncropped,model_inputs/images_uncropped/WBGBIF2026_E0075_F03_uncropped.jpg,true,3,3,0ba633ab821cd9f09c4f02e96343fc676f4b12bf6438133695a14725d5de5ff9,0ba633ab821cd9f09c4f02e96343fc676f4b12bf6438133695a14725d5de5ff9,CC-BY-4.0,http://creativecommons.org/licenses/by/4.0/legalcode,redistribute_derivative_with_attribution_rights_review_passed
WBGBIF2026_E0075,WBGBIF2026_E0075_F04_uncropped,uncropped,model_inputs/images_uncropped/WBGBIF2026_E0075_F04_uncropped.jpg,true,4,4,be90441ed7e71a309e4ef85f84f16e311ffc167c8393f6dac28626f5f2c142c8,be90441ed7e71a309e4ef85f84f16e311ffc167c8393f6dac28626f5f2c142c8,CC-BY-4.0,http://creativecommons.org/licenses/by/4.0/legalcode,redistribute_derivative_with_attribution_rights_review_passed
WBGBIF2026_E0076,WBGBIF2026_E0076_F00_uncropped,uncropped,model_inputs/images_uncropped/WBGBIF2026_E0076_F00_uncropped.jpg,true,0,0,248b42a866882fba42bcba94a3fc7664fe68582250a0b2c4b457c835186e15fd,248b42a866882fba42bcba94a3fc7664fe68582250a0b2c4b457c835186e15fd,CC-BY-4.0,http://creativecommons.org/licenses/by/4.0/legalcode,redistribute_derivative_with_attribution_rights_review_passed
WBGBIF2026_E0076,WBGBIF2026_E0076_F01_uncropped,uncropped,model_inputs/images_uncropped/WBGBIF2026_E0076_F01_uncropped.jpg,true,1,1,8e0d62c79b6ee58e26b8c3019c859ef573351d819337d5d855ab4f6b3cc4ac6d,8e0d62c79b6ee58e26b8c3019c859ef573351d819337d5d855ab4f6b3cc4ac6d,CC-BY-4.0,http://creativecommons.org/licenses/by/4.0/legalcode,redistribute_derivative_with_attribution_rights_review_passed
WBGBIF2026_E0076,WBGBIF2026_E0076_F02_uncropped,uncropped,model_inputs/images_uncropped/WBGBIF2026_E0076_F02_uncropped.jpg,true,2,2,fde6beab5c0fd4d493075b641616a0724da08fe4125f143571da80edf5fc1a88,fde6beab5c0fd4d493075b641616a0724da08fe4125f143571da80edf5fc1a88,CC-BY-4.0,http://creativecommons.org/licenses/by/4.0/legalcode,redistribute_derivative_with_attribution_rights_review_passed
WBGBIF2026_E0076,WBGBIF2026_E0076_F03_uncropped,uncropped,model_inputs/images_uncropped/WBGBIF2026_E0076_F03_uncropped.jpg,true,3,3,c3937d93b81fc933791959320c782d918443560e1b66a03be4608f52cfa5a7d8,c3937d93b81fc933791959320c782d918443560e1b66a03be4608f52cfa5a7d8,CC-BY-4.0,http://creativecommons.org/licenses/by/4.0/legalcode,redistribute_derivative_with_attribution_rights_review_passed
WBGBIF2026_E0076,WBGBIF2026_E0076_F04_uncropped,uncropped,model_inputs/images_uncropped/WBGBIF2026_E0076_F04_uncropped.jpg,true,4,4,371d953990f6ce70aea6d9e7c63bb5a0eead1e9b1d6c3eb4dc6fd292373aab55,371d953990f6ce70aea6d9e7c63bb5a0eead1e9b1d6c3eb4dc6fd292373aab55,CC-BY-4.0,http://creativecommons.org/licenses/by/4.0/legalcode,redistribute_derivative_with_attribution_rights_review_passed
WBGBIF2026_E0077,WBGBIF2026_E0077_F00_uncropped,uncropped,model_inputs/images_uncropped/WBGBIF2026_E0077_F00_uncropped.jpg,true,0,0,a6c02744461ef4375eabec11c40ed99691c903daabaf59710a023481967688aa,a6c02744461ef4375eabec11c40ed99691c903daabaf59710a023481967688aa,CC-BY-4.0,http://creativecommons.org/licenses/by/4.0/legalcode,redistribute_derivative_with_attribution_rights_review_passed
WBGBIF2026_E0077,WBGBIF2026_E0077_F01_uncropped,uncropped,model_inputs/images_uncropped/WBGBIF2026_E0077_F01_uncropped.jpg,true,1,1,0006153f165e2949bff8fa5d7398c9bb0facb86ee5f3e70024531af325c3aa7b,0006153f165e2949bff8fa5d7398c9bb0facb86ee5f3e70024531af325c3aa7b,CC-BY-4.0,http://creativecommons.org/licenses/by/4.0/legalcode,redistribute_derivative_with_attribution_rights_review_passed
WBGBIF2026_E0077,WBGBIF2026_E0077_F02_uncropped,uncropped,model_inputs/images_uncropped/WBGBIF2026_E0077_F02_uncropped.jpg,true,2,2,917822f3a4eba0016801062c07dd06363c6f6e9ef1266a4d345be19479418ef1,917822f3a4eba0016801062c07dd06363c6f6e9ef1266a4d345be19479418ef1,CC-BY-4.0,http://creativecommons.org/licenses/by/4.0/legalcode,redistribute_derivative_with_attribution_rights_review_passed
WBGBIF2026_E0077,WBGBIF2026_E0077_F03_uncropped,uncropped,model_inputs/images_uncropped/WBGBIF2026_E0077_F03_uncropped.jpg,true,3,3,fba73be6b3e902816ca90468cf0a3b57e701839dff32383dd88d9eb204e2c496,fba73be6b3e902816ca90468cf0a3b57e701839dff32383dd88d9eb204e2c496,CC-BY-4.0,http://creativecommons.org/licenses/by/4.0/legalcode,redistribute_derivative_with_attribution_rights_review_passed
WBGBIF2026_E0077,WBGBIF2026_E0077_F04_uncropped,uncropped,model_inputs/images_uncropped/WBGBIF2026_E0077_F04_uncropped.jpg,true,4,4,f455c44e8b237ab9ab0460a9bed89e0a6d7f32d3d79e437d8405c2b4126b4d37,f455c44e8b237ab9ab0460a9bed89e0a6d7f32d3d79e437d8405c2b4126b4d37,CC-BY-4.0,http://creativecommons.org/licenses/by/4.0/legalcode,redistribute_derivative_with_attribution_rights_review_passed
WBGBIF2026_E0078,WBGBIF2026_E0078_F00_uncropped,uncropped,model_inputs/images_uncropped/WBGBIF2026_E0078_F00_uncropped.jpg,true,0,0,f26b9ffc4fce7e2d9df5bf21874f5d6e235ba0117c3633199c05e3731cedaf13,f26b9ffc4fce7e2d9df5bf21874f5d6e235ba0117c3633199c05e3731cedaf13,CC-BY-4.0,http://creativecommons.org/licenses/by/4.0/legalcode,redistribute_derivative_with_attribution_rights_review_passed
WBGBIF2026_E0078,WBGBIF2026_E0078_F01_uncropped,uncropped,model_inputs/images_uncropped/WBGBIF2026_E0078_F01_uncropped.jpg,true,1,1,3e5b78036ba497abcc6c622059b70805f6e9ea4dc376abbe22fb4553be7824e4,3e5b78036ba497abcc6c622059b70805f6e9ea4dc376abbe22fb4553be7824e4,CC-BY-4.0,http://creativecommons.org/licenses/by/4.0/legalcode,redistribute_derivative_with_attribution_rights_review_passed
WBGBIF2026_E0078,WBGBIF2026_E0078_F02_uncropped,uncropped,model_inputs/images_uncropped/WBGBIF2026_E0078_F02_uncropped.jpg,true,2,2,406cbd16a5dd1b7799e49cd4be7f8ef3448760b70ea205899e4ed68801e596cb,406cbd16a5dd1b7799e49cd4be7f8ef3448760b70ea205899e4ed68801e596cb,CC-BY-4.0,http://creativecommons.org/licenses/by/4.0/legalcode,redistribute_derivative_with_attribution_rights_review_passed
WBGBIF2026_E0078,WBGBIF2026_E0078_F03_uncropped,uncropped,model_inputs/images_uncropped/WBGBIF2026_E0078_F03_uncropped.jpg,true,3,3,5246ca36ab3365b823dec6388e1653c9a297c4e5486d2db172e7bc1dccf061b0,5246ca36ab3365b823dec6388e1653c9a297c4e5486d2db172e7bc1dccf061b0,CC-BY-4.0,http://creativecommons.org/licenses/by/4.0/legalcode,redistribute_derivative_with_attribution_rights_review_passed
WBGBIF2026_E0078,WBGBIF2026_E0078_F04_uncropped,uncropped,model_inputs/images_uncropped/WBGBIF2026_E0078_F04_uncropped.jpg,true,4,4,86a39ef81fc38ef35004dd12932d04edde7b88450c1016a3ac17f2f5ecaae5c6,86a39ef81fc38ef35004dd12932d04edde7b88450c1016a3ac17f2f5ecaae5c6,CC-BY-4.0,http://creativecommons.org/licenses/by/4.0/legalcode,redistribute_derivative_with_attribution_rights_review_passed
WBGBIF2026_E0079,WBGBIF2026_E0079_F00_uncropped,uncropped,model_inputs/images_uncropped/WBGBIF2026_E0079_F00_uncropped.jpg,true,0,0,c3842942a5c37b145a712fe210f8a2e025eab32e4574cbcba31a00da8a1d5759,c3842942a5c37b145a712fe210f8a2e025eab32e4574cbcba31a00da8a1d5759,CC-BY-4.0,http://creativecommons.org/licenses/by/4.0/legalcode,redistribute_derivative_with_attribution_rights_review_passed
WBGBIF2026_E0079,WBGBIF2026_E0079_F01_uncropped,uncropped,model_inputs/images_uncropped/WBGBIF2026_E0079_F01_uncropped.jpg,true,1,1,a0f808d441645cef88d0f779c75e16943ab0d8cb73b54917bd27c177e00fb809,a0f808d441645cef88d0f779c75e16943ab0d8cb73b54917bd27c177e00fb809,CC-BY-4.0,http://creativecommons.org/licenses/by/4.0/legalcode,redistribute_derivative_with_attribution_rights_review_passed
WBGBIF2026_E0079,WBGBIF2026_E0079_F02_uncropped,uncropped,model_inputs/images_uncropped/WBGBIF2026_E0079_F02_uncropped.jpg,true,2,2,312e90b2a089cc015a7741916b459732666ddb79f30ecae288a710b4391d5570,312e90b2a089cc015a7741916b459732666ddb79f30ecae288a710b4391d5570,CC-BY-4.0,http://creativecommons.org/licenses/by/4.0/legalcode,redistribute_derivative_with_attribution_rights_review_passed
WBGBIF2026_E0079,WBGBIF2026_E0079_F03_uncropped,uncropped,model_inputs/images_uncropped/WBGBIF2026_E0079_F03_uncropped.jpg,true,3,3,8f5611f5dfc6c3bcda85acf0a9315a7c1d793a48d6e6f361afe26645ae7855c6,8f5611f5dfc6c3bcda85acf0a9315a7c1d793a48d6e6f361afe26645ae7855c6,CC-BY-4.0,http://creativecommons.org/licenses/by/4.0/legalcode,redistribute_derivative_with_attribution_rights_review_passed
WBGBIF2026_E0079,WBGBIF2026_E0079_F04_uncropped,uncropped,model_inputs/images_uncropped/WBGBIF2026_E0079_F04_uncropped.jpg,true,4,4,1a8d5d075dbbdc49f8b3b264fa68b0a78aba9f08c1b661b0a68cdbc967d76b54,1a8d5d075dbbdc49f8b3b264fa68b0a78aba9f08c1b661b0a68cdbc967d76b54,CC-BY-4.0,http://creativecommons.org/licenses/by/4.0/legalcode,redistribute_derivative_with_attribution_rights_review_passed
WBGBIF2026_E0080,WBGBIF2026_E0080_F00_uncropped,uncropped,model_inputs/images_uncropped/WBGBIF2026_E0080_F00_uncropped.jpg,true,0,0,82cb8ef699c2c00d86491e6370a8e917e3868bd27b7381ba07fdedc41b0190c5,82cb8ef699c2c00d86491e6370a8e917e3868bd27b7381ba07fdedc41b0190c5,CC-BY-4.0,http://creativecommons.org/licenses/by/4.0/legalcode,redistribute_derivative_with_attribution_rights_review_passed
WBGBIF2026_E0080,WBGBIF2026_E0080_F01_uncropped,uncropped,model_inputs/images_uncropped/WBGBIF2026_E0080_F01_uncropped.jpg,true,1,1,aee63d4f0984ade019bf3345eee804ae1545591f9a91d561e6c19522d0d6b46c,aee63d4f0984ade019bf3345eee804ae1545591f9a91d561e6c19522d0d6b46c,CC-BY-4.0,http://creativecommons.org/licenses/by/4.0/legalcode,redistribute_derivative_with_attribution_rights_review_passed
WBGBIF2026_E0080,WBGBIF2026_E0080_F02_uncropped,uncropped,model_inputs/images_uncropped/WBGBIF2026_E0080_F02_uncropped.jpg,true,2,2,e2fea0f7e44015f06c365441a2fb4aa07ac52b910492b37af69804b6b69bc076,e2fea0f7e44015f06c365441a2fb4aa07ac52b910492b37af69804b6b69bc076,CC-BY-4.0,http://creativecommons.org/licenses/by/4.0/legalcode,redistribute_derivative_with_attribution_rights_review_passed
WBGBIF2026_E0080,WBGBIF2026_E0080_F03_uncropped,uncropped,model_inputs/images_uncropped/WBGBIF2026_E0080_F03_uncropped.jpg,true,3,3,2c62d21b08a5ee333ee5567293672662613195e2d15acadf2c78ae17b3d7715c,2c62d21b08a5ee333ee5567293672662613195e2d15acadf2c78ae17b3d7715c,CC-BY-4.0,http://creativecommons.org/licenses/by/4.0/legalcode,redistribute_derivative_with_attribution_rights_review_passed
WBGBIF2026_E0080,WBGBIF2026_E0080_F04_uncropped,uncropped,model_inputs/images_uncropped/WBGBIF2026_E0080_F04_uncropped.jpg,true,4,4,b520067c5171058aba7f37df4bae76c3916ef181bf3f09d9ff30f0e223ba3f8b,b520067c5171058aba7f37df4bae76c3916ef181bf3f09d9ff30f0e223ba3f8b,CC-BY-4.0,http://creativecommons.org/licenses/by/4.0/legalcode,redistribute_derivative_with_attribution_rights_review_passed
WBGBIF2026_E0081,WBGBIF2026_E0081_F00_uncropped,uncropped,model_inputs/images_uncropped/WBGBIF2026_E0081_F00_uncropped.jpg,true,0,0,002b600ae81810fcc34425cc39852c0ef9fdd103d14d67623bbf202dba377334,002b600ae81810fcc34425cc39852c0ef9fdd103d14d67623bbf202dba377334,CC-BY-4.0,http://creativecommons.org/licenses/by/4.0/legalcode,redistribute_derivative_with_attribution_rights_review_passed
WBGBIF2026_E0081,WBGBIF2026_E0081_F01_uncropped,uncropped,model_inputs/images_uncropped/WBGBIF2026_E0081_F01_uncropped.jpg,true,1,1,2ad8c1af9c04a3d279abd10e61a834a84ff025d33a33adcec917e84e2d3e9311,2ad8c1af9c04a3d279abd10e61a834a84ff025d33a33adcec917e84e2d3e9311,CC-BY-4.0,http://creativecommons.org/licenses/by/4.0/legalcode,redistribute_derivative_with_attribution_rights_review_passed
WBGBIF2026_E0081,WBGBIF2026_E0081_F02_uncropped,uncropped,model_inputs/images_uncropped/WBGBIF2026_E0081_F02_uncropped.jpg,true,2,2,8bf926f955a5fae93b37b6ec1059219ce00a367f9650d09127574ac91711f993,8bf926f955a5fae93b37b6ec1059219ce00a367f9650d09127574ac91711f993,CC-BY-4.0,http://creativecommons.org/licenses/by/4.0/legalcode,redistribute_derivative_with_attribution_rights_review_passed
WBGBIF2026_E0081,WBGBIF2026_E0081_F03_uncropped,uncropped,model_inputs/images_uncropped/WBGBIF2026_E0081_F03_uncropped.jpg,true,3,3,fef12e60828080688ce9effa3feff4ceffc967a7e1c211e8c8aa2de00bc2aa15,fef12e60828080688ce9effa3feff4ceffc967a7e1c211e8c8aa2de00bc2aa15,CC-BY-4.0,http://creativecommons.org/licenses/by/4.0/legalcode,redistribute_derivative_with_attribution_rights_review_passed
WBGBIF2026_E0081,WBGBIF2026_E0081_F04_uncropped,uncropped,model_inputs/images_uncropped/WBGBIF2026_E0081_F04_uncropped.jpg,true,4,4,3f6f63623a7610628c280b87f2ac5695761d30326c21a0a888a2cb3cd46ab76a,3f6f63623a7610628c280b87f2ac5695761d30326c21a0a888a2cb3cd46ab76a,CC-BY-4.0,http://creativecommons.org/licenses/by/4.0/legalcode,redistribute_derivative_with_attribution_rights_review_passed
WBGBIF2026_E0082,WBGBIF2026_E0082_F00_uncropped,uncropped,model_inputs/images_uncropped/WBGBIF2026_E0082_F00_uncropped.jpg,true,0,0,27b77e834ad3ccc33e83d9877d01f29a85e615bfc331ef31843b7e1ead1b2d50,27b77e834ad3ccc33e83d9877d01f29a85e615bfc331ef31843b7e1ead1b2d50,CC0-1.0,http://creativecommons.org/publicdomain/zero/1.0/legalcode,redistribute_derivative_rights_review_passed
WBGBIF2026_E0082,WBGBIF2026_E0082_F01_uncropped,uncropped,model_inputs/images_uncropped/WBGBIF2026_E0082_F01_uncropped.jpg,true,1,1,327d562f803a6a87b9d87af3139babfd1548cd269360cab65f9d254c4610ef4f,327d562f803a6a87b9d87af3139babfd1548cd269360cab65f9d254c4610ef4f,CC0-1.0,http://creativecommons.org/publicdomain/zero/1.0/legalcode,redistribute_derivative_rights_review_passed
WBGBIF2026_E0082,WBGBIF2026_E0082_F02_uncropped,uncropped,model_inputs/images_uncropped/WBGBIF2026_E0082_F02_uncropped.jpg,true,2,2,304d9f064764b6611469a6673e8f905d25b05622cf6c5142b41a61fea17aee32,304d9f064764b6611469a6673e8f905d25b05622cf6c5142b41a61fea17aee32,CC0-1.0,http://creativecommons.org/publicdomain/zero/1.0/legalcode,redistribute_derivative_rights_review_passed
WBGBIF2026_E0082,WBGBIF2026_E0082_F03_uncropped,uncropped,model_inputs/images_uncropped/WBGBIF2026_E0082_F03_uncropped.jpg,true,3,3,5ae20dce6d091b07a0f62e69a1fdf92d9ad9a2c2c6e88f2cc3d7a6f0bbd4ab10,5ae20dce6d091b07a0f62e69a1fdf92d9ad9a2c2c6e88f2cc3d7a6f0bbd4ab10,CC0-1.0,http://creativecommons.org/publicdomain/zero/1.0/legalcode,redistribute_derivative_rights_review_passed
WBGBIF2026_E0082,WBGBIF2026_E0082_F04_uncropped,uncropped,model_inputs/images_uncropped/WBGBIF2026_E0082_F04_uncropped.jpg,true,4,4,616534b224eb1a6698d956c36e6ebeb876a31941be30feca7c7d6e7d43ae368c,616534b224eb1a6698d956c36e6ebeb876a31941be30feca7c7d6e7d43ae368c,CC0-1.0,http://creativecommons.org/publicdomain/zero/1.0/legalcode,redistribute_derivative_rights_review_passed
WBGBIF2026_E0083,WBGBIF2026_E0083_F00_uncropped,uncropped,model_inputs/images_uncropped/WBGBIF2026_E0083_F00_uncropped.jpg,true,0,0,08f1621c745dcd23c75144efb6cdccd3b6e63706aa1ec0a145d06d55b0f7bf90,08f1621c745dcd23c75144efb6cdccd3b6e63706aa1ec0a145d06d55b0f7bf90,CC0-1.0,http://creativecommons.org/publicdomain/zero/1.0/legalcode,redistribute_derivative_rights_review_passed
WBGBIF2026_E0083,WBGBIF2026_E0083_F01_uncropped,uncropped,model_inputs/images_uncropped/WBGBIF2026_E0083_F01_uncropped.jpg,true,1,2,9cdecef0708432c847639357f8e7bae4aefc07b196bfb771985f7cb62f2f3a40,9cdecef0708432c847639357f8e7bae4aefc07b196bfb771985f7cb62f2f3a40,CC0-1.0,http://creativecommons.org/publicdomain/zero/1.0/legalcode,redistribute_derivative_rights_review_passed
WBGBIF2026_E0083,WBGBIF2026_E0083_F02_uncropped,uncropped,model_inputs/images_uncropped/WBGBIF2026_E0083_F02_uncropped.jpg,true,2,4,b2433b75491f3b8d50b0190da31323b893e125c31055fd51dcf9e74b47ae732a,b2433b75491f3b8d50b0190da31323b893e125c31055fd51dcf9e74b47ae732a,CC0-1.0,http://creativecommons.org/publicdomain/zero/1.0/legalcode,redistribute_derivative_rights_review_passed
WBGBIF2026_E0083,WBGBIF2026_E0083_F03_uncropped,uncropped,model_inputs/images_uncropped/WBGBIF2026_E0083_F03_uncropped.jpg,true,3,6,c1f56baf63d1d99f71a5fe89de9a703c3d55d6e5f7b99828f2250fd2a05ca945,c1f56baf63d1d99f71a5fe89de9a703c3d55d6e5f7b99828f2250fd2a05ca945,CC0-1.0,http://creativecommons.org/publicdomain/zero/1.0/legalcode,redistribute_derivative_rights_review_passed
WBGBIF2026_E0083,WBGBIF2026_E0083_F04_uncropped,uncropped,model_inputs/images_uncropped/WBGBIF2026_E0083_F04_uncropped.jpg,true,4,8,67960c9c74cad61d61e9cdb5b8865c168ed76b40f9ac6430f687b5d96a7b805f,67960c9c74cad61d61e9cdb5b8865c168ed76b40f9ac6430f687b5d96a7b805f,CC0-1.0,http://creativecommons.org/publicdomain/zero/1.0/legalcode,redistribute_derivative_rights_review_passed
WBGBIF2026_E0084,WBGBIF2026_E0084_F00_uncropped,uncropped,model_inputs/images_uncropped/WBGBIF2026_E0084_F00_uncropped.jpg,true,0,0,c24c72532be64f4f327738e41abd3c0350db6537e87199ec5416e9cfdd820d27,c24c72532be64f4f327738e41abd3c0350db6537e87199ec5416e9cfdd820d27,CC0-1.0,http://creativecommons.org/publicdomain/zero/1.0/legalcode,redistribute_derivative_rights_review_passed
WBGBIF2026_E0084,WBGBIF2026_E0084_F01_uncropped,uncropped,model_inputs/images_uncropped/WBGBIF2026_E0084_F01_uncropped.jpg,true,1,1,a14a65fbcb3a15caf45eb79e87dfdf06e6b9195ab4ded6d11e1d92fb2a9cd1a5,a14a65fbcb3a15caf45eb79e87dfdf06e6b9195ab4ded6d11e1d92fb2a9cd1a5,CC0-1.0,http://creativecommons.org/publicdomain/zero/1.0/legalcode,redistribute_derivative_rights_review_passed
WBGBIF2026_E0084,WBGBIF2026_E0084_F02_uncropped,uncropped,model_inputs/images_uncropped/WBGBIF2026_E0084_F02_uncropped.jpg,true,2,2,36d2abb3e2e5ee0774932411191936edf4b51507e870d8bd0a94c567a4fa095d,36d2abb3e2e5ee0774932411191936edf4b51507e870d8bd0a94c567a4fa095d,CC0-1.0,http://creativecommons.org/publicdomain/zero/1.0/legalcode,redistribute_derivative_rights_review_passed
WBGBIF2026_E0084,WBGBIF2026_E0084_F03_uncropped,uncropped,model_inputs/images_uncropped/WBGBIF2026_E0084_F03_uncropped.jpg,true,3,3,546120e3ee6cc4dc1d0b1ae8f96e26b3f99ea7ea36306390c45499b642b3d7c5,546120e3ee6cc4dc1d0b1ae8f96e26b3f99ea7ea36306390c45499b642b3d7c5,CC0-1.0,http://creativecommons.org/publicdomain/zero/1.0/legalcode,redistribute_derivative_rights_review_passed
WBGBIF2026_E0084,WBGBIF2026_E0084_F04_uncropped,uncropped,model_inputs/images_uncropped/WBGBIF2026_E0084_F04_uncropped.jpg,true,4,4,b08bf627726e2c52ad7417e6a78dbf203f660ceec0dd84e1f589758aff5265fd,b08bf627726e2c52ad7417e6a78dbf203f660ceec0dd84e1f589758aff5265fd,CC0-1.0,http://creativecommons.org/publicdomain/zero/1.0/legalcode,redistribute_derivative_rights_review_passed
WBGBIF2026_E0088,WBGBIF2026_E0088_F00_uncropped,uncropped,model_inputs/images_uncropped/WBGBIF2026_E0088_F00_uncropped.jpg,true,0,0,9ddf107386da9fdcfaf1817c3c6832aa60e2a58aeeacf7049098ad135e8c07fa,9ddf107386da9fdcfaf1817c3c6832aa60e2a58aeeacf7049098ad135e8c07fa,CC-BY-4.0,http://creativecommons.org/licenses/by/4.0/legalcode,redistribute_derivative_with_attribution_rights_review_passed
WBGBIF2026_E0088,WBGBIF2026_E0088_F01_uncropped,uncropped,model_inputs/images_uncropped/WBGBIF2026_E0088_F01_uncropped.jpg,true,1,1,3e18c0bd7831a2a984669c403f28fa175bcf7a6c54c01556e20df86e57d7f495,3e18c0bd7831a2a984669c403f28fa175bcf7a6c54c01556e20df86e57d7f495,CC-BY-4.0,http://creativecommons.org/licenses/by/4.0/legalcode,redistribute_derivative_with_attribution_rights_review_passed
WBGBIF2026_E0088,WBGBIF2026_E0088_F02_uncropped,uncropped,model_inputs/images_uncropped/WBGBIF2026_E0088_F02_uncropped.jpg,true,2,2,38a6b0cf83908bb849c0ad113bb9d4b5131a1ff364b07b4c5bb78d51a81628df,38a6b0cf83908bb849c0ad113bb9d4b5131a1ff364b07b4c5bb78d51a81628df,CC-BY-4.0,http://creativecommons.org/licenses/by/4.0/legalcode,redistribute_derivative_with_attribution_rights_review_passed
WBGBIF2026_E0088,WBGBIF2026_E0088_F03_uncropped,uncropped,model_inputs/images_uncropped/WBGBIF2026_E0088_F03_uncropped.jpg,true,3,3,c52cc9a36efa9aba66d3be02228c9d4bcda7ff1379e08e29de70857a86277851,c52cc9a36efa9aba66d3be02228c9d4bcda7ff1379e08e29de70857a86277851,CC-BY-4.0,http://creativecommons.org/licenses/by/4.0/legalcode,redistribute_derivative_with_attribution_rights_review_passed
WBGBIF2026_E0088,WBGBIF2026_E0088_F04_uncropped,uncropped,model_inputs/images_uncropped/WBGBIF2026_E0088_F04_uncropped.jpg,true,4,4,07d92517dca5a0901163dcecedef5e8e75989377fa6aa9128bce350683ef1a9e,07d92517dca5a0901163dcecedef5e8e75989377fa6aa9128bce350683ef1a9e,CC-BY-4.0,http://creativecommons.org/licenses/by/4.0/legalcode,redistribute_derivative_with_attribution_rights_review_passed
WBGBIF2026_E0089,WBGBIF2026_E0089_F00_uncropped,uncropped,model_inputs/images_uncropped/WBGBIF2026_E0089_F00_uncropped.jpg,true,0,0,08b2ebcd16bc170f7181e9521560536d1a1a5ae512e26a49ba198a84efd37edc,08b2ebcd16bc170f7181e9521560536d1a1a5ae512e26a49ba198a84efd37edc,CC-BY-4.0,http://creativecommons.org/licenses/by/4.0/legalcode,redistribute_derivative_with_attribution_rights_review_passed
WBGBIF2026_E0089,WBGBIF2026_E0089_F01_uncropped,uncropped,model_inputs/images_uncropped/WBGBIF2026_E0089_F01_uncropped.jpg,true,1,1,4d35861923b156a23c27fcb4dd4cc9a4f399100085ee690ba47bcf721b283695,4d35861923b156a23c27fcb4dd4cc9a4f399100085ee690ba47bcf721b283695,CC-BY-4.0,http://creativecommons.org/licenses/by/4.0/legalcode,redistribute_derivative_with_attribution_rights_review_passed
WBGBIF2026_E0089,WBGBIF2026_E0089_F02_uncropped,uncropped,model_inputs/images_uncropped/WBGBIF2026_E0089_F02_uncropped.jpg,true,2,2,1b38306ee8a5693a61808c3b7be5dd9222bbce154376c2f73100526766f629cc,1b38306ee8a5693a61808c3b7be5dd9222bbce154376c2f73100526766f629cc,CC-BY-4.0,http://creativecommons.org/licenses/by/4.0/legalcode,redistribute_derivative_with_attribution_rights_review_passed
WBGBIF2026_E0089,WBGBIF2026_E0089_F03_uncropped,uncropped,model_inputs/images_uncropped/WBGBIF2026_E0089_F03_uncropped.jpg,true,3,3,423a47a43a44f0f712dcb0a22fd0a36df661b2fe218e4e6be0888759ded2e215,423a47a43a44f0f712dcb0a22fd0a36df661b2fe218e4e6be0888759ded2e215,CC-BY-4.0,http://creativecommons.org/licenses/by/4.0/legalcode,redistribute_derivative_with_attribution_rights_review_passed
WBGBIF2026_E0089,WBGBIF2026_E0089_F04_uncropped,uncropped,model_inputs/images_uncropped/WBGBIF2026_E0089_F04_uncropped.jpg,true,4,4,8b7ed6d65cc90bad0b0e3b1817dc8a750ff7bf3741fc03096a8fb38f7b948dba,8b7ed6d65cc90bad0b0e3b1817dc8a750ff7bf3741fc03096a8fb38f7b948dba,CC-BY-4.0,http://creativecommons.org/licenses/by/4.0/legalcode,redistribute_derivative_with_attribution_rights_review_passed
WBGBIF2026_E0090,WBGBIF2026_E0090_F00_uncropped,uncropped,model_inputs/images_uncropped/WBGBIF2026_E0090_F00_uncropped.jpg,true,0,0,a0949cf963067105a817824612ecd9ba2a562cd251117bf0147594ebded084eb,a0949cf963067105a817824612ecd9ba2a562cd251117bf0147594ebded084eb,CC-BY-4.0,http://creativecommons.org/licenses/by/4.0/legalcode,redistribute_derivative_with_attribution_rights_review_passed
WBGBIF2026_E0090,WBGBIF2026_E0090_F01_uncropped,uncropped,model_inputs/images_uncropped/WBGBIF2026_E0090_F01_uncropped.jpg,true,1,1,bbdf4e109f7c9968bf379cdba58c8f33d7ca8dbfa94a4a21c278a40999154862,bbdf4e109f7c9968bf379cdba58c8f33d7ca8dbfa94a4a21c278a40999154862,CC-BY-4.0,http://creativecommons.org/licenses/by/4.0/legalcode,redistribute_derivative_with_attribution_rights_review_passed
WBGBIF2026_E0090,WBGBIF2026_E0090_F02_uncropped,uncropped,model_inputs/images_uncropped/WBGBIF2026_E0090_F02_uncropped.jpg,true,2,2,5ab26061501d281a9844d1c987c53391905462cab237552ebce787b9f2385509,5ab26061501d281a9844d1c987c53391905462cab237552ebce787b9f2385509,CC-BY-4.0,http://creativecommons.org/licenses/by/4.0/legalcode,redistribute_derivative_with_attribution_rights_review_passed
WBGBIF2026_E0090,WBGBIF2026_E0090_F03_uncropped,uncropped,model_inputs/images_uncropped/WBGBIF2026_E0090_F03_uncropped.jpg,true,3,3,c62f24e6f12ca1209645e4f60b2afa763b7a2db80e1cb8742e441be0c8a817ae,c62f24e6f12ca1209645e4f60b2afa763b7a2db80e1cb8742e441be0c8a817ae,CC-BY-4.0,http://creativecommons.org/licenses/by/4.0/legalcode,redistribute_derivative_with_attribution_rights_review_passed
WBGBIF2026_E0090,WBGBIF2026_E0090_F04_uncropped,uncropped,model_inputs/images_uncropped/WBGBIF2026_E0090_F04_uncropped.jpg,true,4,4,6d619f78e41b0ee8af0870d9457a12b96bbe15d343c9495315e1e7ce70744c49,6d619f78e41b0ee8af0870d9457a12b96bbe15d343c9495315e1e7ce70744c49,CC-BY-4.0,http://creativecommons.org/licenses/by/4.0/legalcode,redistribute_derivative_with_attribution_rights_review_passed
WBGBIF2026_E0091,WBGBIF2026_E0091_F00_uncropped,uncropped,model_inputs/images_uncropped/WBGBIF2026_E0091_F00_uncropped.jpg,true,0,0,6b769385efc2b404b47bcb9fb52cd037fc8b8a8d58f89a12a43c0be385e4fd85,6b769385efc2b404b47bcb9fb52cd037fc8b8a8d58f89a12a43c0be385e4fd85,CC0-1.0,http://creativecommons.org/publicdomain/zero/1.0/legalcode,redistribute_derivative_rights_review_passed
WBGBIF2026_E0091,WBGBIF2026_E0091_F01_uncropped,uncropped,model_inputs/images_uncropped/WBGBIF2026_E0091_F01_uncropped.jpg,true,1,1,de615d0f476236860ca36b2d73cb441f6113dac8d5c838125916778bebe1bf98,de615d0f476236860ca36b2d73cb441f6113dac8d5c838125916778bebe1bf98,CC0-1.0,http://creativecommons.org/publicdomain/zero/1.0/legalcode,redistribute_derivative_rights_review_passed
WBGBIF2026_E0091,WBGBIF2026_E0091_F02_uncropped,uncropped,model_inputs/images_uncropped/WBGBIF2026_E0091_F02_uncropped.jpg,true,2,2,a6d3cfc6675b9b94655d512fbc2555cf76e2f995b942824cb0c0894d555c04d9,a6d3cfc6675b9b94655d512fbc2555cf76e2f995b942824cb0c0894d555c04d9,CC0-1.0,http://creativecommons.org/publicdomain/zero/1.0/legalcode,redistribute_derivative_rights_review_passed
WBGBIF2026_E0091,WBGBIF2026_E0091_F03_uncropped,uncropped,model_inputs/images_uncropped/WBGBIF2026_E0091_F03_uncropped.jpg,true,3,3,c287dbbaaaad8d5aa36c3d061202bf3565449544dc23c11d14da0a6cdb62ba2e,c287dbbaaaad8d5aa36c3d061202bf3565449544dc23c11d14da0a6cdb62ba2e,CC0-1.0,http://creativecommons.org/publicdomain/zero/1.0/legalcode,redistribute_derivative_rights_review_passed
WBGBIF2026_E0091,WBGBIF2026_E0091_F04_uncropped,uncropped,model_inputs/images_uncropped/WBGBIF2026_E0091_F04_uncropped.jpg,true,4,4,c9833419ebe8e036b2387342892effa1ef0d3119ca54be2145e4955a6719f81c,c9833419ebe8e036b2387342892effa1ef0d3119ca54be2145e4955a6719f81c,CC0-1.0,http://creativecommons.org/publicdomain/zero/1.0/legalcode,redistribute_derivative_rights_review_passed
WBGBIF2026_E0092,WBGBIF2026_E0092_F00_uncropped,uncropped,model_inputs/images_uncropped/WBGBIF2026_E0092_F00_uncropped.jpg,true,0,0,a84adf90cda9e462b117c8260cceb4c2f58df3986d719b1c2e4889a0eab8b8ed,a84adf90cda9e462b117c8260cceb4c2f58df3986d719b1c2e4889a0eab8b8ed,CC0-1.0,http://creativecommons.org/publicdomain/zero/1.0/legalcode,redistribute_derivative_rights_review_passed
WBGBIF2026_E0092,WBGBIF2026_E0092_F01_uncropped,uncropped,model_inputs/images_uncropped/WBGBIF2026_E0092_F01_uncropped.jpg,true,1,1,79ba9369ed88bc4cfdb9b7bb13537798b6047f89a3d151a8b5b2ee70f3289a3c,79ba9369ed88bc4cfdb9b7bb13537798b6047f89a3d151a8b5b2ee70f3289a3c,CC0-1.0,http://creativecommons.org/publicdomain/zero/1.0/legalcode,redistribute_derivative_rights_review_passed
WBGBIF2026_E0092,WBGBIF2026_E0092_F02_uncropped,uncropped,model_inputs/images_uncropped/WBGBIF2026_E0092_F02_uncropped.jpg,true,2,2,6e4f90fed78728ec0248db91398e42c1f49f9430d389ea2e10c39f7f4e8a6273,6e4f90fed78728ec0248db91398e42c1f49f9430d389ea2e10c39f7f4e8a6273,CC0-1.0,http://creativecommons.org/publicdomain/zero/1.0/legalcode,redistribute_derivative_rights_review_passed
WBGBIF2026_E0092,WBGBIF2026_E0092_F03_uncropped,uncropped,model_inputs/images_uncropped/WBGBIF2026_E0092_F03_uncropped.jpg,true,3,3,d79ba687e19c995558cfccb738bd4b260159b4be31b6ed6a30d38ad4f1fd6149,d79ba687e19c995558cfccb738bd4b260159b4be31b6ed6a30d38ad4f1fd6149,CC0-1.0,http://creativecommons.org/publicdomain/zero/1.0/legalcode,redistribute_derivative_rights_review_passed
WBGBIF2026_E0092,WBGBIF2026_E0092_F04_uncropped,uncropped,model_inputs/images_uncropped/WBGBIF2026_E0092_F04_uncropped.jpg,true,4,4,65f5fda887d6a4807966ae9403fa36072bab4a325d820de0cdc7cf1d6562758d,65f5fda887d6a4807966ae9403fa36072bab4a325d820de0cdc7cf1d6562758d,CC0-1.0,http://creativecommons.org/publicdomain/zero/1.0/legalcode,redistribute_derivative_rights_review_passed
WBGBIF2026_E0093,WBGBIF2026_E0093_F00_uncropped,uncropped,model_inputs/images_uncropped/WBGBIF2026_E0093_F00_uncropped.jpg,true,0,0,1b148e0fdccaf6fae292ed187bce84ab003954331176a3685ce2cce2d17d9650,1b148e0fdccaf6fae292ed187bce84ab003954331176a3685ce2cce2d17d9650,CC0-1.0,http://creativecommons.org/publicdomain/zero/1.0/legalcode,redistribute_derivative_rights_review_passed
WBGBIF2026_E0093,WBGBIF2026_E0093_F01_uncropped,uncropped,model_inputs/images_uncropped/WBGBIF2026_E0093_F01_uncropped.jpg,true,1,1,1b3320acaae5b2318ad06f25f6b1cb258c9a0cfcf351561e095a9dfcf8629b8f,1b3320acaae5b2318ad06f25f6b1cb258c9a0cfcf351561e095a9dfcf8629b8f,CC0-1.0,http://creativecommons.org/publicdomain/zero/1.0/legalcode,redistribute_derivative_rights_review_passed
WBGBIF2026_E0094,WBGBIF2026_E0094_F00_uncropped,uncropped,model_inputs/images_uncropped/WBGBIF2026_E0094_F00_uncropped.jpg,true,0,0,2a441c9d17506d8c58d279ed06ed9673927ad6663b9affa01c1df2b19d9d08b6,2a441c9d17506d8c58d279ed06ed9673927ad6663b9affa01c1df2b19d9d08b6,CC-BY-4.0,http://creativecommons.org/licenses/by/4.0/legalcode,redistribute_derivative_with_attribution_rights_review_passed
WBGBIF2026_E0094,WBGBIF2026_E0094_F01_uncropped,uncropped,model_inputs/images_uncropped/WBGBIF2026_E0094_F01_uncropped.jpg,true,1,1,809292439dcfc4abf272b23128696d60e65d632900c56d2353f08b6bdd597972,809292439dcfc4abf272b23128696d60e65d632900c56d2353f08b6bdd597972,CC-BY-4.0,http://creativecommons.org/licenses/by/4.0/legalcode,redistribute_derivative_with_attribution_rights_review_passed
WBGBIF2026_E0094,WBGBIF2026_E0094_F02_uncropped,uncropped,model_inputs/images_uncropped/WBGBIF2026_E0094_F02_uncropped.jpg,true,2,2,ccf0ae708f67a957890275125f109e64bf3f2551605be8c9a91f5eb275d190e4,ccf0ae708f67a957890275125f109e64bf3f2551605be8c9a91f5eb275d190e4,CC-BY-4.0,http://creativecommons.org/licenses/by/4.0/legalcode,redistribute_derivative_with_attribution_rights_review_passed
WBGBIF2026_E0094,WBGBIF2026_E0094_F03_uncropped,uncropped,model_inputs/images_uncropped/WBGBIF2026_E0094_F03_uncropped.jpg,true,3,3,d80d1cfd433a7dbab538e40acbe63b8a204613efcaf70393a3bbf853bda600f3,d80d1cfd433a7dbab538e40acbe63b8a204613efcaf70393a3bbf853bda600f3,CC-BY-4.0,http://creativecommons.org/licenses/by/4.0/legalcode,redistribute_derivative_with_attribution_rights_review_passed
WBGBIF2026_E0094,WBGBIF2026_E0094_F04_uncropped,uncropped,model_inputs/images_uncropped/WBGBIF2026_E0094_F04_uncropped.jpg,true,4,4,48b1dc0c5f4cf9cea807a429867ccc9a1ae7ae9dd1d639775f44713f6b4787b2,48b1dc0c5f4cf9cea807a429867ccc9a1ae7ae9dd1d639775f44713f6b4787b2,CC-BY-4.0,http://creativecommons.org/licenses/by/4.0/legalcode,redistribute_derivative_with_attribution_rights_review_passed
WBGBIF2026_E0095,WBGBIF2026_E0095_F00_uncropped,uncropped,model_inputs/images_uncropped/WBGBIF2026_E0095_F00_uncropped.jpg,true,0,0,74fd82f7980747a6b965baa205b3cbe4d8c8f73a8d893ce0419799e81f3aa70a,74fd82f7980747a6b965baa205b3cbe4d8c8f73a8d893ce0419799e81f3aa70a,CC-BY-4.0,http://creativecommons.org/licenses/by/4.0/legalcode,redistribute_derivative_with_attribution_rights_review_passed
WBGBIF2026_E0095,WBGBIF2026_E0095_F01_uncropped,uncropped,model_inputs/images_uncropped/WBGBIF2026_E0095_F01_uncropped.jpg,true,1,1,6751db78dd62a52ad2f5dd9837802251d5fdf8b0fa0e64e81ef36f5a3aa88066,6751db78dd62a52ad2f5dd9837802251d5fdf8b0fa0e64e81ef36f5a3aa88066,CC-BY-4.0,http://creativecommons.org/licenses/by/4.0/legalcode,redistribute_derivative_with_attribution_rights_review_passed
WBGBIF2026_E0095,WBGBIF2026_E0095_F02_uncropped,uncropped,model_inputs/images_uncropped/WBGBIF2026_E0095_F02_uncropped.jpg,true,2,2,249e89f784fc562128723c0ba96cecd9777faf1c16c5e405177a694cd4e44bc2,249e89f784fc562128723c0ba96cecd9777faf1c16c5e405177a694cd4e44bc2,CC-BY-4.0,http://creativecommons.org/licenses/by/4.0/legalcode,redistribute_derivative_with_attribution_rights_review_passed
WBGBIF2026_E0095,WBGBIF2026_E0095_F03_uncropped,uncropped,model_inputs/images_uncropped/WBGBIF2026_E0095_F03_uncropped.jpg,true,3,3,d58ec5735b0eeca0b6c452547e1a90e50b08f34715058bd194f11cc4f1e6d40f,d58ec5735b0eeca0b6c452547e1a90e50b08f34715058bd194f11cc4f1e6d40f,CC-BY-4.0,http://creativecommons.org/licenses/by/4.0/legalcode,redistribute_derivative_with_attribution_rights_review_passed
WBGBIF2026_E0095,WBGBIF2026_E0095_F04_uncropped,uncropped,model_inputs/images_uncropped/WBGBIF2026_E0095_F04_uncropped.jpg,true,4,4,a370344f67305064e43caf60f672f5e52dbb58b629cebb1fdf0fdd64cd1ea813,a370344f67305064e43caf60f672f5e52dbb58b629cebb1fdf0fdd64cd1ea813,CC-BY-4.0,http://creativecommons.org/licenses/by/4.0/legalcode,redistribute_derivative_with_attribution_rights_review_passed
WBGBIF2026_E0096,WBGBIF2026_E0096_F00_uncropped,uncropped,model_inputs/images_uncropped/WBGBIF2026_E0096_F00_uncropped.jpg,true,0,0,3168207aa0e0ac8fda945ebeec8c977c2d791c32eab93d99456bd207c4d8946f,3168207aa0e0ac8fda945ebeec8c977c2d791c32eab93d99456bd207c4d8946f,CC-BY-4.0,http://creativecommons.org/licenses/by/4.0/legalcode,redistribute_derivative_with_attribution_rights_review_passed
WBGBIF2026_E0096,WBGBIF2026_E0096_F01_uncropped,uncropped,model_inputs/images_uncropped/WBGBIF2026_E0096_F01_uncropped.jpg,true,1,1,f96218faf9c835a4f5b68e4a80a6f2bfbdac8a0548cfc90faced097dba9cef17,f96218faf9c835a4f5b68e4a80a6f2bfbdac8a0548cfc90faced097dba9cef17,CC-BY-4.0,http://creativecommons.org/licenses/by/4.0/legalcode,redistribute_derivative_with_attribution_rights_review_passed
WBGBIF2026_E0096,WBGBIF2026_E0096_F02_uncropped,uncropped,model_inputs/images_uncropped/WBGBIF2026_E0096_F02_uncropped.jpg,true,2,2,0c8fa2d95c115276ff2a7c4dabadd1852def6caf56136be16e5bf2cbf2b4189f,0c8fa2d95c115276ff2a7c4dabadd1852def6caf56136be16e5bf2cbf2b4189f,CC-BY-4.0,http://creativecommons.org/licenses/by/4.0/legalcode,redistribute_derivative_with_attribution_rights_review_passed
WBGBIF2026_E0096,WBGBIF2026_E0096_F03_uncropped,uncropped,model_inputs/images_uncropped/WBGBIF2026_E0096_F03_uncropped.jpg,true,3,3,cdd2e306dd22de9b1e1611a7f65af61c57b34e6ab7ce999dd117222daa213da1,cdd2e306dd22de9b1e1611a7f65af61c57b34e6ab7ce999dd117222daa213da1,CC-BY-4.0,http://creativecommons.org/licenses/by/4.0/legalcode,redistribute_derivative_with_attribution_rights_review_passed
WBGBIF2026_E0096,WBGBIF2026_E0096_F04_uncropped,uncropped,model_inputs/images_uncropped/WBGBIF2026_E0096_F04_uncropped.jpg,true,4,4,ee42107f084ed3650772842f0fb26e955d03f23632591605d60b0637b9d2774f,ee42107f084ed3650772842f0fb26e955d03f23632591605d60b0637b9d2774f,CC-BY-4.0,http://creativecommons.org/licenses/by/4.0/legalcode,redistribute_derivative_with_attribution_rights_review_passed
WBGBIF2026_E0103,WBGBIF2026_E0103_F00_uncropped,uncropped,model_inputs/images_uncropped/WBGBIF2026_E0103_F00_uncropped.jpg,true,0,0,e222a7dd218d6af1cc3cf1596aa6af358ae3e2383c9b67e1cb6c627e0d8f3626,e222a7dd218d6af1cc3cf1596aa6af358ae3e2383c9b67e1cb6c627e0d8f3626,CC0-1.0,http://creativecommons.org/publicdomain/zero/1.0/legalcode,redistribute_derivative_rights_review_passed
WBGBIF2026_E0103,WBGBIF2026_E0103_F01_uncropped,uncropped,model_inputs/images_uncropped/WBGBIF2026_E0103_F01_uncropped.jpg,true,1,1,f54db05adaed8eaaba78d6949d547a3d2dcf58ed2189e9bf2c7db095e91ef27f,f54db05adaed8eaaba78d6949d547a3d2dcf58ed2189e9bf2c7db095e91ef27f,CC0-1.0,http://creativecommons.org/publicdomain/zero/1.0/legalcode,redistribute_derivative_rights_review_passed
WBGBIF2026_E0103,WBGBIF2026_E0103_F02_uncropped,uncropped,model_inputs/images_uncropped/WBGBIF2026_E0103_F02_uncropped.jpg,true,2,2,c51675d0b2e444f080c9837a9d68f8a3323a75840ae07783041a5c8766772f85,c51675d0b2e444f080c9837a9d68f8a3323a75840ae07783041a5c8766772f85,CC0-1.0,http://creativecommons.org/publicdomain/zero/1.0/legalcode,redistribute_derivative_rights_review_passed
WBGBIF2026_E0103,WBGBIF2026_E0103_F03_uncropped,uncropped,model_inputs/images_uncropped/WBGBIF2026_E0103_F03_uncropped.jpg,true,3,3,620c893f234cc88f6839233d1523baadcfc91bc889a50d3ca7e99c9be922aa2f,620c893f234cc88f6839233d1523baadcfc91bc889a50d3ca7e99c9be922aa2f,CC0-1.0,http://creativecommons.org/publicdomain/zero/1.0/legalcode,redistribute_derivative_rights_review_passed
WBGBIF2026_E0103,WBGBIF2026_E0103_F04_uncropped,uncropped,model_inputs/images_uncropped/WBGBIF2026_E0103_F04_uncropped.jpg,true,4,4,244d5f077f5695b5e69f093a33eb726dbc6048c5be9f3ee470bb79943d6dabf4,244d5f077f5695b5e69f093a33eb726dbc6048c5be9f3ee470bb79943d6dabf4,CC0-1.0,http://creativecommons.org/publicdomain/zero/1.0/legalcode,redistribute_derivative_rights_review_passed
WBGBIF2026_E0104,WBGBIF2026_E0104_F00_uncropped,uncropped,model_inputs/images_uncropped/WBGBIF2026_E0104_F00_uncropped.jpg,true,0,0,e088c49f087d061899070cb87dced1055a9e874e6fc6e2f9ae1c1e8da8f11764,e088c49f087d061899070cb87dced1055a9e874e6fc6e2f9ae1c1e8da8f11764,CC0-1.0,http://creativecommons.org/publicdomain/zero/1.0/legalcode,redistribute_derivative_rights_review_passed
WBGBIF2026_E0104,WBGBIF2026_E0104_F01_uncropped,uncropped,model_inputs/images_uncropped/WBGBIF2026_E0104_F01_uncropped.jpg,true,1,1,f9f1dc6d981ab40a5c6caf5a2de553007a0087bcd5fa435bc0cf71cace9af19c,f9f1dc6d981ab40a5c6caf5a2de553007a0087bcd5fa435bc0cf71cace9af19c,CC0-1.0,http://creativecommons.org/publicdomain/zero/1.0/legalcode,redistribute_derivative_rights_review_passed
WBGBIF2026_E0104,WBGBIF2026_E0104_F02_uncropped,uncropped,model_inputs/images_uncropped/WBGBIF2026_E0104_F02_uncropped.jpg,true,2,2,5b323c1e0af4b7c7840e207e55c4745fdaa059fa3fdffd93c8ce67d2b97ac7cd,5b323c1e0af4b7c7840e207e55c4745fdaa059fa3fdffd93c8ce67d2b97ac7cd,CC0-1.0,http://creativecommons.org/publicdomain/zero/1.0/legalcode,redistribute_derivative_rights_review_passed
WBGBIF2026_E0104,WBGBIF2026_E0104_F03_uncropped,uncropped,model_inputs/images_uncropped/WBGBIF2026_E0104_F03_uncropped.jpg,true,3,3,4e41dac88c462a710f82f82d81b8c342a6f2fe06f01431b27ee5b02fb00bfadc,4e41dac88c462a710f82f82d81b8c342a6f2fe06f01431b27ee5b02fb00bfadc,CC0-1.0,http://creativecommons.org/publicdomain/zero/1.0/legalcode,redistribute_derivative_rights_review_passed
WBGBIF2026_E0104,WBGBIF2026_E0104_F04_uncropped,uncropped,model_inputs/images_uncropped/WBGBIF2026_E0104_F04_uncropped.jpg,true,4,4,ad42c163787672cd51ea313d3e3058e4a9b3987b70c80556e7bb47dda411fc0c,ad42c163787672cd51ea313d3e3058e4a9b3987b70c80556e7bb47dda411fc0c,CC0-1.0,http://creativecommons.org/publicdomain/zero/1.0/legalcode,redistribute_derivative_rights_review_passed
WBGBIF2026_E0105,WBGBIF2026_E0105_F00_uncropped,uncropped,model_inputs/images_uncropped/WBGBIF2026_E0105_F00_uncropped.jpg,true,0,0,724dbeb3ada9b0ee75448c0090b39ae750b0f5a0b7bde7f8fa7e9875b4360796,724dbeb3ada9b0ee75448c0090b39ae750b0f5a0b7bde7f8fa7e9875b4360796,CC0-1.0,http://creativecommons.org/publicdomain/zero/1.0/legalcode,redistribute_derivative_rights_review_passed
WBGBIF2026_E0105,WBGBIF2026_E0105_F01_uncropped,uncropped,model_inputs/images_uncropped/WBGBIF2026_E0105_F01_uncropped.jpg,true,1,1,b4c8dc206827f9215c32d5d9382443817188bcd69a9c24c3120f1943ded1362f,b4c8dc206827f9215c32d5d9382443817188bcd69a9c24c3120f1943ded1362f,CC0-1.0,http://creativecommons.org/publicdomain/zero/1.0/legalcode,redistribute_derivative_rights_review_passed
WBGBIF2026_E0105,WBGBIF2026_E0105_F02_uncropped,uncropped,model_inputs/images_uncropped/WBGBIF2026_E0105_F02_uncropped.jpg,true,2,2,4e8aeef5a69c4ec525e871196fbc433de6ca12f9e0b552e99bf80962d0a3852f,4e8aeef5a69c4ec525e871196fbc433de6ca12f9e0b552e99bf80962d0a3852f,CC0-1.0,http://creativecommons.org/publicdomain/zero/1.0/legalcode,redistribute_derivative_rights_review_passed
WBGBIF2026_E0105,WBGBIF2026_E0105_F03_uncropped,uncropped,model_inputs/images_uncropped/WBGBIF2026_E0105_F03_uncropped.jpg,true,3,3,40be724441e5d0d9430e182426fe69325b64f4d86269e8ad4f4ac2d16a8ea459,40be724441e5d0d9430e182426fe69325b64f4d86269e8ad4f4ac2d16a8ea459,CC0-1.0,http://creativecommons.org/publicdomain/zero/1.0/legalcode,redistribute_derivative_rights_review_passed
WBGBIF2026_E0105,WBGBIF2026_E0105_F04_uncropped,uncropped,model_inputs/images_uncropped/WBGBIF2026_E0105_F04_uncropped.jpg,true,4,4,e3fac0ef5a354c7ebb6310ee7e106e5e8d0ab8bab192a55a4625fe39d8a08452,e3fac0ef5a354c7ebb6310ee7e106e5e8d0ab8bab192a55a4625fe39d8a08452,CC0-1.0,http://creativecommons.org/publicdomain/zero/1.0/legalcode,redistribute_derivative_rights_review_passed
WBGBIF2026_E0106,WBGBIF2026_E0106_F00_uncropped,uncropped,model_inputs/images_uncropped/WBGBIF2026_E0106_F00_uncropped.jpg,true,0,0,4ce9b02ef89a8d1900ff54603882fa6fd498e2de8bc1df0f8bba0d984b23edde,4ce9b02ef89a8d1900ff54603882fa6fd498e2de8bc1df0f8bba0d984b23edde,CC0-1.0,http://creativecommons.org/publicdomain/zero/1.0/legalcode,redistribute_derivative_rights_review_passed
WBGBIF2026_E0106,WBGBIF2026_E0106_F01_uncropped,uncropped,model_inputs/images_uncropped/WBGBIF2026_E0106_F01_uncropped.jpg,true,1,1,68cba2ad31012828127fbeb827340b18126016073012d8e621f9722489cbf29b,68cba2ad31012828127fbeb827340b18126016073012d8e621f9722489cbf29b,CC0-1.0,http://creativecommons.org/publicdomain/zero/1.0/legalcode,redistribute_derivative_rights_review_passed
WBGBIF2026_E0107,WBGBIF2026_E0107_F00_uncropped,uncropped,model_inputs/images_uncropped/WBGBIF2026_E0107_F00_uncropped.jpg,true,0,0,220298ca9db8395dc76604e1dc583339189051c552be32c54e4c87146ba2b729,220298ca9db8395dc76604e1dc583339189051c552be32c54e4c87146ba2b729,CC0-1.0,http://creativecommons.org/publicdomain/zero/1.0/legalcode,redistribute_derivative_rights_review_passed
WBGBIF2026_E0107,WBGBIF2026_E0107_F01_uncropped,uncropped,model_inputs/images_uncropped/WBGBIF2026_E0107_F01_uncropped.jpg,true,1,1,2f7b48806c110cc3509f57cf06b5444752b5f6590e86a4126cb59ca0bf90adf3,2f7b48806c110cc3509f57cf06b5444752b5f6590e86a4126cb59ca0bf90adf3,CC0-1.0,http://creativecommons.org/publicdomain/zero/1.0/legalcode,redistribute_derivative_rights_review_passed
WBGBIF2026_E0107,WBGBIF2026_E0107_F02_uncropped,uncropped,model_inputs/images_uncropped/WBGBIF2026_E0107_F02_uncropped.jpg,true,2,2,510655c065b9ca83dece57f7dda801b6c7d457a8c1bd84ac00c11982279bd03a,510655c065b9ca83dece57f7dda801b6c7d457a8c1bd84ac00c11982279bd03a,CC0-1.0,http://creativecommons.org/publicdomain/zero/1.0/legalcode,redistribute_derivative_rights_review_passed
WBGBIF2026_E0107,WBGBIF2026_E0107_F03_uncropped,uncropped,model_inputs/images_uncropped/WBGBIF2026_E0107_F03_uncropped.jpg,true,3,3,8390c57df47bebc9a5741c4f30b020afa8f53cf62e853dfc9a5622753265e9ca,8390c57df47bebc9a5741c4f30b020afa8f53cf62e853dfc9a5622753265e9ca,CC0-1.0,http://creativecommons.org/publicdomain/zero/1.0/legalcode,redistribute_derivative_rights_review_passed
WBGBIF2026_E0107,WBGBIF2026_E0107_F04_uncropped,uncropped,model_inputs/images_uncropped/WBGBIF2026_E0107_F04_uncropped.jpg,true,4,4,92bf6f1aecacffde4c12ea85989a3069b0e78ef46798083f420785cb764afd4a,92bf6f1aecacffde4c12ea85989a3069b0e78ef46798083f420785cb764afd4a,CC0-1.0,http://creativecommons.org/publicdomain/zero/1.0/legalcode,redistribute_derivative_rights_review_passed
WBGBIF2026_E0108,WBGBIF2026_E0108_F00_uncropped,uncropped,model_inputs/images_uncropped/WBGBIF2026_E0108_F00_uncropped.jpg,true,0,0,d52c508388dbbd1ae9c6e876d272b57528faefbf5aee35a6644325b7d408db0d,d52c508388dbbd1ae9c6e876d272b57528faefbf5aee35a6644325b7d408db0d,CC0-1.0,http://creativecommons.org/publicdomain/zero/1.0/legalcode,redistribute_derivative_rights_review_passed
WBGBIF2026_E0108,WBGBIF2026_E0108_F01_uncropped,uncropped,model_inputs/images_uncropped/WBGBIF2026_E0108_F01_uncropped.jpg,true,1,1,82099078cb8d59263d881644e493c6dc51929bdd07155253b53102c6c066fceb,82099078cb8d59263d881644e493c6dc51929bdd07155253b53102c6c066fceb,CC0-1.0,http://creativecommons.org/publicdomain/zero/1.0/legalcode,redistribute_derivative_rights_review_passed
WBGBIF2026_E0108,WBGBIF2026_E0108_F02_uncropped,uncropped,model_inputs/images_uncropped/WBGBIF2026_E0108_F02_uncropped.jpg,true,2,2,45c40e70d74f86912c02426a038d1f6aa8bd465b4f02be499344d0e2711b64a8,45c40e70d74f86912c02426a038d1f6aa8bd465b4f02be499344d0e2711b64a8,CC0-1.0,http://creativecommons.org/publicdomain/zero/1.0/legalcode,redistribute_derivative_rights_review_passed
WBGBIF2026_E0108,WBGBIF2026_E0108_F03_uncropped,uncropped,model_inputs/images_uncropped/WBGBIF2026_E0108_F03_uncropped.jpg,true,3,3,ef2414a29f7c427efd7011663d53aa264e3baa6c7d08205e856e5a8e9c6476f7,ef2414a29f7c427efd7011663d53aa264e3baa6c7d08205e856e5a8e9c6476f7,CC0-1.0,http://creativecommons.org/publicdomain/zero/1.0/legalcode,redistribute_derivative_rights_review_passed
WBGBIF2026_E0108,WBGBIF2026_E0108_F04_uncropped,uncropped,model_inputs/images_uncropped/WBGBIF2026_E0108_F04_uncropped.jpg,true,4,4,bbf4befec62adf9edfa5704c802aef73679523ee0b7a103afffd37d8ec40343d,bbf4befec62adf9edfa5704c802aef73679523ee0b7a103afffd37d8ec40343d,CC0-1.0,http://creativecommons.org/publicdomain/zero/1.0/legalcode,redistribute_derivative_rights_review_passed
WBGBIF2026_E0109,WBGBIF2026_E0109_F00_uncropped,uncropped,model_inputs/images_uncropped/WBGBIF2026_E0109_F00_uncropped.jpg,true,0,0,cfbb03c4ea52bd9cfe35d4a774da165af3dc1fd2c75f33b73cd34b353e8c9bd5,cfbb03c4ea52bd9cfe35d4a774da165af3dc1fd2c75f33b73cd34b353e8c9bd5,CC0-1.0,http://creativecommons.org/publicdomain/zero/1.0/legalcode,redistribute_derivative_rights_review_passed
WBGBIF2026_E0109,WBGBIF2026_E0109_F01_uncropped,uncropped,model_inputs/images_uncropped/WBGBIF2026_E0109_F01_uncropped.jpg,true,1,1,2857b39a820bdc8dff1e05f562fdfa3014abe0608477ea52d27512e6bfd1e0b0,2857b39a820bdc8dff1e05f562fdfa3014abe0608477ea52d27512e6bfd1e0b0,CC0-1.0,http://creativecommons.org/publicdomain/zero/1.0/legalcode,redistribute_derivative_rights_review_passed
WBGBIF2026_E0109,WBGBIF2026_E0109_F02_uncropped,uncropped,model_inputs/images_uncropped/WBGBIF2026_E0109_F02_uncropped.jpg,true,2,2,7234fd00c4ddcdf87c5a69d24935eaf3673c7ba26b3bf6c26a60adb968158d3f,7234fd00c4ddcdf87c5a69d24935eaf3673c7ba26b3bf6c26a60adb968158d3f,CC0-1.0,http://creativecommons.org/publicdomain/zero/1.0/legalcode,redistribute_derivative_rights_review_passed
WBGBIF2026_E0110,WBGBIF2026_E0110_F00_uncropped,uncropped,model_inputs/images_uncropped/WBGBIF2026_E0110_F00_uncropped.jpg,true,0,0,9e48d7a4d673226cf954a0150dfde77abcc52c63f509b510fce438886f119d7a,9e48d7a4d673226cf954a0150dfde77abcc52c63f509b510fce438886f119d7a,CC0-1.0,http://creativecommons.org/publicdomain/zero/1.0/legalcode,redistribute_derivative_rights_review_passed
WBGBIF2026_E0110,WBGBIF2026_E0110_F01_uncropped,uncropped,model_inputs/images_uncropped/WBGBIF2026_E0110_F01_uncropped.jpg,true,1,1,1f65249aff361538915c2ed1ec91672f971eff6d0fdc02089a7df9ab4aa0d8a3,1f65249aff361538915c2ed1ec91672f971eff6d0fdc02089a7df9ab4aa0d8a3,CC0-1.0,http://creativecommons.org/publicdomain/zero/1.0/legalcode,redistribute_derivative_rights_review_passed
WBGBIF2026_E0110,WBGBIF2026_E0110_F02_uncropped,uncropped,model_inputs/images_uncropped/WBGBIF2026_E0110_F02_uncropped.jpg,true,2,2,a7f234388de71e01f9f4630b48e623681017dfa5d942477bc730a2c1967c9fab,a7f234388de71e01f9f4630b48e623681017dfa5d942477bc730a2c1967c9fab,CC0-1.0,http://creativecommons.org/publicdomain/zero/1.0/legalcode,redistribute_derivative_rights_review_passed
WBGBIF2026_E0111,WBGBIF2026_E0111_F00_uncropped,uncropped,model_inputs/images_uncropped/WBGBIF2026_E0111_F00_uncropped.jpg,true,0,0,367daf3f80b1dfa2fb4f7902b6a49855b8de32d14f2d40a876763cafcd45903b,367daf3f80b1dfa2fb4f7902b6a49855b8de32d14f2d40a876763cafcd45903b,CC0-1.0,http://creativecommons.org/publicdomain/zero/1.0/legalcode,redistribute_derivative_rights_review_passed
WBGBIF2026_E0111,WBGBIF2026_E0111_F01_uncropped,uncropped,model_inputs/images_uncropped/WBGBIF2026_E0111_F01_uncropped.jpg,true,1,1,33356b760a6169856f431c32241b40154f8a3bc387ab0073edf2e1267488aa44,33356b760a6169856f431c32241b40154f8a3bc387ab0073edf2e1267488aa44,CC0-1.0,http://creativecommons.org/publicdomain/zero/1.0/legalcode,redistribute_derivative_rights_review_passed
WBGBIF2026_E0111,WBGBIF2026_E0111_F02_uncropped,uncropped,model_inputs/images_uncropped/WBGBIF2026_E0111_F02_uncropped.jpg,true,2,2,43dcef293b1a5449a9752e10eac3557ba0af3eba6a917de0b58b66d6bd232e44,43dcef293b1a5449a9752e10eac3557ba0af3eba6a917de0b58b66d6bd232e44,CC0-1.0,http://creativecommons.org/publicdomain/zero/1.0/legalcode,redistribute_derivative_rights_review_passed
WBGBIF2026_E0112,WBGBIF2026_E0112_F00_uncropped,uncropped,model_inputs/images_uncropped/WBGBIF2026_E0112_F00_uncropped.jpg,true,0,0,ed54d712495961b17cacdd21da20b31c7908ea2a811af8b3f105eb513f634ae1,ed54d712495961b17cacdd21da20b31c7908ea2a811af8b3f105eb513f634ae1,CC0-1.0,http://creativecommons.org/publicdomain/zero/1.0/legalcode,redistribute_derivative_rights_review_passed
WBGBIF2026_E0112,WBGBIF2026_E0112_F01_uncropped,uncropped,model_inputs/images_uncropped/WBGBIF2026_E0112_F01_uncropped.jpg,true,1,1,c95c2bf685727089c1104da4dce169e09ba1bc258d0e9c72498564bc5fc0a535,c95c2bf685727089c1104da4dce169e09ba1bc258d0e9c72498564bc5fc0a535,CC0-1.0,http://creativecommons.org/publicdomain/zero/1.0/legalcode,redistribute_derivative_rights_review_passed
WBGBIF2026_E0112,WBGBIF2026_E0112_F02_uncropped,uncropped,model_inputs/images_uncropped/WBGBIF2026_E0112_F02_uncropped.jpg,true,2,2,073e7e33dbbb12f0f6c6ee06335730a3be1591de3c3fde8384d64cb19063a1ba,073e7e33dbbb12f0f6c6ee06335730a3be1591de3c3fde8384d64cb19063a1ba,CC0-1.0,http://creativecommons.org/publicdomain/zero/1.0/legalcode,redistribute_derivative_rights_review_passed
WBGBIF2026_E0112,WBGBIF2026_E0112_F03_uncropped,uncropped,model_inputs/images_uncropped/WBGBIF2026_E0112_F03_uncropped.jpg,true,3,3,8770a6d56ce4de3f6a7f6c0483abb9ccb77a9f2b76b11a8d1649ac091b0e65a6,8770a6d56ce4de3f6a7f6c0483abb9ccb77a9f2b76b11a8d1649ac091b0e65a6,CC0-1.0,http://creativecommons.org/publicdomain/zero/1.0/legalcode,redistribute_derivative_rights_review_passed
WBGBIF2026_E0112,WBGBIF2026_E0112_F04_uncropped,uncropped,model_inputs/images_uncropped/WBGBIF2026_E0112_F04_uncropped.jpg,true,4,4,bfeb8f19652b6f2c5e404c6721a7acb5a80edbbbaac26d4fb69893195a281a22,bfeb8f19652b6f2c5e404c6721a7acb5a80edbbbaac26d4fb69893195a281a22,CC0-1.0,http://creativecommons.org/publicdomain/zero/1.0/legalcode,redistribute_derivative_rights_review_passed
WBGBIF2026_E0113,WBGBIF2026_E0113_F00_uncropped,uncropped,model_inputs/images_uncropped/WBGBIF2026_E0113_F00_uncropped.jpg,true,0,0,b6423b5190c51fd2c590408594f87b878015cb989bf9969238f50dde288ccc9b,b6423b5190c51fd2c590408594f87b878015cb989bf9969238f50dde288ccc9b,CC0-1.0,http://creativecommons.org/publicdomain/zero/1.0/legalcode,redistribute_derivative_rights_review_passed
WBGBIF2026_E0113,WBGBIF2026_E0113_F01_uncropped,uncropped,model_inputs/images_uncropped/WBGBIF2026_E0113_F01_uncropped.jpg,true,1,1,f21a957b6f70ef08a40ebcaf299194b0bd56fd7c7794205924b1213774362a1a,f21a957b6f70ef08a40ebcaf299194b0bd56fd7c7794205924b1213774362a1a,CC0-1.0,http://creativecommons.org/publicdomain/zero/1.0/legalcode,redistribute_derivative_rights_review_passed
WBGBIF2026_E0113,WBGBIF2026_E0113_F02_uncropped,uncropped,model_inputs/images_uncropped/WBGBIF2026_E0113_F02_uncropped.jpg,true,2,2,1abe53a554a2699bb9ad0fb47cec110d6123fa029ab777252fa5806fd9d001a1,1abe53a554a2699bb9ad0fb47cec110d6123fa029ab777252fa5806fd9d001a1,CC0-1.0,http://creativecommons.org/publicdomain/zero/1.0/legalcode,redistribute_derivative_rights_review_passed
WBGBIF2026_E0113,WBGBIF2026_E0113_F03_uncropped,uncropped,model_inputs/images_uncropped/WBGBIF2026_E0113_F03_uncropped.jpg,true,3,3,fa36dd68fa81624a8feb743382468c817d7fa83c45478889fac5b6fd9d2f8174,fa36dd68fa81624a8feb743382468c817d7fa83c45478889fac5b6fd9d2f8174,CC0-1.0,http://creativecommons.org/publicdomain/zero/1.0/legalcode,redistribute_derivative_rights_review_passed
WBGBIF2026_E0113,WBGBIF2026_E0113_F04_uncropped,uncropped,model_inputs/images_uncropped/WBGBIF2026_E0113_F04_uncropped.jpg,true,4,4,7762b162cc5597e76a008cd93f6816dd22ed22457fd4d83c17a982db506b27e6,7762b162cc5597e76a008cd93f6816dd22ed22457fd4d83c17a982db506b27e6,CC0-1.0,http://creativecommons.org/publicdomain/zero/1.0/legalcode,redistribute_derivative_rights_review_passed
WBGBIF2026_E0114,WBGBIF2026_E0114_F00_uncropped,uncropped,model_inputs/images_uncropped/WBGBIF2026_E0114_F00_uncropped.jpg,true,0,0,f96ceb1a81b2874cbff793bee879b801e5c58af94a9cc81654481b32adc6b5ac,f96ceb1a81b2874cbff793bee879b801e5c58af94a9cc81654481b32adc6b5ac,CC0-1.0,http://creativecommons.org/publicdomain/zero/1.0/legalcode,redistribute_derivative_rights_review_passed
WBGBIF2026_E0114,WBGBIF2026_E0114_F01_uncropped,uncropped,model_inputs/images_uncropped/WBGBIF2026_E0114_F01_uncropped.jpg,true,1,2,b554a8300fe866b73fb19efa6885e4a09ba603624a94a9ec19b7ba0fa055d13a,b554a8300fe866b73fb19efa6885e4a09ba603624a94a9ec19b7ba0fa055d13a,CC0-1.0,http://creativecommons.org/publicdomain/zero/1.0/legalcode,redistribute_derivative_rights_review_passed
WBGBIF2026_E0114,WBGBIF2026_E0114_F02_uncropped,uncropped,model_inputs/images_uncropped/WBGBIF2026_E0114_F02_uncropped.jpg,true,2,4,20c017c154624dcb8726ea245c94c788ba1fd11f2a88ff208b2fb9753731cf97,20c017c154624dcb8726ea245c94c788ba1fd11f2a88ff208b2fb9753731cf97,CC0-1.0,http://creativecommons.org/publicdomain/zero/1.0/legalcode,redistribute_derivative_rights_review_passed
WBGBIF2026_E0114,WBGBIF2026_E0114_F03_uncropped,uncropped,model_inputs/images_uncropped/WBGBIF2026_E0114_F03_uncropped.jpg,true,3,6,d5da57c359df1544c42db99719a4141be86802fb2321323d940fc42f32b51584,d5da57c359df1544c42db99719a4141be86802fb2321323d940fc42f32b51584,CC0-1.0,http://creativecommons.org/publicdomain/zero/1.0/legalcode,redistribute_derivative_rights_review_passed
WBGBIF2026_E0114,WBGBIF2026_E0114_F04_uncropped,uncropped,model_inputs/images_uncropped/WBGBIF2026_E0114_F04_uncropped.jpg,true,4,8,d41accf5640d735544891037f0cd557a643dfbdaa5ca84543c8a0e816dd45a19,d41accf5640d735544891037f0cd557a643dfbdaa5ca84543c8a0e816dd45a19,CC0-1.0,http://creativecommons.org/publicdomain/zero/1.0/legalcode,redistribute_derivative_rights_review_passed
WBGBIF2026_E0115,WBGBIF2026_E0115_F00_uncropped,uncropped,model_inputs/images_uncropped/WBGBIF2026_E0115_F00_uncropped.jpg,true,0,0,8239d3eec49b1ddd51cf9c067c4a07e6ac5df7be3ca56d854f1409320a716014,8239d3eec49b1ddd51cf9c067c4a07e6ac5df7be3ca56d854f1409320a716014,CC0-1.0,http://creativecommons.org/publicdomain/zero/1.0/legalcode,redistribute_derivative_rights_review_passed
WBGBIF2026_E0115,WBGBIF2026_E0115_F01_uncropped,uncropped,model_inputs/images_uncropped/WBGBIF2026_E0115_F01_uncropped.jpg,true,1,1,76106fe550c8098980890733c77fe072ba7f50d82a99e181d4b302f3d2eeb7ee,76106fe550c8098980890733c77fe072ba7f50d82a99e181d4b302f3d2eeb7ee,CC0-1.0,http://creativecommons.org/publicdomain/zero/1.0/legalcode,redistribute_derivative_rights_review_passed
WBGBIF2026_E0116,WBGBIF2026_E0116_F00_uncropped,uncropped,model_inputs/images_uncropped/WBGBIF2026_E0116_F00_uncropped.jpg,true,0,0,21d87eeff8063de4a9cb1404bb1d99399d68f777f66820fdae7a52ba2f172c94,21d87eeff8063de4a9cb1404bb1d99399d68f777f66820fdae7a52ba2f172c94,CC0-1.0,http://creativecommons.org/publicdomain/zero/1.0/legalcode,redistribute_derivative_rights_review_passed
WBGBIF2026_E0116,WBGBIF2026_E0116_F01_uncropped,uncropped,model_inputs/images_uncropped/WBGBIF2026_E0116_F01_uncropped.jpg,true,1,1,22459af434b5e9714f083413352e4fd98da450811aeeedd4a727f5803e59a878,22459af434b5e9714f083413352e4fd98da450811aeeedd4a727f5803e59a878,CC0-1.0,http://creativecommons.org/publicdomain/zero/1.0/legalcode,redistribute_derivative_rights_review_passed
WBGBIF2026_E0117,WBGBIF2026_E0117_F00_uncropped,uncropped,model_inputs/images_uncropped/WBGBIF2026_E0117_F00_uncropped.jpg,true,0,0,2e6cc0e768fa33318ccc5622aab06ea1d0719126d36b11e7ac428635f870a0a4,2e6cc0e768fa33318ccc5622aab06ea1d0719126d36b11e7ac428635f870a0a4,CC0-1.0,http://creativecommons.org/publicdomain/zero/1.0/legalcode,redistribute_derivative_rights_review_passed
WBGBIF2026_E0117,WBGBIF2026_E0117_F01_uncropped,uncropped,model_inputs/images_uncropped/WBGBIF2026_E0117_F01_uncropped.jpg,true,1,1,aa33245ac8ea52941d2b7a45070cf4ebd4623486b4f7d71a65881b2d8d552a66,aa33245ac8ea52941d2b7a45070cf4ebd4623486b4f7d71a65881b2d8d552a66,CC0-1.0,http://creativecommons.org/publicdomain/zero/1.0/legalcode,redistribute_derivative_rights_review_passed
WBGBIF2026_E0118,WBGBIF2026_E0118_F00_uncropped,uncropped,model_inputs/images_uncropped/WBGBIF2026_E0118_F00_uncropped.jpg,true,0,0,0fb7abcce3bc7a60e9217706a1bedd872bddb8a2ad6a4d49156ea8bc72c8ab3f,0fb7abcce3bc7a60e9217706a1bedd872bddb8a2ad6a4d49156ea8bc72c8ab3f,CC0-1.0,http://creativecommons.org/publicdomain/zero/1.0/legalcode,redistribute_derivative_rights_review_passed
WBGBIF2026_E0118,WBGBIF2026_E0118_F01_uncropped,uncropped,model_inputs/images_uncropped/WBGBIF2026_E0118_F01_uncropped.jpg,true,1,1,9ca247a9c4b672c55bc5b6613c1b11be73b71361da166bf3c3c13ceb236c30e9,9ca247a9c4b672c55bc5b6613c1b11be73b71361da166bf3c3c13ceb236c30e9,CC0-1.0,http://creativecommons.org/publicdomain/zero/1.0/legalcode,redistribute_derivative_rights_review_passed
WBGBIF2026_E0119,WBGBIF2026_E0119_F00_uncropped,uncropped,model_inputs/images_uncropped/WBGBIF2026_E0119_F00_uncropped.jpg,true,0,0,834c970eebf19614fb506acf2a9a15d1ce6b3445a5d9d0cca2066e0cb9791fb9,834c970eebf19614fb506acf2a9a15d1ce6b3445a5d9d0cca2066e0cb9791fb9,CC0-1.0,http://creativecommons.org/publicdomain/zero/1.0/legalcode,redistribute_derivative_rights_review_passed
WBGBIF2026_E0119,WBGBIF2026_E0119_F01_uncropped,uncropped,model_inputs/images_uncropped/WBGBIF2026_E0119_F01_uncropped.jpg,true,1,1,d849ba9a3d78f941ebdcd259071e20b4d069fa6a07e798ee59bc3a9a1779bc44,d849ba9a3d78f941ebdcd259071e20b4d069fa6a07e798ee59bc3a9a1779bc44,CC0-1.0,http://creativecommons.org/publicdomain/zero/1.0/legalcode,redistribute_derivative_rights_review_passed
WBGBIF2026_E0120,WBGBIF2026_E0120_F00_uncropped,uncropped,model_inputs/images_uncropped/WBGBIF2026_E0120_F00_uncropped.jpg,true,0,0,73215de771f2d5272ebffa2103d2005507803470c37d07939fc6a2f84ead0bac,73215de771f2d5272ebffa2103d2005507803470c37d07939fc6a2f84ead0bac,CC0-1.0,http://creativecommons.org/publicdomain/zero/1.0/legalcode,redistribute_derivative_rights_review_passed
WBGBIF2026_E0120,WBGBIF2026_E0120_F01_uncropped,uncropped,model_inputs/images_uncropped/WBGBIF2026_E0120_F01_uncropped.jpg,true,1,1,c69163939365bc38af3b72eb3744aea660d28bd4c15f1bcc034c262ae51593f0,c69163939365bc38af3b72eb3744aea660d28bd4c15f1bcc034c262ae51593f0,CC0-1.0,http://creativecommons.org/publicdomain/zero/1.0/legalcode,redistribute_derivative_rights_review_passed
WBGBIF2026_E0127,WBGBIF2026_E0127_F00_uncropped,uncropped,model_inputs/images_uncropped/WBGBIF2026_E0127_F00_uncropped.jpg,true,0,0,8913284f19c000f7b03c875bb53ddfbe0d52b45f32e5ae1ee7a03f876d798e4b,8913284f19c000f7b03c875bb53ddfbe0d52b45f32e5ae1ee7a03f876d798e4b,CC0-1.0,http://creativecommons.org/publicdomain/zero/1.0/legalcode,redistribute_derivative_rights_review_passed
WBGBIF2026_E0127,WBGBIF2026_E0127_F01_uncropped,uncropped,model_inputs/images_uncropped/WBGBIF2026_E0127_F01_uncropped.jpg,true,1,1,7066afbc699bc5437a23a589aa08ea78375a4d933b9367645ccca61d7a0eccb0,7066afbc699bc5437a23a589aa08ea78375a4d933b9367645ccca61d7a0eccb0,CC0-1.0,http://creativecommons.org/publicdomain/zero/1.0/legalcode,redistribute_derivative_rights_review_passed
WBGBIF2026_E0128,WBGBIF2026_E0128_F00_uncropped,uncropped,model_inputs/images_uncropped/WBGBIF2026_E0128_F00_uncropped.jpg,true,0,0,c8cc4c920eb52946b5225e2e57a64b9e565990b434aaa45315e1f72fe1853569,c8cc4c920eb52946b5225e2e57a64b9e565990b434aaa45315e1f72fe1853569,CC0-1.0,http://creativecommons.org/publicdomain/zero/1.0/legalcode,redistribute_derivative_rights_review_passed
WBGBIF2026_E0128,WBGBIF2026_E0128_F01_uncropped,uncropped,model_inputs/images_uncropped/WBGBIF2026_E0128_F01_uncropped.jpg,true,1,1,a2e96af82df80c73b87564845983224383c9bf3475a616cb379501da6b1a2e42,a2e96af82df80c73b87564845983224383c9bf3475a616cb379501da6b1a2e42,CC0-1.0,http://creativecommons.org/publicdomain/zero/1.0/legalcode,redistribute_derivative_rights_review_passed
WBGBIF2026_E0129,WBGBIF2026_E0129_F00_uncropped,uncropped,model_inputs/images_uncropped/WBGBIF2026_E0129_F00_uncropped.jpg,true,0,0,8e4a0e364f22c96d9d367c90bacc6d0ab50d7af83cc2eb9252773f4f62559961,8e4a0e364f22c96d9d367c90bacc6d0ab50d7af83cc2eb9252773f4f62559961,CC0-1.0,http://creativecommons.org/publicdomain/zero/1.0/legalcode,redistribute_derivative_rights_review_passed
WBGBIF2026_E0129,WBGBIF2026_E0129_F01_uncropped,uncropped,model_inputs/images_uncropped/WBGBIF2026_E0129_F01_uncropped.jpg,true,1,1,b6c36089b4718d43a32cce3241b0d1a79868df65b6579637b3bf83ba0f2658ea,b6c36089b4718d43a32cce3241b0d1a79868df65b6579637b3bf83ba0f2658ea,CC0-1.0,http://creativecommons.org/publicdomain/zero/1.0/legalcode,redistribute_derivative_rights_review_passed
WBGBIF2026_E0130,WBGBIF2026_E0130_F00_uncropped,uncropped,model_inputs/images_uncropped/WBGBIF2026_E0130_F00_uncropped.jpg,true,0,0,5bd2742270248a14d905786b0886c8687b3d7e24b9042f3a562e47b17c6e1123,5bd2742270248a14d905786b0886c8687b3d7e24b9042f3a562e47b17c6e1123,CC0-1.0,http://creativecommons.org/publicdomain/zero/1.0/legalcode,redistribute_derivative_rights_review_passed
WBGBIF2026_E0130,WBGBIF2026_E0130_F01_uncropped,uncropped,model_inputs/images_uncropped/WBGBIF2026_E0130_F01_uncropped.jpg,true,1,1,9541505fb93db043fe1d30f117f75a82fdff2ac1c2a005e8a0f14de8ec9a9c0c,9541505fb93db043fe1d30f117f75a82fdff2ac1c2a005e8a0f14de8ec9a9c0c,CC0-1.0,http://creativecommons.org/publicdomain/zero/1.0/legalcode,redistribute_derivative_rights_review_passed
WBGBIF2026_E0131,WBGBIF2026_E0131_F00_uncropped,uncropped,model_inputs/images_uncropped/WBGBIF2026_E0131_F00_uncropped.jpg,true,0,0,a169ac96336e3ab3b41ff04f9e67ff072134435706a1e3b2ff3097aa36d0cd30,a169ac96336e3ab3b41ff04f9e67ff072134435706a1e3b2ff3097aa36d0cd30,CC0-1.0,http://creativecommons.org/publicdomain/zero/1.0/legalcode,redistribute_derivative_rights_review_passed
WBGBIF2026_E0131,WBGBIF2026_E0131_F01_uncropped,uncropped,model_inputs/images_uncropped/WBGBIF2026_E0131_F01_uncropped.jpg,true,1,1,ec0c7f17b074ad7a3273e10d1953d17b4ba40f952fbc1d14406fd2501920fe8b,ec0c7f17b074ad7a3273e10d1953d17b4ba40f952fbc1d14406fd2501920fe8b,CC0-1.0,http://creativecommons.org/publicdomain/zero/1.0/legalcode,redistribute_derivative_rights_review_passed
WBGBIF2026_E0132,WBGBIF2026_E0132_F00_uncropped,uncropped,model_inputs/images_uncropped/WBGBIF2026_E0132_F00_uncropped.jpg,true,0,0,208545c658d471daccda4f136081367ea9d5051f0f298e30c1674f1f32bf8f9a,208545c658d471daccda4f136081367ea9d5051f0f298e30c1674f1f32bf8f9a,CC0-1.0,http://creativecommons.org/publicdomain/zero/1.0/legalcode,redistribute_derivative_rights_review_passed
WBGBIF2026_E0132,WBGBIF2026_E0132_F01_uncropped,uncropped,model_inputs/images_uncropped/WBGBIF2026_E0132_F01_uncropped.jpg,true,1,1,4b8011fd379533730ed173dfcd6cbcf8ed3f7e34ef3c579bdde27766fa15ec18,4b8011fd379533730ed173dfcd6cbcf8ed3f7e34ef3c579bdde27766fa15ec18,CC0-1.0,http://creativecommons.org/publicdomain/zero/1.0/legalcode,redistribute_derivative_rights_review_passed
WBGBIF2026_E0132,WBGBIF2026_E0132_F02_uncropped,uncropped,model_inputs/images_uncropped/WBGBIF2026_E0132_F02_uncropped.jpg,true,2,2,d9831ce7a866eaa5205c6d454a7d9d792f532c062b5c1e520de8475d947a6d9f,d9831ce7a866eaa5205c6d454a7d9d792f532c062b5c1e520de8475d947a6d9f,CC0-1.0,http://creativecommons.org/publicdomain/zero/1.0/legalcode,redistribute_derivative_rights_review_passed
WBGBIF2026_E0132,WBGBIF2026_E0132_F03_uncropped,uncropped,model_inputs/images_uncropped/WBGBIF2026_E0132_F03_uncropped.jpg,true,3,3,ce71e7da8a243c06d10fbceb99fd8b21c9dc4a206eac4bb8ec02586f7a7f816f,ce71e7da8a243c06d10fbceb99fd8b21c9dc4a206eac4bb8ec02586f7a7f816f,CC0-1.0,http://creativecommons.org/publicdomain/zero/1.0/legalcode,redistribute_derivative_rights_review_passed
WBGBIF2026_E0132,WBGBIF2026_E0132_F04_uncropped,uncropped,model_inputs/images_uncropped/WBGBIF2026_E0132_F04_uncropped.jpg,true,4,4,f04b396763fcb8bef8042f53d5e3a806e911796fc9944d274090e894d982ad31,f04b396763fcb8bef8042f53d5e3a806e911796fc9944d274090e894d982ad31,CC0-1.0,http://creativecommons.org/publicdomain/zero/1.0/legalcode,redistribute_derivative_rights_review_passed
WBGBIF2026_E0136,WBGBIF2026_E0136_F00_uncropped,uncropped,model_inputs/images_uncropped/WBGBIF2026_E0136_F00_uncropped.jpg,true,0,0,59e649a407ecd0a54d1bef1034257aac88aefea82deba2f9ab139db34dadd490,59e649a407ecd0a54d1bef1034257aac88aefea82deba2f9ab139db34dadd490,CC-BY-4.0,http://creativecommons.org/licenses/by/4.0/legalcode,redistribute_derivative_with_attribution_rights_review_passed
WBGBIF2026_E0136,WBGBIF2026_E0136_F01_uncropped,uncropped,model_inputs/images_uncropped/WBGBIF2026_E0136_F01_uncropped.jpg,true,1,1,d98510a9392d2e919c3d50390110bd9a69e1b0882cf232f47bcac0930624e5a0,d98510a9392d2e919c3d50390110bd9a69e1b0882cf232f47bcac0930624e5a0,CC-BY-4.0,http://creativecommons.org/licenses/by/4.0/legalcode,redistribute_derivative_with_attribution_rights_review_passed
WBGBIF2026_E0136,WBGBIF2026_E0136_F02_uncropped,uncropped,model_inputs/images_uncropped/WBGBIF2026_E0136_F02_uncropped.jpg,true,2,2,2fa732e94e035e79ced288c31b9e0c157021bcc1688b5d342defdc4cd39b5bfb,2fa732e94e035e79ced288c31b9e0c157021bcc1688b5d342defdc4cd39b5bfb,CC-BY-4.0,http://creativecommons.org/licenses/by/4.0/legalcode,redistribute_derivative_with_attribution_rights_review_passed
WBGBIF2026_E0136,WBGBIF2026_E0136_F03_uncropped,uncropped,model_inputs/images_uncropped/WBGBIF2026_E0136_F03_uncropped.jpg,true,3,3,276e47beffd5888c39fb4f2790ae9c9a55f1d96ec5fdfbabc01371c1e7c10479,276e47beffd5888c39fb4f2790ae9c9a55f1d96ec5fdfbabc01371c1e7c10479,CC-BY-4.0,http://creativecommons.org/licenses/by/4.0/legalcode,redistribute_derivative_with_attribution_rights_review_passed
WBGBIF2026_E0136,WBGBIF2026_E0136_F04_uncropped,uncropped,model_inputs/images_uncropped/WBGBIF2026_E0136_F04_uncropped.jpg,true,4,4,6323735d33a2d4fd35310b2da360c831146bd0d3a3582677a5f29e65719e5d83,6323735d33a2d4fd35310b2da360c831146bd0d3a3582677a5f29e65719e5d83,CC-BY-4.0,http://creativecommons.org/licenses/by/4.0/legalcode,redistribute_derivative_with_attribution_rights_review_passed
WBGBIF2026_E0137,WBGBIF2026_E0137_F00_uncropped,uncropped,model_inputs/images_uncropped/WBGBIF2026_E0137_F00_uncropped.jpg,true,0,0,c25d5afaa6581c56e5329ba3f65abc1b987f868ec198bcfcc633ddec13a90ce7,c25d5afaa6581c56e5329ba3f65abc1b987f868ec198bcfcc633ddec13a90ce7,CC-BY-4.0,http://creativecommons.org/licenses/by/4.0/legalcode,redistribute_derivative_with_attribution_rights_review_passed
WBGBIF2026_E0137,WBGBIF2026_E0137_F01_uncropped,uncropped,model_inputs/images_uncropped/WBGBIF2026_E0137_F01_uncropped.jpg,true,1,1,d62b4be94d4b160b6dc8a4952513a35e8a0cf35b2424c81d10cf9236ee7f9702,d62b4be94d4b160b6dc8a4952513a35e8a0cf35b2424c81d10cf9236ee7f9702,CC-BY-4.0,http://creativecommons.org/licenses/by/4.0/legalcode,redistribute_derivative_with_attribution_rights_review_passed
WBGBIF2026_E0137,WBGBIF2026_E0137_F02_uncropped,uncropped,model_inputs/images_uncropped/WBGBIF2026_E0137_F02_uncropped.jpg,true,2,2,5d074da2c9c79866309e8e1ea1283df59995f27237443a1f31ea4d29b4c0962b,5d074da2c9c79866309e8e1ea1283df59995f27237443a1f31ea4d29b4c0962b,CC-BY-4.0,http://creativecommons.org/licenses/by/4.0/legalcode,redistribute_derivative_with_attribution_rights_review_passed
WBGBIF2026_E0137,WBGBIF2026_E0137_F03_uncropped,uncropped,model_inputs/images_uncropped/WBGBIF2026_E0137_F03_uncropped.jpg,true,3,3,e247176a666a4d0b8961110cbaeba501ac466bef5190e2829ca5a789807029aa,e247176a666a4d0b8961110cbaeba501ac466bef5190e2829ca5a789807029aa,CC-BY-4.0,http://creativecommons.org/licenses/by/4.0/legalcode,redistribute_derivative_with_attribution_rights_review_passed
WBGBIF2026_E0137,WBGBIF2026_E0137_F04_uncropped,uncropped,model_inputs/images_uncropped/WBGBIF2026_E0137_F04_uncropped.jpg,true,4,4,427553573763f269fac9aae397825c2fd2c3b7c13466e29fa3ca83683fe6f32f,427553573763f269fac9aae397825c2fd2c3b7c13466e29fa3ca83683fe6f32f,CC-BY-4.0,http://creativecommons.org/licenses/by/4.0/legalcode,redistribute_derivative_with_attribution_rights_review_passed
WBGBIF2026_E0138,WBGBIF2026_E0138_F00_uncropped,uncropped,model_inputs/images_uncropped/WBGBIF2026_E0138_F00_uncropped.jpg,true,0,0,f728e7ca2605e4d52bb2000f7cd1d57a4e597f4bfc1a751889518ca5220790b9,f728e7ca2605e4d52bb2000f7cd1d57a4e597f4bfc1a751889518ca5220790b9,CC-BY-4.0,http://creativecommons.org/licenses/by/4.0/legalcode,redistribute_derivative_with_attribution_rights_review_passed
WBGBIF2026_E0138,WBGBIF2026_E0138_F01_uncropped,uncropped,model_inputs/images_uncropped/WBGBIF2026_E0138_F01_uncropped.jpg,true,1,1,be60ff7efa61a39656abc5ba0e556d2939656fb8af85f9a16cff3edc19c8c262,be60ff7efa61a39656abc5ba0e556d2939656fb8af85f9a16cff3edc19c8c262,CC-BY-4.0,http://creativecommons.org/licenses/by/4.0/legalcode,redistribute_derivative_with_attribution_rights_review_passed
WBGBIF2026_E0138,WBGBIF2026_E0138_F02_uncropped,uncropped,model_inputs/images_uncropped/WBGBIF2026_E0138_F02_uncropped.jpg,true,2,2,8489af51fbbe3d5276f22d0a91d84fcef994c3136fbab9c161cb12788007a1d5,8489af51fbbe3d5276f22d0a91d84fcef994c3136fbab9c161cb12788007a1d5,CC-BY-4.0,http://creativecommons.org/licenses/by/4.0/legalcode,redistribute_derivative_with_attribution_rights_review_passed
WBGBIF2026_E0138,WBGBIF2026_E0138_F03_uncropped,uncropped,model_inputs/images_uncropped/WBGBIF2026_E0138_F03_uncropped.jpg,true,3,3,2ee654f67bfa04ca0e10ffcccfc5e9b4320192798c2ef911b8f5b4ed48e58322,2ee654f67bfa04ca0e10ffcccfc5e9b4320192798c2ef911b8f5b4ed48e58322,CC-BY-4.0,http://creativecommons.org/licenses/by/4.0/legalcode,redistribute_derivative_with_attribution_rights_review_passed
WBGBIF2026_E0138,WBGBIF2026_E0138_F04_uncropped,uncropped,model_inputs/images_uncropped/WBGBIF2026_E0138_F04_uncropped.jpg,true,4,4,49821bd46b71476c0dbb62c3ba5403a746be73a966437191eab81011df9c3563,49821bd46b71476c0dbb62c3ba5403a746be73a966437191eab81011df9c3563,CC-BY-4.0,http://creativecommons.org/licenses/by/4.0/legalcode,redistribute_derivative_with_attribution_rights_review_passed
WBGBIF2026_E0139,WBGBIF2026_E0139_F00_uncropped,uncropped,model_inputs/images_uncropped/WBGBIF2026_E0139_F00_uncropped.jpg,true,0,0,f960b758ec145c87ad938c203fc42a643053b3d40426d46df19cb670ff550e96,f960b758ec145c87ad938c203fc42a643053b3d40426d46df19cb670ff550e96,CC-BY-4.0,http://creativecommons.org/licenses/by/4.0/legalcode,redistribute_derivative_with_attribution_rights_review_passed
WBGBIF2026_E0139,WBGBIF2026_E0139_F01_uncropped,uncropped,model_inputs/images_uncropped/WBGBIF2026_E0139_F01_uncropped.jpg,true,1,1,fd0cc0add3b0315111b691156a3dccc0c41bfa40289f39e640312225468b4492,fd0cc0add3b0315111b691156a3dccc0c41bfa40289f39e640312225468b4492,CC-BY-4.0,http://creativecommons.org/licenses/by/4.0/legalcode,redistribute_derivative_with_attribution_rights_review_passed
WBGBIF2026_E0139,WBGBIF2026_E0139_F02_uncropped,uncropped,model_inputs/images_uncropped/WBGBIF2026_E0139_F02_uncropped.jpg,true,2,2,db7cccf5f1dca9eb60a0091c4e510e2d269b9a461d8cc108599c57405f8e876f,db7cccf5f1dca9eb60a0091c4e510e2d269b9a461d8cc108599c57405f8e876f,CC-BY-4.0,http://creativecommons.org/licenses/by/4.0/legalcode,redistribute_derivative_with_attribution_rights_review_passed
WBGBIF2026_E0139,WBGBIF2026_E0139_F03_uncropped,uncropped,model_inputs/images_uncropped/WBGBIF2026_E0139_F03_uncropped.jpg,true,3,3,ac1b621c3c1bea214b8fe9f8dd0cb85b1db2139ca3059c4e52384ba00b8f8eb7,ac1b621c3c1bea214b8fe9f8dd0cb85b1db2139ca3059c4e52384ba00b8f8eb7,CC-BY-4.0,http://creativecommons.org/licenses/by/4.0/legalcode,redistribute_derivative_with_attribution_rights_review_passed
WBGBIF2026_E0139,WBGBIF2026_E0139_F04_uncropped,uncropped,model_inputs/images_uncropped/WBGBIF2026_E0139_F04_uncropped.jpg,true,4,4,9e8523c1ad62764e32aa56ddf8091067e917b0da0d74fdf2a69c710cb7d172b6,9e8523c1ad62764e32aa56ddf8091067e917b0da0d74fdf2a69c710cb7d172b6,CC-BY-4.0,http://creativecommons.org/licenses/by/4.0/legalcode,redistribute_derivative_with_attribution_rights_review_passed
WBGBIF2026_E0140,WBGBIF2026_E0140_F00_uncropped,uncropped,model_inputs/images_uncropped/WBGBIF2026_E0140_F00_uncropped.jpg,true,0,0,b1a92f61b9f6be9e20555c5b0a102b90f0fcb56a16523f9fb3955c2163238f2d,b1a92f61b9f6be9e20555c5b0a102b90f0fcb56a16523f9fb3955c2163238f2d,CC-BY-4.0,http://creativecommons.org/licenses/by/4.0/legalcode,redistribute_derivative_with_attribution_rights_review_passed
WBGBIF2026_E0140,WBGBIF2026_E0140_F01_uncropped,uncropped,model_inputs/images_uncropped/WBGBIF2026_E0140_F01_uncropped.jpg,true,1,1,d184e4754b3e7decad60d1f6a8dd88e784974679fd0897032df6b3a0a371eec2,d184e4754b3e7decad60d1f6a8dd88e784974679fd0897032df6b3a0a371eec2,CC-BY-4.0,http://creativecommons.org/licenses/by/4.0/legalcode,redistribute_derivative_with_attribution_rights_review_passed
WBGBIF2026_E0140,WBGBIF2026_E0140_F02_uncropped,uncropped,model_inputs/images_uncropped/WBGBIF2026_E0140_F02_uncropped.jpg,true,2,2,aed07d28f6cd7b437462f3e48db79d75bbcb842b248705a29e5c47eb5eb855b6,aed07d28f6cd7b437462f3e48db79d75bbcb842b248705a29e5c47eb5eb855b6,CC-BY-4.0,http://creativecommons.org/licenses/by/4.0/legalcode,redistribute_derivative_with_attribution_rights_review_passed
WBGBIF2026_E0140,WBGBIF2026_E0140_F03_uncropped,uncropped,model_inputs/images_uncropped/WBGBIF2026_E0140_F03_uncropped.jpg,true,3,3,b4132244fe842ee65696ba8cc74fbebc6a75f2a55ce36f9a58a4beee57b3b1b4,b4132244fe842ee65696ba8cc74fbebc6a75f2a55ce36f9a58a4beee57b3b1b4,CC-BY-4.0,http://creativecommons.org/licenses/by/4.0/legalcode,redistribute_derivative_with_attribution_rights_review_passed
WBGBIF2026_E0140,WBGBIF2026_E0140_F04_uncropped,uncropped,model_inputs/images_uncropped/WBGBIF2026_E0140_F04_uncropped.jpg,true,4,4,a17943a3a8c0e77400cbce158f85ae0b79d6c353435fb52bf770ee5247d8bbbc,a17943a3a8c0e77400cbce158f85ae0b79d6c353435fb52bf770ee5247d8bbbc,CC-BY-4.0,http://creativecommons.org/licenses/by/4.0/legalcode,redistribute_derivative_with_attribution_rights_review_passed
WBGBIF2026_E0141,WBGBIF2026_E0141_F00_uncropped,uncropped,model_inputs/images_uncropped/WBGBIF2026_E0141_F00_uncropped.jpg,true,0,0,1c334273c4619af9800d0cf17a69800c3f6af792de541d6b64c533691fbc3294,1c334273c4619af9800d0cf17a69800c3f6af792de541d6b64c533691fbc3294,CC-BY-4.0,http://creativecommons.org/licenses/by/4.0/legalcode,redistribute_derivative_with_attribution_rights_review_passed
WBGBIF2026_E0141,WBGBIF2026_E0141_F01_uncropped,uncropped,model_inputs/images_uncropped/WBGBIF2026_E0141_F01_uncropped.jpg,true,1,1,dd1bce125fcb552c48b5b53aed76d728e0823161038a1df2aca2e3682be44a41,dd1bce125fcb552c48b5b53aed76d728e0823161038a1df2aca2e3682be44a41,CC-BY-4.0,http://creativecommons.org/licenses/by/4.0/legalcode,redistribute_derivative_with_attribution_rights_review_passed
WBGBIF2026_E0141,WBGBIF2026_E0141_F02_uncropped,uncropped,model_inputs/images_uncropped/WBGBIF2026_E0141_F02_uncropped.jpg,true,2,2,292277af9fc2226a92a852d99b35e950f47a6c62f1487a8a9e1781742e8c04d1,292277af9fc2226a92a852d99b35e950f47a6c62f1487a8a9e1781742e8c04d1,CC-BY-4.0,http://creativecommons.org/licenses/by/4.0/legalcode,redistribute_derivative_with_attribution_rights_review_passed
WBGBIF2026_E0141,WBGBIF2026_E0141_F03_uncropped,uncropped,model_inputs/images_uncropped/WBGBIF2026_E0141_F03_uncropped.jpg,true,3,3,98852b27a8ae0ae5e3848e01f15311f4a454e87d62758d69f0cdefd18bf14782,98852b27a8ae0ae5e3848e01f15311f4a454e87d62758d69f0cdefd18bf14782,CC-BY-4.0,http://creativecommons.org/licenses/by/4.0/legalcode,redistribute_derivative_with_attribution_rights_review_passed
WBGBIF2026_E0141,WBGBIF2026_E0141_F04_uncropped,uncropped,model_inputs/images_uncropped/WBGBIF2026_E0141_F04_uncropped.jpg,true,4,4,50a54a97eb0fea0927c7f7f034479541303c280d2f9e7cd12adf450ed80c63d7,50a54a97eb0fea0927c7f7f034479541303c280d2f9e7cd12adf450ed80c63d7,CC-BY-4.0,http://creativecommons.org/licenses/by/4.0/legalcode,redistribute_derivative_with_attribution_rights_review_passed
WBGBIF2026_E0142,WBGBIF2026_E0142_F00_uncropped,uncropped,model_inputs/images_uncropped/WBGBIF2026_E0142_F00_uncropped.jpg,true,0,0,991e71382fc428ff3e66479ed78d7bee39e76bcfc88fd9a748bf48547250ef20,991e71382fc428ff3e66479ed78d7bee39e76bcfc88fd9a748bf48547250ef20,CC0-1.0,http://creativecommons.org/publicdomain/zero/1.0/legalcode,redistribute_derivative_rights_review_passed
WBGBIF2026_E0142,WBGBIF2026_E0142_F01_uncropped,uncropped,model_inputs/images_uncropped/WBGBIF2026_E0142_F01_uncropped.jpg,true,1,1,f59f1801cdbf9c5cafec29f1ae26f7e54c075f96cd68098aca5fca194d51a777,f59f1801cdbf9c5cafec29f1ae26f7e54c075f96cd68098aca5fca194d51a777,CC0-1.0,http://creativecommons.org/publicdomain/zero/1.0/legalcode,redistribute_derivative_rights_review_passed
WBGBIF2026_E0142,WBGBIF2026_E0142_F02_uncropped,uncropped,model_inputs/images_uncropped/WBGBIF2026_E0142_F02_uncropped.jpg,true,2,2,3b9e14df8f8fb790e7b8cf3b7cedd92e57843681021498d990b1edceba7e1fb2,3b9e14df8f8fb790e7b8cf3b7cedd92e57843681021498d990b1edceba7e1fb2,CC0-1.0,http://creativecommons.org/publicdomain/zero/1.0/legalcode,redistribute_derivative_rights_review_passed
WBGBIF2026_E0142,WBGBIF2026_E0142_F03_uncropped,uncropped,model_inputs/images_uncropped/WBGBIF2026_E0142_F03_uncropped.jpg,true,3,3,20ebb2357f1af04b0d0fff0e9cd95a877e8eec45c43e51b992136cf36dd9face,20ebb2357f1af04b0d0fff0e9cd95a877e8eec45c43e51b992136cf36dd9face,CC0-1.0,http://creativecommons.org/publicdomain/zero/1.0/legalcode,redistribute_derivative_rights_review_passed
WBGBIF2026_E0142,WBGBIF2026_E0142_F04_uncropped,uncropped,model_inputs/images_uncropped/WBGBIF2026_E0142_F04_uncropped.jpg,true,4,4,e6f35a47c03ca60fe2406a93c7980e9673b3b997ee09a4e062bd8b3c726b8c59,e6f35a47c03ca60fe2406a93c7980e9673b3b997ee09a4e062bd8b3c726b8c59,CC0-1.0,http://creativecommons.org/publicdomain/zero/1.0/legalcode,redistribute_derivative_rights_review_passed
WBGBIF2026_E0143,WBGBIF2026_E0143_F00_uncropped,uncropped,model_inputs/images_uncropped/WBGBIF2026_E0143_F00_uncropped.jpg,true,0,0,ab56f93a4904012b67c75153048e0a59024eea28d12bf9feb9de3599cfb8124b,ab56f93a4904012b67c75153048e0a59024eea28d12bf9feb9de3599cfb8124b,CC0-1.0,http://creativecommons.org/publicdomain/zero/1.0/legalcode,redistribute_derivative_rights_review_passed
WBGBIF2026_E0143,WBGBIF2026_E0143_F01_uncropped,uncropped,model_inputs/images_uncropped/WBGBIF2026_E0143_F01_uncropped.jpg,true,1,1,cda967927772415f0d6ff855ea7fe323edb3bd03b694f5d83680f86a9b02fd11,cda967927772415f0d6ff855ea7fe323edb3bd03b694f5d83680f86a9b02fd11,CC0-1.0,http://creativecommons.org/publicdomain/zero/1.0/legalcode,redistribute_derivative_rights_review_passed
WBGBIF2026_E0144,WBGBIF2026_E0144_F00_uncropped,uncropped,model_inputs/images_uncropped/WBGBIF2026_E0144_F00_uncropped.jpg,true,0,0,23b036c4946701b885fc5ca54c844d46234867029d854eb1a87ea5a18f789d50,23b036c4946701b885fc5ca54c844d46234867029d854eb1a87ea5a18f789d50,CC0-1.0,http://creativecommons.org/publicdomain/zero/1.0/legalcode,redistribute_derivative_rights_review_passed
WBGBIF2026_E0144,WBGBIF2026_E0144_F01_uncropped,uncropped,model_inputs/images_uncropped/WBGBIF2026_E0144_F01_uncropped.jpg,true,1,1,a0def1e437ddc82f3d28614c8dd7e71c50ab304640c1ac15867fd469cdb44a86,a0def1e437ddc82f3d28614c8dd7e71c50ab304640c1ac15867fd469cdb44a86,CC0-1.0,http://creativecommons.org/publicdomain/zero/1.0/legalcode,redistribute_derivative_rights_review_passed
WBGBIF2026_E0144,WBGBIF2026_E0144_F02_uncropped,uncropped,model_inputs/images_uncropped/WBGBIF2026_E0144_F02_uncropped.jpg,true,2,2,2d104640949f058b3708ccfc94dc494d64e738ce5bbb7a413e37fbd6e4edccca,2d104640949f058b3708ccfc94dc494d64e738ce5bbb7a413e37fbd6e4edccca,CC0-1.0,http://creativecommons.org/publicdomain/zero/1.0/legalcode,redistribute_derivative_rights_review_passed
WBGBIF2026_E0144,WBGBIF2026_E0144_F03_uncropped,uncropped,model_inputs/images_uncropped/WBGBIF2026_E0144_F03_uncropped.jpg,true,3,3,c6bb7a02310e9d0a3fc4d447bcff40ded1739dd953372f130277d4969784df83,c6bb7a02310e9d0a3fc4d447bcff40ded1739dd953372f130277d4969784df83,CC0-1.0,http://creativecommons.org/publicdomain/zero/1.0/legalcode,redistribute_derivative_rights_review_passed
WBGBIF2026_E0144,WBGBIF2026_E0144_F04_uncropped,uncropped,model_inputs/images_uncropped/WBGBIF2026_E0144_F04_uncropped.jpg,true,4,4,b8ecde9383dc689d40d049be3b87730c9cee5384a6263dea1f174c4dc3662a5b,b8ecde9383dc689d40d049be3b87730c9cee5384a6263dea1f174c4dc3662a5b,CC0-1.0,http://creativecommons.org/publicdomain/zero/1.0/legalcode,redistribute_derivative_rights_review_passed
WBGBIF2026_E0151,WBGBIF2026_E0151_F00_uncropped,uncropped,model_inputs/images_uncropped/WBGBIF2026_E0151_F00_uncropped.jpg,true,0,0,ae8c1ca8610e4d9d82f89495733806621c1a4002bf4c9fa6930dc1900b469e33,ae8c1ca8610e4d9d82f89495733806621c1a4002bf4c9fa6930dc1900b469e33,CC0-1.0,http://creativecommons.org/publicdomain/zero/1.0/legalcode,redistribute_derivative_rights_review_passed
WBGBIF2026_E0151,WBGBIF2026_E0151_F01_uncropped,uncropped,model_inputs/images_uncropped/WBGBIF2026_E0151_F01_uncropped.jpg,true,1,1,cebdaff7ab0bb351dedc19628f21d9602a043a04d7e265ef15665f20dce78011,cebdaff7ab0bb351dedc19628f21d9602a043a04d7e265ef15665f20dce78011,CC0-1.0,http://creativecommons.org/publicdomain/zero/1.0/legalcode,redistribute_derivative_rights_review_passed
WBGBIF2026_E0152,WBGBIF2026_E0152_F00_uncropped,uncropped,model_inputs/images_uncropped/WBGBIF2026_E0152_F00_uncropped.jpg,true,0,0,803cf4190b702b921900c173d901f5abc00b72320abc7e71de89a49a47b51afe,803cf4190b702b921900c173d901f5abc00b72320abc7e71de89a49a47b51afe,CC0-1.0,http://creativecommons.org/publicdomain/zero/1.0/legalcode,redistribute_derivative_rights_review_passed
WBGBIF2026_E0152,WBGBIF2026_E0152_F01_uncropped,uncropped,model_inputs/images_uncropped/WBGBIF2026_E0152_F01_uncropped.jpg,true,1,1,a5bd80c71e270a5b879fd221e9f8e939aa7e3f262e53a77eb798b600cd6ecf5e,a5bd80c71e270a5b879fd221e9f8e939aa7e3f262e53a77eb798b600cd6ecf5e,CC0-1.0,http://creativecommons.org/publicdomain/zero/1.0/legalcode,redistribute_derivative_rights_review_passed
WBGBIF2026_E0152,WBGBIF2026_E0152_F02_uncropped,uncropped,model_inputs/images_uncropped/WBGBIF2026_E0152_F02_uncropped.jpg,true,2,2,6ce5e2cdf5fa1e1a8078cb4c34ef99924f13e8c83816eadc9fd6d35d9fecf6ad,6ce5e2cdf5fa1e1a8078cb4c34ef99924f13e8c83816eadc9fd6d35d9fecf6ad,CC0-1.0,http://creativecommons.org/publicdomain/zero/1.0/legalcode,redistribute_derivative_rights_review_passed
WBGBIF2026_E0152,WBGBIF2026_E0152_F03_uncropped,uncropped,model_inputs/images_uncropped/WBGBIF2026_E0152_F03_uncropped.jpg,true,3,3,8723d5c10053922cc8fca4233ca43068c92ea0e93d301cfc695687c117ec50b3,8723d5c10053922cc8fca4233ca43068c92ea0e93d301cfc695687c117ec50b3,CC0-1.0,http://creativecommons.org/publicdomain/zero/1.0/legalcode,redistribute_derivative_rights_review_passed
WBGBIF2026_E0152,WBGBIF2026_E0152_F04_uncropped,uncropped,model_inputs/images_uncropped/WBGBIF2026_E0152_F04_uncropped.jpg,true,4,4,b2b4a27c52e4256001a94ec762850accc52658a0726cf90d3b10c885e87fd2f8,b2b4a27c52e4256001a94ec762850accc52658a0726cf90d3b10c885e87fd2f8,CC0-1.0,http://creativecommons.org/publicdomain/zero/1.0/legalcode,redistribute_derivative_rights_review_passed
WBGBIF2026_E0153,WBGBIF2026_E0153_F00_uncropped,uncropped,model_inputs/images_uncropped/WBGBIF2026_E0153_F00_uncropped.jpg,true,0,0,c273bf4b8a07b6d28c7d69009a2e9f02949025fc809d9d03a681b97a666fa0a0,c273bf4b8a07b6d28c7d69009a2e9f02949025fc809d9d03a681b97a666fa0a0,CC0-1.0,http://creativecommons.org/publicdomain/zero/1.0/legalcode,redistribute_derivative_rights_review_passed
WBGBIF2026_E0153,WBGBIF2026_E0153_F01_uncropped,uncropped,model_inputs/images_uncropped/WBGBIF2026_E0153_F01_uncropped.jpg,true,1,1,193cc6637d1661dc2e6af01fb8f1d4d2d0fa8e75f8bc4f732f662c217ad83fa4,193cc6637d1661dc2e6af01fb8f1d4d2d0fa8e75f8bc4f732f662c217ad83fa4,CC0-1.0,http://creativecommons.org/publicdomain/zero/1.0/legalcode,redistribute_derivative_rights_review_passed
WBGBIF2026_E0153,WBGBIF2026_E0153_F02_uncropped,uncropped,model_inputs/images_uncropped/WBGBIF2026_E0153_F02_uncropped.jpg,true,2,2,c9b427b1b18f97f8808157f45ad5d993b5f126ccdc6ef0820943837ff68cce2b,c9b427b1b18f97f8808157f45ad5d993b5f126ccdc6ef0820943837ff68cce2b,CC0-1.0,http://creativecommons.org/publicdomain/zero/1.0/legalcode,redistribute_derivative_rights_review_passed
WBGBIF2026_E0153,WBGBIF2026_E0153_F03_uncropped,uncropped,model_inputs/images_uncropped/WBGBIF2026_E0153_F03_uncropped.jpg,true,3,3,10c8c476575ff8729d5f3fe6480eb1ffa567e82ef7212af724569c8770b8e0ab,10c8c476575ff8729d5f3fe6480eb1ffa567e82ef7212af724569c8770b8e0ab,CC0-1.0,http://creativecommons.org/publicdomain/zero/1.0/legalcode,redistribute_derivative_rights_review_passed
WBGBIF2026_E0153,WBGBIF2026_E0153_F04_uncropped,uncropped,model_inputs/images_uncropped/WBGBIF2026_E0153_F04_uncropped.jpg,true,4,4,3e156a0864e04f8b2e737658d9c763ceeb67fa7af511a25041811fc978570e96,3e156a0864e04f8b2e737658d9c763ceeb67fa7af511a25041811fc978570e96,CC0-1.0,http://creativecommons.org/publicdomain/zero/1.0/legalcode,redistribute_derivative_rights_review_passed
WBGBIF2026_E0154,WBGBIF2026_E0154_F00_uncropped,uncropped,model_inputs/images_uncropped/WBGBIF2026_E0154_F00_uncropped.jpg,true,0,0,c70bb1cefc7a7fad5761f8ea50f11ea6c723ad25fe8122c637b77e0a0eb5f44a,c70bb1cefc7a7fad5761f8ea50f11ea6c723ad25fe8122c637b77e0a0eb5f44a,CC0-1.0,http://creativecommons.org/publicdomain/zero/1.0/legalcode,redistribute_derivative_rights_review_passed
WBGBIF2026_E0154,WBGBIF2026_E0154_F01_uncropped,uncropped,model_inputs/images_uncropped/WBGBIF2026_E0154_F01_uncropped.jpg,true,1,1,f702ec64ee8d88602decad4ced40e9aa54348c2f0e29d2a4900bfe30d1b010e3,f702ec64ee8d88602decad4ced40e9aa54348c2f0e29d2a4900bfe30d1b010e3,CC0-1.0,http://creativecommons.org/publicdomain/zero/1.0/legalcode,redistribute_derivative_rights_review_passed
WBGBIF2026_E0155,WBGBIF2026_E0155_F00_uncropped,uncropped,model_inputs/images_uncropped/WBGBIF2026_E0155_F00_uncropped.jpg,true,0,0,d19f4895a34e4bef360010c0b9632db94166379016ebef708ed0f1f06adbb82b,d19f4895a34e4bef360010c0b9632db94166379016ebef708ed0f1f06adbb82b,CC0-1.0,http://creativecommons.org/publicdomain/zero/1.0/legalcode,redistribute_derivative_rights_review_passed
WBGBIF2026_E0155,WBGBIF2026_E0155_F01_uncropped,uncropped,model_inputs/images_uncropped/WBGBIF2026_E0155_F01_uncropped.jpg,true,1,1,2821b1f221b0b87e4968ea846b3ae2e4c459b6f807393854578fd8ccb8af3a07,2821b1f221b0b87e4968ea846b3ae2e4c459b6f807393854578fd8ccb8af3a07,CC0-1.0,http://creativecommons.org/publicdomain/zero/1.0/legalcode,redistribute_derivative_rights_review_passed
WBGBIF2026_E0156,WBGBIF2026_E0156_F00_uncropped,uncropped,model_inputs/images_uncropped/WBGBIF2026_E0156_F00_uncropped.jpg,true,0,0,830c2cc0807452479f3f02e1b901cdf9cf7db420c04a1a6e8fcbc58d1a7eba63,830c2cc0807452479f3f02e1b901cdf9cf7db420c04a1a6e8fcbc58d1a7eba63,CC0-1.0,http://creativecommons.org/publicdomain/zero/1.0/legalcode,redistribute_derivative_rights_review_passed
WBGBIF2026_E0156,WBGBIF2026_E0156_F01_uncropped,uncropped,model_inputs/images_uncropped/WBGBIF2026_E0156_F01_uncropped.jpg,true,1,1,405132e91e2da9230d6ae03ed6da707993fa749abf4febd9c0d94e597108572c,405132e91e2da9230d6ae03ed6da707993fa749abf4febd9c0d94e597108572c,CC0-1.0,http://creativecommons.org/publicdomain/zero/1.0/legalcode,redistribute_derivative_rights_review_passed
WBGBIF2026_E0157,WBGBIF2026_E0157_F00_uncropped,uncropped,model_inputs/images_uncropped/WBGBIF2026_E0157_F00_uncropped.jpg,true,0,0,ff3bcefcf3ef34831c987206463831be6c8525c0f7f5daec0fd4b11e3e8664a2,ff3bcefcf3ef34831c987206463831be6c8525c0f7f5daec0fd4b11e3e8664a2,CC-BY-4.0,http://creativecommons.org/licenses/by/4.0/legalcode,redistribute_derivative_with_attribution_rights_review_passed
WBGBIF2026_E0157,WBGBIF2026_E0157_F01_uncropped,uncropped,model_inputs/images_uncropped/WBGBIF2026_E0157_F01_uncropped.jpg,true,1,1,18260b6aea85c51d0edddd6f7bc2386b28369a45b274fcbbea981241d0dd7d1d,18260b6aea85c51d0edddd6f7bc2386b28369a45b274fcbbea981241d0dd7d1d,CC-BY-4.0,http://creativecommons.org/licenses/by/4.0/legalcode,redistribute_derivative_with_attribution_rights_review_passed
WBGBIF2026_E0157,WBGBIF2026_E0157_F02_uncropped,uncropped,model_inputs/images_uncropped/WBGBIF2026_E0157_F02_uncropped.jpg,true,2,2,5de4190e533f8386d3ea4418b667e41a9a5ea3755fdf525b43fe17ade005ab8e,5de4190e533f8386d3ea4418b667e41a9a5ea3755fdf525b43fe17ade005ab8e,CC-BY-4.0,http://creativecommons.org/licenses/by/4.0/legalcode,redistribute_derivative_with_attribution_rights_review_passed
WBGBIF2026_E0157,WBGBIF2026_E0157_F03_uncropped,uncropped,model_inputs/images_uncropped/WBGBIF2026_E0157_F03_uncropped.jpg,true,3,3,86a40b099dcf83ceeea0aeaf0fc721477279a967daf9e72d6d254b514aa751a5,86a40b099dcf83ceeea0aeaf0fc721477279a967daf9e72d6d254b514aa751a5,CC-BY-4.0,http://creativecommons.org/licenses/by/4.0/legalcode,redistribute_derivative_with_attribution_rights_review_passed
WBGBIF2026_E0157,WBGBIF2026_E0157_F04_uncropped,uncropped,model_inputs/images_uncropped/WBGBIF2026_E0157_F04_uncropped.jpg,true,4,4,f1b0159f40b4e7d09f4cccde188ae8db2e1ae745cc2d6fefb043e006ed0c5b89,f1b0159f40b4e7d09f4cccde188ae8db2e1ae745cc2d6fefb043e006ed0c5b89,CC-BY-4.0,http://creativecommons.org/licenses/by/4.0/legalcode,redistribute_derivative_with_attribution_rights_review_passed
WBGBIF2026_E0158,WBGBIF2026_E0158_F00_uncropped,uncropped,model_inputs/images_uncropped/WBGBIF2026_E0158_F00_uncropped.jpg,true,0,0,9a509fab879e5efd26fd74269cc756b8072f75a75ed34c4fe0decf341eef5c7e,9a509fab879e5efd26fd74269cc756b8072f75a75ed34c4fe0decf341eef5c7e,CC-BY-4.0,http://creativecommons.org/licenses/by/4.0/legalcode,redistribute_derivative_with_attribution_rights_review_passed
WBGBIF2026_E0158,WBGBIF2026_E0158_F01_uncropped,uncropped,model_inputs/images_uncropped/WBGBIF2026_E0158_F01_uncropped.jpg,true,1,1,1036167b21c88693e304ddb428922f05ea0a88af69d5ce7e4defeeba9df13682,1036167b21c88693e304ddb428922f05ea0a88af69d5ce7e4defeeba9df13682,CC-BY-4.0,http://creativecommons.org/licenses/by/4.0/legalcode,redistribute_derivative_with_attribution_rights_review_passed
WBGBIF2026_E0158,WBGBIF2026_E0158_F02_uncropped,uncropped,model_inputs/images_uncropped/WBGBIF2026_E0158_F02_uncropped.jpg,true,2,2,d5e169abb7e4eeef670cefef7cca77443265c7c1dcb4f7a19f97a091aed1cfe7,d5e169abb7e4eeef670cefef7cca77443265c7c1dcb4f7a19f97a091aed1cfe7,CC-BY-4.0,http://creativecommons.org/licenses/by/4.0/legalcode,redistribute_derivative_with_attribution_rights_review_passed
WBGBIF2026_E0158,WBGBIF2026_E0158_F03_uncropped,uncropped,model_inputs/images_uncropped/WBGBIF2026_E0158_F03_uncropped.jpg,true,3,3,ff5ea98846b2e20fa55b5aff81dcb435babe189b1a5dca505db192888f91b93a,ff5ea98846b2e20fa55b5aff81dcb435babe189b1a5dca505db192888f91b93a,CC-BY-4.0,http://creativecommons.org/licenses/by/4.0/legalcode,redistribute_derivative_with_attribution_rights_review_passed
WBGBIF2026_E0158,WBGBIF2026_E0158_F04_uncropped,uncropped,model_inputs/images_uncropped/WBGBIF2026_E0158_F04_uncropped.jpg,true,4,4,91fcfeb6f4805b3394def7d4d46fc8912d469328805179150eb5e7cb04b91a40,91fcfeb6f4805b3394def7d4d46fc8912d469328805179150eb5e7cb04b91a40,CC-BY-4.0,http://creativecommons.org/licenses/by/4.0/legalcode,redistribute_derivative_with_attribution_rights_review_passed
WBGBIF2026_E0159,WBGBIF2026_E0159_F00_uncropped,uncropped,model_inputs/images_uncropped/WBGBIF2026_E0159_F00_uncropped.jpg,true,0,0,78d789ec4d45053a8ec55f31bc193b9c80a90a293550cb14858c3acacd217f4d,78d789ec4d45053a8ec55f31bc193b9c80a90a293550cb14858c3acacd217f4d,CC-BY-4.0,http://creativecommons.org/licenses/by/4.0/legalcode,redistribute_derivative_with_attribution_rights_review_passed
WBGBIF2026_E0159,WBGBIF2026_E0159_F01_uncropped,uncropped,model_inputs/images_uncropped/WBGBIF2026_E0159_F01_uncropped.jpg,true,1,1,29cba59c33aa0ee42f0712fa4ce736554b4cfe74e070955bbf53e7310713e7f3,29cba59c33aa0ee42f0712fa4ce736554b4cfe74e070955bbf53e7310713e7f3,CC-BY-4.0,http://creativecommons.org/licenses/by/4.0/legalcode,redistribute_derivative_with_attribution_rights_review_passed
WBGBIF2026_E0159,WBGBIF2026_E0159_F02_uncropped,uncropped,model_inputs/images_uncropped/WBGBIF2026_E0159_F02_uncropped.jpg,true,2,2,724d81b2d18050a703024c86c6d1c105b1765094b736cb074405eb6a9b84718b,724d81b2d18050a703024c86c6d1c105b1765094b736cb074405eb6a9b84718b,CC-BY-4.0,http://creativecommons.org/licenses/by/4.0/legalcode,redistribute_derivative_with_attribution_rights_review_passed
WBGBIF2026_E0159,WBGBIF2026_E0159_F03_uncropped,uncropped,model_inputs/images_uncropped/WBGBIF2026_E0159_F03_uncropped.jpg,true,3,3,3f732c25d0eba87924115eec1306d27f874d51533395e06b47f45988f618723e,3f732c25d0eba87924115eec1306d27f874d51533395e06b47f45988f618723e,CC-BY-4.0,http://creativecommons.org/licenses/by/4.0/legalcode,redistribute_derivative_with_attribution_rights_review_passed
WBGBIF2026_E0159,WBGBIF2026_E0159_F04_uncropped,uncropped,model_inputs/images_uncropped/WBGBIF2026_E0159_F04_uncropped.jpg,true,4,4,5fc05973646bf13da39bb9651347a724b0fd1ed889cb141531306d8570b80b16,5fc05973646bf13da39bb9651347a724b0fd1ed889cb141531306d8570b80b16,CC-BY-4.0,http://creativecommons.org/licenses/by/4.0/legalcode,redistribute_derivative_with_attribution_rights_review_passed
WBGBIF2026_E0160,WBGBIF2026_E0160_F00_uncropped,uncropped,model_inputs/images_uncropped/WBGBIF2026_E0160_F00_uncropped.jpg,true,0,0,3e6f37c887ba6c2f9d724bfa9e73f1cbf74f946e133b511c1b98013c1866e398,3e6f37c887ba6c2f9d724bfa9e73f1cbf74f946e133b511c1b98013c1866e398,CC-BY-4.0,http://creativecommons.org/licenses/by/4.0/legalcode,redistribute_derivative_with_attribution_rights_review_passed
WBGBIF2026_E0160,WBGBIF2026_E0160_F01_uncropped,uncropped,model_inputs/images_uncropped/WBGBIF2026_E0160_F01_uncropped.jpg,true,1,1,8a2f20f04aad2362f50d06585fdc856dc3ba5a0a83e506b15ac04ba77b929828,8a2f20f04aad2362f50d06585fdc856dc3ba5a0a83e506b15ac04ba77b929828,CC-BY-4.0,http://creativecommons.org/licenses/by/4.0/legalcode,redistribute_derivative_with_attribution_rights_review_passed
WBGBIF2026_E0160,WBGBIF2026_E0160_F02_uncropped,uncropped,model_inputs/images_uncropped/WBGBIF2026_E0160_F02_uncropped.jpg,true,2,2,aebb12d8a44ef0975e2b0210080874f72ae929f42c2500724bafb26693f3e6c1,aebb12d8a44ef0975e2b0210080874f72ae929f42c2500724bafb26693f3e6c1,CC-BY-4.0,http://creativecommons.org/licenses/by/4.0/legalcode,redistribute_derivative_with_attribution_rights_review_passed
WBGBIF2026_E0161,WBGBIF2026_E0161_F00_uncropped,uncropped,model_inputs/images_uncropped/WBGBIF2026_E0161_F00_uncropped.jpg,true,0,0,ffcca2550ab499fb7b5908bb864035e4cd32b72d86aa5a58c464ed1d0ce9084e,ffcca2550ab499fb7b5908bb864035e4cd32b72d86aa5a58c464ed1d0ce9084e,CC-BY-4.0,http://creativecommons.org/licenses/by/4.0/legalcode,redistribute_derivative_with_attribution_rights_review_passed
WBGBIF2026_E0161,WBGBIF2026_E0161_F01_uncropped,uncropped,model_inputs/images_uncropped/WBGBIF2026_E0161_F01_uncropped.jpg,true,1,1,c9060dd9e18d8ada01a472ea9143612e97f0ab2eff1be6948058f19584751eb8,c9060dd9e18d8ada01a472ea9143612e97f0ab2eff1be6948058f19584751eb8,CC-BY-4.0,http://creativecommons.org/licenses/by/4.0/legalcode,redistribute_derivative_with_attribution_rights_review_passed
WBGBIF2026_E0161,WBGBIF2026_E0161_F02_uncropped,uncropped,model_inputs/images_uncropped/WBGBIF2026_E0161_F02_uncropped.jpg,true,2,2,ec1f3a4c73db224590ec1a1f5ae7084f64d9a7d742b170db2b978aeb62820ff1,ec1f3a4c73db224590ec1a1f5ae7084f64d9a7d742b170db2b978aeb62820ff1,CC-BY-4.0,http://creativecommons.org/licenses/by/4.0/legalcode,redistribute_derivative_with_attribution_rights_review_passed
WBGBIF2026_E0162,WBGBIF2026_E0162_F00_uncropped,uncropped,model_inputs/images_uncropped/WBGBIF2026_E0162_F00_uncropped.jpg,true,0,0,ee613d083add90d9d5f02e1702781b02bd586a9690d21cc8b4d0de1c185f199a,ee613d083add90d9d5f02e1702781b02bd586a9690d21cc8b4d0de1c185f199a,CC-BY-4.0,http://creativecommons.org/licenses/by/4.0/legalcode,redistribute_derivative_with_attribution_rights_review_passed
WBGBIF2026_E0162,WBGBIF2026_E0162_F01_uncropped,uncropped,model_inputs/images_uncropped/WBGBIF2026_E0162_F01_uncropped.jpg,true,1,1,3ea9f344cdfee9039b190d42c19425d56792480909032c2d7fdaded48862583a,3ea9f344cdfee9039b190d42c19425d56792480909032c2d7fdaded48862583a,CC-BY-4.0,http://creativecommons.org/licenses/by/4.0/legalcode,redistribute_derivative_with_attribution_rights_review_passed
WBGBIF2026_E0162,WBGBIF2026_E0162_F02_uncropped,uncropped,model_inputs/images_uncropped/WBGBIF2026_E0162_F02_uncropped.jpg,true,2,2,1e26ece44f820704069b8c8beb7f2a19387affd0ef9d3bb8722008733bbf1c78,1e26ece44f820704069b8c8beb7f2a19387affd0ef9d3bb8722008733bbf1c78,CC-BY-4.0,http://creativecommons.org/licenses/by/4.0/legalcode,redistribute_derivative_with_attribution_rights_review_passed
WBGBIF2026_E0163,WBGBIF2026_E0163_F00_uncropped,uncropped,model_inputs/images_uncropped/WBGBIF2026_E0163_F00_uncropped.jpg,true,0,0,76b8aa542e86a2a65a1bdac30ff17c4cdd2e9c65d68c953424ceb254a4d7cc5f,76b8aa542e86a2a65a1bdac30ff17c4cdd2e9c65d68c953424ceb254a4d7cc5f,CC0-1.0,http://creativecommons.org/publicdomain/zero/1.0/legalcode,redistribute_derivative_rights_review_passed
WBGBIF2026_E0163,WBGBIF2026_E0163_F01_uncropped,uncropped,model_inputs/images_uncropped/WBGBIF2026_E0163_F01_uncropped.jpg,true,1,1,801c269c3283dd5030f7c7ebac6f628e2d28c9e7901046236a49635948267003,801c269c3283dd5030f7c7ebac6f628e2d28c9e7901046236a49635948267003,CC0-1.0,http://creativecommons.org/publicdomain/zero/1.0/legalcode,redistribute_derivative_rights_review_passed
WBGBIF2026_E0164,WBGBIF2026_E0164_F00_uncropped,uncropped,model_inputs/images_uncropped/WBGBIF2026_E0164_F00_uncropped.jpg,true,0,0,b7d98df33b82d9a38876f4cb1d5c5cc81cede5ec287bd9bdcbcf3626c8705dc1,b7d98df33b82d9a38876f4cb1d5c5cc81cede5ec287bd9bdcbcf3626c8705dc1,CC0-1.0,http://creativecommons.org/publicdomain/zero/1.0/legalcode,redistribute_derivative_rights_review_passed
WBGBIF2026_E0164,WBGBIF2026_E0164_F01_uncropped,uncropped,model_inputs/images_uncropped/WBGBIF2026_E0164_F01_uncropped.jpg,true,1,1,533cf6730d3503907b246a517726fc2c19b3b4fc1d83d5f735def27fd24b74c5,533cf6730d3503907b246a517726fc2c19b3b4fc1d83d5f735def27fd24b74c5,CC0-1.0,http://creativecommons.org/publicdomain/zero/1.0/legalcode,redistribute_derivative_rights_review_passed
WBGBIF2026_E0165,WBGBIF2026_E0165_F00_uncropped,uncropped,model_inputs/images_uncropped/WBGBIF2026_E0165_F00_uncropped.jpg,true,0,0,d35c4a6855579591e344cf94e25bc727f5553d937bddbb2a0e1149debafa62d1,d35c4a6855579591e344cf94e25bc727f5553d937bddbb2a0e1149debafa62d1,CC0-1.0,http://creativecommons.org/publicdomain/zero/1.0/legalcode,redistribute_derivative_rights_review_passed
WBGBIF2026_E0165,WBGBIF2026_E0165_F01_uncropped,uncropped,model_inputs/images_uncropped/WBGBIF2026_E0165_F01_uncropped.jpg,true,1,1,ef5e680cc266bfbf21febc26886ccfadc2cc7a07ebfc43b039caaafd2637878d,ef5e680cc266bfbf21febc26886ccfadc2cc7a07ebfc43b039caaafd2637878d,CC0-1.0,http://creativecommons.org/publicdomain/zero/1.0/legalcode,redistribute_derivative_rights_review_passed
WBGBIF2026_E0165,WBGBIF2026_E0165_F02_uncropped,uncropped,model_inputs/images_uncropped/WBGBIF2026_E0165_F02_uncropped.jpg,true,2,2,6df9037576ab9c9f82852fb461de4a5ff05477662fe9489973613dd585a5c321,6df9037576ab9c9f82852fb461de4a5ff05477662fe9489973613dd585a5c321,CC0-1.0,http://creativecommons.org/publicdomain/zero/1.0/legalcode,redistribute_derivative_rights_review_passed
WBGBIF2026_E0165,WBGBIF2026_E0165_F03_uncropped,uncropped,model_inputs/images_uncropped/WBGBIF2026_E0165_F03_uncropped.jpg,true,3,3,f69708d3013a08dbd25220d3a59d7f36c50549a3be719f2a464e95a800b513e3,f69708d3013a08dbd25220d3a59d7f36c50549a3be719f2a464e95a800b513e3,CC0-1.0,http://creativecommons.org/publicdomain/zero/1.0/legalcode,redistribute_derivative_rights_review_passed
WBGBIF2026_E0165,WBGBIF2026_E0165_F04_uncropped,uncropped,model_inputs/images_uncropped/WBGBIF2026_E0165_F04_uncropped.jpg,true,4,4,86d60906446f4290a35d01706d703245d4fc3b5600633785adb4ba983ef6fd8a,86d60906446f4290a35d01706d703245d4fc3b5600633785adb4ba983ef6fd8a,CC0-1.0,http://creativecommons.org/publicdomain/zero/1.0/legalcode,redistribute_derivative_rights_review_passed
WBGBIF2026_E0166,WBGBIF2026_E0166_F00_uncropped,uncropped,model_inputs/images_uncropped/WBGBIF2026_E0166_F00_uncropped.jpg,true,0,0,58bf52a982ab598fbb03ebe1d53142b3174e814b1980aca5ab0b56456cd1d6af,58bf52a982ab598fbb03ebe1d53142b3174e814b1980aca5ab0b56456cd1d6af,CC-BY-4.0,http://creativecommons.org/licenses/by/4.0/legalcode,redistribute_derivative_with_attribution_rights_review_passed
WBGBIF2026_E0166,WBGBIF2026_E0166_F01_uncropped,uncropped,model_inputs/images_uncropped/WBGBIF2026_E0166_F01_uncropped.jpg,true,1,1,f36488c8ccdb42a62a917e3b6a33d4aab621b917f0b31ce86fb13e466b29e9b3,f36488c8ccdb42a62a917e3b6a33d4aab621b917f0b31ce86fb13e466b29e9b3,CC-BY-4.0,http://creativecommons.org/licenses/by/4.0/legalcode,redistribute_derivative_with_attribution_rights_review_passed
WBGBIF2026_E0166,WBGBIF2026_E0166_F02_uncropped,uncropped,model_inputs/images_uncropped/WBGBIF2026_E0166_F02_uncropped.jpg,true,2,2,bc5f39d07dccce6d21d886c6effb6a8782ee967414e0ed7de3cb486fdc1a7fd6,bc5f39d07dccce6d21d886c6effb6a8782ee967414e0ed7de3cb486fdc1a7fd6,CC-BY-4.0,http://creativecommons.org/licenses/by/4.0/legalcode,redistribute_derivative_with_attribution_rights_review_passed
WBGBIF2026_E0166,WBGBIF2026_E0166_F03_uncropped,uncropped,model_inputs/images_uncropped/WBGBIF2026_E0166_F03_uncropped.jpg,true,3,3,d9196cdc4b6df229151779f8124dca6bd880f82d11105c6a15caad742c56ace5,d9196cdc4b6df229151779f8124dca6bd880f82d11105c6a15caad742c56ace5,CC-BY-4.0,http://creativecommons.org/licenses/by/4.0/legalcode,redistribute_derivative_with_attribution_rights_review_passed
WBGBIF2026_E0166,WBGBIF2026_E0166_F04_uncropped,uncropped,model_inputs/images_uncropped/WBGBIF2026_E0166_F04_uncropped.jpg,true,4,4,84123a078349c07faa8eb4807d3e054fd293a0781dd105b6df6c10fd4bf504d7,84123a078349c07faa8eb4807d3e054fd293a0781dd105b6df6c10fd4bf504d7,CC-BY-4.0,http://creativecommons.org/licenses/by/4.0/legalcode,redistribute_derivative_with_attribution_rights_review_passed
WBGBIF2026_E0167,WBGBIF2026_E0167_F00_uncropped,uncropped,model_inputs/images_uncropped/WBGBIF2026_E0167_F00_uncropped.jpg,true,0,0,af109a5034da6435e56dc3adcc0a02218cb9df3f44420a8ac5b32e874f5cef16,af109a5034da6435e56dc3adcc0a02218cb9df3f44420a8ac5b32e874f5cef16,CC-BY-4.0,http://creativecommons.org/licenses/by/4.0/legalcode,redistribute_derivative_with_attribution_rights_review_passed
WBGBIF2026_E0167,WBGBIF2026_E0167_F01_uncropped,uncropped,model_inputs/images_uncropped/WBGBIF2026_E0167_F01_uncropped.jpg,true,1,1,248841f73ab61a4180045940c508d03ef992c7081c87d39be5ae0aa768b98a0b,248841f73ab61a4180045940c508d03ef992c7081c87d39be5ae0aa768b98a0b,CC-BY-4.0,http://creativecommons.org/licenses/by/4.0/legalcode,redistribute_derivative_with_attribution_rights_review_passed
WBGBIF2026_E0167,WBGBIF2026_E0167_F02_uncropped,uncropped,model_inputs/images_uncropped/WBGBIF2026_E0167_F02_uncropped.jpg,true,2,2,a5d92d05cbfa518e142167ff0a4360a03069068ebac41a2df592683d3b93a426,a5d92d05cbfa518e142167ff0a4360a03069068ebac41a2df592683d3b93a426,CC-BY-4.0,http://creativecommons.org/licenses/by/4.0/legalcode,redistribute_derivative_with_attribution_rights_review_passed
WBGBIF2026_E0168,WBGBIF2026_E0168_F00_uncropped,uncropped,model_inputs/images_uncropped/WBGBIF2026_E0168_F00_uncropped.jpg,true,0,0,d9196cdc4b6df229151779f8124dca6bd880f82d11105c6a15caad742c56ace5,d9196cdc4b6df229151779f8124dca6bd880f82d11105c6a15caad742c56ace5,CC-BY-4.0,http://creativecommons.org/licenses/by/4.0/legalcode,redistribute_derivative_with_attribution_rights_review_passed
WBGBIF2026_E0168,WBGBIF2026_E0168_F01_uncropped,uncropped,model_inputs/images_uncropped/WBGBIF2026_E0168_F01_uncropped.jpg,true,1,1,84123a078349c07faa8eb4807d3e054fd293a0781dd105b6df6c10fd4bf504d7,84123a078349c07faa8eb4807d3e054fd293a0781dd105b6df6c10fd4bf504d7,CC-BY-4.0,http://creativecommons.org/licenses/by/4.0/legalcode,redistribute_derivative_with_attribution_rights_review_passed
WBGBIF2026_E0168,WBGBIF2026_E0168_F02_uncropped,uncropped,model_inputs/images_uncropped/WBGBIF2026_E0168_F02_uncropped.jpg,true,2,2,58bf52a982ab598fbb03ebe1d53142b3174e814b1980aca5ab0b56456cd1d6af,58bf52a982ab598fbb03ebe1d53142b3174e814b1980aca5ab0b56456cd1d6af,CC-BY-4.0,http://creativecommons.org/licenses/by/4.0/legalcode,redistribute_derivative_with_attribution_rights_review_passed
WBGBIF2026_E0168,WBGBIF2026_E0168_F03_uncropped,uncropped,model_inputs/images_uncropped/WBGBIF2026_E0168_F03_uncropped.jpg,true,3,3,bc5f39d07dccce6d21d886c6effb6a8782ee967414e0ed7de3cb486fdc1a7fd6,bc5f39d07dccce6d21d886c6effb6a8782ee967414e0ed7de3cb486fdc1a7fd6,CC-BY-4.0,http://creativecommons.org/licenses/by/4.0/legalcode,redistribute_derivative_with_attribution_rights_review_passed
WBGBIF2026_E0168,WBGBIF2026_E0168_F04_uncropped,uncropped,model_inputs/images_uncropped/WBGBIF2026_E0168_F04_uncropped.jpg,true,4,4,f36488c8ccdb42a62a917e3b6a33d4aab621b917f0b31ce86fb13e466b29e9b3,f36488c8ccdb42a62a917e3b6a33d4aab621b917f0b31ce86fb13e466b29e9b3,CC-BY-4.0,http://creativecommons.org/licenses/by/4.0/legalcode,redistribute_derivative_with_attribution_rights_review_passed
WBGBIF2026_E0169,WBGBIF2026_E0169_F00_uncropped,uncropped,model_inputs/images_uncropped/WBGBIF2026_E0169_F00_uncropped.jpg,true,0,0,7a33d98bc02c4f3ad6115c686e3e7c3fa51951ec855b0b54831c5b7b5f1f616a,7a33d98bc02c4f3ad6115c686e3e7c3fa51951ec855b0b54831c5b7b5f1f616a,CC-BY-4.0,http://creativecommons.org/licenses/by/4.0/legalcode,redistribute_derivative_with_attribution_rights_review_passed
WBGBIF2026_E0169,WBGBIF2026_E0169_F01_uncropped,uncropped,model_inputs/images_uncropped/WBGBIF2026_E0169_F01_uncropped.jpg,true,1,2,c94e1413dbbe1bef29ccbc0fdb386434e49cb1edc802c0360e86330d864f5065,c94e1413dbbe1bef29ccbc0fdb386434e49cb1edc802c0360e86330d864f5065,CC-BY-4.0,http://creativecommons.org/licenses/by/4.0/legalcode,redistribute_derivative_with_attribution_rights_review_passed
WBGBIF2026_E0169,WBGBIF2026_E0169_F02_uncropped,uncropped,model_inputs/images_uncropped/WBGBIF2026_E0169_F02_uncropped.jpg,true,2,4,6ce4cea0921f5d712efbc3539e2c8074a40ae935017da1150486daaa6607fe5e,6ce4cea0921f5d712efbc3539e2c8074a40ae935017da1150486daaa6607fe5e,CC-BY-4.0,http://creativecommons.org/licenses/by/4.0/legalcode,redistribute_derivative_with_attribution_rights_review_passed
WBGBIF2026_E0169,WBGBIF2026_E0169_F03_uncropped,uncropped,model_inputs/images_uncropped/WBGBIF2026_E0169_F03_uncropped.jpg,true,3,5,d82fcd67b7d3b3c75e13aa56f04db55a69ccedcc5061174d9aa0b2273bfbbe9c,d82fcd67b7d3b3c75e13aa56f04db55a69ccedcc5061174d9aa0b2273bfbbe9c,CC-BY-4.0,http://creativecommons.org/licenses/by/4.0/legalcode,redistribute_derivative_with_attribution_rights_review_passed
WBGBIF2026_E0169,WBGBIF2026_E0169_F04_uncropped,uncropped,model_inputs/images_uncropped/WBGBIF2026_E0169_F04_uncropped.jpg,true,4,6,66ff0663c7ea82900ebb1d4fdda2e702b03d3fff5401f9e00359d2b51c5bfd60,66ff0663c7ea82900ebb1d4fdda2e702b03d3fff5401f9e00359d2b51c5bfd60,CC-BY-4.0,http://creativecommons.org/licenses/by/4.0/legalcode,redistribute_derivative_with_attribution_rights_review_passed
WBGBIF2026_E0170,WBGBIF2026_E0170_F00_uncropped,uncropped,model_inputs/images_uncropped/WBGBIF2026_E0170_F00_uncropped.jpg,true,0,0,77d5570a5ffac314a0ccc81774c07ac68e70c918b26eab2ede5cf4e5f2445bd4,77d5570a5ffac314a0ccc81774c07ac68e70c918b26eab2ede5cf4e5f2445bd4,CC-BY-4.0,http://creativecommons.org/licenses/by/4.0/legalcode,redistribute_derivative_with_attribution_rights_review_passed
WBGBIF2026_E0170,WBGBIF2026_E0170_F01_uncropped,uncropped,model_inputs/images_uncropped/WBGBIF2026_E0170_F01_uncropped.jpg,true,1,1,6f677303d41406e2e858e5999244bf8245c64d8089b45c4d1f119566517bc81e,6f677303d41406e2e858e5999244bf8245c64d8089b45c4d1f119566517bc81e,CC-BY-4.0,http://creativecommons.org/licenses/by/4.0/legalcode,redistribute_derivative_with_attribution_rights_review_passed
WBGBIF2026_E0171,WBGBIF2026_E0171_F00_uncropped,uncropped,model_inputs/images_uncropped/WBGBIF2026_E0171_F00_uncropped.jpg,true,0,0,ef9820a78acfbf299fd36077a0171c382a5d266973e3ffd36831e9132a6c3420,ef9820a78acfbf299fd36077a0171c382a5d266973e3ffd36831e9132a6c3420,CC-BY-4.0,http://creativecommons.org/licenses/by/4.0/legalcode,redistribute_derivative_with_attribution_rights_review_passed
WBGBIF2026_E0171,WBGBIF2026_E0171_F01_uncropped,uncropped,model_inputs/images_uncropped/WBGBIF2026_E0171_F01_uncropped.jpg,true,1,1,128bcb8618f7adfd960a1c5c22c8f167b6eb27c8ba77bc68cc41783f8431d50e,128bcb8618f7adfd960a1c5c22c8f167b6eb27c8ba77bc68cc41783f8431d50e,CC-BY-4.0,http://creativecommons.org/licenses/by/4.0/legalcode,redistribute_derivative_with_attribution_rights_review_passed
WBGBIF2026_E0171,WBGBIF2026_E0171_F02_uncropped,uncropped,model_inputs/images_uncropped/WBGBIF2026_E0171_F02_uncropped.jpg,true,2,2,931914208dd64fadd4861b81e8e2f6b7f76b0675de3605e63237197a8a3af1c9,931914208dd64fadd4861b81e8e2f6b7f76b0675de3605e63237197a8a3af1c9,CC-BY-4.0,http://creativecommons.org/licenses/by/4.0/legalcode,redistribute_derivative_with_attribution_rights_review_passed
WBGBIF2026_E0175,WBGBIF2026_E0175_F00_uncropped,uncropped,model_inputs/images_uncropped/WBGBIF2026_E0175_F00_uncropped.jpg,true,0,0,b56b74963abcd61e82908a9bbfb3011d4452f47534d0fa46f6b9bd2d5a746ce5,b56b74963abcd61e82908a9bbfb3011d4452f47534d0fa46f6b9bd2d5a746ce5,CC0-1.0,http://creativecommons.org/publicdomain/zero/1.0/legalcode,redistribute_derivative_rights_review_passed
WBGBIF2026_E0175,WBGBIF2026_E0175_F01_uncropped,uncropped,model_inputs/images_uncropped/WBGBIF2026_E0175_F01_uncropped.jpg,true,1,1,e7e62a49dfa101132ba61916fe65c8db3d469662745854a8a7dd0100ed06277e,e7e62a49dfa101132ba61916fe65c8db3d469662745854a8a7dd0100ed06277e,CC0-1.0,http://creativecommons.org/publicdomain/zero/1.0/legalcode,redistribute_derivative_rights_review_passed
WBGBIF2026_E0176,WBGBIF2026_E0176_F00_uncropped,uncropped,model_inputs/images_uncropped/WBGBIF2026_E0176_F00_uncropped.jpg,true,0,0,07bc2916845df76eeeb14e1052819072b3471d70969144aad0961e6139092434,07bc2916845df76eeeb14e1052819072b3471d70969144aad0961e6139092434,CC0-1.0,http://creativecommons.org/publicdomain/zero/1.0/legalcode,redistribute_derivative_rights_review_passed
WBGBIF2026_E0176,WBGBIF2026_E0176_F01_uncropped,uncropped,model_inputs/images_uncropped/WBGBIF2026_E0176_F01_uncropped.jpg,true,1,1,6d0c070b9c029b7480295dcf13b55a1b0d5f07f3c443786ff505aa819cb0f78a,6d0c070b9c029b7480295dcf13b55a1b0d5f07f3c443786ff505aa819cb0f78a,CC0-1.0,http://creativecommons.org/publicdomain/zero/1.0/legalcode,redistribute_derivative_rights_review_passed
WBGBIF2026_E0177,WBGBIF2026_E0177_F00_uncropped,uncropped,model_inputs/images_uncropped/WBGBIF2026_E0177_F00_uncropped.jpg,true,0,0,f1ce298b310dcba4acaa1c12f4e9ddd80690a9293bf4bd0d1281f95ed74db8bc,f1ce298b310dcba4acaa1c12f4e9ddd80690a9293bf4bd0d1281f95ed74db8bc,CC0-1.0,http://creativecommons.org/publicdomain/zero/1.0/legalcode,redistribute_derivative_rights_review_passed
WBGBIF2026_E0177,WBGBIF2026_E0177_F01_uncropped,uncropped,model_inputs/images_uncropped/WBGBIF2026_E0177_F01_uncropped.jpg,true,1,1,a54e559c70e691ee0471b5a29e2e13089026dcfb982172799e7c5a76f1fdc8e1,a54e559c70e691ee0471b5a29e2e13089026dcfb982172799e7c5a76f1fdc8e1,CC0-1.0,http://creativecommons.org/publicdomain/zero/1.0/legalcode,redistribute_derivative_rights_review_passed
WBGBIF2026_E0178,WBGBIF2026_E0178_F00_uncropped,uncropped,model_inputs/images_uncropped/WBGBIF2026_E0178_F00_uncropped.jpg,true,0,0,9d458bae71c8a68404001de24289ab0840903ecf0f9d96ccaca688dc3e6d0102,9d458bae71c8a68404001de24289ab0840903ecf0f9d96ccaca688dc3e6d0102,CC0-1.0,http://creativecommons.org/publicdomain/zero/1.0/legalcode,redistribute_derivative_rights_review_passed
WBGBIF2026_E0178,WBGBIF2026_E0178_F01_uncropped,uncropped,model_inputs/images_uncropped/WBGBIF2026_E0178_F01_uncropped.jpg,true,1,1,e58047ac148a3351c67c2e68455b9790bc06da4c273a9c3d708c56a7e7034b0c,e58047ac148a3351c67c2e68455b9790bc06da4c273a9c3d708c56a7e7034b0c,CC0-1.0,http://creativecommons.org/publicdomain/zero/1.0/legalcode,redistribute_derivative_rights_review_passed
WBGBIF2026_E0178,WBGBIF2026_E0178_F02_uncropped,uncropped,model_inputs/images_uncropped/WBGBIF2026_E0178_F02_uncropped.jpg,true,2,2,1d665f10e7c8fa4278def5e3ff5c084c6c366c9e678ac2900bbd78223e0107fb,1d665f10e7c8fa4278def5e3ff5c084c6c366c9e678ac2900bbd78223e0107fb,CC0-1.0,http://creativecommons.org/publicdomain/zero/1.0/legalcode,redistribute_derivative_rights_review_passed
WBGBIF2026_E0178,WBGBIF2026_E0178_F03_uncropped,uncropped,model_inputs/images_uncropped/WBGBIF2026_E0178_F03_uncropped.jpg,true,3,3,90e3394a880126fb0ee88e7d08569865e5437bc99404170f28bd0499e3916c25,90e3394a880126fb0ee88e7d08569865e5437bc99404170f28bd0499e3916c25,CC0-1.0,http://creativecommons.org/publicdomain/zero/1.0/legalcode,redistribute_derivative_rights_review_passed
WBGBIF2026_E0178,WBGBIF2026_E0178_F04_uncropped,uncropped,model_inputs/images_uncropped/WBGBIF2026_E0178_F04_uncropped.jpg,true,4,4,ca11daf5aa8850d1a971d45f63cc64641fb892024d39a5f7fa9b851f20446512,ca11daf5aa8850d1a971d45f63cc64641fb892024d39a5f7fa9b851f20446512,CC0-1.0,http://creativecommons.org/publicdomain/zero/1.0/legalcode,redistribute_derivative_rights_review_passed
WBGBIF2026_E0179,WBGBIF2026_E0179_F00_uncropped,uncropped,model_inputs/images_uncropped/WBGBIF2026_E0179_F00_uncropped.jpg,true,0,0,486faec14a58fb89690e460be7658890a1a0572e1b3970a7cba58bafd175690e,486faec14a58fb89690e460be7658890a1a0572e1b3970a7cba58bafd175690e,CC0-1.0,http://creativecommons.org/publicdomain/zero/1.0/legalcode,redistribute_derivative_rights_review_passed
WBGBIF2026_E0179,WBGBIF2026_E0179_F01_uncropped,uncropped,model_inputs/images_uncropped/WBGBIF2026_E0179_F01_uncropped.jpg,true,1,1,35658311d3e9a7ec2b6cc51a9582cb4959556942303499bac2c7bcbdc49af66f,35658311d3e9a7ec2b6cc51a9582cb4959556942303499bac2c7bcbdc49af66f,CC0-1.0,http://creativecommons.org/publicdomain/zero/1.0/legalcode,redistribute_derivative_rights_review_passed
WBGBIF2026_E0180,WBGBIF2026_E0180_F00_uncropped,uncropped,model_inputs/images_uncropped/WBGBIF2026_E0180_F00_uncropped.jpg,true,0,0,5ae4eb428c497e6badab8d0c9c0b7d9092e46b9c23a64d4af3c513d37b795cd7,5ae4eb428c497e6badab8d0c9c0b7d9092e46b9c23a64d4af3c513d37b795cd7,CC0-1.0,http://creativecommons.org/publicdomain/zero/1.0/legalcode,redistribute_derivative_rights_review_passed
WBGBIF2026_E0180,WBGBIF2026_E0180_F01_uncropped,uncropped,model_inputs/images_uncropped/WBGBIF2026_E0180_F01_uncropped.jpg,true,1,1,378d098b843f5accb3fbda4ef1dbaa011e74011631c8e37c86980797240ef79e,378d098b843f5accb3fbda4ef1dbaa011e74011631c8e37c86980797240ef79e,CC0-1.0,http://creativecommons.org/publicdomain/zero/1.0/legalcode,redistribute_derivative_rights_review_passed
WBGBIF2026_E0181,WBGBIF2026_E0181_F00_uncropped,uncropped,model_inputs/images_uncropped/WBGBIF2026_E0181_F00_uncropped.jpg,true,0,0,63f7f8757eaebf690d525ab7cfbe02af654d82eb5d1c607256db7d8c50c95281,63f7f8757eaebf690d525ab7cfbe02af654d82eb5d1c607256db7d8c50c95281,CC0-1.0,http://creativecommons.org/publicdomain/zero/1.0/legalcode,redistribute_derivative_rights_review_passed
WBGBIF2026_E0181,WBGBIF2026_E0181_F01_uncropped,uncropped,model_inputs/images_uncropped/WBGBIF2026_E0181_F01_uncropped.jpg,true,1,1,6b511ada712236f78506ad39329892f3cb586e76c11b5ecade7d8fcf56d52c49,6b511ada712236f78506ad39329892f3cb586e76c11b5ecade7d8fcf56d52c49,CC0-1.0,http://creativecommons.org/publicdomain/zero/1.0/legalcode,redistribute_derivative_rights_review_passed
WBGBIF2026_E0182,WBGBIF2026_E0182_F00_uncropped,uncropped,model_inputs/images_uncropped/WBGBIF2026_E0182_F00_uncropped.jpg,true,0,0,5708fcdd2f31959d7e88b621258f834f3354343ba899d7592b985df80a63b993,5708fcdd2f31959d7e88b621258f834f3354343ba899d7592b985df80a63b993,CC0-1.0,http://creativecommons.org/publicdomain/zero/1.0/legalcode,redistribute_derivative_rights_review_passed
WBGBIF2026_E0182,WBGBIF2026_E0182_F01_uncropped,uncropped,model_inputs/images_uncropped/WBGBIF2026_E0182_F01_uncropped.jpg,true,1,1,f224baae2df0debd06c342caa75728f570dd974a2e6efdbfe77c4ee3ac5e6766,f224baae2df0debd06c342caa75728f570dd974a2e6efdbfe77c4ee3ac5e6766,CC0-1.0,http://creativecommons.org/publicdomain/zero/1.0/legalcode,redistribute_derivative_rights_review_passed
WBGBIF2026_E0182,WBGBIF2026_E0182_F02_uncropped,uncropped,model_inputs/images_uncropped/WBGBIF2026_E0182_F02_uncropped.jpg,true,2,2,d481a915a6c2b65dc93f8da3ed96c7a3e1fdfeb7e5c32d7456f725e9d16a2eef,d481a915a6c2b65dc93f8da3ed96c7a3e1fdfeb7e5c32d7456f725e9d16a2eef,CC0-1.0,http://creativecommons.org/publicdomain/zero/1.0/legalcode,redistribute_derivative_rights_review_passed
WBGBIF2026_E0182,WBGBIF2026_E0182_F03_uncropped,uncropped,model_inputs/images_uncropped/WBGBIF2026_E0182_F03_uncropped.jpg,true,3,3,c66ef93d1a79ee0cc579bb14cf701aeb1e8a2cdca36a466edf1ae9e3ed7650a5,c66ef93d1a79ee0cc579bb14cf701aeb1e8a2cdca36a466edf1ae9e3ed7650a5,CC0-1.0,http://creativecommons.org/publicdomain/zero/1.0/legalcode,redistribute_derivative_rights_review_passed
WBGBIF2026_E0182,WBGBIF2026_E0182_F04_uncropped,uncropped,model_inputs/images_uncropped/WBGBIF2026_E0182_F04_uncropped.jpg,true,4,4,f6ab9f62d425a68aeb42799421032cffd3b204f04402a9365c82f7bd5d7feb0e,f6ab9f62d425a68aeb42799421032cffd3b204f04402a9365c82f7bd5d7feb0e,CC0-1.0,http://creativecommons.org/publicdomain/zero/1.0/legalcode,redistribute_derivative_rights_review_passed
WBGBIF2026_E0183,WBGBIF2026_E0183_F00_uncropped,uncropped,model_inputs/images_uncropped/WBGBIF2026_E0183_F00_uncropped.jpg,true,0,0,71dc2f76613870cbe8400018f7a4dff7e19a1e6b9bc9ec0a00536d4250231dea,71dc2f76613870cbe8400018f7a4dff7e19a1e6b9bc9ec0a00536d4250231dea,CC0-1.0,http://creativecommons.org/publicdomain/zero/1.0/legalcode,redistribute_derivative_rights_review_passed
WBGBIF2026_E0183,WBGBIF2026_E0183_F01_uncropped,uncropped,model_inputs/images_uncropped/WBGBIF2026_E0183_F01_uncropped.jpg,true,1,1,001fab64c54333f599b09fc1d51e0d563558d46e6c85321ee297b8c4d858b3a4,001fab64c54333f599b09fc1d51e0d563558d46e6c85321ee297b8c4d858b3a4,CC0-1.0,http://creativecommons.org/publicdomain/zero/1.0/legalcode,redistribute_derivative_rights_review_passed
WBGBIF2026_E0184,WBGBIF2026_E0184_F00_uncropped,uncropped,model_inputs/images_uncropped/WBGBIF2026_E0184_F00_uncropped.jpg,true,0,0,c0860d97dbc44e975026e608c1ea2b04555366dae863e07c136204534f74866b,c0860d97dbc44e975026e608c1ea2b04555366dae863e07c136204534f74866b,CC-BY-4.0,http://creativecommons.org/licenses/by/4.0/legalcode,redistribute_derivative_with_attribution_rights_review_passed
WBGBIF2026_E0184,WBGBIF2026_E0184_F01_uncropped,uncropped,model_inputs/images_uncropped/WBGBIF2026_E0184_F01_uncropped.jpg,true,1,1,5a6ac546c95c2dd9a211cb8ef7f50daa3978ba63e23167a60422363ce03bef82,5a6ac546c95c2dd9a211cb8ef7f50daa3978ba63e23167a60422363ce03bef82,CC-BY-4.0,http://creativecommons.org/licenses/by/4.0/legalcode,redistribute_derivative_with_attribution_rights_review_passed
WBGBIF2026_E0184,WBGBIF2026_E0184_F02_uncropped,uncropped,model_inputs/images_uncropped/WBGBIF2026_E0184_F02_uncropped.jpg,true,2,2,1c267131df62ba1351f4a67d1059a203535d1148ded86ac15e48fc979641147b,1c267131df62ba1351f4a67d1059a203535d1148ded86ac15e48fc979641147b,CC-BY-4.0,http://creativecommons.org/licenses/by/4.0/legalcode,redistribute_derivative_with_attribution_rights_review_passed
WBGBIF2026_E0185,WBGBIF2026_E0185_F00_uncropped,uncropped,model_inputs/images_uncropped/WBGBIF2026_E0185_F00_uncropped.jpg,true,0,0,27186403d5f9e8a45082d1f4fef0a07d43aecbeb69e96d35e574742771107288,27186403d5f9e8a45082d1f4fef0a07d43aecbeb69e96d35e574742771107288,CC-BY-4.0,http://creativecommons.org/licenses/by/4.0/legalcode,redistribute_derivative_with_attribution_rights_review_passed
WBGBIF2026_E0185,WBGBIF2026_E0185_F01_uncropped,uncropped,model_inputs/images_uncropped/WBGBIF2026_E0185_F01_uncropped.jpg,true,1,1,46172981affe37ff0cda74d3076b09da43645a56cc86355706270b51da2741bc,46172981affe37ff0cda74d3076b09da43645a56cc86355706270b51da2741bc,CC-BY-4.0,http://creativecommons.org/licenses/by/4.0/legalcode,redistribute_derivative_with_attribution_rights_review_passed
WBGBIF2026_E0185,WBGBIF2026_E0185_F02_uncropped,uncropped,model_inputs/images_uncropped/WBGBIF2026_E0185_F02_uncropped.jpg,true,2,2,08afa20b931a7cbc8cccb1127219fdea6dc1e9a0b7a03f646488c3612c931231,08afa20b931a7cbc8cccb1127219fdea6dc1e9a0b7a03f646488c3612c931231,CC-BY-4.0,http://creativecommons.org/licenses/by/4.0/legalcode,redistribute_derivative_with_attribution_rights_review_passed
WBGBIF2026_E0186,WBGBIF2026_E0186_F00_uncropped,uncropped,model_inputs/images_uncropped/WBGBIF2026_E0186_F00_uncropped.jpg,true,0,0,df42f78945ce760fb51e7e89e4d450e1ef013afdde17c5596462e74d52818754,df42f78945ce760fb51e7e89e4d450e1ef013afdde17c5596462e74d52818754,CC-BY-4.0,http://creativecommons.org/licenses/by/4.0/legalcode,redistribute_derivative_with_attribution_rights_review_passed
WBGBIF2026_E0186,WBGBIF2026_E0186_F01_uncropped,uncropped,model_inputs/images_uncropped/WBGBIF2026_E0186_F01_uncropped.jpg,true,1,1,849ca17144dd37e8c1cb291bf029c95782dcbe0afc2968debd53863c73acde03,849ca17144dd37e8c1cb291bf029c95782dcbe0afc2968debd53863c73acde03,CC-BY-4.0,http://creativecommons.org/licenses/by/4.0/legalcode,redistribute_derivative_with_attribution_rights_review_passed
WBGBIF2026_E0186,WBGBIF2026_E0186_F02_uncropped,uncropped,model_inputs/images_uncropped/WBGBIF2026_E0186_F02_uncropped.jpg,true,2,2,907a16b5195c37117646ab3bda8a94e45828896976bb9ee223fb82a6804b4750,907a16b5195c37117646ab3bda8a94e45828896976bb9ee223fb82a6804b4750,CC-BY-4.0,http://creativecommons.org/licenses/by/4.0/legalcode,redistribute_derivative_with_attribution_rights_review_passed
WBGBIF2026_E0187,WBGBIF2026_E0187_F00_uncropped,uncropped,model_inputs/images_uncropped/WBGBIF2026_E0187_F00_uncropped.jpg,true,0,0,3d5ba1bc38ae7d77aa2bc0f9d115688e17f7d64b0f75bca8e4d3ca4ade3799e7,3d5ba1bc38ae7d77aa2bc0f9d115688e17f7d64b0f75bca8e4d3ca4ade3799e7,CC-BY-4.0,http://creativecommons.org/licenses/by/4.0/legalcode,redistribute_derivative_with_attribution_rights_review_passed
WBGBIF2026_E0187,WBGBIF2026_E0187_F01_uncropped,uncropped,model_inputs/images_uncropped/WBGBIF2026_E0187_F01_uncropped.jpg,true,1,2,718d7d1a0ea8497cb64439979927d473ec7b1c0bdfd30b1bcee420eaa66b3ef0,718d7d1a0ea8497cb64439979927d473ec7b1c0bdfd30b1bcee420eaa66b3ef0,CC-BY-4.0,http://creativecommons.org/licenses/by/4.0/legalcode,redistribute_derivative_with_attribution_rights_review_passed
WBGBIF2026_E0187,WBGBIF2026_E0187_F02_uncropped,uncropped,model_inputs/images_uncropped/WBGBIF2026_E0187_F02_uncropped.jpg,true,2,4,ebacefd745e0674f0a3d4a5cdaecfb7491cefc17a836431cafa422be475a1a39,ebacefd745e0674f0a3d4a5cdaecfb7491cefc17a836431cafa422be475a1a39,CC-BY-4.0,http://creativecommons.org/licenses/by/4.0/legalcode,redistribute_derivative_with_attribution_rights_review_passed
WBGBIF2026_E0187,WBGBIF2026_E0187_F03_uncropped,uncropped,model_inputs/images_uncropped/WBGBIF2026_E0187_F03_uncropped.jpg,true,3,5,2cfacdb525c6192fb63d84a16caaad6b46ca652be305343d3a97b8a7298aae00,2cfacdb525c6192fb63d84a16caaad6b46ca652be305343d3a97b8a7298aae00,CC-BY-4.0,http://creativecommons.org/licenses/by/4.0/legalcode,redistribute_derivative_with_attribution_rights_review_passed
WBGBIF2026_E0187,WBGBIF2026_E0187_F04_uncropped,uncropped,model_inputs/images_uncropped/WBGBIF2026_E0187_F04_uncropped.jpg,true,4,6,53cd5999432026c9c3a84332735399d534a48287606436cc48a1614cb14dcb7d,53cd5999432026c9c3a84332735399d534a48287606436cc48a1614cb14dcb7d,CC-BY-4.0,http://creativecommons.org/licenses/by/4.0/legalcode,redistribute_derivative_with_attribution_rights_review_passed
WBGBIF2026_E0188,WBGBIF2026_E0188_F00_uncropped,uncropped,model_inputs/images_uncropped/WBGBIF2026_E0188_F00_uncropped.jpg,true,0,0,de0f19331a7564f3b8fe41bba80a6f66e340572604eeb2715fa4ec318221a01c,de0f19331a7564f3b8fe41bba80a6f66e340572604eeb2715fa4ec318221a01c,CC-BY-4.0,http://creativecommons.org/licenses/by/4.0/legalcode,redistribute_derivative_with_attribution_rights_review_passed
WBGBIF2026_E0188,WBGBIF2026_E0188_F01_uncropped,uncropped,model_inputs/images_uncropped/WBGBIF2026_E0188_F01_uncropped.jpg,true,1,1,0e7d4fb5e28251b2d9a6055eb7a6343c0445de0b533be64b62d6cc15daa75135,0e7d4fb5e28251b2d9a6055eb7a6343c0445de0b533be64b62d6cc15daa75135,CC-BY-4.0,http://creativecommons.org/licenses/by/4.0/legalcode,redistribute_derivative_with_attribution_rights_review_passed
WBGBIF2026_E0188,WBGBIF2026_E0188_F02_uncropped,uncropped,model_inputs/images_uncropped/WBGBIF2026_E0188_F02_uncropped.jpg,true,2,2,914a238227766c8eae56c80f07597de56e906a521a609ae0354f32d1b0d77245,914a238227766c8eae56c80f07597de56e906a521a609ae0354f32d1b0d77245,CC-BY-4.0,http://creativecommons.org/licenses/by/4.0/legalcode,redistribute_derivative_with_attribution_rights_review_passed
WBGBIF2026_E0188,WBGBIF2026_E0188_F03_uncropped,uncropped,model_inputs/images_uncropped/WBGBIF2026_E0188_F03_uncropped.jpg,true,3,3,2ed972de46ddc3facbbff5fb362339df4cb092af08e066d1a7b616ea3f41f7a2,2ed972de46ddc3facbbff5fb362339df4cb092af08e066d1a7b616ea3f41f7a2,CC-BY-4.0,http://creativecommons.org/licenses/by/4.0/legalcode,redistribute_derivative_with_attribution_rights_review_passed
WBGBIF2026_E0188,WBGBIF2026_E0188_F04_uncropped,uncropped,model_inputs/images_uncropped/WBGBIF2026_E0188_F04_uncropped.jpg,true,4,4,de20b1e860b41fbc7eb995a8226fe7a71a5c2f811316fd52f6fa7ba61987624e,de20b1e860b41fbc7eb995a8226fe7a71a5c2f811316fd52f6fa7ba61987624e,CC-BY-4.0,http://creativecommons.org/licenses/by/4.0/legalcode,redistribute_derivative_with_attribution_rights_review_passed
WBGBIF2026_E0189,WBGBIF2026_E0189_F00_uncropped,uncropped,model_inputs/images_uncropped/WBGBIF2026_E0189_F00_uncropped.jpg,true,0,0,0c8f0a50f4fd15045356814a96b161a8b1ed2e7939852616b3c08872c0e7e644,0c8f0a50f4fd15045356814a96b161a8b1ed2e7939852616b3c08872c0e7e644,CC-BY-4.0,http://creativecommons.org/licenses/by/4.0/legalcode,redistribute_derivative_with_attribution_rights_review_passed
WBGBIF2026_E0189,WBGBIF2026_E0189_F01_uncropped,uncropped,model_inputs/images_uncropped/WBGBIF2026_E0189_F01_uncropped.jpg,true,1,1,c94d8d4720134f2631d3fe86a7d43785148d4d4527871008e8a4c3b0190c63fb,c94d8d4720134f2631d3fe86a7d43785148d4d4527871008e8a4c3b0190c63fb,CC-BY-4.0,http://creativecommons.org/licenses/by/4.0/legalcode,redistribute_derivative_with_attribution_rights_review_passed
WBGBIF2026_E0189,WBGBIF2026_E0189_F02_uncropped,uncropped,model_inputs/images_uncropped/WBGBIF2026_E0189_F02_uncropped.jpg,true,2,2,2968641d6a35e8c03ae47d0a525b2b8281a5bf9f4bf74c2f88466766182f212e,2968641d6a35e8c03ae47d0a525b2b8281a5bf9f4bf74c2f88466766182f212e,CC-BY-4.0,http://creativecommons.org/licenses/by/4.0/legalcode,redistribute_derivative_with_attribution_rights_review_passed
WBGBIF2026_E0189,WBGBIF2026_E0189_F03_uncropped,uncropped,model_inputs/images_uncropped/WBGBIF2026_E0189_F03_uncropped.jpg,true,3,3,5020fa94f27b1a2459ee5073fa91548d9d6b4cf6dd28ff513bc22234c9e79a48,5020fa94f27b1a2459ee5073fa91548d9d6b4cf6dd28ff513bc22234c9e79a48,CC-BY-4.0,http://creativecommons.org/licenses/by/4.0/legalcode,redistribute_derivative_with_attribution_rights_review_passed
WBGBIF2026_E0189,WBGBIF2026_E0189_F04_uncropped,uncropped,model_inputs/images_uncropped/WBGBIF2026_E0189_F04_uncropped.jpg,true,4,4,7d2f4ac88bce2e6bd967dc73619883e6119fd766fa55c922f5c2c99dd7e7d708,7d2f4ac88bce2e6bd967dc73619883e6119fd766fa55c922f5c2c99dd7e7d708,CC-BY-4.0,http://creativecommons.org/licenses/by/4.0/legalcode,redistribute_derivative_with_attribution_rights_review_passed
WBGBIF2026_E0190,WBGBIF2026_E0190_F00_uncropped,uncropped,model_inputs/images_uncropped/WBGBIF2026_E0190_F00_uncropped.jpg,true,0,0,7794c61cf6105a9cabcb4bd27c281925b9502a5a203c868e6e18fda9ede26d6f,7794c61cf6105a9cabcb4bd27c281925b9502a5a203c868e6e18fda9ede26d6f,CC-BY-4.0,http://creativecommons.org/licenses/by/4.0/legalcode,redistribute_derivative_with_attribution_rights_review_passed
WBGBIF2026_E0190,WBGBIF2026_E0190_F01_uncropped,uncropped,model_inputs/images_uncropped/WBGBIF2026_E0190_F01_uncropped.jpg,true,1,1,7c0a905d3d438f896516af75c34b8a679a92c67e00cac6a3906ff2ea6c7004d7,7c0a905d3d438f896516af75c34b8a679a92c67e00cac6a3906ff2ea6c7004d7,CC-BY-4.0,http://creativecommons.org/licenses/by/4.0/legalcode,redistribute_derivative_with_attribution_rights_review_passed
WBGBIF2026_E0190,WBGBIF2026_E0190_F02_uncropped,uncropped,model_inputs/images_uncropped/WBGBIF2026_E0190_F02_uncropped.jpg,true,2,2,5be16d16e2e933a0c1ff1a32b9556a5b762d5d051cb3f9aab5ee1d4c1ff58941,5be16d16e2e933a0c1ff1a32b9556a5b762d5d051cb3f9aab5ee1d4c1ff58941,CC-BY-4.0,http://creativecommons.org/licenses/by/4.0/legalcode,redistribute_derivative_with_attribution_rights_review_passed
WBGBIF2026_E0190,WBGBIF2026_E0190_F03_uncropped,uncropped,model_inputs/images_uncropped/WBGBIF2026_E0190_F03_uncropped.jpg,true,3,3,f63d279f38c41835e43980f4142f13bb86ccbeb6e2800b2ddaa735899cd11dc2,f63d279f38c41835e43980f4142f13bb86ccbeb6e2800b2ddaa735899cd11dc2,CC-BY-4.0,http://creativecommons.org/licenses/by/4.0/legalcode,redistribute_derivative_with_attribution_rights_review_passed
WBGBIF2026_E0190,WBGBIF2026_E0190_F04_uncropped,uncropped,model_inputs/images_uncropped/WBGBIF2026_E0190_F04_uncropped.jpg,true,4,4,28deea9eaeb2ae424a88c2a78a86254fd8ca5f5c2fda497ecbc6d96c8bc0dc6d,28deea9eaeb2ae424a88c2a78a86254fd8ca5f5c2fda497ecbc6d96c8bc0dc6d,CC-BY-4.0,http://creativecommons.org/licenses/by/4.0/legalcode,redistribute_derivative_with_attribution_rights_review_passed
WBGBIF2026_E0191,WBGBIF2026_E0191_F00_uncropped,uncropped,model_inputs/images_uncropped/WBGBIF2026_E0191_F00_uncropped.jpg,true,0,0,aa9860959cd1dff48a1afc135a80373ab09cb88f8989a0d61c7ccd3ee14f4cc4,aa9860959cd1dff48a1afc135a80373ab09cb88f8989a0d61c7ccd3ee14f4cc4,CC-BY-4.0,http://creativecommons.org/licenses/by/4.0/legalcode,redistribute_derivative_with_attribution_rights_review_passed
WBGBIF2026_E0191,WBGBIF2026_E0191_F01_uncropped,uncropped,model_inputs/images_uncropped/WBGBIF2026_E0191_F01_uncropped.jpg,true,1,1,5c111773e20e04f320e74216d5b809d04edd94611245b4ace5f5bb9823796cf8,5c111773e20e04f320e74216d5b809d04edd94611245b4ace5f5bb9823796cf8,CC-BY-4.0,http://creativecommons.org/licenses/by/4.0/legalcode,redistribute_derivative_with_attribution_rights_review_passed
WBGBIF2026_E0191,WBGBIF2026_E0191_F02_uncropped,uncropped,model_inputs/images_uncropped/WBGBIF2026_E0191_F02_uncropped.jpg,true,2,2,7af518bd4c588bd6e4ef48e988609400a28960d962e7c98a677fa37dd75cb2d8,7af518bd4c588bd6e4ef48e988609400a28960d962e7c98a677fa37dd75cb2d8,CC-BY-4.0,http://creativecommons.org/licenses/by/4.0/legalcode,redistribute_derivative_with_attribution_rights_review_passed
WBGBIF2026_E0191,WBGBIF2026_E0191_F03_uncropped,uncropped,model_inputs/images_uncropped/WBGBIF2026_E0191_F03_uncropped.jpg,true,3,3,473a4d6421f50a34cd22dbbf91f57ed8efbc139a4aabfb39416c5d39c4ce1298,473a4d6421f50a34cd22dbbf91f57ed8efbc139a4aabfb39416c5d39c4ce1298,CC-BY-4.0,http://creativecommons.org/licenses/by/4.0/legalcode,redistribute_derivative_with_attribution_rights_review_passed
WBGBIF2026_E0191,WBGBIF2026_E0191_F04_uncropped,uncropped,model_inputs/images_uncropped/WBGBIF2026_E0191_F04_uncropped.jpg,true,4,4,9c9029d8d66f1c2aedfd5a14e3ba5562be5c6d36b76da0929d6ce8a72f7cd322,9c9029d8d66f1c2aedfd5a14e3ba5562be5c6d36b76da0929d6ce8a72f7cd322,CC-BY-4.0,http://creativecommons.org/licenses/by/4.0/legalcode,redistribute_derivative_with_attribution_rights_review_passed
WBGBIF2026_E0192,WBGBIF2026_E0192_F00_uncropped,uncropped,model_inputs/images_uncropped/WBGBIF2026_E0192_F00_uncropped.jpg,true,0,0,9ce85c5a7798fb3c3e2383bebe8f34d6d205d7057b5ab4540ace632bd0128402,9ce85c5a7798fb3c3e2383bebe8f34d6d205d7057b5ab4540ace632bd0128402,CC-BY-4.0,http://creativecommons.org/licenses/by/4.0/legalcode,redistribute_derivative_with_attribution_rights_review_passed
WBGBIF2026_E0192,WBGBIF2026_E0192_F01_uncropped,uncropped,model_inputs/images_uncropped/WBGBIF2026_E0192_F01_uncropped.jpg,true,1,1,9804525b3dc04946f007fb9a777ae978e0dbdcc8b64094441b49efbd6bda9271,9804525b3dc04946f007fb9a777ae978e0dbdcc8b64094441b49efbd6bda9271,CC-BY-4.0,http://creativecommons.org/licenses/by/4.0/legalcode,redistribute_derivative_with_attribution_rights_review_passed
WBGBIF2026_E0193,WBGBIF2026_E0193_F00_uncropped,uncropped,model_inputs/images_uncropped/WBGBIF2026_E0193_F00_uncropped.jpg,true,0,0,97c89927fcbca2892717f5e4e1472df2d457b645ad066c8c22853b665aae7342,97c89927fcbca2892717f5e4e1472df2d457b645ad066c8c22853b665aae7342,CC0-1.0,http://creativecommons.org/publicdomain/zero/1.0/legalcode,redistribute_derivative_rights_review_passed
WBGBIF2026_E0193,WBGBIF2026_E0193_F01_uncropped,uncropped,model_inputs/images_uncropped/WBGBIF2026_E0193_F01_uncropped.jpg,true,1,1,cbc3aa2fcc041b23530b72fb4241005eb13a1e6536339fcb86cd20b23a56be49,cbc3aa2fcc041b23530b72fb4241005eb13a1e6536339fcb86cd20b23a56be49,CC0-1.0,http://creativecommons.org/publicdomain/zero/1.0/legalcode,redistribute_derivative_rights_review_passed
WBGBIF2026_E0193,WBGBIF2026_E0193_F02_uncropped,uncropped,model_inputs/images_uncropped/WBGBIF2026_E0193_F02_uncropped.jpg,true,2,2,4281cbcad969cf395a4112337b2e41a3a1eca84996a427a4a7e31b87cc0c2901,4281cbcad969cf395a4112337b2e41a3a1eca84996a427a4a7e31b87cc0c2901,CC0-1.0,http://creativecommons.org/publicdomain/zero/1.0/legalcode,redistribute_derivative_rights_review_passed
WBGBIF2026_E0193,WBGBIF2026_E0193_F03_uncropped,uncropped,model_inputs/images_uncropped/WBGBIF2026_E0193_F03_uncropped.jpg,true,3,3,a4cceb75968f902fdc0d78246a7c19ceb935285a956bc2af0328e8f9356346cc,a4cceb75968f902fdc0d78246a7c19ceb935285a956bc2af0328e8f9356346cc,CC0-1.0,http://creativecommons.org/publicdomain/zero/1.0/legalcode,redistribute_derivative_rights_review_passed
WBGBIF2026_E0193,WBGBIF2026_E0193_F04_uncropped,uncropped,model_inputs/images_uncropped/WBGBIF2026_E0193_F04_uncropped.jpg,true,4,4,cb412766afa1d4d8f0905c41960db99602e43a563c92c40f6437fa89a961af22,cb412766afa1d4d8f0905c41960db99602e43a563c92c40f6437fa89a961af22,CC0-1.0,http://creativecommons.org/publicdomain/zero/1.0/legalcode,redistribute_derivative_rights_review_passed
WBGBIF2026_E0194,WBGBIF2026_E0194_F00_uncropped,uncropped,model_inputs/images_uncropped/WBGBIF2026_E0194_F00_uncropped.jpg,true,0,0,eddc9c418d30a4057741650130995e42425e1f95887c86b27fc8db9821062f70,eddc9c418d30a4057741650130995e42425e1f95887c86b27fc8db9821062f70,CC0-1.0,http://creativecommons.org/publicdomain/zero/1.0/legalcode,redistribute_derivative_rights_review_passed
WBGBIF2026_E0194,WBGBIF2026_E0194_F01_uncropped,uncropped,model_inputs/images_uncropped/WBGBIF2026_E0194_F01_uncropped.jpg,true,1,1,a287950efd6bdc7d31ff0438c81d9a39b2622c787d6953b8b50d7e9085d69d4a,a287950efd6bdc7d31ff0438c81d9a39b2622c787d6953b8b50d7e9085d69d4a,CC0-1.0,http://creativecommons.org/publicdomain/zero/1.0/legalcode,redistribute_derivative_rights_review_passed
WBGBIF2026_E0194,WBGBIF2026_E0194_F02_uncropped,uncropped,model_inputs/images_uncropped/WBGBIF2026_E0194_F02_uncropped.jpg,true,2,2,c6f88bb6b8ad8bb43b3abb32104901d7fab6bc0670d98d51ef31c706953dd2c7,c6f88bb6b8ad8bb43b3abb32104901d7fab6bc0670d98d51ef31c706953dd2c7,CC0-1.0,http://creativecommons.org/publicdomain/zero/1.0/legalcode,redistribute_derivative_rights_review_passed
WBGBIF2026_E0194,WBGBIF2026_E0194_F03_uncropped,uncropped,model_inputs/images_uncropped/WBGBIF2026_E0194_F03_uncropped.jpg,true,3,3,1eea574a2e207b18fbf074dc7888ec37047e3c710c929c9f5a876a2d1c976aae,1eea574a2e207b18fbf074dc7888ec37047e3c710c929c9f5a876a2d1c976aae,CC0-1.0,http://creativecommons.org/publicdomain/zero/1.0/legalcode,redistribute_derivative_rights_review_passed
WBGBIF2026_E0194,WBGBIF2026_E0194_F04_uncropped,uncropped,model_inputs/images_uncropped/WBGBIF2026_E0194_F04_uncropped.jpg,true,4,4,76ac23398d67cb2fd27004d40b7c0f827993fdcb4746cf8da6c3d9e8ee6c4011,76ac23398d67cb2fd27004d40b7c0f827993fdcb4746cf8da6c3d9e8ee6c4011,CC0-1.0,http://creativecommons.org/publicdomain/zero/1.0/legalcode,redistribute_derivative_rights_review_passed
WBGBIF2026_E0195,WBGBIF2026_E0195_F00_uncropped,uncropped,model_inputs/images_uncropped/WBGBIF2026_E0195_F00_uncropped.jpg,true,0,0,f95b890a744fc3885c6852adaab6d22d0cd6074eab9de37ebe7c8af499425d40,f95b890a744fc3885c6852adaab6d22d0cd6074eab9de37ebe7c8af499425d40,CC0-1.0,http://creativecommons.org/publicdomain/zero/1.0/legalcode,redistribute_derivative_rights_review_passed
WBGBIF2026_E0195,WBGBIF2026_E0195_F01_uncropped,uncropped,model_inputs/images_uncropped/WBGBIF2026_E0195_F01_uncropped.jpg,true,1,1,b888356b7b9d8ed84da75ce8fdc59360c64b8cca05e036cac13098c47fbd0de9,b888356b7b9d8ed84da75ce8fdc59360c64b8cca05e036cac13098c47fbd0de9,CC0-1.0,http://creativecommons.org/publicdomain/zero/1.0/legalcode,redistribute_derivative_rights_review_passed
WBGBIF2026_E0196,WBGBIF2026_E0196_F00_uncropped,uncropped,model_inputs/images_uncropped/WBGBIF2026_E0196_F00_uncropped.jpg,true,0,0,6eebcbddd9743bf913da901945869f4d5f75b7de85112f59fa6dfa7a113f1e7e,6eebcbddd9743bf913da901945869f4d5f75b7de85112f59fa6dfa7a113f1e7e,CC0-1.0,http://creativecommons.org/publicdomain/zero/1.0/legalcode,redistribute_derivative_rights_review_passed
WBGBIF2026_E0196,WBGBIF2026_E0196_F01_uncropped,uncropped,model_inputs/images_uncropped/WBGBIF2026_E0196_F01_uncropped.jpg,true,1,10,b99487585f6bdb2cd704e39486cf956c00ecab77401bb34371bf50860012829e,b99487585f6bdb2cd704e39486cf956c00ecab77401bb34371bf50860012829e,CC0-1.0,http://creativecommons.org/publicdomain/zero/1.0/legalcode,redistribute_derivative_rights_review_passed
WBGBIF2026_E0196,WBGBIF2026_E0196_F02_uncropped,uncropped,model_inputs/images_uncropped/WBGBIF2026_E0196_F02_uncropped.jpg,true,2,20,ec9408ad4a53a2d259f1cca43651768e0798912842a64c294a6d2389f7f96ba7,ec9408ad4a53a2d259f1cca43651768e0798912842a64c294a6d2389f7f96ba7,CC0-1.0,http://creativecommons.org/publicdomain/zero/1.0/legalcode,redistribute_derivative_rights_review_passed
WBGBIF2026_E0196,WBGBIF2026_E0196_F03_uncropped,uncropped,model_inputs/images_uncropped/WBGBIF2026_E0196_F03_uncropped.jpg,true,3,30,191ebadf5ebc14e9d613a06492270a1481e52f143d0454ce918b9ab7bf937582,191ebadf5ebc14e9d613a06492270a1481e52f143d0454ce918b9ab7bf937582,CC0-1.0,http://creativecommons.org/publicdomain/zero/1.0/legalcode,redistribute_derivative_rights_review_passed
WBGBIF2026_E0196,WBGBIF2026_E0196_F04_uncropped,uncropped,model_inputs/images_uncropped/WBGBIF2026_E0196_F04_uncropped.jpg,true,4,40,5bb7672e5d4e0c7abbab2612acab75536b57f133120ed5161e520796310596e1,5bb7672e5d4e0c7abbab2612acab75536b57f133120ed5161e520796310596e1,CC0-1.0,http://creativecommons.org/publicdomain/zero/1.0/legalcode,redistribute_derivative_rights_review_passed
WBGBIF2026_E0197,WBGBIF2026_E0197_F00_uncropped,uncropped,model_inputs/images_uncropped/WBGBIF2026_E0197_F00_uncropped.jpg,true,0,0,c76e6090f9e32613bcc7b2b1847b6dbef91b6ab7eb1996e0a4c190b201f5d73f,c76e6090f9e32613bcc7b2b1847b6dbef91b6ab7eb1996e0a4c190b201f5d73f,CC0-1.0,http://creativecommons.org/publicdomain/zero/1.0/legalcode,redistribute_derivative_rights_review_passed
WBGBIF2026_E0197,WBGBIF2026_E0197_F01_uncropped,uncropped,model_inputs/images_uncropped/WBGBIF2026_E0197_F01_uncropped.jpg,true,1,2,b2847e9fad357eb6905ee9fac6d36308455e4794acac65bcd22d4c870cfb5dc8,b2847e9fad357eb6905ee9fac6d36308455e4794acac65bcd22d4c870cfb5dc8,CC0-1.0,http://creativecommons.org/publicdomain/zero/1.0/legalcode,redistribute_derivative_rights_review_passed
WBGBIF2026_E0197,WBGBIF2026_E0197_F02_uncropped,uncropped,model_inputs/images_uncropped/WBGBIF2026_E0197_F02_uncropped.jpg,true,2,4,0be269cc21b35c07ec5e146e7bd27e44cff5f70d3910ea077fff1ea58db7d47a,0be269cc21b35c07ec5e146e7bd27e44cff5f70d3910ea077fff1ea58db7d47a,CC0-1.0,http://creativecommons.org/publicdomain/zero/1.0/legalcode,redistribute_derivative_rights_review_passed
WBGBIF2026_E0197,WBGBIF2026_E0197_F03_uncropped,uncropped,model_inputs/images_uncropped/WBGBIF2026_E0197_F03_uncropped.jpg,true,3,6,bb3c6ccef15e8d6f3f626de49d629aa3bfa383a639546840c9e9d4685bf7eb2a,bb3c6ccef15e8d6f3f626de49d629aa3bfa383a639546840c9e9d4685bf7eb2a,CC0-1.0,http://creativecommons.org/publicdomain/zero/1.0/legalcode,redistribute_derivative_rights_review_passed
WBGBIF2026_E0197,WBGBIF2026_E0197_F04_uncropped,uncropped,model_inputs/images_uncropped/WBGBIF2026_E0197_F04_uncropped.jpg,true,4,8,e84eeae9ea6749cc7c430d65cad11f03b65877674efd311519baaf0878190849,e84eeae9ea6749cc7c430d65cad11f03b65877674efd311519baaf0878190849,CC0-1.0,http://creativecommons.org/publicdomain/zero/1.0/legalcode,redistribute_derivative_rights_review_passed
WBGBIF2026_E0198,WBGBIF2026_E0198_F00_uncropped,uncropped,model_inputs/images_uncropped/WBGBIF2026_E0198_F00_uncropped.jpg,true,0,0,e2e3090d75913c1dc881c6cb7e59196b0d3ab85156e99a28a76766438414c77c,e2e3090d75913c1dc881c6cb7e59196b0d3ab85156e99a28a76766438414c77c,CC0-1.0,http://creativecommons.org/publicdomain/zero/1.0/legalcode,redistribute_derivative_rights_review_passed
WBGBIF2026_E0198,WBGBIF2026_E0198_F01_uncropped,uncropped,model_inputs/images_uncropped/WBGBIF2026_E0198_F01_uncropped.jpg,true,1,5,d42f0da82b601cd365d8bca90328786e8f2588607f12cd8135e240cbc7b7846f,d42f0da82b601cd365d8bca90328786e8f2588607f12cd8135e240cbc7b7846f,CC0-1.0,http://creativecommons.org/publicdomain/zero/1.0/legalcode,redistribute_derivative_rights_review_passed
WBGBIF2026_E0198,WBGBIF2026_E0198_F02_uncropped,uncropped,model_inputs/images_uncropped/WBGBIF2026_E0198_F02_uncropped.jpg,true,2,11,637a95c035e19fbc1b3eff01004e9709a9b5c79057d35968dab0d5f231c0166c,637a95c035e19fbc1b3eff01004e9709a9b5c79057d35968dab0d5f231c0166c,CC0-1.0,http://creativecommons.org/publicdomain/zero/1.0/legalcode,redistribute_derivative_rights_review_passed
WBGBIF2026_E0198,WBGBIF2026_E0198_F03_uncropped,uncropped,model_inputs/images_uncropped/WBGBIF2026_E0198_F03_uncropped.jpg,true,3,16,ca7ee50541b8ebf36a9cd9172d42d846e99695f0bdac324d2c8a768434d4b9ec,ca7ee50541b8ebf36a9cd9172d42d846e99695f0bdac324d2c8a768434d4b9ec,CC0-1.0,http://creativecommons.org/publicdomain/zero/1.0/legalcode,redistribute_derivative_rights_review_passed
WBGBIF2026_E0198,WBGBIF2026_E0198_F04_uncropped,uncropped,model_inputs/images_uncropped/WBGBIF2026_E0198_F04_uncropped.jpg,true,4,22,c7d6f549436b0bc06156008d641b35e4d42a7a80768c0991e6a02af204550e17,c7d6f549436b0bc06156008d641b35e4d42a7a80768c0991e6a02af204550e17,CC0-1.0,http://creativecommons.org/publicdomain/zero/1.0/legalcode,redistribute_derivative_rights_review_passed
WBGBIF2026_E0199,WBGBIF2026_E0199_F00_uncropped,uncropped,model_inputs/images_uncropped/WBGBIF2026_E0199_F00_uncropped.jpg,true,0,0,d99148f8174c88a62667543fac699385d7efb9a7f1b3031743371802f5de5f60,d99148f8174c88a62667543fac699385d7efb9a7f1b3031743371802f5de5f60,CC-BY-4.0,http://creativecommons.org/licenses/by/4.0/legalcode,redistribute_derivative_with_attribution_rights_review_passed
WBGBIF2026_E0199,WBGBIF2026_E0199_F01_uncropped,uncropped,model_inputs/images_uncropped/WBGBIF2026_E0199_F01_uncropped.jpg,true,1,1,43671028f42e96d71ddc9ddc4a0b900411c66ca56211492365f4dba26aafb324,43671028f42e96d71ddc9ddc4a0b900411c66ca56211492365f4dba26aafb324,CC-BY-4.0,http://creativecommons.org/licenses/by/4.0/legalcode,redistribute_derivative_with_attribution_rights_review_passed
WBGBIF2026_E0199,WBGBIF2026_E0199_F02_uncropped,uncropped,model_inputs/images_uncropped/WBGBIF2026_E0199_F02_uncropped.jpg,true,2,2,0f4b71c9a811055b491a7a9535e435f2bf303709437d58066c14ebfa31274244,0f4b71c9a811055b491a7a9535e435f2bf303709437d58066c14ebfa31274244,CC-BY-4.0,http://creativecommons.org/licenses/by/4.0/legalcode,redistribute_derivative_with_attribution_rights_review_passed
WBGBIF2026_E0199,WBGBIF2026_E0199_F03_uncropped,uncropped,model_inputs/images_uncropped/WBGBIF2026_E0199_F03_uncropped.jpg,true,3,3,e2e9862eaeedf61252a3a35045406352115bc524b6d9ab59d93d5b4101d749dd,e2e9862eaeedf61252a3a35045406352115bc524b6d9ab59d93d5b4101d749dd,CC-BY-4.0,http://creativecommons.org/licenses/by/4.0/legalcode,redistribute_derivative_with_attribution_rights_review_passed
WBGBIF2026_E0199,WBGBIF2026_E0199_F04_uncropped,uncropped,model_inputs/images_uncropped/WBGBIF2026_E0199_F04_uncropped.jpg,true,4,4,8179c05d02f0c7dafbeed4b83ddbc327f98ecf71473395c3892ba6494e4cedf9,8179c05d02f0c7dafbeed4b83ddbc327f98ecf71473395c3892ba6494e4cedf9,CC-BY-4.0,http://creativecommons.org/licenses/by/4.0/legalcode,redistribute_derivative_with_attribution_rights_review_passed
WBGBIF2026_E0200,WBGBIF2026_E0200_F00_uncropped,uncropped,model_inputs/images_uncropped/WBGBIF2026_E0200_F00_uncropped.jpg,true,0,0,a1ae6579708cd674895a46feca1895ac01002a55b0d3cf813697b7ffe940c9fe,a1ae6579708cd674895a46feca1895ac01002a55b0d3cf813697b7ffe940c9fe,CC-BY-4.0,http://creativecommons.org/licenses/by/4.0/legalcode,redistribute_derivative_with_attribution_rights_review_passed
WBGBIF2026_E0200,WBGBIF2026_E0200_F01_uncropped,uncropped,model_inputs/images_uncropped/WBGBIF2026_E0200_F01_uncropped.jpg,true,1,1,fea588cb679d3598cf920cce15b9e31f3e891c5756476e2e3e5eb64a7c41f5a0,fea588cb679d3598cf920cce15b9e31f3e891c5756476e2e3e5eb64a7c41f5a0,CC-BY-4.0,http://creativecommons.org/licenses/by/4.0/legalcode,redistribute_derivative_with_attribution_rights_review_passed
WBGBIF2026_E0200,WBGBIF2026_E0200_F02_uncropped,uncropped,model_inputs/images_uncropped/WBGBIF2026_E0200_F02_uncropped.jpg,true,2,2,05814b4ad696e81cf5446600e4e9e9a40eb586fc127aa77661f5ffc4663e0fb2,05814b4ad696e81cf5446600e4e9e9a40eb586fc127aa77661f5ffc4663e0fb2,CC-BY-4.0,http://creativecommons.org/licenses/by/4.0/legalcode,redistribute_derivative_with_attribution_rights_review_passed
WBGBIF2026_E0200,WBGBIF2026_E0200_F03_uncropped,uncropped,model_inputs/images_uncropped/WBGBIF2026_E0200_F03_uncropped.jpg,true,3,3,9068270065dad3298cdd81446dc59b42321bf8772076655262557f682c40023b,9068270065dad3298cdd81446dc59b42321bf8772076655262557f682c40023b,CC-BY-4.0,http://creativecommons.org/licenses/by/4.0/legalcode,redistribute_derivative_with_attribution_rights_review_passed
WBGBIF2026_E0200,WBGBIF2026_E0200_F04_uncropped,uncropped,model_inputs/images_uncropped/WBGBIF2026_E0200_F04_uncropped.jpg,true,4,4,fc9a0b1531f5565e9bbb3ab434905da54e997f15cadf66bec20ac5dfe7d68eb2,fc9a0b1531f5565e9bbb3ab434905da54e997f15cadf66bec20ac5dfe7d68eb2,CC-BY-4.0,http://creativecommons.org/licenses/by/4.0/legalcode,redistribute_derivative_with_attribution_rights_review_passed
WBGBIF2026_E0201,WBGBIF2026_E0201_F00_uncropped,uncropped,model_inputs/images_uncropped/WBGBIF2026_E0201_F00_uncropped.jpg,true,0,0,1adcf2131923b951140528ec39e911df38ec38f1f42dd7fe581a1bef1b1282a7,1adcf2131923b951140528ec39e911df38ec38f1f42dd7fe581a1bef1b1282a7,CC-BY-4.0,http://creativecommons.org/licenses/by/4.0/legalcode,redistribute_derivative_with_attribution_rights_review_passed
WBGBIF2026_E0201,WBGBIF2026_E0201_F01_uncropped,uncropped,model_inputs/images_uncropped/WBGBIF2026_E0201_F01_uncropped.jpg,true,1,1,f064d5ad2789229348f9a6c9606894dd683c567ae02977b1ee2bbbb637363310,f064d5ad2789229348f9a6c9606894dd683c567ae02977b1ee2bbbb637363310,CC-BY-4.0,http://creativecommons.org/licenses/by/4.0/legalcode,redistribute_derivative_with_attribution_rights_review_passed
WBGBIF2026_E0201,WBGBIF2026_E0201_F02_uncropped,uncropped,model_inputs/images_uncropped/WBGBIF2026_E0201_F02_uncropped.jpg,true,2,2,cf56acada581e83543dbb5079b2d239d53c79811f97cb2691bcf09b698bfef26,cf56acada581e83543dbb5079b2d239d53c79811f97cb2691bcf09b698bfef26,CC-BY-4.0,http://creativecommons.org/licenses/by/4.0/legalcode,redistribute_derivative_with_attribution_rights_review_passed
WBGBIF2026_E0201,WBGBIF2026_E0201_F03_uncropped,uncropped,model_inputs/images_uncropped/WBGBIF2026_E0201_F03_uncropped.jpg,true,3,3,351fe4f922e0dab41dc45fe422b97d087d089591da0995de0c646c6ec99fedb7,351fe4f922e0dab41dc45fe422b97d087d089591da0995de0c646c6ec99fedb7,CC-BY-4.0,http://creativecommons.org/licenses/by/4.0/legalcode,redistribute_derivative_with_attribution_rights_review_passed
WBGBIF2026_E0201,WBGBIF2026_E0201_F04_uncropped,uncropped,model_inputs/images_uncropped/WBGBIF2026_E0201_F04_uncropped.jpg,true,4,4,e3a07624127dd7789a5b7ec47152d3177358c2440cee63d7d694a9a97cc5b8ca,e3a07624127dd7789a5b7ec47152d3177358c2440cee63d7d694a9a97cc5b8ca,CC-BY-4.0,http://creativecommons.org/licenses/by/4.0/legalcode,redistribute_derivative_with_attribution_rights_review_passed
WBGBIF2026_E0205,WBGBIF2026_E0205_F00_uncropped,uncropped,model_inputs/images_uncropped/WBGBIF2026_E0205_F00_uncropped.jpg,true,0,0,618c2e312974aed63fc28afa2b8d729758bb7689f347be709235c26891ee36c1,618c2e312974aed63fc28afa2b8d729758bb7689f347be709235c26891ee36c1,CC0-1.0,http://creativecommons.org/publicdomain/zero/1.0/legalcode,redistribute_derivative_rights_review_passed
WBGBIF2026_E0205,WBGBIF2026_E0205_F01_uncropped,uncropped,model_inputs/images_uncropped/WBGBIF2026_E0205_F01_uncropped.jpg,true,1,1,6c97d6c09ec7302d396ae9297a00d070d166000127bf745546fb39f5478c2e97,6c97d6c09ec7302d396ae9297a00d070d166000127bf745546fb39f5478c2e97,CC0-1.0,http://creativecommons.org/publicdomain/zero/1.0/legalcode,redistribute_derivative_rights_review_passed
WBGBIF2026_E0205,WBGBIF2026_E0205_F02_uncropped,uncropped,model_inputs/images_uncropped/WBGBIF2026_E0205_F02_uncropped.jpg,true,2,2,bc3ae45e33f503dc2a4573efff32546b1bc3ec8e56053e1aa02e7d712f0f7914,bc3ae45e33f503dc2a4573efff32546b1bc3ec8e56053e1aa02e7d712f0f7914,CC0-1.0,http://creativecommons.org/publicdomain/zero/1.0/legalcode,redistribute_derivative_rights_review_passed
WBGBIF2026_E0206,WBGBIF2026_E0206_F00_uncropped,uncropped,model_inputs/images_uncropped/WBGBIF2026_E0206_F00_uncropped.jpg,true,0,0,edc35342f20f27922fed1bb85df32fd4f435c8edec20cc46367302696b36c92a,edc35342f20f27922fed1bb85df32fd4f435c8edec20cc46367302696b36c92a,CC0-1.0,http://creativecommons.org/publicdomain/zero/1.0/legalcode,redistribute_derivative_rights_review_passed
WBGBIF2026_E0206,WBGBIF2026_E0206_F01_uncropped,uncropped,model_inputs/images_uncropped/WBGBIF2026_E0206_F01_uncropped.jpg,true,1,1,6fa147a237589ebe38fab1cd4044a550ed67d7cda606f0ee19df73681b013a36,6fa147a237589ebe38fab1cd4044a550ed67d7cda606f0ee19df73681b013a36,CC0-1.0,http://creativecommons.org/publicdomain/zero/1.0/legalcode,redistribute_derivative_rights_review_passed
WBGBIF2026_E0206,WBGBIF2026_E0206_F02_uncropped,uncropped,model_inputs/images_uncropped/WBGBIF2026_E0206_F02_uncropped.jpg,true,2,2,d072c772b5cdc24cc926ae7bc0c56dbdf9fa121384b24e39b42c36d67108f6c3,d072c772b5cdc24cc926ae7bc0c56dbdf9fa121384b24e39b42c36d67108f6c3,CC0-1.0,http://creativecommons.org/publicdomain/zero/1.0/legalcode,redistribute_derivative_rights_review_passed
WBGBIF2026_E0207,WBGBIF2026_E0207_F00_uncropped,uncropped,model_inputs/images_uncropped/WBGBIF2026_E0207_F00_uncropped.jpg,true,0,0,2029f806b2683a494e7b5dbd0f7d6d1e0e85a455ea71e31aca47fa799e5a37e8,2029f806b2683a494e7b5dbd0f7d6d1e0e85a455ea71e31aca47fa799e5a37e8,CC0-1.0,http://creativecommons.org/publicdomain/zero/1.0/legalcode,redistribute_derivative_rights_review_passed
WBGBIF2026_E0207,WBGBIF2026_E0207_F01_uncropped,uncropped,model_inputs/images_uncropped/WBGBIF2026_E0207_F01_uncropped.jpg,true,1,1,ef52e2bfd95e7f0b17e4ab27fb87e2a1dd887f7d3234b8b560965602f934da63,ef52e2bfd95e7f0b17e4ab27fb87e2a1dd887f7d3234b8b560965602f934da63,CC0-1.0,http://creativecommons.org/publicdomain/zero/1.0/legalcode,redistribute_derivative_rights_review_passed
WBGBIF2026_E0207,WBGBIF2026_E0207_F02_uncropped,uncropped,model_inputs/images_uncropped/WBGBIF2026_E0207_F02_uncropped.jpg,true,2,2,93d36186e1db303e5fba4b17366c05e1b53cffc28281c5d32b60db389e29019a,93d36186e1db303e5fba4b17366c05e1b53cffc28281c5d32b60db389e29019a,CC0-1.0,http://creativecommons.org/publicdomain/zero/1.0/legalcode,redistribute_derivative_rights_review_passed
WBGBIF2026_E0208,WBGBIF2026_E0208_F00_uncropped,uncropped,model_inputs/images_uncropped/WBGBIF2026_E0208_F00_uncropped.jpg,true,0,0,68734a6594964da115ac336cfd50b3291319fce00bcfc75246607d86590b6bfc,68734a6594964da115ac336cfd50b3291319fce00bcfc75246607d86590b6bfc,CC-BY-4.0,http://creativecommons.org/licenses/by/4.0/legalcode,redistribute_derivative_with_attribution_rights_review_passed
WBGBIF2026_E0208,WBGBIF2026_E0208_F01_uncropped,uncropped,model_inputs/images_uncropped/WBGBIF2026_E0208_F01_uncropped.jpg,true,1,1,a3f9a24fc3d1b1536ad34a7d2c473d4f17c8c41a2afe896355f908235790877f,a3f9a24fc3d1b1536ad34a7d2c473d4f17c8c41a2afe896355f908235790877f,CC-BY-4.0,http://creativecommons.org/licenses/by/4.0/legalcode,redistribute_derivative_with_attribution_rights_review_passed
WBGBIF2026_E0208,WBGBIF2026_E0208_F02_uncropped,uncropped,model_inputs/images_uncropped/WBGBIF2026_E0208_F02_uncropped.jpg,true,2,2,30f9ba7dc99f0a66ef3eb6c2ff50b438669f0c8e8e9ed8e8b70b9a4e6df2fb63,30f9ba7dc99f0a66ef3eb6c2ff50b438669f0c8e8e9ed8e8b70b9a4e6df2fb63,CC-BY-4.0,http://creativecommons.org/licenses/by/4.0/legalcode,redistribute_derivative_with_attribution_rights_review_passed
WBGBIF2026_E0208,WBGBIF2026_E0208_F03_uncropped,uncropped,model_inputs/images_uncropped/WBGBIF2026_E0208_F03_uncropped.jpg,true,3,3,9e48777e27916192519081d7983367462b0de444256baf61728bfbd941e74169,9e48777e27916192519081d7983367462b0de444256baf61728bfbd941e74169,CC-BY-4.0,http://creativecommons.org/licenses/by/4.0/legalcode,redistribute_derivative_with_attribution_rights_review_passed
WBGBIF2026_E0208,WBGBIF2026_E0208_F04_uncropped,uncropped,model_inputs/images_uncropped/WBGBIF2026_E0208_F04_uncropped.jpg,true,4,4,b5c2fbb8d729170af43650844494cf628625a9e6eaef10f35e7e09827c39f653,b5c2fbb8d729170af43650844494cf628625a9e6eaef10f35e7e09827c39f653,CC-BY-4.0,http://creativecommons.org/licenses/by/4.0/legalcode,redistribute_derivative_with_attribution_rights_review_passed
WBGBIF2026_E0209,WBGBIF2026_E0209_F00_uncropped,uncropped,model_inputs/images_uncropped/WBGBIF2026_E0209_F00_uncropped.jpg,true,0,0,72acf540db3e5592a8785d0cab7528c87dc7d0988a3cf4b00acc5abe4af0a9b0,72acf540db3e5592a8785d0cab7528c87dc7d0988a3cf4b00acc5abe4af0a9b0,CC-BY-4.0,http://creativecommons.org/licenses/by/4.0/legalcode,redistribute_derivative_with_attribution_rights_review_passed
WBGBIF2026_E0209,WBGBIF2026_E0209_F01_uncropped,uncropped,model_inputs/images_uncropped/WBGBIF2026_E0209_F01_uncropped.jpg,true,1,1,7e03d63a7b46c50cef442947dd92aaa6a0af28b13ed2ed2feac801c553e5be56,7e03d63a7b46c50cef442947dd92aaa6a0af28b13ed2ed2feac801c553e5be56,CC-BY-4.0,http://creativecommons.org/licenses/by/4.0/legalcode,redistribute_derivative_with_attribution_rights_review_passed
WBGBIF2026_E0209,WBGBIF2026_E0209_F02_uncropped,uncropped,model_inputs/images_uncropped/WBGBIF2026_E0209_F02_uncropped.jpg,true,2,2,60491bfdd15c9dc22ba55ad331d33ee8b79b103f85a354a77fc64b9f5c15dbdc,60491bfdd15c9dc22ba55ad331d33ee8b79b103f85a354a77fc64b9f5c15dbdc,CC-BY-4.0,http://creativecommons.org/licenses/by/4.0/legalcode,redistribute_derivative_with_attribution_rights_review_passed
WBGBIF2026_E0209,WBGBIF2026_E0209_F03_uncropped,uncropped,model_inputs/images_uncropped/WBGBIF2026_E0209_F03_uncropped.jpg,true,3,3,2be095924aca221ea728c0125024e7aedf2160515cc5ceb059217ecd84b123b0,2be095924aca221ea728c0125024e7aedf2160515cc5ceb059217ecd84b123b0,CC-BY-4.0,http://creativecommons.org/licenses/by/4.0/legalcode,redistribute_derivative_with_attribution_rights_review_passed
WBGBIF2026_E0209,WBGBIF2026_E0209_F04_uncropped,uncropped,model_inputs/images_uncropped/WBGBIF2026_E0209_F04_uncropped.jpg,true,4,4,53c276b43f057ff9baa65bab15ceca089d42c9106369daad9a5b87f01859b703,53c276b43f057ff9baa65bab15ceca089d42c9106369daad9a5b87f01859b703,CC-BY-4.0,http://creativecommons.org/licenses/by/4.0/legalcode,redistribute_derivative_with_attribution_rights_review_passed
WBGBIF2026_E0210,WBGBIF2026_E0210_F00_uncropped,uncropped,model_inputs/images_uncropped/WBGBIF2026_E0210_F00_uncropped.jpg,true,0,0,c967961dd05ce035468a6185b80e2a0468f8a8df74ea2f27fb26e150e37646f3,c967961dd05ce035468a6185b80e2a0468f8a8df74ea2f27fb26e150e37646f3,CC-BY-4.0,http://creativecommons.org/licenses/by/4.0/legalcode,redistribute_derivative_with_attribution_rights_review_passed
WBGBIF2026_E0210,WBGBIF2026_E0210_F01_uncropped,uncropped,model_inputs/images_uncropped/WBGBIF2026_E0210_F01_uncropped.jpg,true,1,1,ab78af01889a12e9b542cc0961013e8c6b893e7fb5cb8b769c1328cf4d9f976f,ab78af01889a12e9b542cc0961013e8c6b893e7fb5cb8b769c1328cf4d9f976f,CC-BY-4.0,http://creativecommons.org/licenses/by/4.0/legalcode,redistribute_derivative_with_attribution_rights_review_passed
WBGBIF2026_E0210,WBGBIF2026_E0210_F02_uncropped,uncropped,model_inputs/images_uncropped/WBGBIF2026_E0210_F02_uncropped.jpg,true,2,2,ce4a86173768462c4643a67c70b0dc3e1b982dab1d1283a53ea35390a2a4ce17,ce4a86173768462c4643a67c70b0dc3e1b982dab1d1283a53ea35390a2a4ce17,CC-BY-4.0,http://creativecommons.org/licenses/by/4.0/legalcode,redistribute_derivative_with_attribution_rights_review_passed
WBGBIF2026_E0210,WBGBIF2026_E0210_F03_uncropped,uncropped,model_inputs/images_uncropped/WBGBIF2026_E0210_F03_uncropped.jpg,true,3,3,f6e5eb29ce34c9d78d50e0fcf5338af1f1ab6e8362de6da1142bf95e3b4f0a82,f6e5eb29ce34c9d78d50e0fcf5338af1f1ab6e8362de6da1142bf95e3b4f0a82,CC-BY-4.0,http://creativecommons.org/licenses/by/4.0/legalcode,redistribute_derivative_with_attribution_rights_review_passed
WBGBIF2026_E0210,WBGBIF2026_E0210_F04_uncropped,uncropped,model_inputs/images_uncropped/WBGBIF2026_E0210_F04_uncropped.jpg,true,4,4,2c79311203c7b1f28492853eca9701cf92c111ded55664bee4b16c3ef00ad34f,2c79311203c7b1f28492853eca9701cf92c111ded55664bee4b16c3ef00ad34f,CC-BY-4.0,http://creativecommons.org/licenses/by/4.0/legalcode,redistribute_derivative_with_attribution_rights_review_passed
WBGBIF2026_E0211,WBGBIF2026_E0211_F00_uncropped,uncropped,model_inputs/images_uncropped/WBGBIF2026_E0211_F00_uncropped.jpg,true,0,0,bbc54e28efc7248b885fd9ef2f009cac0df976b53cd7a1c550c86321717edf0d,bbc54e28efc7248b885fd9ef2f009cac0df976b53cd7a1c550c86321717edf0d,CC-BY-4.0,http://creativecommons.org/licenses/by/4.0/legalcode,redistribute_derivative_with_attribution_rights_review_passed
WBGBIF2026_E0211,WBGBIF2026_E0211_F01_uncropped,uncropped,model_inputs/images_uncropped/WBGBIF2026_E0211_F01_uncropped.jpg,true,1,1,0a13293c63ab02f1e843fb248eeb010731291e8f926b35742a98425ea35b8313,0a13293c63ab02f1e843fb248eeb010731291e8f926b35742a98425ea35b8313,CC-BY-4.0,http://creativecommons.org/licenses/by/4.0/legalcode,redistribute_derivative_with_attribution_rights_review_passed
WBGBIF2026_E0211,WBGBIF2026_E0211_F02_uncropped,uncropped,model_inputs/images_uncropped/WBGBIF2026_E0211_F02_uncropped.jpg,true,2,2,eaa3a808175e04aecfe8d46bb03e547b86418cfbce23d30bdb46414df3448210,eaa3a808175e04aecfe8d46bb03e547b86418cfbce23d30bdb46414df3448210,CC-BY-4.0,http://creativecommons.org/licenses/by/4.0/legalcode,redistribute_derivative_with_attribution_rights_review_passed
WBGBIF2026_E0211,WBGBIF2026_E0211_F03_uncropped,uncropped,model_inputs/images_uncropped/WBGBIF2026_E0211_F03_uncropped.jpg,true,3,3,2202410615958bff2b54e6a829ed618f0cb1cf90a4d7d7498333a096fecec7a6,2202410615958bff2b54e6a829ed618f0cb1cf90a4d7d7498333a096fecec7a6,CC-BY-4.0,http://creativecommons.org/licenses/by/4.0/legalcode,redistribute_derivative_with_attribution_rights_review_passed
WBGBIF2026_E0211,WBGBIF2026_E0211_F04_uncropped,uncropped,model_inputs/images_uncropped/WBGBIF2026_E0211_F04_uncropped.jpg,true,4,4,eb3d1c54aef5ed7d022981f5abbeaf6a870d1e8134d92cb772d8c1650f6fc37b,eb3d1c54aef5ed7d022981f5abbeaf6a870d1e8134d92cb772d8c1650f6fc37b,CC-BY-4.0,http://creativecommons.org/licenses/by/4.0/legalcode,redistribute_derivative_with_attribution_rights_review_passed
WBGBIF2026_E0212,WBGBIF2026_E0212_F00_uncropped,uncropped,model_inputs/images_uncropped/WBGBIF2026_E0212_F00_uncropped.jpg,true,0,0,526ede64c8d4a978c252b0de102be084375593c343d6fe2f61dd64e83db7ea8c,526ede64c8d4a978c252b0de102be084375593c343d6fe2f61dd64e83db7ea8c,CC-BY-4.0,http://creativecommons.org/licenses/by/4.0/legalcode,redistribute_derivative_with_attribution_rights_review_passed
WBGBIF2026_E0212,WBGBIF2026_E0212_F01_uncropped,uncropped,model_inputs/images_uncropped/WBGBIF2026_E0212_F01_uncropped.jpg,true,1,1,3b1032b638e9fb5601aad8f9f3b72961c718d28f98b96fa165e8632769634116,3b1032b638e9fb5601aad8f9f3b72961c718d28f98b96fa165e8632769634116,CC-BY-4.0,http://creativecommons.org/licenses/by/4.0/legalcode,redistribute_derivative_with_attribution_rights_review_passed
WBGBIF2026_E0212,WBGBIF2026_E0212_F02_uncropped,uncropped,model_inputs/images_uncropped/WBGBIF2026_E0212_F02_uncropped.jpg,true,2,2,483dc71659ad1c2c9163c2413a77938e6cd1f5d5613fba1a9d78e89c83e8800a,483dc71659ad1c2c9163c2413a77938e6cd1f5d5613fba1a9d78e89c83e8800a,CC-BY-4.0,http://creativecommons.org/licenses/by/4.0/legalcode,redistribute_derivative_with_attribution_rights_review_passed
WBGBIF2026_E0212,WBGBIF2026_E0212_F03_uncropped,uncropped,model_inputs/images_uncropped/WBGBIF2026_E0212_F03_uncropped.jpg,true,3,3,b37b9b20f1005f5c412a9541b29cded74dc0dae94594c8711f164fccfbe68d47,b37b9b20f1005f5c412a9541b29cded74dc0dae94594c8711f164fccfbe68d47,CC-BY-4.0,http://creativecommons.org/licenses/by/4.0/legalcode,redistribute_derivative_with_attribution_rights_review_passed
WBGBIF2026_E0212,WBGBIF2026_E0212_F04_uncropped,uncropped,model_inputs/images_uncropped/WBGBIF2026_E0212_F04_uncropped.jpg,true,4,4,f2c914023bdc5c1ee21b8605c0f17ace7a0a642f6d0d4cd7d07d492efea5cf8e,f2c914023bdc5c1ee21b8605c0f17ace7a0a642f6d0d4cd7d07d492efea5cf8e,CC-BY-4.0,http://creativecommons.org/licenses/by/4.0/legalcode,redistribute_derivative_with_attribution_rights_review_passed
WBGBIF2026_E0213,WBGBIF2026_E0213_F00_uncropped,uncropped,model_inputs/images_uncropped/WBGBIF2026_E0213_F00_uncropped.jpg,true,0,0,419e9637637265137ae86901ace87bf0b2c711928fcd6562d221e21aa2a3e68a,419e9637637265137ae86901ace87bf0b2c711928fcd6562d221e21aa2a3e68a,CC-BY-4.0,http://creativecommons.org/licenses/by/4.0/legalcode,redistribute_derivative_with_attribution_rights_review_passed
WBGBIF2026_E0213,WBGBIF2026_E0213_F01_uncropped,uncropped,model_inputs/images_uncropped/WBGBIF2026_E0213_F01_uncropped.jpg,true,1,1,f028aaab46317ed6e8785979ef701e1ae6ce0531e5c640a60807c2d33f79170e,f028aaab46317ed6e8785979ef701e1ae6ce0531e5c640a60807c2d33f79170e,CC-BY-4.0,http://creativecommons.org/licenses/by/4.0/legalcode,redistribute_derivative_with_attribution_rights_review_passed
WBGBIF2026_E0213,WBGBIF2026_E0213_F02_uncropped,uncropped,model_inputs/images_uncropped/WBGBIF2026_E0213_F02_uncropped.jpg,true,2,2,e345e56839ebfba35740fcb14ae99d0e9069ef14d077046a31786101eb09c672,e345e56839ebfba35740fcb14ae99d0e9069ef14d077046a31786101eb09c672,CC-BY-4.0,http://creativecommons.org/licenses/by/4.0/legalcode,redistribute_derivative_with_attribution_rights_review_passed
WBGBIF2026_E0213,WBGBIF2026_E0213_F03_uncropped,uncropped,model_inputs/images_uncropped/WBGBIF2026_E0213_F03_uncropped.jpg,true,3,3,33624812510e0f130a305a6ab2c3d9b7d213c486c2ce40296f14c1fddaf3b593,33624812510e0f130a305a6ab2c3d9b7d213c486c2ce40296f14c1fddaf3b593,CC-BY-4.0,http://creativecommons.org/licenses/by/4.0/legalcode,redistribute_derivative_with_attribution_rights_review_passed
WBGBIF2026_E0213,WBGBIF2026_E0213_F04_uncropped,uncropped,model_inputs/images_uncropped/WBGBIF2026_E0213_F04_uncropped.jpg,true,4,4,e20087942d270df1a69649318516184b07ba909489701ecb75f3699224e8264a,e20087942d270df1a69649318516184b07ba909489701ecb75f3699224e8264a,CC-BY-4.0,http://creativecommons.org/licenses/by/4.0/legalcode,redistribute_derivative_with_attribution_rights_review_passed
WBGBIF2026_E0214,WBGBIF2026_E0214_F00_uncropped,uncropped,model_inputs/images_uncropped/WBGBIF2026_E0214_F00_uncropped.jpg,true,0,0,56be7609dafcdebb451df97f1eabbd39d575d33bc3fb41865e444323df83d899,56be7609dafcdebb451df97f1eabbd39d575d33bc3fb41865e444323df83d899,CC0-1.0,http://creativecommons.org/publicdomain/zero/1.0/legalcode,redistribute_derivative_rights_review_passed
WBGBIF2026_E0214,WBGBIF2026_E0214_F01_uncropped,uncropped,model_inputs/images_uncropped/WBGBIF2026_E0214_F01_uncropped.jpg,true,1,1,797b491d5869d2c26fff54d58c0b1f32d947e71abc10e7bd6b74c6b2039678d8,797b491d5869d2c26fff54d58c0b1f32d947e71abc10e7bd6b74c6b2039678d8,CC0-1.0,http://creativecommons.org/publicdomain/zero/1.0/legalcode,redistribute_derivative_rights_review_passed
WBGBIF2026_E0214,WBGBIF2026_E0214_F02_uncropped,uncropped,model_inputs/images_uncropped/WBGBIF2026_E0214_F02_uncropped.jpg,true,2,2,2e2118269518eacb82e20d7176f5cd9c110328fd97f880242f5ab1409cf20786,2e2118269518eacb82e20d7176f5cd9c110328fd97f880242f5ab1409cf20786,CC0-1.0,http://creativecommons.org/publicdomain/zero/1.0/legalcode,redistribute_derivative_rights_review_passed
WBGBIF2026_E0214,WBGBIF2026_E0214_F03_uncropped,uncropped,model_inputs/images_uncropped/WBGBIF2026_E0214_F03_uncropped.jpg,true,3,3,383b9f4d4535a1e198e54f86b639ac8c1f7ea36a14d1be88112e437181158461,383b9f4d4535a1e198e54f86b639ac8c1f7ea36a14d1be88112e437181158461,CC0-1.0,http://creativecommons.org/publicdomain/zero/1.0/legalcode,redistribute_derivative_rights_review_passed
WBGBIF2026_E0214,WBGBIF2026_E0214_F04_uncropped,uncropped,model_inputs/images_uncropped/WBGBIF2026_E0214_F04_uncropped.jpg,true,4,4,4d6c3c640935fa3453b44166ec0d14ebf5c8f590742d216c66289f8f151c1b0e,4d6c3c640935fa3453b44166ec0d14ebf5c8f590742d216c66289f8f151c1b0e,CC0-1.0,http://creativecommons.org/publicdomain/zero/1.0/legalcode,redistribute_derivative_rights_review_passed
WBGBIF2026_E0215,WBGBIF2026_E0215_F00_uncropped,uncropped,model_inputs/images_uncropped/WBGBIF2026_E0215_F00_uncropped.jpg,true,0,0,ce336653df77cadc61dfb74c0d385fc793577d9ef1590e4aacefd0e59dd313fd,ce336653df77cadc61dfb74c0d385fc793577d9ef1590e4aacefd0e59dd313fd,CC0-1.0,http://creativecommons.org/publicdomain/zero/1.0/legalcode,redistribute_derivative_rights_review_passed
WBGBIF2026_E0215,WBGBIF2026_E0215_F01_uncropped,uncropped,model_inputs/images_uncropped/WBGBIF2026_E0215_F01_uncropped.jpg,true,1,1,e9f8a421c67ed3d66eecf6951a970ff3a0db2a621a5412cc5e802bcc0920f798,e9f8a421c67ed3d66eecf6951a970ff3a0db2a621a5412cc5e802bcc0920f798,CC0-1.0,http://creativecommons.org/publicdomain/zero/1.0/legalcode,redistribute_derivative_rights_review_passed
WBGBIF2026_E0215,WBGBIF2026_E0215_F02_uncropped,uncropped,model_inputs/images_uncropped/WBGBIF2026_E0215_F02_uncropped.jpg,true,2,2,e3999c37f096911f04f0b19449b5bbdd283ab23efca5a241b07f56b0accdaa52,e3999c37f096911f04f0b19449b5bbdd283ab23efca5a241b07f56b0accdaa52,CC0-1.0,http://creativecommons.org/publicdomain/zero/1.0/legalcode,redistribute_derivative_rights_review_passed
WBGBIF2026_E0215,WBGBIF2026_E0215_F03_uncropped,uncropped,model_inputs/images_uncropped/WBGBIF2026_E0215_F03_uncropped.jpg,true,3,3,4fd4be732d83f800333d7c06079acab9be1c17be629d41620a8b48681c513caa,4fd4be732d83f800333d7c06079acab9be1c17be629d41620a8b48681c513caa,CC0-1.0,http://creativecommons.org/publicdomain/zero/1.0/legalcode,redistribute_derivative_rights_review_passed
WBGBIF2026_E0215,WBGBIF2026_E0215_F04_uncropped,uncropped,model_inputs/images_uncropped/WBGBIF2026_E0215_F04_uncropped.jpg,true,4,4,4da078579daffc20b2da73fb7d9ba47acaadce4296733140a1f1fcfa4463edfc,4da078579daffc20b2da73fb7d9ba47acaadce4296733140a1f1fcfa4463edfc,CC0-1.0,http://creativecommons.org/publicdomain/zero/1.0/legalcode,redistribute_derivative_rights_review_passed
WBGBIF2026_E0216,WBGBIF2026_E0216_F00_uncropped,uncropped,model_inputs/images_uncropped/WBGBIF2026_E0216_F00_uncropped.jpg,true,0,0,b4ce9df289c4fb24972f629844791eadd7911bf687a41e5b738f7f5bb8c71f3b,b4ce9df289c4fb24972f629844791eadd7911bf687a41e5b738f7f5bb8c71f3b,CC0-1.0,http://creativecommons.org/publicdomain/zero/1.0/legalcode,redistribute_derivative_rights_review_passed
WBGBIF2026_E0216,WBGBIF2026_E0216_F01_uncropped,uncropped,model_inputs/images_uncropped/WBGBIF2026_E0216_F01_uncropped.jpg,true,1,1,3d31da7d561a66199655b4aa0308afe34457f5d396e546900d31f2349ae4092f,3d31da7d561a66199655b4aa0308afe34457f5d396e546900d31f2349ae4092f,CC0-1.0,http://creativecommons.org/publicdomain/zero/1.0/legalcode,redistribute_derivative_rights_review_passed
WBGBIF2026_E0216,WBGBIF2026_E0216_F02_uncropped,uncropped,model_inputs/images_uncropped/WBGBIF2026_E0216_F02_uncropped.jpg,true,2,2,1dc87201bfb71c775457385dd00ac82a1c12cb8f5acb89d72d8eac127675b440,1dc87201bfb71c775457385dd00ac82a1c12cb8f5acb89d72d8eac127675b440,CC0-1.0,http://creativecommons.org/publicdomain/zero/1.0/legalcode,redistribute_derivative_rights_review_passed
WBGBIF2026_E0216,WBGBIF2026_E0216_F03_uncropped,uncropped,model_inputs/images_uncropped/WBGBIF2026_E0216_F03_uncropped.jpg,true,3,3,7a29fa4dad5079c06179992716357e124793b56b319a6c4e2e493b166a480abb,7a29fa4dad5079c06179992716357e124793b56b319a6c4e2e493b166a480abb,CC0-1.0,http://creativecommons.org/publicdomain/zero/1.0/legalcode,redistribute_derivative_rights_review_passed
WBGBIF2026_E0216,WBGBIF2026_E0216_F04_uncropped,uncropped,model_inputs/images_uncropped/WBGBIF2026_E0216_F04_uncropped.jpg,true,4,4,ccb7467df06aa9f7aaa211e927b8db4f1646611dff69027529e61cb2fc4151cd,ccb7467df06aa9f7aaa211e927b8db4f1646611dff69027529e61cb2fc4151cd,CC0-1.0,http://creativecommons.org/publicdomain/zero/1.0/legalcode,redistribute_derivative_rights_review_passed
WBGBIF2026_E0217,WBGBIF2026_E0217_F00_uncropped,uncropped,model_inputs/images_uncropped/WBGBIF2026_E0217_F00_uncropped.jpg,true,0,0,f49cdae079f8c2fbb10892f16a5a751e12cdbefd555b77e6b3ca9df3c85df0a2,f49cdae079f8c2fbb10892f16a5a751e12cdbefd555b77e6b3ca9df3c85df0a2,CC0-1.0,http://creativecommons.org/publicdomain/zero/1.0/legalcode,redistribute_derivative_rights_review_passed
WBGBIF2026_E0217,WBGBIF2026_E0217_F01_uncropped,uncropped,model_inputs/images_uncropped/WBGBIF2026_E0217_F01_uncropped.jpg,true,1,1,ae2847094b7949d195e5e8fe91dc6251fd115eb2a4100cc0074a7e10cd0343e8,ae2847094b7949d195e5e8fe91dc6251fd115eb2a4100cc0074a7e10cd0343e8,CC0-1.0,http://creativecommons.org/publicdomain/zero/1.0/legalcode,redistribute_derivative_rights_review_passed
WBGBIF2026_E0217,WBGBIF2026_E0217_F02_uncropped,uncropped,model_inputs/images_uncropped/WBGBIF2026_E0217_F02_uncropped.jpg,true,2,2,75278b817b39f7517d5349c506780a4aa60a67ac14dfcb4de69358e393d0a3f7,75278b817b39f7517d5349c506780a4aa60a67ac14dfcb4de69358e393d0a3f7,CC0-1.0,http://creativecommons.org/publicdomain/zero/1.0/legalcode,redistribute_derivative_rights_review_passed
WBGBIF2026_E0218,WBGBIF2026_E0218_F00_uncropped,uncropped,model_inputs/images_uncropped/WBGBIF2026_E0218_F00_uncropped.jpg,true,0,0,2ebbbc72c847bdcdbdcc5533a198ef8f1ea48342fbc6a93966ed951146ac0b9d,2ebbbc72c847bdcdbdcc5533a198ef8f1ea48342fbc6a93966ed951146ac0b9d,CC0-1.0,http://creativecommons.org/publicdomain/zero/1.0/legalcode,redistribute_derivative_rights_review_passed
WBGBIF2026_E0218,WBGBIF2026_E0218_F01_uncropped,uncropped,model_inputs/images_uncropped/WBGBIF2026_E0218_F01_uncropped.jpg,true,1,1,10d85f830551a1006e18407fe3f26e49406243d13ec770057334a15f43bc49a2,10d85f830551a1006e18407fe3f26e49406243d13ec770057334a15f43bc49a2,CC0-1.0,http://creativecommons.org/publicdomain/zero/1.0/legalcode,redistribute_derivative_rights_review_passed
WBGBIF2026_E0219,WBGBIF2026_E0219_F00_uncropped,uncropped,model_inputs/images_uncropped/WBGBIF2026_E0219_F00_uncropped.jpg,true,0,0,cde31a9144cabebb9f2a94e3c8073d9235a30993f3b792b6ddad0c3bbe533773,cde31a9144cabebb9f2a94e3c8073d9235a30993f3b792b6ddad0c3bbe533773,CC0-1.0,http://creativecommons.org/publicdomain/zero/1.0/legalcode,redistribute_derivative_rights_review_passed
WBGBIF2026_E0219,WBGBIF2026_E0219_F01_uncropped,uncropped,model_inputs/images_uncropped/WBGBIF2026_E0219_F01_uncropped.jpg,true,1,1,a911ffaa274492d67fbbdbb8259a11aeff184c554f4f83b3c8fee33ac9d04ec9,a911ffaa274492d67fbbdbb8259a11aeff184c554f4f83b3c8fee33ac9d04ec9,CC0-1.0,http://creativecommons.org/publicdomain/zero/1.0/legalcode,redistribute_derivative_rights_review_passed
WBGBIF2026_E0219,WBGBIF2026_E0219_F02_uncropped,uncropped,model_inputs/images_uncropped/WBGBIF2026_E0219_F02_uncropped.jpg,true,2,2,185d782b9e8a122a89f7c039bdee7d36ea2d354584617c68a1cd41f3ded29276,185d782b9e8a122a89f7c039bdee7d36ea2d354584617c68a1cd41f3ded29276,CC0-1.0,http://creativecommons.org/publicdomain/zero/1.0/legalcode,redistribute_derivative_rights_review_passed
WBGBIF2026_E0220,WBGBIF2026_E0220_F00_uncropped,uncropped,model_inputs/images_uncropped/WBGBIF2026_E0220_F00_uncropped.jpg,true,0,0,4a3086a11c32fcb714f2eab727434bf9fe05c7325a3542f637c394d6128f37e5,4a3086a11c32fcb714f2eab727434bf9fe05c7325a3542f637c394d6128f37e5,CC0-1.0,http://creativecommons.org/publicdomain/zero/1.0/legalcode,redistribute_derivative_rights_review_passed
WBGBIF2026_E0220,WBGBIF2026_E0220_F01_uncropped,uncropped,model_inputs/images_uncropped/WBGBIF2026_E0220_F01_uncropped.jpg,true,1,1,0eb43e8ad3410db375a04a222503ac3314be30d51014dadc1624f1cf01ca95e5,0eb43e8ad3410db375a04a222503ac3314be30d51014dadc1624f1cf01ca95e5,CC0-1.0,http://creativecommons.org/publicdomain/zero/1.0/legalcode,redistribute_derivative_rights_review_passed
WBGBIF2026_E0220,WBGBIF2026_E0220_F02_uncropped,uncropped,model_inputs/images_uncropped/WBGBIF2026_E0220_F02_uncropped.jpg,true,2,2,5a4d81d3ae50d5fc7a6585b5577efda652634c40fc675bc0a70258afd054f46f,5a4d81d3ae50d5fc7a6585b5577efda652634c40fc675bc0a70258afd054f46f,CC0-1.0,http://creativecommons.org/publicdomain/zero/1.0/legalcode,redistribute_derivative_rights_review_passed
WBGBIF2026_E0221,WBGBIF2026_E0221_F00_uncropped,uncropped,model_inputs/images_uncropped/WBGBIF2026_E0221_F00_uncropped.jpg,true,0,0,ecf19a431b939fabf8bd0f85c5ec7fbf652f56df1190eb3348bca1234f566c31,ecf19a431b939fabf8bd0f85c5ec7fbf652f56df1190eb3348bca1234f566c31,CC0-1.0,http://creativecommons.org/publicdomain/zero/1.0/legalcode,redistribute_derivative_rights_review_passed
WBGBIF2026_E0221,WBGBIF2026_E0221_F01_uncropped,uncropped,model_inputs/images_uncropped/WBGBIF2026_E0221_F01_uncropped.jpg,true,1,1,fe771791d1217f0813a3f36956557c8ac733aadd80c141c4c896eb5a43b6f9d3,fe771791d1217f0813a3f36956557c8ac733aadd80c141c4c896eb5a43b6f9d3,CC0-1.0,http://creativecommons.org/publicdomain/zero/1.0/legalcode,redistribute_derivative_rights_review_passed
WBGBIF2026_E0221,WBGBIF2026_E0221_F02_uncropped,uncropped,model_inputs/images_uncropped/WBGBIF2026_E0221_F02_uncropped.jpg,true,2,2,f94786805b00137c04216cd4494ae0c1bca3107c65566dd75aa2e56015e7e03a,f94786805b00137c04216cd4494ae0c1bca3107c65566dd75aa2e56015e7e03a,CC0-1.0,http://creativecommons.org/publicdomain/zero/1.0/legalcode,redistribute_derivative_rights_review_passed
WBGBIF2026_E0222,WBGBIF2026_E0222_F00_uncropped,uncropped,model_inputs/images_uncropped/WBGBIF2026_E0222_F00_uncropped.jpg,true,0,0,c076690d08ff94e815e200568e7ad3b9a622a8a7ebacfa7e69b52c2855f684c9,c076690d08ff94e815e200568e7ad3b9a622a8a7ebacfa7e69b52c2855f684c9,CC0-1.0,http://creativecommons.org/publicdomain/zero/1.0/legalcode,redistribute_derivative_rights_review_passed
WBGBIF2026_E0222,WBGBIF2026_E0222_F01_uncropped,uncropped,model_inputs/images_uncropped/WBGBIF2026_E0222_F01_uncropped.jpg,true,1,1,d7f53a6b450434395a5948cbbc7bc96c9025889e61422150d68cef66797ff064,d7f53a6b450434395a5948cbbc7bc96c9025889e61422150d68cef66797ff064,CC0-1.0,http://creativecommons.org/publicdomain/zero/1.0/legalcode,redistribute_derivative_rights_review_passed
WBGBIF2026_E0222,WBGBIF2026_E0222_F02_uncropped,uncropped,model_inputs/images_uncropped/WBGBIF2026_E0222_F02_uncropped.jpg,true,2,2,c19b487e60ef715d7540c79b291d47519fa6ab3d1e942bcb2719b61c63135b19,c19b487e60ef715d7540c79b291d47519fa6ab3d1e942bcb2719b61c63135b19,CC0-1.0,http://creativecommons.org/publicdomain/zero/1.0/legalcode,redistribute_derivative_rights_review_passed
WBGBIF2026_E0226,WBGBIF2026_E0226_F00_uncropped,uncropped,model_inputs/images_uncropped/WBGBIF2026_E0226_F00_uncropped.jpg,true,0,0,257bb7ca90a762cf74b6d72e3d0a1819032f1cbc92240bf363014101ec949fa0,257bb7ca90a762cf74b6d72e3d0a1819032f1cbc92240bf363014101ec949fa0,CC0-1.0,http://creativecommons.org/publicdomain/zero/1.0/legalcode,redistribute_derivative_rights_review_passed
WBGBIF2026_E0226,WBGBIF2026_E0226_F01_uncropped,uncropped,model_inputs/images_uncropped/WBGBIF2026_E0226_F01_uncropped.jpg,true,1,1,ff7582f998968aad655110fc474d69240891c0bc67b81308abecb21289f68b67,ff7582f998968aad655110fc474d69240891c0bc67b81308abecb21289f68b67,CC0-1.0,http://creativecommons.org/publicdomain/zero/1.0/legalcode,redistribute_derivative_rights_review_passed
WBGBIF2026_E0226,WBGBIF2026_E0226_F02_uncropped,uncropped,model_inputs/images_uncropped/WBGBIF2026_E0226_F02_uncropped.jpg,true,2,2,ffe3eecc6045d03fa7e5ada0b4ccaa20035049a00a4bfeb138eaf2c4e48b8435,ffe3eecc6045d03fa7e5ada0b4ccaa20035049a00a4bfeb138eaf2c4e48b8435,CC0-1.0,http://creativecommons.org/publicdomain/zero/1.0/legalcode,redistribute_derivative_rights_review_passed
WBGBIF2026_E0226,WBGBIF2026_E0226_F03_uncropped,uncropped,model_inputs/images_uncropped/WBGBIF2026_E0226_F03_uncropped.jpg,true,3,3,5a1402cac2d0bd2dfdaa40b586882ab02aa171f1477bd9f4f423681d7480b8a9,5a1402cac2d0bd2dfdaa40b586882ab02aa171f1477bd9f4f423681d7480b8a9,CC0-1.0,http://creativecommons.org/publicdomain/zero/1.0/legalcode,redistribute_derivative_rights_review_passed
WBGBIF2026_E0226,WBGBIF2026_E0226_F04_uncropped,uncropped,model_inputs/images_uncropped/WBGBIF2026_E0226_F04_uncropped.jpg,true,4,4,a9337033b76b5b02cabeda361cdad94b5c8344e4f564dd9bcc57e315754cbbd9,a9337033b76b5b02cabeda361cdad94b5c8344e4f564dd9bcc57e315754cbbd9,CC0-1.0,http://creativecommons.org/publicdomain/zero/1.0/legalcode,redistribute_derivative_rights_review_passed
WBGBIF2026_E0227,WBGBIF2026_E0227_F00_uncropped,uncropped,model_inputs/images_uncropped/WBGBIF2026_E0227_F00_uncropped.jpg,true,0,0,ab88c00a08063b524d826c56cf27c9ee38c690a830693c387c7109f4ce481614,ab88c00a08063b524d826c56cf27c9ee38c690a830693c387c7109f4ce481614,CC0-1.0,http://creativecommons.org/publicdomain/zero/1.0/legalcode,redistribute_derivative_rights_review_passed
WBGBIF2026_E0227,WBGBIF2026_E0227_F01_uncropped,uncropped,model_inputs/images_uncropped/WBGBIF2026_E0227_F01_uncropped.jpg,true,1,1,2e8ec8fd671a48466506e5edda1cc908596ab69040e51ca5db1606e396eda727,2e8ec8fd671a48466506e5edda1cc908596ab69040e51ca5db1606e396eda727,CC0-1.0,http://creativecommons.org/publicdomain/zero/1.0/legalcode,redistribute_derivative_rights_review_passed
WBGBIF2026_E0227,WBGBIF2026_E0227_F02_uncropped,uncropped,model_inputs/images_uncropped/WBGBIF2026_E0227_F02_uncropped.jpg,true,2,2,91e11bc68cf2a9fcc6301d4053bc57abcb1d5790af9734ad096d92d48b92461b,91e11bc68cf2a9fcc6301d4053bc57abcb1d5790af9734ad096d92d48b92461b,CC0-1.0,http://creativecommons.org/publicdomain/zero/1.0/legalcode,redistribute_derivative_rights_review_passed
WBGBIF2026_E0227,WBGBIF2026_E0227_F03_uncropped,uncropped,model_inputs/images_uncropped/WBGBIF2026_E0227_F03_uncropped.jpg,true,3,3,44b57389df496ba8745d33eb216ccfbe11980ac8c044be1133eb76321c4656b9,44b57389df496ba8745d33eb216ccfbe11980ac8c044be1133eb76321c4656b9,CC0-1.0,http://creativecommons.org/publicdomain/zero/1.0/legalcode,redistribute_derivative_rights_review_passed
WBGBIF2026_E0227,WBGBIF2026_E0227_F04_uncropped,uncropped,model_inputs/images_uncropped/WBGBIF2026_E0227_F04_uncropped.jpg,true,4,4,5f231a546a27a856a394bdf33e851318fb09db186d4d4ca5ae9c7d4a315e1029,5f231a546a27a856a394bdf33e851318fb09db186d4d4ca5ae9c7d4a315e1029,CC0-1.0,http://creativecommons.org/publicdomain/zero/1.0/legalcode,redistribute_derivative_rights_review_passed
WBGBIF2026_E0228,WBGBIF2026_E0228_F00_uncropped,uncropped,model_inputs/images_uncropped/WBGBIF2026_E0228_F00_uncropped.jpg,true,0,0,8d7bde09efaf3ba591c8fe4523ae0fcf32580d293aaf9bb55ce6e2c5e22fbb78,8d7bde09efaf3ba591c8fe4523ae0fcf32580d293aaf9bb55ce6e2c5e22fbb78,CC0-1.0,http://creativecommons.org/publicdomain/zero/1.0/legalcode,redistribute_derivative_rights_review_passed
WBGBIF2026_E0228,WBGBIF2026_E0228_F01_uncropped,uncropped,model_inputs/images_uncropped/WBGBIF2026_E0228_F01_uncropped.jpg,true,1,1,6d7b1de0609efe0a31c12a0fcb430fcb7e8b7cabb8ecc8011426dda29ea21859,6d7b1de0609efe0a31c12a0fcb430fcb7e8b7cabb8ecc8011426dda29ea21859,CC0-1.0,http://creativecommons.org/publicdomain/zero/1.0/legalcode,redistribute_derivative_rights_review_passed
WBGBIF2026_E0228,WBGBIF2026_E0228_F02_uncropped,uncropped,model_inputs/images_uncropped/WBGBIF2026_E0228_F02_uncropped.jpg,true,2,2,91ca8a3841e48323a6ca6adb13a73417c6be4d35a2a75865b489110b8c96c797,91ca8a3841e48323a6ca6adb13a73417c6be4d35a2a75865b489110b8c96c797,CC0-1.0,http://creativecommons.org/publicdomain/zero/1.0/legalcode,redistribute_derivative_rights_review_passed
WBGBIF2026_E0228,WBGBIF2026_E0228_F03_uncropped,uncropped,model_inputs/images_uncropped/WBGBIF2026_E0228_F03_uncropped.jpg,true,3,3,0a66cf6a0190f304154ec17252e335ef0e61d439889af5bcb41abebaeab03dd8,0a66cf6a0190f304154ec17252e335ef0e61d439889af5bcb41abebaeab03dd8,CC0-1.0,http://creativecommons.org/publicdomain/zero/1.0/legalcode,redistribute_derivative_rights_review_passed
WBGBIF2026_E0228,WBGBIF2026_E0228_F04_uncropped,uncropped,model_inputs/images_uncropped/WBGBIF2026_E0228_F04_uncropped.jpg,true,4,4,87af2609fcade925963cdc7a39c435a03c35ca52c844599aad1841b78d2b11b6,87af2609fcade925963cdc7a39c435a03c35ca52c844599aad1841b78d2b11b6,CC0-1.0,http://creativecommons.org/publicdomain/zero/1.0/legalcode,redistribute_derivative_rights_review_passed
WBGBIF2026_E0229,WBGBIF2026_E0229_F00_uncropped,uncropped,model_inputs/images_uncropped/WBGBIF2026_E0229_F00_uncropped.jpg,true,0,0,4dc89f9484ddd0225d37c65363ab21457279d6b4e20cd571e46894c25f5c501c,4dc89f9484ddd0225d37c65363ab21457279d6b4e20cd571e46894c25f5c501c,CC0-1.0,http://creativecommons.org/publicdomain/zero/1.0/legalcode,redistribute_derivative_rights_review_passed
WBGBIF2026_E0229,WBGBIF2026_E0229_F01_uncropped,uncropped,model_inputs/images_uncropped/WBGBIF2026_E0229_F01_uncropped.jpg,true,1,1,884d2afd76c31099ff7c7432cfacc419b8f03f44556b893546f661e803409500,884d2afd76c31099ff7c7432cfacc419b8f03f44556b893546f661e803409500,CC0-1.0,http://creativecommons.org/publicdomain/zero/1.0/legalcode,redistribute_derivative_rights_review_passed
WBGBIF2026_E0229,WBGBIF2026_E0229_F02_uncropped,uncropped,model_inputs/images_uncropped/WBGBIF2026_E0229_F02_uncropped.jpg,true,2,2,82d3270f1dbb4a94ea621ada3b5723f65b09156a4079eb7514368ade411be7b1,82d3270f1dbb4a94ea621ada3b5723f65b09156a4079eb7514368ade411be7b1,CC0-1.0,http://creativecommons.org/publicdomain/zero/1.0/legalcode,redistribute_derivative_rights_review_passed
WBGBIF2026_E0229,WBGBIF2026_E0229_F03_uncropped,uncropped,model_inputs/images_uncropped/WBGBIF2026_E0229_F03_uncropped.jpg,true,3,3,655fdf22ebb8a25fc9510d64b6f1b23d401e484519df6283f09b5b1a97906ad2,655fdf22ebb8a25fc9510d64b6f1b23d401e484519df6283f09b5b1a97906ad2,CC0-1.0,http://creativecommons.org/publicdomain/zero/1.0/legalcode,redistribute_derivative_rights_review_passed
WBGBIF2026_E0229,WBGBIF2026_E0229_F04_uncropped,uncropped,model_inputs/images_uncropped/WBGBIF2026_E0229_F04_uncropped.jpg,true,4,4,f9464863c186a88e3b22661bfc816d244e65dc62e4f1867709597e5c52a78fc2,f9464863c186a88e3b22661bfc816d244e65dc62e4f1867709597e5c52a78fc2,CC0-1.0,http://creativecommons.org/publicdomain/zero/1.0/legalcode,redistribute_derivative_rights_review_passed
WBGBIF2026_E0230,WBGBIF2026_E0230_F00_uncropped,uncropped,model_inputs/images_uncropped/WBGBIF2026_E0230_F00_uncropped.jpg,true,0,0,173441f5f68effb1ea4c3d9290597d70508efd4fc22c12a10b362f53088c749d,173441f5f68effb1ea4c3d9290597d70508efd4fc22c12a10b362f53088c749d,CC0-1.0,http://creativecommons.org/publicdomain/zero/1.0/legalcode,redistribute_derivative_rights_review_passed
WBGBIF2026_E0230,WBGBIF2026_E0230_F01_uncropped,uncropped,model_inputs/images_uncropped/WBGBIF2026_E0230_F01_uncropped.jpg,true,1,1,4c48c2b2aad4422cbfd64fd4d967eaf113962c9f28949ec544a211b9bb2f11b1,4c48c2b2aad4422cbfd64fd4d967eaf113962c9f28949ec544a211b9bb2f11b1,CC0-1.0,http://creativecommons.org/publicdomain/zero/1.0/legalcode,redistribute_derivative_rights_review_passed
WBGBIF2026_E0231,WBGBIF2026_E0231_F00_uncropped,uncropped,model_inputs/images_uncropped/WBGBIF2026_E0231_F00_uncropped.jpg,true,0,0,e67a57078a9e5c32be3d319ec9c8d4e87bbd7a4ec27be06ba3aa83eb9e546cc5,e67a57078a9e5c32be3d319ec9c8d4e87bbd7a4ec27be06ba3aa83eb9e546cc5,CC0-1.0,http://creativecommons.org/publicdomain/zero/1.0/legalcode,redistribute_derivative_rights_review_passed
WBGBIF2026_E0231,WBGBIF2026_E0231_F01_uncropped,uncropped,model_inputs/images_uncropped/WBGBIF2026_E0231_F01_uncropped.jpg,true,1,1,6093bd60f29ce57a9212b43910744c48e86e009dad145d34fc596c4de32c886e,6093bd60f29ce57a9212b43910744c48e86e009dad145d34fc596c4de32c886e,CC0-1.0,http://creativecommons.org/publicdomain/zero/1.0/legalcode,redistribute_derivative_rights_review_passed
WBGBIF2026_E0238,WBGBIF2026_E0238_F00_uncropped,uncropped,model_inputs/images_uncropped/WBGBIF2026_E0238_F00_uncropped.jpg,true,0,0,937447e85a66676f9cc371a33ca163d610d596638dee03771e0f264238ce9a35,937447e85a66676f9cc371a33ca163d610d596638dee03771e0f264238ce9a35,CC-BY-4.0,http://creativecommons.org/licenses/by/4.0/legalcode,redistribute_derivative_with_attribution_rights_review_passed
WBGBIF2026_E0238,WBGBIF2026_E0238_F01_uncropped,uncropped,model_inputs/images_uncropped/WBGBIF2026_E0238_F01_uncropped.jpg,true,1,1,2d2641199c02b2312e5478b232fc026501e9a3c0dfa7126dbcdbcfb46cf35ce1,2d2641199c02b2312e5478b232fc026501e9a3c0dfa7126dbcdbcfb46cf35ce1,CC-BY-4.0,http://creativecommons.org/licenses/by/4.0/legalcode,redistribute_derivative_with_attribution_rights_review_passed
WBGBIF2026_E0238,WBGBIF2026_E0238_F02_uncropped,uncropped,model_inputs/images_uncropped/WBGBIF2026_E0238_F02_uncropped.jpg,true,2,2,bf66917c379a60abe106af794da41e8d4090980cd0a47b52240457f4beacb9b6,bf66917c379a60abe106af794da41e8d4090980cd0a47b52240457f4beacb9b6,CC-BY-4.0,http://creativecommons.org/licenses/by/4.0/legalcode,redistribute_derivative_with_attribution_rights_review_passed
WBGBIF2026_E0238,WBGBIF2026_E0238_F03_uncropped,uncropped,model_inputs/images_uncropped/WBGBIF2026_E0238_F03_uncropped.jpg,true,3,3,f56230feb2bdd07a3a8e1701b6d15b9e96bb27c87dbb439e9c2d878e05fd81a2,f56230feb2bdd07a3a8e1701b6d15b9e96bb27c87dbb439e9c2d878e05fd81a2,CC-BY-4.0,http://creativecommons.org/licenses/by/4.0/legalcode,redistribute_derivative_with_attribution_rights_review_passed
WBGBIF2026_E0238,WBGBIF2026_E0238_F04_uncropped,uncropped,model_inputs/images_uncropped/WBGBIF2026_E0238_F04_uncropped.jpg,true,4,4,12eefe4a0141855c59feb5781698cd5c5ba743d1145150112341787b4efeabd5,12eefe4a0141855c59feb5781698cd5c5ba743d1145150112341787b4efeabd5,CC-BY-4.0,http://creativecommons.org/licenses/by/4.0/legalcode,redistribute_derivative_with_attribution_rights_review_passed
WBGBIF2026_E0239,WBGBIF2026_E0239_F00_uncropped,uncropped,model_inputs/images_uncropped/WBGBIF2026_E0239_F00_uncropped.jpg,true,0,0,f72659463dc247869d683a335fc49c7bd83ba634274ea1ea242d7cb11a6b061b,f72659463dc247869d683a335fc49c7bd83ba634274ea1ea242d7cb11a6b061b,CC-BY-4.0,http://creativecommons.org/licenses/by/4.0/legalcode,redistribute_derivative_with_attribution_rights_review_passed
WBGBIF2026_E0239,WBGBIF2026_E0239_F01_uncropped,uncropped,model_inputs/images_uncropped/WBGBIF2026_E0239_F01_uncropped.jpg,true,1,1,c5288d833c2d48b59a9082d9031285c3c07054f6bfa5a1048abffd5016fb046f,c5288d833c2d48b59a9082d9031285c3c07054f6bfa5a1048abffd5016fb046f,CC-BY-4.0,http://creativecommons.org/licenses/by/4.0/legalcode,redistribute_derivative_with_attribution_rights_review_passed
WBGBIF2026_E0239,WBGBIF2026_E0239_F02_uncropped,uncropped,model_inputs/images_uncropped/WBGBIF2026_E0239_F02_uncropped.jpg,true,2,2,50e28524638239cdb2ccb03a0fcce3e6879cbdcc7ceff3dd42a8cde5e6cac44a,50e28524638239cdb2ccb03a0fcce3e6879cbdcc7ceff3dd42a8cde5e6cac44a,CC-BY-4.0,http://creativecommons.org/licenses/by/4.0/legalcode,redistribute_derivative_with_attribution_rights_review_passed
WBGBIF2026_E0239,WBGBIF2026_E0239_F03_uncropped,uncropped,model_inputs/images_uncropped/WBGBIF2026_E0239_F03_uncropped.jpg,true,3,3,c7a5d526ba23796bef42d1fefcf2535847b6ef4e0d85a014690ab401d6c12c4f,c7a5d526ba23796bef42d1fefcf2535847b6ef4e0d85a014690ab401d6c12c4f,CC-BY-4.0,http://creativecommons.org/licenses/by/4.0/legalcode,redistribute_derivative_with_attribution_rights_review_passed
WBGBIF2026_E0239,WBGBIF2026_E0239_F04_uncropped,uncropped,model_inputs/images_uncropped/WBGBIF2026_E0239_F04_uncropped.jpg,true,4,4,5d9523947f28c7df729624fe0189522b628cd1ea36cf201b6ebfbd20a704c829,5d9523947f28c7df729624fe0189522b628cd1ea36cf201b6ebfbd20a704c829,CC-BY-4.0,http://creativecommons.org/licenses/by/4.0/legalcode,redistribute_derivative_with_attribution_rights_review_passed
WBGBIF2026_E0240,WBGBIF2026_E0240_F00_uncropped,uncropped,model_inputs/images_uncropped/WBGBIF2026_E0240_F00_uncropped.jpg,true,0,0,c0b56d9095a6c55428c709c5a6693afda12067d8c026eb19f7ae47e0ee2acc30,c0b56d9095a6c55428c709c5a6693afda12067d8c026eb19f7ae47e0ee2acc30,CC-BY-4.0,http://creativecommons.org/licenses/by/4.0/legalcode,redistribute_derivative_with_attribution_rights_review_passed
WBGBIF2026_E0240,WBGBIF2026_E0240_F01_uncropped,uncropped,model_inputs/images_uncropped/WBGBIF2026_E0240_F01_uncropped.jpg,true,1,1,34608ba68fabb61ff000fc68c1a7f4d1ec2c5983c6094192f44a4674c0cfce49,34608ba68fabb61ff000fc68c1a7f4d1ec2c5983c6094192f44a4674c0cfce49,CC-BY-4.0,http://creativecommons.org/licenses/by/4.0/legalcode,redistribute_derivative_with_attribution_rights_review_passed
WBGBIF2026_E0240,WBGBIF2026_E0240_F02_uncropped,uncropped,model_inputs/images_uncropped/WBGBIF2026_E0240_F02_uncropped.jpg,true,2,2,4c54b5080548a1f49e4d8cd0e6bbad58e108ff1786721fbc3ddece5baa4bb5b3,4c54b5080548a1f49e4d8cd0e6bbad58e108ff1786721fbc3ddece5baa4bb5b3,CC-BY-4.0,http://creativecommons.org/licenses/by/4.0/legalcode,redistribute_derivative_with_attribution_rights_review_passed
WBGBIF2026_E0240,WBGBIF2026_E0240_F03_uncropped,uncropped,model_inputs/images_uncropped/WBGBIF2026_E0240_F03_uncropped.jpg,true,3,3,7635d419c8084a21bdcf911134f6172629a335778224f966d977f5d31905608b,7635d419c8084a21bdcf911134f6172629a335778224f966d977f5d31905608b,CC-BY-4.0,http://creativecommons.org/licenses/by/4.0/legalcode,redistribute_derivative_with_attribution_rights_review_passed
WBGBIF2026_E0240,WBGBIF2026_E0240_F04_uncropped,uncropped,model_inputs/images_uncropped/WBGBIF2026_E0240_F04_uncropped.jpg,true,4,4,0b65a0d5143da604cb95c5cbef2ae64abccba78d7e513b94adcc43debc58e319,0b65a0d5143da604cb95c5cbef2ae64abccba78d7e513b94adcc43debc58e319,CC-BY-4.0,http://creativecommons.org/licenses/by/4.0/legalcode,redistribute_derivative_with_attribution_rights_review_passed
WBGBIF2026_E0244,WBGBIF2026_E0244_F00_uncropped,uncropped,model_inputs/images_uncropped/WBGBIF2026_E0244_F00_uncropped.jpg,true,0,0,d6dd5347ca4751dfc3fd24a57cb6ef73d16d007ef008f4abef02775fbf705275,d6dd5347ca4751dfc3fd24a57cb6ef73d16d007ef008f4abef02775fbf705275,CC-BY-4.0,http://creativecommons.org/licenses/by/4.0/legalcode,redistribute_derivative_with_attribution_rights_review_passed
WBGBIF2026_E0244,WBGBIF2026_E0244_F01_uncropped,uncropped,model_inputs/images_uncropped/WBGBIF2026_E0244_F01_uncropped.jpg,true,1,1,d2144f0c499d1e3b7f53b010f21eae37d17817a2ffcb948778b7a0271d6568a1,d2144f0c499d1e3b7f53b010f21eae37d17817a2ffcb948778b7a0271d6568a1,CC-BY-4.0,http://creativecommons.org/licenses/by/4.0/legalcode,redistribute_derivative_with_attribution_rights_review_passed
WBGBIF2026_E0244,WBGBIF2026_E0244_F02_uncropped,uncropped,model_inputs/images_uncropped/WBGBIF2026_E0244_F02_uncropped.jpg,true,2,2,6c2880be99e3e03ecd8632ecbf823642e59482aa318e5001ee034907363dd87e,6c2880be99e3e03ecd8632ecbf823642e59482aa318e5001ee034907363dd87e,CC-BY-4.0,http://creativecommons.org/licenses/by/4.0/legalcode,redistribute_derivative_with_attribution_rights_review_passed
WBGBIF2026_E0245,WBGBIF2026_E0245_F00_uncropped,uncropped,model_inputs/images_uncropped/WBGBIF2026_E0245_F00_uncropped.jpg,true,0,0,097850482194a8b0d474338cdf6ca79158ea026b3eab1d22f250253eb9a10bfa,097850482194a8b0d474338cdf6ca79158ea026b3eab1d22f250253eb9a10bfa,CC-BY-4.0,http://creativecommons.org/licenses/by/4.0/legalcode,redistribute_derivative_with_attribution_rights_review_passed
WBGBIF2026_E0245,WBGBIF2026_E0245_F01_uncropped,uncropped,model_inputs/images_uncropped/WBGBIF2026_E0245_F01_uncropped.jpg,true,1,1,425f0c2162822436e6a54631d142ce9b8357ab2a7112df3520661521711e21ae,425f0c2162822436e6a54631d142ce9b8357ab2a7112df3520661521711e21ae,CC-BY-4.0,http://creativecommons.org/licenses/by/4.0/legalcode,redistribute_derivative_with_attribution_rights_review_passed
WBGBIF2026_E0245,WBGBIF2026_E0245_F02_uncropped,uncropped,model_inputs/images_uncropped/WBGBIF2026_E0245_F02_uncropped.jpg,true,2,2,5eec71263f36dcc6f2e75ef8be919fa054d0ffbab4e272383a6637eac7f4a01b,5eec71263f36dcc6f2e75ef8be919fa054d0ffbab4e272383a6637eac7f4a01b,CC-BY-4.0,http://creativecommons.org/licenses/by/4.0/legalcode,redistribute_derivative_with_attribution_rights_review_passed
WBGBIF2026_E0245,WBGBIF2026_E0245_F03_uncropped,uncropped,model_inputs/images_uncropped/WBGBIF2026_E0245_F03_uncropped.jpg,true,3,3,f66fd448bc8c1f4732f5c3ae7fc62cb1756608d4fac92e903561661a7e41569c,f66fd448bc8c1f4732f5c3ae7fc62cb1756608d4fac92e903561661a7e41569c,CC-BY-4.0,http://creativecommons.org/licenses/by/4.0/legalcode,redistribute_derivative_with_attribution_rights_review_passed
WBGBIF2026_E0246,WBGBIF2026_E0246_F00_uncropped,uncropped,model_inputs/images_uncropped/WBGBIF2026_E0246_F00_uncropped.jpg,true,0,0,bf27a343666f2fde53279246d57df060d67ab4ccf87853a5b5509cecc65a047e,bf27a343666f2fde53279246d57df060d67ab4ccf87853a5b5509cecc65a047e,CC-BY-4.0,http://creativecommons.org/licenses/by/4.0/legalcode,redistribute_derivative_with_attribution_rights_review_passed
WBGBIF2026_E0246,WBGBIF2026_E0246_F01_uncropped,uncropped,model_inputs/images_uncropped/WBGBIF2026_E0246_F01_uncropped.jpg,true,1,1,3e637a2c435dc65223149734126665db06acd693c78c0ac3ad12df4383720151,3e637a2c435dc65223149734126665db06acd693c78c0ac3ad12df4383720151,CC-BY-4.0,http://creativecommons.org/licenses/by/4.0/legalcode,redistribute_derivative_with_attribution_rights_review_passed
WBGBIF2026_E0246,WBGBIF2026_E0246_F02_uncropped,uncropped,model_inputs/images_uncropped/WBGBIF2026_E0246_F02_uncropped.jpg,true,2,2,6863b2c9ce535a41a9bd5b57bd4ca9b41cd3f1c291ccc65240d5c43fb5871c1c,6863b2c9ce535a41a9bd5b57bd4ca9b41cd3f1c291ccc65240d5c43fb5871c1c,CC-BY-4.0,http://creativecommons.org/licenses/by/4.0/legalcode,redistribute_derivative_with_attribution_rights_review_passed
WBGBIF2026_E0246,WBGBIF2026_E0246_F03_uncropped,uncropped,model_inputs/images_uncropped/WBGBIF2026_E0246_F03_uncropped.jpg,true,3,3,46200526307e3bd09d850a022abfa901906ea34869889544dfd549df148a6a57,46200526307e3bd09d850a022abfa901906ea34869889544dfd549df148a6a57,CC-BY-4.0,http://creativecommons.org/licenses/by/4.0/legalcode,redistribute_derivative_with_attribution_rights_review_passed
WBGBIF2026_E0247,WBGBIF2026_E0247_F00_uncropped,uncropped,model_inputs/images_uncropped/WBGBIF2026_E0247_F00_uncropped.jpg,true,0,0,2927c725b5e8a6fc99ad756139980d409cc270f7cb3a2a81053b81b52478a726,2927c725b5e8a6fc99ad756139980d409cc270f7cb3a2a81053b81b52478a726,CC-BY-4.0,http://creativecommons.org/licenses/by/4.0/legalcode,redistribute_derivative_with_attribution_rights_review_passed
WBGBIF2026_E0247,WBGBIF2026_E0247_F01_uncropped,uncropped,model_inputs/images_uncropped/WBGBIF2026_E0247_F01_uncropped.jpg,true,1,1,9278992af6815b93eea101aaf36f976334fb7e012a206fb8ef90a68fb7dfe714,9278992af6815b93eea101aaf36f976334fb7e012a206fb8ef90a68fb7dfe714,CC-BY-4.0,http://creativecommons.org/licenses/by/4.0/legalcode,redistribute_derivative_with_attribution_rights_review_passed
WBGBIF2026_E0247,WBGBIF2026_E0247_F02_uncropped,uncropped,model_inputs/images_uncropped/WBGBIF2026_E0247_F02_uncropped.jpg,true,2,2,ff95860658abafd278c3ccaa1ebcf8cd6a03ea0db3c751937f25cc2afc394290,ff95860658abafd278c3ccaa1ebcf8cd6a03ea0db3c751937f25cc2afc394290,CC-BY-4.0,http://creativecommons.org/licenses/by/4.0/legalcode,redistribute_derivative_with_attribution_rights_review_passed
WBGBIF2026_E0247,WBGBIF2026_E0247_F03_uncropped,uncropped,model_inputs/images_uncropped/WBGBIF2026_E0247_F03_uncropped.jpg,true,3,3,a99c49c7d365ee1a4550be75d2e6ccb39b15f882d74d146323b5d716548c16bc,a99c49c7d365ee1a4550be75d2e6ccb39b15f882d74d146323b5d716548c16bc,CC-BY-4.0,http://creativecommons.org/licenses/by/4.0/legalcode,redistribute_derivative_with_attribution_rights_review_passed
WBGBIF2026_E0247,WBGBIF2026_E0247_F04_uncropped,uncropped,model_inputs/images_uncropped/WBGBIF2026_E0247_F04_uncropped.jpg,true,4,4,e9f91d0b8d6f7cea2ed90b033e8541ed224407bb95ff9e53d9063f7f9eba2c88,e9f91d0b8d6f7cea2ed90b033e8541ed224407bb95ff9e53d9063f7f9eba2c88,CC-BY-4.0,http://creativecommons.org/licenses/by/4.0/legalcode,redistribute_derivative_with_attribution_rights_review_passed
WBGBIF2026_E0248,WBGBIF2026_E0248_F00_uncropped,uncropped,model_inputs/images_uncropped/WBGBIF2026_E0248_F00_uncropped.jpg,true,0,0,08c56f19a116288ca3dfa2213315a3be68ec1bc52c551b6e7cc5421ced6be9e6,08c56f19a116288ca3dfa2213315a3be68ec1bc52c551b6e7cc5421ced6be9e6,CC-BY-4.0,http://creativecommons.org/licenses/by/4.0/legalcode,redistribute_derivative_with_attribution_rights_review_passed
WBGBIF2026_E0248,WBGBIF2026_E0248_F01_uncropped,uncropped,model_inputs/images_uncropped/WBGBIF2026_E0248_F01_uncropped.jpg,true,1,1,5cb79ff3611cf3387eed023f3ec28e7b76dae837f9db016af297d609b893e7a4,5cb79ff3611cf3387eed023f3ec28e7b76dae837f9db016af297d609b893e7a4,CC-BY-4.0,http://creativecommons.org/licenses/by/4.0/legalcode,redistribute_derivative_with_attribution_rights_review_passed
WBGBIF2026_E0248,WBGBIF2026_E0248_F02_uncropped,uncropped,model_inputs/images_uncropped/WBGBIF2026_E0248_F02_uncropped.jpg,true,2,2,8178dd5181f4c7da6ddc995787abc580d4adf9bc7cb114caca8218e26b967623,8178dd5181f4c7da6ddc995787abc580d4adf9bc7cb114caca8218e26b967623,CC-BY-4.0,http://creativecommons.org/licenses/by/4.0/legalcode,redistribute_derivative_with_attribution_rights_review_passed
WBGBIF2026_E0248,WBGBIF2026_E0248_F03_uncropped,uncropped,model_inputs/images_uncropped/WBGBIF2026_E0248_F03_uncropped.jpg,true,3,3,700ea8543a8ffb81efea1b9dda6a95cc5a8fbe5f980c6008eeecc63e36b36d60,700ea8543a8ffb81efea1b9dda6a95cc5a8fbe5f980c6008eeecc63e36b36d60,CC-BY-4.0,http://creativecommons.org/licenses/by/4.0/legalcode,redistribute_derivative_with_attribution_rights_review_passed
WBGBIF2026_E0248,WBGBIF2026_E0248_F04_uncropped,uncropped,model_inputs/images_uncropped/WBGBIF2026_E0248_F04_uncropped.jpg,true,4,4,59b304562455a55b1518c8531ef428091d3a407cab94b2c5464b22643e84b5e7,59b304562455a55b1518c8531ef428091d3a407cab94b2c5464b22643e84b5e7,CC-BY-4.0,http://creativecommons.org/licenses/by/4.0/legalcode,redistribute_derivative_with_attribution_rights_review_passed
WBGBIF2026_E0249,WBGBIF2026_E0249_F00_uncropped,uncropped,model_inputs/images_uncropped/WBGBIF2026_E0249_F00_uncropped.jpg,true,0,0,403c2b4357a8fb514f3e09983eebd5a210e3f1ec60dca8ae9eb8eca56240539f,403c2b4357a8fb514f3e09983eebd5a210e3f1ec60dca8ae9eb8eca56240539f,CC-BY-4.0,http://creativecommons.org/licenses/by/4.0/legalcode,redistribute_derivative_with_attribution_rights_review_passed
WBGBIF2026_E0249,WBGBIF2026_E0249_F01_uncropped,uncropped,model_inputs/images_uncropped/WBGBIF2026_E0249_F01_uncropped.jpg,true,1,1,6c6c73c18d29a9ef8ab9f33ce29b87be8639f534c8054ce41d6888c456d66700,6c6c73c18d29a9ef8ab9f33ce29b87be8639f534c8054ce41d6888c456d66700,CC-BY-4.0,http://creativecommons.org/licenses/by/4.0/legalcode,redistribute_derivative_with_attribution_rights_review_passed
WBGBIF2026_E0249,WBGBIF2026_E0249_F02_uncropped,uncropped,model_inputs/images_uncropped/WBGBIF2026_E0249_F02_uncropped.jpg,true,2,2,d94bc66e6a3ab7584f9362889174c8d9cb26ca5b7b9de6260d9e020ed9c63ce1,d94bc66e6a3ab7584f9362889174c8d9cb26ca5b7b9de6260d9e020ed9c63ce1,CC-BY-4.0,http://creativecommons.org/licenses/by/4.0/legalcode,redistribute_derivative_with_attribution_rights_review_passed
WBGBIF2026_E0249,WBGBIF2026_E0249_F03_uncropped,uncropped,model_inputs/images_uncropped/WBGBIF2026_E0249_F03_uncropped.jpg,true,3,3,608e4fdc6b37ac840fa6355a8cba9a6642bff8525f2a13ff19825e519178c2d8,608e4fdc6b37ac840fa6355a8cba9a6642bff8525f2a13ff19825e519178c2d8,CC-BY-4.0,http://creativecommons.org/licenses/by/4.0/legalcode,redistribute_derivative_with_attribution_rights_review_passed
WBGBIF2026_E0249,WBGBIF2026_E0249_F04_uncropped,uncropped,model_inputs/images_uncropped/WBGBIF2026_E0249_F04_uncropped.jpg,true,4,4,5f711dc016417ce76fcd0969021b9b790ee6130d0d0fc3f33f0cce88ef2f950f,5f711dc016417ce76fcd0969021b9b790ee6130d0d0fc3f33f0cce88ef2f950f,CC-BY-4.0,http://creativecommons.org/licenses/by/4.0/legalcode,redistribute_derivative_with_attribution_rights_review_passed
WBGBIF2026_E0253,WBGBIF2026_E0253_F00_uncropped,uncropped,model_inputs/images_uncropped/WBGBIF2026_E0253_F00_uncropped.jpg,true,0,0,99301ef8897193d3b9585450eb4f4c4e2518526532a19d5b8b739c1acbfba612,99301ef8897193d3b9585450eb4f4c4e2518526532a19d5b8b739c1acbfba612,CC0-1.0,http://creativecommons.org/publicdomain/zero/1.0/legalcode,redistribute_derivative_rights_review_passed
WBGBIF2026_E0253,WBGBIF2026_E0253_F01_uncropped,uncropped,model_inputs/images_uncropped/WBGBIF2026_E0253_F01_uncropped.jpg,true,1,1,2866a4033a96085fe28f304c0036bda15663b6a8d09c3823338efc3130285749,2866a4033a96085fe28f304c0036bda15663b6a8d09c3823338efc3130285749,CC0-1.0,http://creativecommons.org/publicdomain/zero/1.0/legalcode,redistribute_derivative_rights_review_passed
WBGBIF2026_E0253,WBGBIF2026_E0253_F02_uncropped,uncropped,model_inputs/images_uncropped/WBGBIF2026_E0253_F02_uncropped.jpg,true,2,2,87d176c797b8e9be0ae262149eb4a2da1012aae8cc4495c40e7d38e3b7315b62,87d176c797b8e9be0ae262149eb4a2da1012aae8cc4495c40e7d38e3b7315b62,CC0-1.0,http://creativecommons.org/publicdomain/zero/1.0/legalcode,redistribute_derivative_rights_review_passed
WBGBIF2026_E0253,WBGBIF2026_E0253_F03_uncropped,uncropped,model_inputs/images_uncropped/WBGBIF2026_E0253_F03_uncropped.jpg,true,3,3,a357fd3f55f708ad54363f5e3fbe697325adaf3e9f00e602cf3ac1f540f73140,a357fd3f55f708ad54363f5e3fbe697325adaf3e9f00e602cf3ac1f540f73140,CC0-1.0,http://creativecommons.org/publicdomain/zero/1.0/legalcode,redistribute_derivative_rights_review_passed
WBGBIF2026_E0253,WBGBIF2026_E0253_F04_uncropped,uncropped,model_inputs/images_uncropped/WBGBIF2026_E0253_F04_uncropped.jpg,true,4,4,9a713771d150311242fcb62ace06e374901346402cda887b33bfe46dc4fecda6,9a713771d150311242fcb62ace06e374901346402cda887b33bfe46dc4fecda6,CC0-1.0,http://creativecommons.org/publicdomain/zero/1.0/legalcode,redistribute_derivative_rights_review_passed
WBGBIF2026_E0254,WBGBIF2026_E0254_F00_uncropped,uncropped,model_inputs/images_uncropped/WBGBIF2026_E0254_F00_uncropped.jpg,true,0,0,e1b0f3b5f705a23b60483c8ade9ace144b22948d69334a178fbe444272d055f9,e1b0f3b5f705a23b60483c8ade9ace144b22948d69334a178fbe444272d055f9,CC0-1.0,http://creativecommons.org/publicdomain/zero/1.0/legalcode,redistribute_derivative_rights_review_passed
WBGBIF2026_E0254,WBGBIF2026_E0254_F01_uncropped,uncropped,model_inputs/images_uncropped/WBGBIF2026_E0254_F01_uncropped.jpg,true,1,1,0e5667b915990f67aadb28d6ca37e421672c561dfa4b064ed38a04200ed7b703,0e5667b915990f67aadb28d6ca37e421672c561dfa4b064ed38a04200ed7b703,CC0-1.0,http://creativecommons.org/publicdomain/zero/1.0/legalcode,redistribute_derivative_rights_review_passed
WBGBIF2026_E0254,WBGBIF2026_E0254_F02_uncropped,uncropped,model_inputs/images_uncropped/WBGBIF2026_E0254_F02_uncropped.jpg,true,2,2,0f5b6958bfe2a939bf6f330a2a1feae215df8cb9a741db41d6e6aeb64fa6d4b2,0f5b6958bfe2a939bf6f330a2a1feae215df8cb9a741db41d6e6aeb64fa6d4b2,CC0-1.0,http://creativecommons.org/publicdomain/zero/1.0/legalcode,redistribute_derivative_rights_review_passed
WBGBIF2026_E0254,WBGBIF2026_E0254_F03_uncropped,uncropped,model_inputs/images_uncropped/WBGBIF2026_E0254_F03_uncropped.jpg,true,3,3,127959cbbae498d6e9fdfe66a88985d5bcbe5049242de862be1cfb9623310d52,127959cbbae498d6e9fdfe66a88985d5bcbe5049242de862be1cfb9623310d52,CC0-1.0,http://creativecommons.org/publicdomain/zero/1.0/legalcode,redistribute_derivative_rights_review_passed
WBGBIF2026_E0254,WBGBIF2026_E0254_F04_uncropped,uncropped,model_inputs/images_uncropped/WBGBIF2026_E0254_F04_uncropped.jpg,true,4,4,270ca6504b5cebd700dbb4c7e6c237e21d7d1b80a5ceb9c06ab5e2b8505b1fed,270ca6504b5cebd700dbb4c7e6c237e21d7d1b80a5ceb9c06ab5e2b8505b1fed,CC0-1.0,http://creativecommons.org/publicdomain/zero/1.0/legalcode,redistribute_derivative_rights_review_passed
WBGBIF2026_E0255,WBGBIF2026_E0255_F00_uncropped,uncropped,model_inputs/images_uncropped/WBGBIF2026_E0255_F00_uncropped.jpg,true,0,0,a5054a66c7dc04484ad7a82f8ad1a69539812aa1e5cf76c4943557af6c5574a5,a5054a66c7dc04484ad7a82f8ad1a69539812aa1e5cf76c4943557af6c5574a5,CC0-1.0,http://creativecommons.org/publicdomain/zero/1.0/legalcode,redistribute_derivative_rights_review_passed
WBGBIF2026_E0255,WBGBIF2026_E0255_F01_uncropped,uncropped,model_inputs/images_uncropped/WBGBIF2026_E0255_F01_uncropped.jpg,true,1,1,eb6c3eddb4037a38f5c0e4353679c55f5cc1acc6f6974cb77c152df387abf360,eb6c3eddb4037a38f5c0e4353679c55f5cc1acc6f6974cb77c152df387abf360,CC0-1.0,http://creativecommons.org/publicdomain/zero/1.0/legalcode,redistribute_derivative_rights_review_passed
WBGBIF2026_E0255,WBGBIF2026_E0255_F02_uncropped,uncropped,model_inputs/images_uncropped/WBGBIF2026_E0255_F02_uncropped.jpg,true,2,2,b232b8a53a5fb2f281928816a25459dc39d7bd70945d3e0a0cee09e75901b669,b232b8a53a5fb2f281928816a25459dc39d7bd70945d3e0a0cee09e75901b669,CC0-1.0,http://creativecommons.org/publicdomain/zero/1.0/legalcode,redistribute_derivative_rights_review_passed
WBGBIF2026_E0255,WBGBIF2026_E0255_F03_uncropped,uncropped,model_inputs/images_uncropped/WBGBIF2026_E0255_F03_uncropped.jpg,true,3,3,ef66679c695f02a5788a375275ff21f958a64e80834489f714c208a6689987be,ef66679c695f02a5788a375275ff21f958a64e80834489f714c208a6689987be,CC0-1.0,http://creativecommons.org/publicdomain/zero/1.0/legalcode,redistribute_derivative_rights_review_passed
WBGBIF2026_E0255,WBGBIF2026_E0255_F04_uncropped,uncropped,model_inputs/images_uncropped/WBGBIF2026_E0255_F04_uncropped.jpg,true,4,4,ddbd8419e2bbbede4b9225816d7b7bd51bcf15016edb8fecad6fe0c4f2b6df67,ddbd8419e2bbbede4b9225816d7b7bd51bcf15016edb8fecad6fe0c4f2b6df67,CC0-1.0,http://creativecommons.org/publicdomain/zero/1.0/legalcode,redistribute_derivative_rights_review_passed
WBGBIF2026_E0259,WBGBIF2026_E0259_F00_uncropped,uncropped,model_inputs/images_uncropped/WBGBIF2026_E0259_F00_uncropped.jpg,true,0,0,7b60d1c7676d6f9056b2fbce69955757a942ad201d08edc27be3e507a48aa047,7b60d1c7676d6f9056b2fbce69955757a942ad201d08edc27be3e507a48aa047,CC0-1.0,http://creativecommons.org/publicdomain/zero/1.0/legalcode,redistribute_derivative_rights_review_passed
WBGBIF2026_E0259,WBGBIF2026_E0259_F01_uncropped,uncropped,model_inputs/images_uncropped/WBGBIF2026_E0259_F01_uncropped.jpg,true,1,1,5a2ceb09a10c8a641b7e03e0de365a2c247d01fcbe63775989f38f9a22d1d58b,5a2ceb09a10c8a641b7e03e0de365a2c247d01fcbe63775989f38f9a22d1d58b,CC0-1.0,http://creativecommons.org/publicdomain/zero/1.0/legalcode,redistribute_derivative_rights_review_passed
WBGBIF2026_E0259,WBGBIF2026_E0259_F02_uncropped,uncropped,model_inputs/images_uncropped/WBGBIF2026_E0259_F02_uncropped.jpg,true,2,2,8e3b4e0e6277a2d14373b2551c3b130fb30364866cdcfbda80ed7dba19b0e416,8e3b4e0e6277a2d14373b2551c3b130fb30364866cdcfbda80ed7dba19b0e416,CC0-1.0,http://creativecommons.org/publicdomain/zero/1.0/legalcode,redistribute_derivative_rights_review_passed
WBGBIF2026_E0259,WBGBIF2026_E0259_F03_uncropped,uncropped,model_inputs/images_uncropped/WBGBIF2026_E0259_F03_uncropped.jpg,true,3,3,05fb64af3efcee40927f6234bb7d6e430d7365f0ef28c6a1d7e653edde25f758,05fb64af3efcee40927f6234bb7d6e430d7365f0ef28c6a1d7e653edde25f758,CC0-1.0,http://creativecommons.org/publicdomain/zero/1.0/legalcode,redistribute_derivative_rights_review_passed
WBGBIF2026_E0259,WBGBIF2026_E0259_F04_uncropped,uncropped,model_inputs/images_uncropped/WBGBIF2026_E0259_F04_uncropped.jpg,true,4,4,94f32a34b5c19a9b1e00c5a7071ab3a15342ca11abd2dfe73a1288339858dd59,94f32a34b5c19a9b1e00c5a7071ab3a15342ca11abd2dfe73a1288339858dd59,CC0-1.0,http://creativecommons.org/publicdomain/zero/1.0/legalcode,redistribute_derivative_rights_review_passed
WBGBIF2026_E0260,WBGBIF2026_E0260_F00_uncropped,uncropped,model_inputs/images_uncropped/WBGBIF2026_E0260_F00_uncropped.jpg,true,0,0,f127702dea1b29d0024781c01d333c054c6984a7d65c19a053cc7b7b069159e1,f127702dea1b29d0024781c01d333c054c6984a7d65c19a053cc7b7b069159e1,CC0-1.0,http://creativecommons.org/publicdomain/zero/1.0/legalcode,redistribute_derivative_rights_review_passed
WBGBIF2026_E0260,WBGBIF2026_E0260_F01_uncropped,uncropped,model_inputs/images_uncropped/WBGBIF2026_E0260_F01_uncropped.jpg,true,1,1,e8035fd4d51eb14c98a02769216b45c59cbff9cc1528a887aaefba8fa5187d1a,e8035fd4d51eb14c98a02769216b45c59cbff9cc1528a887aaefba8fa5187d1a,CC0-1.0,http://creativecommons.org/publicdomain/zero/1.0/legalcode,redistribute_derivative_rights_review_passed
WBGBIF2026_E0261,WBGBIF2026_E0261_F00_uncropped,uncropped,model_inputs/images_uncropped/WBGBIF2026_E0261_F00_uncropped.jpg,true,0,0,46ecf6c613864d1fe55e3d0440a1b804728fae0761298b53b635ee6b0453a1f1,46ecf6c613864d1fe55e3d0440a1b804728fae0761298b53b635ee6b0453a1f1,CC0-1.0,http://creativecommons.org/publicdomain/zero/1.0/legalcode,redistribute_derivative_rights_review_passed
WBGBIF2026_E0261,WBGBIF2026_E0261_F01_uncropped,uncropped,model_inputs/images_uncropped/WBGBIF2026_E0261_F01_uncropped.jpg,true,1,1,accc550d33050a790e2a98f534c10b64ea1196528cabc71d607d1fd677a62427,accc550d33050a790e2a98f534c10b64ea1196528cabc71d607d1fd677a62427,CC0-1.0,http://creativecommons.org/publicdomain/zero/1.0/legalcode,redistribute_derivative_rights_review_passed
WBGBIF2026_E0261,WBGBIF2026_E0261_F02_uncropped,uncropped,model_inputs/images_uncropped/WBGBIF2026_E0261_F02_uncropped.jpg,true,2,2,ed5645023acc857a4d99926b21aaa579c3bcd7503de9b77ad75d4afc25e1e777,ed5645023acc857a4d99926b21aaa579c3bcd7503de9b77ad75d4afc25e1e777,CC0-1.0,http://creativecommons.org/publicdomain/zero/1.0/legalcode,redistribute_derivative_rights_review_passed
WBGBIF2026_E0262,WBGBIF2026_E0262_F00_uncropped,uncropped,model_inputs/images_uncropped/WBGBIF2026_E0262_F00_uncropped.jpg,true,0,0,28627aa6c09c2a92fac48509f8ef09399d147f94d4286603904cf66251661b68,28627aa6c09c2a92fac48509f8ef09399d147f94d4286603904cf66251661b68,CC0-1.0,http://creativecommons.org/publicdomain/zero/1.0/legalcode,redistribute_derivative_rights_review_passed
WBGBIF2026_E0262,WBGBIF2026_E0262_F01_uncropped,uncropped,model_inputs/images_uncropped/WBGBIF2026_E0262_F01_uncropped.jpg,true,1,1,2d0431367eca65f1156ec3a0348dedc28fa4a650ce29e41b02b11439dcb8defa,2d0431367eca65f1156ec3a0348dedc28fa4a650ce29e41b02b11439dcb8defa,CC0-1.0,http://creativecommons.org/publicdomain/zero/1.0/legalcode,redistribute_derivative_rights_review_passed
WBGBIF2026_E0263,WBGBIF2026_E0263_F00_uncropped,uncropped,model_inputs/images_uncropped/WBGBIF2026_E0263_F00_uncropped.jpg,true,0,0,c3e10e8bfa183f010776cf0feb2d0bd22010cfc592e57ec2e544c67c5c763dd9,c3e10e8bfa183f010776cf0feb2d0bd22010cfc592e57ec2e544c67c5c763dd9,CC0-1.0,http://creativecommons.org/publicdomain/zero/1.0/legalcode,redistribute_derivative_rights_review_passed
WBGBIF2026_E0263,WBGBIF2026_E0263_F01_uncropped,uncropped,model_inputs/images_uncropped/WBGBIF2026_E0263_F01_uncropped.jpg,true,1,1,9b639bdfe11f80f393bc556fc1af41803fe8df86e1ca5a6feda4b006253bf55d,9b639bdfe11f80f393bc556fc1af41803fe8df86e1ca5a6feda4b006253bf55d,CC0-1.0,http://creativecommons.org/publicdomain/zero/1.0/legalcode,redistribute_derivative_rights_review_passed
WBGBIF2026_E0264,WBGBIF2026_E0264_F00_uncropped,uncropped,model_inputs/images_uncropped/WBGBIF2026_E0264_F00_uncropped.jpg,true,0,0,b639147d52bcb4bccf5d84bad36cd5cc20872a2fc01b8e67b52a68a9f7d78302,b639147d52bcb4bccf5d84bad36cd5cc20872a2fc01b8e67b52a68a9f7d78302,CC0-1.0,http://creativecommons.org/publicdomain/zero/1.0/legalcode,redistribute_derivative_rights_review_passed
WBGBIF2026_E0264,WBGBIF2026_E0264_F01_uncropped,uncropped,model_inputs/images_uncropped/WBGBIF2026_E0264_F01_uncropped.jpg,true,1,1,9c037dba55e04ba64b4ce7f9e0d34245c676a50553dab9985015268642e9037d,9c037dba55e04ba64b4ce7f9e0d34245c676a50553dab9985015268642e9037d,CC0-1.0,http://creativecommons.org/publicdomain/zero/1.0/legalcode,redistribute_derivative_rights_review_passed
WBGBIF2026_E0265,WBGBIF2026_E0265_F00_uncropped,uncropped,model_inputs/images_uncropped/WBGBIF2026_E0265_F00_uncropped.jpg,true,0,0,e8832a4bcd98363de85cd93a03fc2078ab3b0bf7c42ef0dd18252d2c03d7b3c7,e8832a4bcd98363de85cd93a03fc2078ab3b0bf7c42ef0dd18252d2c03d7b3c7,CC0-1.0,http://creativecommons.org/publicdomain/zero/1.0/legalcode,redistribute_derivative_rights_review_passed
WBGBIF2026_E0265,WBGBIF2026_E0265_F01_uncropped,uncropped,model_inputs/images_uncropped/WBGBIF2026_E0265_F01_uncropped.jpg,true,1,1,b5998e43cde61ca321fd6bb8430e1744f849dc1b958a52fefb68583a51469bb1,b5998e43cde61ca321fd6bb8430e1744f849dc1b958a52fefb68583a51469bb1,CC0-1.0,http://creativecommons.org/publicdomain/zero/1.0/legalcode,redistribute_derivative_rights_review_passed
WBGBIF2026_E0266,WBGBIF2026_E0266_F00_uncropped,uncropped,model_inputs/images_uncropped/WBGBIF2026_E0266_F00_uncropped.jpg,true,0,0,868ada4cf86b02d7cc388b9fb15a7deb46b1ea3badbb8db88f129b51e885e3ed,868ada4cf86b02d7cc388b9fb15a7deb46b1ea3badbb8db88f129b51e885e3ed,CC0-1.0,http://creativecommons.org/publicdomain/zero/1.0/legalcode,redistribute_derivative_rights_review_passed
WBGBIF2026_E0266,WBGBIF2026_E0266_F01_uncropped,uncropped,model_inputs/images_uncropped/WBGBIF2026_E0266_F01_uncropped.jpg,true,1,1,ca4bf4adda46378f0335735cc089cb539c41be3fb3a0d604cd2387f43fdcb7c3,ca4bf4adda46378f0335735cc089cb539c41be3fb3a0d604cd2387f43fdcb7c3,CC0-1.0,http://creativecommons.org/publicdomain/zero/1.0/legalcode,redistribute_derivative_rights_review_passed
WBGBIF2026_E0266,WBGBIF2026_E0266_F02_uncropped,uncropped,model_inputs/images_uncropped/WBGBIF2026_E0266_F02_uncropped.jpg,true,2,2,242f130ed028cbcc9892d6faa43ef3a76f275c17671520bbbed0cfa0dd879708,242f130ed028cbcc9892d6faa43ef3a76f275c17671520bbbed0cfa0dd879708,CC0-1.0,http://creativecommons.org/publicdomain/zero/1.0/legalcode,redistribute_derivative_rights_review_passed
WBGBIF2026_E0266,WBGBIF2026_E0266_F03_uncropped,uncropped,model_inputs/images_uncropped/WBGBIF2026_E0266_F03_uncropped.jpg,true,3,3,1b1502bde94ef4a4a31551a3f1b5049d29f70d75a2381c5c97a9452973ff5584,1b1502bde94ef4a4a31551a3f1b5049d29f70d75a2381c5c97a9452973ff5584,CC0-1.0,http://creativecommons.org/publicdomain/zero/1.0/legalcode,redistribute_derivative_rights_review_passed
WBGBIF2026_E0266,WBGBIF2026_E0266_F04_uncropped,uncropped,model_inputs/images_uncropped/WBGBIF2026_E0266_F04_uncropped.jpg,true,4,4,9eaa579eee53a52b6cc61cb2e510555c94052aebcb22b04ef24996a2055a4abe,9eaa579eee53a52b6cc61cb2e510555c94052aebcb22b04ef24996a2055a4abe,CC0-1.0,http://creativecommons.org/publicdomain/zero/1.0/legalcode,redistribute_derivative_rights_review_passed
WBGBIF2026_E0267,WBGBIF2026_E0267_F00_uncropped,uncropped,model_inputs/images_uncropped/WBGBIF2026_E0267_F00_uncropped.jpg,true,0,0,634624d7e841ae219432970476efcd1cc3d3735f7f73dc10a9d66db598d87570,634624d7e841ae219432970476efcd1cc3d3735f7f73dc10a9d66db598d87570,CC0-1.0,http://creativecommons.org/publicdomain/zero/1.0/legalcode,redistribute_derivative_rights_review_passed
WBGBIF2026_E0267,WBGBIF2026_E0267_F01_uncropped,uncropped,model_inputs/images_uncropped/WBGBIF2026_E0267_F01_uncropped.jpg,true,1,1,aa3aed5481dfe8c96d4273177b845134ba31571838d2ad46d23355f37855cf0a,aa3aed5481dfe8c96d4273177b845134ba31571838d2ad46d23355f37855cf0a,CC0-1.0,http://creativecommons.org/publicdomain/zero/1.0/legalcode,redistribute_derivative_rights_review_passed
WBGBIF2026_E0267,WBGBIF2026_E0267_F02_uncropped,uncropped,model_inputs/images_uncropped/WBGBIF2026_E0267_F02_uncropped.jpg,true,2,2,165149810f95a62b281a88699f06e9f86cfa376d9895c7700c88550179868753,165149810f95a62b281a88699f06e9f86cfa376d9895c7700c88550179868753,CC0-1.0,http://creativecommons.org/publicdomain/zero/1.0/legalcode,redistribute_derivative_rights_review_passed
WBGBIF2026_E0267,WBGBIF2026_E0267_F03_uncropped,uncropped,model_inputs/images_uncropped/WBGBIF2026_E0267_F03_uncropped.jpg,true,3,3,2f2865aa4f739658c4b3327784fb32855b00584155c41038ced2bec2b555f561,2f2865aa4f739658c4b3327784fb32855b00584155c41038ced2bec2b555f561,CC0-1.0,http://creativecommons.org/publicdomain/zero/1.0/legalcode,redistribute_derivative_rights_review_passed
WBGBIF2026_E0267,WBGBIF2026_E0267_F04_uncropped,uncropped,model_inputs/images_uncropped/WBGBIF2026_E0267_F04_uncropped.jpg,true,4,4,4e94526831f4d0216399a6e7017ee1895d46a155159a2c9ec053d9c88fad611b,4e94526831f4d0216399a6e7017ee1895d46a155159a2c9ec053d9c88fad611b,CC0-1.0,http://creativecommons.org/publicdomain/zero/1.0/legalcode,redistribute_derivative_rights_review_passed
WBGBIF2026_E0268,WBGBIF2026_E0268_F00_uncropped,uncropped,model_inputs/images_uncropped/WBGBIF2026_E0268_F00_uncropped.jpg,true,0,0,0a6a684baa1bea7999df085c9d1b5e98d579dabeb7471e7ef905a7ec4acb2fb0,0a6a684baa1bea7999df085c9d1b5e98d579dabeb7471e7ef905a7ec4acb2fb0,CC0-1.0,http://creativecommons.org/publicdomain/zero/1.0/legalcode,redistribute_derivative_rights_review_passed
WBGBIF2026_E0268,WBGBIF2026_E0268_F01_uncropped,uncropped,model_inputs/images_uncropped/WBGBIF2026_E0268_F01_uncropped.jpg,true,1,1,d063e058fc3028379eb25b3b07788312fc94904a9eb1290b92494382cead5155,d063e058fc3028379eb25b3b07788312fc94904a9eb1290b92494382cead5155,CC0-1.0,http://creativecommons.org/publicdomain/zero/1.0/legalcode,redistribute_derivative_rights_review_passed
WBGBIF2026_E0268,WBGBIF2026_E0268_F02_uncropped,uncropped,model_inputs/images_uncropped/WBGBIF2026_E0268_F02_uncropped.jpg,true,2,2,2263095c6797e4807ace5841570bba6ba9e83d17a1d5be745ab5f2d970ede9d0,2263095c6797e4807ace5841570bba6ba9e83d17a1d5be745ab5f2d970ede9d0,CC0-1.0,http://creativecommons.org/publicdomain/zero/1.0/legalcode,redistribute_derivative_rights_review_passed
WBGBIF2026_E0268,WBGBIF2026_E0268_F03_uncropped,uncropped,model_inputs/images_uncropped/WBGBIF2026_E0268_F03_uncropped.jpg,true,3,3,290e10d2b0fe2a1992f6ebc39db565100b554674f8e82a59f611ee26919ee1b2,290e10d2b0fe2a1992f6ebc39db565100b554674f8e82a59f611ee26919ee1b2,CC0-1.0,http://creativecommons.org/publicdomain/zero/1.0/legalcode,redistribute_derivative_rights_review_passed
WBGBIF2026_E0268,WBGBIF2026_E0268_F04_uncropped,uncropped,model_inputs/images_uncropped/WBGBIF2026_E0268_F04_uncropped.jpg,true,4,4,c6791357879e40c3b80dcda12dd0fad85da302625c9e9ea1d687b4e74f297077,c6791357879e40c3b80dcda12dd0fad85da302625c9e9ea1d687b4e74f297077,CC0-1.0,http://creativecommons.org/publicdomain/zero/1.0/legalcode,redistribute_derivative_rights_review_passed
WBGBIF2026_E0269,WBGBIF2026_E0269_F00_uncropped,uncropped,model_inputs/images_uncropped/WBGBIF2026_E0269_F00_uncropped.jpg,true,0,0,4c3d84a52e64645457060e0ed45bcf9298bcd82f4059cdc76c66691f1e60cb04,4c3d84a52e64645457060e0ed45bcf9298bcd82f4059cdc76c66691f1e60cb04,CC0-1.0,http://creativecommons.org/publicdomain/zero/1.0/legalcode,redistribute_derivative_rights_review_passed
WBGBIF2026_E0269,WBGBIF2026_E0269_F01_uncropped,uncropped,model_inputs/images_uncropped/WBGBIF2026_E0269_F01_uncropped.jpg,true,1,1,ab6faeaea41cfaf96f7d08fe40b77fce7596817e98f8acece261fa5b5893ba3f,ab6faeaea41cfaf96f7d08fe40b77fce7596817e98f8acece261fa5b5893ba3f,CC0-1.0,http://creativecommons.org/publicdomain/zero/1.0/legalcode,redistribute_derivative_rights_review_passed
WBGBIF2026_E0269,WBGBIF2026_E0269_F02_uncropped,uncropped,model_inputs/images_uncropped/WBGBIF2026_E0269_F02_uncropped.jpg,true,2,2,be7628e2cb2f40bdcc96017608ce0ab4242e470f9b2150a20f0b57eeea300549,be7628e2cb2f40bdcc96017608ce0ab4242e470f9b2150a20f0b57eeea300549,CC0-1.0,http://creativecommons.org/publicdomain/zero/1.0/legalcode,redistribute_derivative_rights_review_passed
WBGBIF2026_E0269,WBGBIF2026_E0269_F03_uncropped,uncropped,model_inputs/images_uncropped/WBGBIF2026_E0269_F03_uncropped.jpg,true,3,3,d73997b755ed2d9a9cc03cba8fca99c106886bca64ee94fd9e52d7801467cead,d73997b755ed2d9a9cc03cba8fca99c106886bca64ee94fd9e52d7801467cead,CC0-1.0,http://creativecommons.org/publicdomain/zero/1.0/legalcode,redistribute_derivative_rights_review_passed
WBGBIF2026_E0269,WBGBIF2026_E0269_F04_uncropped,uncropped,model_inputs/images_uncropped/WBGBIF2026_E0269_F04_uncropped.jpg,true,4,4,fea065636becbe44daa9e31bebae5e4dc9740f23dd9a9aee873fcc535360f8ef,fea065636becbe44daa9e31bebae5e4dc9740f23dd9a9aee873fcc535360f8ef,CC0-1.0,http://creativecommons.org/publicdomain/zero/1.0/legalcode,redistribute_derivative_rights_review_passed
WBGBIF2026_E0270,WBGBIF2026_E0270_F00_uncropped,uncropped,model_inputs/images_uncropped/WBGBIF2026_E0270_F00_uncropped.jpg,true,0,0,1ad7e1afdfe4e0919a0a4b3008249cab65d028aacdd59bd53f8a8a01b172ba13,1ad7e1afdfe4e0919a0a4b3008249cab65d028aacdd59bd53f8a8a01b172ba13,CC0-1.0,http://creativecommons.org/publicdomain/zero/1.0/legalcode,redistribute_derivative_rights_review_passed
WBGBIF2026_E0270,WBGBIF2026_E0270_F01_uncropped,uncropped,model_inputs/images_uncropped/WBGBIF2026_E0270_F01_uncropped.jpg,true,1,1,2327fad84121edf5aedaa721f00b6e7ffa60675d13e5f157e811c0550d99d70b,2327fad84121edf5aedaa721f00b6e7ffa60675d13e5f157e811c0550d99d70b,CC0-1.0,http://creativecommons.org/publicdomain/zero/1.0/legalcode,redistribute_derivative_rights_review_passed
WBGBIF2026_E0270,WBGBIF2026_E0270_F02_uncropped,uncropped,model_inputs/images_uncropped/WBGBIF2026_E0270_F02_uncropped.jpg,true,2,2,93e1062d6a5d34d4a964919499e10a56fee175a19334680917b08df9c0cf4cb9,93e1062d6a5d34d4a964919499e10a56fee175a19334680917b08df9c0cf4cb9,CC0-1.0,http://creativecommons.org/publicdomain/zero/1.0/legalcode,redistribute_derivative_rights_review_passed
WBGBIF2026_E0270,WBGBIF2026_E0270_F03_uncropped,uncropped,model_inputs/images_uncropped/WBGBIF2026_E0270_F03_uncropped.jpg,true,3,3,1cb0a390c810320a81a5c79ee65445af4c6c0f98265e5fa25c57771aaeaf06f4,1cb0a390c810320a81a5c79ee65445af4c6c0f98265e5fa25c57771aaeaf06f4,CC0-1.0,http://creativecommons.org/publicdomain/zero/1.0/legalcode,redistribute_derivative_rights_review_passed
WBGBIF2026_E0270,WBGBIF2026_E0270_F04_uncropped,uncropped,model_inputs/images_uncropped/WBGBIF2026_E0270_F04_uncropped.jpg,true,4,4,14352b5f86e11f22fb2da0ba725063b73ffaceaf20d9f313327464ea03bb6a23,14352b5f86e11f22fb2da0ba725063b73ffaceaf20d9f313327464ea03bb6a23,CC0-1.0,http://creativecommons.org/publicdomain/zero/1.0/legalcode,redistribute_derivative_rights_review_passed
WBGBIF2026_E0271,WBGBIF2026_E0271_F00_uncropped,uncropped,model_inputs/images_uncropped/WBGBIF2026_E0271_F00_uncropped.jpg,true,0,0,298191becfc71bb53c15a32f51d47230434df16dffe20d0c786009355d353e64,298191becfc71bb53c15a32f51d47230434df16dffe20d0c786009355d353e64,CC0-1.0,http://creativecommons.org/publicdomain/zero/1.0/legalcode,redistribute_derivative_rights_review_passed
WBGBIF2026_E0271,WBGBIF2026_E0271_F01_uncropped,uncropped,model_inputs/images_uncropped/WBGBIF2026_E0271_F01_uncropped.jpg,true,1,1,fbfa2cdf3661f3b028b5f310dab30cc8e721fe8af834f1db07e80b07332e5502,fbfa2cdf3661f3b028b5f310dab30cc8e721fe8af834f1db07e80b07332e5502,CC0-1.0,http://creativecommons.org/publicdomain/zero/1.0/legalcode,redistribute_derivative_rights_review_passed
WBGBIF2026_E0271,WBGBIF2026_E0271_F02_uncropped,uncropped,model_inputs/images_uncropped/WBGBIF2026_E0271_F02_uncropped.jpg,true,2,2,565e12e9809967ee78daea684da0be8ec37eb7dc5b9aed9447883e5d60dac140,565e12e9809967ee78daea684da0be8ec37eb7dc5b9aed9447883e5d60dac140,CC0-1.0,http://creativecommons.org/publicdomain/zero/1.0/legalcode,redistribute_derivative_rights_review_passed
WBGBIF2026_E0271,WBGBIF2026_E0271_F03_uncropped,uncropped,model_inputs/images_uncropped/WBGBIF2026_E0271_F03_uncropped.jpg,true,3,3,320229b6292b5f21bc44870ff3d2a4f29755082a56a7f0db71a2cff1f9f16eee,320229b6292b5f21bc44870ff3d2a4f29755082a56a7f0db71a2cff1f9f16eee,CC0-1.0,http://creativecommons.org/publicdomain/zero/1.0/legalcode,redistribute_derivative_rights_review_passed
WBGBIF2026_E0271,WBGBIF2026_E0271_F04_uncropped,uncropped,model_inputs/images_uncropped/WBGBIF2026_E0271_F04_uncropped.jpg,true,4,4,f79714a9a720cafb1b70d041eb4ca59043dc5e2aa7ffa8edc867eba6a0156e57,f79714a9a720cafb1b70d041eb4ca59043dc5e2aa7ffa8edc867eba6a0156e57,CC0-1.0,http://creativecommons.org/publicdomain/zero/1.0/legalcode,redistribute_derivative_rights_review_passed
WBGBIF2026_E0272,WBGBIF2026_E0272_F00_uncropped,uncropped,model_inputs/images_uncropped/WBGBIF2026_E0272_F00_uncropped.jpg,true,0,0,5827a0bb9b5326fb977cd99630297e5e975d4f54cd001aa8e2cbfb3fa9edef24,5827a0bb9b5326fb977cd99630297e5e975d4f54cd001aa8e2cbfb3fa9edef24,CC0-1.0,http://creativecommons.org/publicdomain/zero/1.0/legalcode,redistribute_derivative_rights_review_passed
WBGBIF2026_E0272,WBGBIF2026_E0272_F01_uncropped,uncropped,model_inputs/images_uncropped/WBGBIF2026_E0272_F01_uncropped.jpg,true,1,2,2fba997d3718fc180fb6d756d9ca710e53f8d3118042c36967b700dfbfad121e,2fba997d3718fc180fb6d756d9ca710e53f8d3118042c36967b700dfbfad121e,CC0-1.0,http://creativecommons.org/publicdomain/zero/1.0/legalcode,redistribute_derivative_rights_review_passed
WBGBIF2026_E0272,WBGBIF2026_E0272_F02_uncropped,uncropped,model_inputs/images_uncropped/WBGBIF2026_E0272_F02_uncropped.jpg,true,2,4,9d0d2eea779e16aeb2177a0bf6c8e4b479538b6fab2314e2ab72b519e6ca3c30,9d0d2eea779e16aeb2177a0bf6c8e4b479538b6fab2314e2ab72b519e6ca3c30,CC0-1.0,http://creativecommons.org/publicdomain/zero/1.0/legalcode,redistribute_derivative_rights_review_passed
WBGBIF2026_E0272,WBGBIF2026_E0272_F03_uncropped,uncropped,model_inputs/images_uncropped/WBGBIF2026_E0272_F03_uncropped.jpg,true,3,6,0b5cf18c32073131954b7bc17bd83880eb7f05a52a941a6ffca58dc7cf90b46a,0b5cf18c32073131954b7bc17bd83880eb7f05a52a941a6ffca58dc7cf90b46a,CC0-1.0,http://creativecommons.org/publicdomain/zero/1.0/legalcode,redistribute_derivative_rights_review_passed
WBGBIF2026_E0272,WBGBIF2026_E0272_F04_uncropped,uncropped,model_inputs/images_uncropped/WBGBIF2026_E0272_F04_uncropped.jpg,true,4,8,834673c9bc862923fe60dceb6fdb29cc0c7a982a022354165b225c523f10bdd0,834673c9bc862923fe60dceb6fdb29cc0c7a982a022354165b225c523f10bdd0,CC0-1.0,http://creativecommons.org/publicdomain/zero/1.0/legalcode,redistribute_derivative_rights_review_passed
WBGBIF2026_E0273,WBGBIF2026_E0273_F00_uncropped,uncropped,model_inputs/images_uncropped/WBGBIF2026_E0273_F00_uncropped.jpg,true,0,0,bb99d05212301ad72472624078943985243c75111dfa9a3bbacb1929f5b8400d,bb99d05212301ad72472624078943985243c75111dfa9a3bbacb1929f5b8400d,CC0-1.0,http://creativecommons.org/publicdomain/zero/1.0/legalcode,redistribute_derivative_rights_review_passed
WBGBIF2026_E0273,WBGBIF2026_E0273_F01_uncropped,uncropped,model_inputs/images_uncropped/WBGBIF2026_E0273_F01_uncropped.jpg,true,1,1,eda68cac8875d41ca7375ca74eff9c721c810c794324fc9fffa481fd711cff86,eda68cac8875d41ca7375ca74eff9c721c810c794324fc9fffa481fd711cff86,CC0-1.0,http://creativecommons.org/publicdomain/zero/1.0/legalcode,redistribute_derivative_rights_review_passed
WBGBIF2026_E0273,WBGBIF2026_E0273_F02_uncropped,uncropped,model_inputs/images_uncropped/WBGBIF2026_E0273_F02_uncropped.jpg,true,2,2,b3b7df7db9f80ff2b889736136e0c5e377b40ca092f7b8816a943cb78c78f9c8,b3b7df7db9f80ff2b889736136e0c5e377b40ca092f7b8816a943cb78c78f9c8,CC0-1.0,http://creativecommons.org/publicdomain/zero/1.0/legalcode,redistribute_derivative_rights_review_passed
WBGBIF2026_E0273,WBGBIF2026_E0273_F03_uncropped,uncropped,model_inputs/images_uncropped/WBGBIF2026_E0273_F03_uncropped.jpg,true,3,3,87ddeb26a704b67db7abbcd7513b39af5c5ccfbe92235b547f3888179e7f43b8,87ddeb26a704b67db7abbcd7513b39af5c5ccfbe92235b547f3888179e7f43b8,CC0-1.0,http://creativecommons.org/publicdomain/zero/1.0/legalcode,redistribute_derivative_rights_review_passed
WBGBIF2026_E0273,WBGBIF2026_E0273_F04_uncropped,uncropped,model_inputs/images_uncropped/WBGBIF2026_E0273_F04_uncropped.jpg,true,4,4,449c23a74ff354e60bb68aef0dc2b449e8b805bb8b8f93f040659f4808681188,449c23a74ff354e60bb68aef0dc2b449e8b805bb8b8f93f040659f4808681188,CC0-1.0,http://creativecommons.org/publicdomain/zero/1.0/legalcode,redistribute_derivative_rights_review_passed
WBGBIF2026_E0274,WBGBIF2026_E0274_F00_uncropped,uncropped,model_inputs/images_uncropped/WBGBIF2026_E0274_F00_uncropped.jpg,true,0,0,0e64e507affa802c0a733b63ca60a9c77472a9f8df90e6e9591ab4f7968765ed,0e64e507affa802c0a733b63ca60a9c77472a9f8df90e6e9591ab4f7968765ed,CC0-1.0,http://creativecommons.org/publicdomain/zero/1.0/legalcode,redistribute_derivative_rights_review_passed
WBGBIF2026_E0274,WBGBIF2026_E0274_F01_uncropped,uncropped,model_inputs/images_uncropped/WBGBIF2026_E0274_F01_uncropped.jpg,true,1,1,e47f16ef5a44f2c95406fba0411b12c84b7ab49a02cd89b58567828bcd148ee7,e47f16ef5a44f2c95406fba0411b12c84b7ab49a02cd89b58567828bcd148ee7,CC0-1.0,http://creativecommons.org/publicdomain/zero/1.0/legalcode,redistribute_derivative_rights_review_passed
WBGBIF2026_E0275,WBGBIF2026_E0275_F00_uncropped,uncropped,model_inputs/images_uncropped/WBGBIF2026_E0275_F00_uncropped.jpg,true,0,0,15d6c6d12586b98dfa2ecfce8ad66615bcf9d2910f515f46db6e3d2ab6268df7,15d6c6d12586b98dfa2ecfce8ad66615bcf9d2910f515f46db6e3d2ab6268df7,CC0-1.0,http://creativecommons.org/publicdomain/zero/1.0/legalcode,redistribute_derivative_rights_review_passed
WBGBIF2026_E0275,WBGBIF2026_E0275_F01_uncropped,uncropped,model_inputs/images_uncropped/WBGBIF2026_E0275_F01_uncropped.jpg,true,1,1,b3800fc74dcc11d74f1ca81c63367c28974e88c0ec3d0bcab35df1e6d91750ad,b3800fc74dcc11d74f1ca81c63367c28974e88c0ec3d0bcab35df1e6d91750ad,CC0-1.0,http://creativecommons.org/publicdomain/zero/1.0/legalcode,redistribute_derivative_rights_review_passed
WBGBIF2026_E0276,WBGBIF2026_E0276_F00_uncropped,uncropped,model_inputs/images_uncropped/WBGBIF2026_E0276_F00_uncropped.jpg,true,0,0,73cd6c54832fdbb178d37c0e950cfae068bc5ffae2897abd6e6848f5d873c134,73cd6c54832fdbb178d37c0e950cfae068bc5ffae2897abd6e6848f5d873c134,CC0-1.0,http://creativecommons.org/publicdomain/zero/1.0/legalcode,redistribute_derivative_rights_review_passed
WBGBIF2026_E0276,WBGBIF2026_E0276_F01_uncropped,uncropped,model_inputs/images_uncropped/WBGBIF2026_E0276_F01_uncropped.jpg,true,1,1,50b5d68877a5416899a650a291cdc644f4cddc86e9bcda168937bc64dc253a1d,50b5d68877a5416899a650a291cdc644f4cddc86e9bcda168937bc64dc253a1d,CC0-1.0,http://creativecommons.org/publicdomain/zero/1.0/legalcode,redistribute_derivative_rights_review_passed
WBGBIF2026_E0277,WBGBIF2026_E0277_F00_uncropped,uncropped,model_inputs/images_uncropped/WBGBIF2026_E0277_F00_uncropped.jpg,true,0,0,0d4d7d305ba03ebde5e0bb018b5646f41999a3242ac094c64e96eed1ae2fbec5,0d4d7d305ba03ebde5e0bb018b5646f41999a3242ac094c64e96eed1ae2fbec5,CC0-1.0,http://creativecommons.org/publicdomain/zero/1.0/legalcode,redistribute_derivative_rights_review_passed
WBGBIF2026_E0277,WBGBIF2026_E0277_F01_uncropped,uncropped,model_inputs/images_uncropped/WBGBIF2026_E0277_F01_uncropped.jpg,true,1,1,68dce928a0a49d47e5ef8f32445b619dd94730b000dff72db6cb70342c0f17e2,68dce928a0a49d47e5ef8f32445b619dd94730b000dff72db6cb70342c0f17e2,CC0-1.0,http://creativecommons.org/publicdomain/zero/1.0/legalcode,redistribute_derivative_rights_review_passed
WBGBIF2026_E0277,WBGBIF2026_E0277_F02_uncropped,uncropped,model_inputs/images_uncropped/WBGBIF2026_E0277_F02_uncropped.jpg,true,2,2,84133cc4511b8de44dd63bb2d1222feee804c885f5111c7493c5a4b0774bd788,84133cc4511b8de44dd63bb2d1222feee804c885f5111c7493c5a4b0774bd788,CC0-1.0,http://creativecommons.org/publicdomain/zero/1.0/legalcode,redistribute_derivative_rights_review_passed
WBGBIF2026_E0277,WBGBIF2026_E0277_F03_uncropped,uncropped,model_inputs/images_uncropped/WBGBIF2026_E0277_F03_uncropped.jpg,true,3,3,29d00b73f4c3220a2d73bc87944462ae3be402db9e132011d89a4b4f69f94a68,29d00b73f4c3220a2d73bc87944462ae3be402db9e132011d89a4b4f69f94a68,CC0-1.0,http://creativecommons.org/publicdomain/zero/1.0/legalcode,redistribute_derivative_rights_review_passed
WBGBIF2026_E0277,WBGBIF2026_E0277_F04_uncropped,uncropped,model_inputs/images_uncropped/WBGBIF2026_E0277_F04_uncropped.jpg,true,4,4,a3e240dcb915419ed3a819904205b8e6476759303d8d2389900b89683993a3a2,a3e240dcb915419ed3a819904205b8e6476759303d8d2389900b89683993a3a2,CC0-1.0,http://creativecommons.org/publicdomain/zero/1.0/legalcode,redistribute_derivative_rights_review_passed
WBGBIF2026_E0278,WBGBIF2026_E0278_F00_uncropped,uncropped,model_inputs/images_uncropped/WBGBIF2026_E0278_F00_uncropped.jpg,true,0,0,9d27ffd704148a9e10db79eb9c552523ce16e62ca27d1dd1a3ab110b9c61c86e,9d27ffd704148a9e10db79eb9c552523ce16e62ca27d1dd1a3ab110b9c61c86e,CC0-1.0,http://creativecommons.org/publicdomain/zero/1.0/legalcode,redistribute_derivative_rights_review_passed
WBGBIF2026_E0278,WBGBIF2026_E0278_F01_uncropped,uncropped,model_inputs/images_uncropped/WBGBIF2026_E0278_F01_uncropped.jpg,true,1,5,c21349cac1f5d62708030396b6dc830410c394ba5130de8f5c1a9a8b572c0e7f,c21349cac1f5d62708030396b6dc830410c394ba5130de8f5c1a9a8b572c0e7f,CC0-1.0,http://creativecommons.org/publicdomain/zero/1.0/legalcode,redistribute_derivative_rights_review_passed
WBGBIF2026_E0278,WBGBIF2026_E0278_F02_uncropped,uncropped,model_inputs/images_uncropped/WBGBIF2026_E0278_F02_uncropped.jpg,true,2,11,8464d8342606cac35d602097d3edc5cc4fa3ad06856af53165e9257d788b5893,8464d8342606cac35d602097d3edc5cc4fa3ad06856af53165e9257d788b5893,CC0-1.0,http://creativecommons.org/publicdomain/zero/1.0/legalcode,redistribute_derivative_rights_review_passed
WBGBIF2026_E0278,WBGBIF2026_E0278_F03_uncropped,uncropped,model_inputs/images_uncropped/WBGBIF2026_E0278_F03_uncropped.jpg,true,3,16,0d3f199186d94583fbdf95d5d6d862ee0f590bc38d79b506b9e2e735910c6dc1,0d3f199186d94583fbdf95d5d6d862ee0f590bc38d79b506b9e2e735910c6dc1,CC0-1.0,http://creativecommons.org/publicdomain/zero/1.0/legalcode,redistribute_derivative_rights_review_passed
WBGBIF2026_E0278,WBGBIF2026_E0278_F04_uncropped,uncropped,model_inputs/images_uncropped/WBGBIF2026_E0278_F04_uncropped.jpg,true,4,22,95b597601f5897ed6373b99455480958c4253f74ec42c1a7329d201adec2150b,95b597601f5897ed6373b99455480958c4253f74ec42c1a7329d201adec2150b,CC0-1.0,http://creativecommons.org/publicdomain/zero/1.0/legalcode,redistribute_derivative_rights_review_passed
WBGBIF2026_E0279,WBGBIF2026_E0279_F00_uncropped,uncropped,model_inputs/images_uncropped/WBGBIF2026_E0279_F00_uncropped.jpg,true,0,0,f2b3cc276f93963f051e9df7f5431c1c4be46a40b2ce922f3552d663aacf2c98,f2b3cc276f93963f051e9df7f5431c1c4be46a40b2ce922f3552d663aacf2c98,CC0-1.0,http://creativecommons.org/publicdomain/zero/1.0/legalcode,redistribute_derivative_rights_review_passed
WBGBIF2026_E0279,WBGBIF2026_E0279_F01_uncropped,uncropped,model_inputs/images_uncropped/WBGBIF2026_E0279_F01_uncropped.jpg,true,1,2,8ca091e037f802e884b3d92e9e702927a525b22fa16413660762103c31bb2a0e,8ca091e037f802e884b3d92e9e702927a525b22fa16413660762103c31bb2a0e,CC0-1.0,http://creativecommons.org/publicdomain/zero/1.0/legalcode,redistribute_derivative_rights_review_passed
WBGBIF2026_E0279,WBGBIF2026_E0279_F02_uncropped,uncropped,model_inputs/images_uncropped/WBGBIF2026_E0279_F02_uncropped.jpg,true,2,4,e3887ac70ce20a4494a59fbd7610989b26539d71191c936cb38a7a9b53871586,e3887ac70ce20a4494a59fbd7610989b26539d71191c936cb38a7a9b53871586,CC0-1.0,http://creativecommons.org/publicdomain/zero/1.0/legalcode,redistribute_derivative_rights_review_passed
WBGBIF2026_E0279,WBGBIF2026_E0279_F03_uncropped,uncropped,model_inputs/images_uncropped/WBGBIF2026_E0279_F03_uncropped.jpg,true,3,6,b6f62ea4a09bd9f729469ea912a0e48cb64f0b8941746de9754394f927db06fc,b6f62ea4a09bd9f729469ea912a0e48cb64f0b8941746de9754394f927db06fc,CC0-1.0,http://creativecommons.org/publicdomain/zero/1.0/legalcode,redistribute_derivative_rights_review_passed
WBGBIF2026_E0279,WBGBIF2026_E0279_F04_uncropped,uncropped,model_inputs/images_uncropped/WBGBIF2026_E0279_F04_uncropped.jpg,true,4,8,842fbc3dc40006366b1f1815660017e8820351418ca737ad69965f561bee304c,842fbc3dc40006366b1f1815660017e8820351418ca737ad69965f561bee304c,CC0-1.0,http://creativecommons.org/publicdomain/zero/1.0/legalcode,redistribute_derivative_rights_review_passed
WBGBIF2026_E0289,WBGBIF2026_E0289_F00_uncropped,uncropped,model_inputs/images_uncropped/WBGBIF2026_E0289_F00_uncropped.jpg,true,0,0,d1775f06f9f1cfe3fb868401dc5105df3a1bd725fe126a451897ada0d3c2661d,d1775f06f9f1cfe3fb868401dc5105df3a1bd725fe126a451897ada0d3c2661d,CC0-1.0,http://creativecommons.org/publicdomain/zero/1.0/legalcode,redistribute_derivative_rights_review_passed
WBGBIF2026_E0289,WBGBIF2026_E0289_F01_uncropped,uncropped,model_inputs/images_uncropped/WBGBIF2026_E0289_F01_uncropped.jpg,true,1,1,48ecb41bcfab8fb73635ea2449d840dc9bb8b48d813955bc2d707eff00b36296,48ecb41bcfab8fb73635ea2449d840dc9bb8b48d813955bc2d707eff00b36296,CC0-1.0,http://creativecommons.org/publicdomain/zero/1.0/legalcode,redistribute_derivative_rights_review_passed
WBGBIF2026_E0289,WBGBIF2026_E0289_F02_uncropped,uncropped,model_inputs/images_uncropped/WBGBIF2026_E0289_F02_uncropped.jpg,true,2,2,7da52f85ee6da9e2549b2132661d430f098b0338a0e56ceb043a57104babdb99,7da52f85ee6da9e2549b2132661d430f098b0338a0e56ceb043a57104babdb99,CC0-1.0,http://creativecommons.org/publicdomain/zero/1.0/legalcode,redistribute_derivative_rights_review_passed
WBGBIF2026_E0289,WBGBIF2026_E0289_F03_uncropped,uncropped,model_inputs/images_uncropped/WBGBIF2026_E0289_F03_uncropped.jpg,true,3,3,f73a04b48871539eb39291a52ff02d01888e1efedba589bd77cf245c0ec1f438,f73a04b48871539eb39291a52ff02d01888e1efedba589bd77cf245c0ec1f438,CC0-1.0,http://creativecommons.org/publicdomain/zero/1.0/legalcode,redistribute_derivative_rights_review_passed
WBGBIF2026_E0289,WBGBIF2026_E0289_F04_uncropped,uncropped,model_inputs/images_uncropped/WBGBIF2026_E0289_F04_uncropped.jpg,true,4,4,5cc97090ff807e02c031b2c4296ea3088ee7036f6226bad4e177acd7b41846e4,5cc97090ff807e02c031b2c4296ea3088ee7036f6226bad4e177acd7b41846e4,CC0-1.0,http://creativecommons.org/publicdomain/zero/1.0/legalcode,redistribute_derivative_rights_review_passed
WBGBIF2026_E0290,WBGBIF2026_E0290_F00_uncropped,uncropped,model_inputs/images_uncropped/WBGBIF2026_E0290_F00_uncropped.jpg,true,0,0,b0ea7a5aeda7faca1b96f03d8a87874ac5a252f955339003d761eac0fba15f14,b0ea7a5aeda7faca1b96f03d8a87874ac5a252f955339003d761eac0fba15f14,CC0-1.0,http://creativecommons.org/publicdomain/zero/1.0/legalcode,redistribute_derivative_rights_review_passed
WBGBIF2026_E0290,WBGBIF2026_E0290_F01_uncropped,uncropped,model_inputs/images_uncropped/WBGBIF2026_E0290_F01_uncropped.jpg,true,1,1,20692f738f78cfafb7b3c233639e15a142ae58f7ca37c2afdf8c55cdb8b2446d,20692f738f78cfafb7b3c233639e15a142ae58f7ca37c2afdf8c55cdb8b2446d,CC0-1.0,http://creativecommons.org/publicdomain/zero/1.0/legalcode,redistribute_derivative_rights_review_passed
WBGBIF2026_E0290,WBGBIF2026_E0290_F02_uncropped,uncropped,model_inputs/images_uncropped/WBGBIF2026_E0290_F02_uncropped.jpg,true,2,2,717b23927c01fc6d1b038aceaf4dadb9769de246044b22fad6bf051c003f6556,717b23927c01fc6d1b038aceaf4dadb9769de246044b22fad6bf051c003f6556,CC0-1.0,http://creativecommons.org/publicdomain/zero/1.0/legalcode,redistribute_derivative_rights_review_passed
WBGBIF2026_E0290,WBGBIF2026_E0290_F03_uncropped,uncropped,model_inputs/images_uncropped/WBGBIF2026_E0290_F03_uncropped.jpg,true,3,3,594375f501e7268a8f40dd4c19e119cb0bd9026afc9b621d0cca5dbcc1935eb7,594375f501e7268a8f40dd4c19e119cb0bd9026afc9b621d0cca5dbcc1935eb7,CC0-1.0,http://creativecommons.org/publicdomain/zero/1.0/legalcode,redistribute_derivative_rights_review_passed
WBGBIF2026_E0290,WBGBIF2026_E0290_F04_uncropped,uncropped,model_inputs/images_uncropped/WBGBIF2026_E0290_F04_uncropped.jpg,true,4,4,5ed8d89dcf95ceec20f74ea82c1e36fb6c97db34a906b62b3f7ad714bb48302e,5ed8d89dcf95ceec20f74ea82c1e36fb6c97db34a906b62b3f7ad714bb48302e,CC0-1.0,http://creativecommons.org/publicdomain/zero/1.0/legalcode,redistribute_derivative_rights_review_passed
WBGBIF2026_E0291,WBGBIF2026_E0291_F00_uncropped,uncropped,model_inputs/images_uncropped/WBGBIF2026_E0291_F00_uncropped.jpg,true,0,0,07b789bb2c6669ff83d503edd04d268b8cef3d34dbe4c8b62caacdac1443d4c3,07b789bb2c6669ff83d503edd04d268b8cef3d34dbe4c8b62caacdac1443d4c3,CC0-1.0,http://creativecommons.org/publicdomain/zero/1.0/legalcode,redistribute_derivative_rights_review_passed
WBGBIF2026_E0291,WBGBIF2026_E0291_F01_uncropped,uncropped,model_inputs/images_uncropped/WBGBIF2026_E0291_F01_uncropped.jpg,true,1,1,ecd3480d8c4a6307a56878119aa7a81531f7dee1bb213be25cec0c9ba45dd38a,ecd3480d8c4a6307a56878119aa7a81531f7dee1bb213be25cec0c9ba45dd38a,CC0-1.0,http://creativecommons.org/publicdomain/zero/1.0/legalcode,redistribute_derivative_rights_review_passed
WBGBIF2026_E0291,WBGBIF2026_E0291_F02_uncropped,uncropped,model_inputs/images_uncropped/WBGBIF2026_E0291_F02_uncropped.jpg,true,2,2,8c2147676f497fc2ec9f603a0cb8c667f5281a91874561069d6dd238e00142ff,8c2147676f497fc2ec9f603a0cb8c667f5281a91874561069d6dd238e00142ff,CC0-1.0,http://creativecommons.org/publicdomain/zero/1.0/legalcode,redistribute_derivative_rights_review_passed
WBGBIF2026_E0291,WBGBIF2026_E0291_F03_uncropped,uncropped,model_inputs/images_uncropped/WBGBIF2026_E0291_F03_uncropped.jpg,true,3,3,e2928cc44d158031e1eac95829e74286538b786eb2b2a2dd1c312beac9bcb440,e2928cc44d158031e1eac95829e74286538b786eb2b2a2dd1c312beac9bcb440,CC0-1.0,http://creativecommons.org/publicdomain/zero/1.0/legalcode,redistribute_derivative_rights_review_passed
WBGBIF2026_E0291,WBGBIF2026_E0291_F04_uncropped,uncropped,model_inputs/images_uncropped/WBGBIF2026_E0291_F04_uncropped.jpg,true,4,4,4fa2fa412a322bfbaf3e99104d6f01f7819e9d913b287a188cce75d5e863606e,4fa2fa412a322bfbaf3e99104d6f01f7819e9d913b287a188cce75d5e863606e,CC0-1.0,http://creativecommons.org/publicdomain/zero/1.0/legalcode,redistribute_derivative_rights_review_passed
WBGBIF2026_E0292,WBGBIF2026_E0292_F00_uncropped,uncropped,model_inputs/images_uncropped/WBGBIF2026_E0292_F00_uncropped.jpg,true,0,0,0b2361df652a76968c858087672e4d013bbc62aa8cf320ea424751f7446715eb,0b2361df652a76968c858087672e4d013bbc62aa8cf320ea424751f7446715eb,CC-BY-4.0,http://creativecommons.org/licenses/by/4.0/legalcode,redistribute_derivative_with_attribution_rights_review_passed
WBGBIF2026_E0292,WBGBIF2026_E0292_F01_uncropped,uncropped,model_inputs/images_uncropped/WBGBIF2026_E0292_F01_uncropped.jpg,true,1,1,a79d7ddaa23d62d6ea11d281494cb785fd7eb89266d75631876d7cea4ce5695f,a79d7ddaa23d62d6ea11d281494cb785fd7eb89266d75631876d7cea4ce5695f,CC-BY-4.0,http://creativecommons.org/licenses/by/4.0/legalcode,redistribute_derivative_with_attribution_rights_review_passed
WBGBIF2026_E0292,WBGBIF2026_E0292_F02_uncropped,uncropped,model_inputs/images_uncropped/WBGBIF2026_E0292_F02_uncropped.jpg,true,2,2,28c7593fcce0f4ce0a9452c35a1c271d7677248ca29bf09ebbfd1791e2309e38,28c7593fcce0f4ce0a9452c35a1c271d7677248ca29bf09ebbfd1791e2309e38,CC-BY-4.0,http://creativecommons.org/licenses/by/4.0/legalcode,redistribute_derivative_with_attribution_rights_review_passed
WBGBIF2026_E0292,WBGBIF2026_E0292_F03_uncropped,uncropped,model_inputs/images_uncropped/WBGBIF2026_E0292_F03_uncropped.jpg,true,3,3,68ef70433d8696bce1d7d496980db9d802acee26b74554181afdbbde2a0dddaf,68ef70433d8696bce1d7d496980db9d802acee26b74554181afdbbde2a0dddaf,CC-BY-4.0,http://creativecommons.org/licenses/by/4.0/legalcode,redistribute_derivative_with_attribution_rights_review_passed
WBGBIF2026_E0292,WBGBIF2026_E0292_F04_uncropped,uncropped,model_inputs/images_uncropped/WBGBIF2026_E0292_F04_uncropped.jpg,true,4,4,b44aa463e76d09e4f81f3e89a300b51efb29120f7caffb310cd67d20c4f6c5f8,b44aa463e76d09e4f81f3e89a300b51efb29120f7caffb310cd67d20c4f6c5f8,CC-BY-4.0,http://creativecommons.org/licenses/by/4.0/legalcode,redistribute_derivative_with_attribution_rights_review_passed
WBGBIF2026_E0293,WBGBIF2026_E0293_F00_uncropped,uncropped,model_inputs/images_uncropped/WBGBIF2026_E0293_F00_uncropped.jpg,true,0,0,7827f0a5acf400add2dc37200d979902fcaa46692ca9a791c8ff6d059b186c45,7827f0a5acf400add2dc37200d979902fcaa46692ca9a791c8ff6d059b186c45,CC-BY-4.0,http://creativecommons.org/licenses/by/4.0/legalcode,redistribute_derivative_with_attribution_rights_review_passed
WBGBIF2026_E0293,WBGBIF2026_E0293_F01_uncropped,uncropped,model_inputs/images_uncropped/WBGBIF2026_E0293_F01_uncropped.jpg,true,1,1,5a64b3f4f95017d0a2bdd8ece50eeee52c1f456cf1d53dfe8ca760a0052c5c4e,5a64b3f4f95017d0a2bdd8ece50eeee52c1f456cf1d53dfe8ca760a0052c5c4e,CC-BY-4.0,http://creativecommons.org/licenses/by/4.0/legalcode,redistribute_derivative_with_attribution_rights_review_passed
WBGBIF2026_E0293,WBGBIF2026_E0293_F02_uncropped,uncropped,model_inputs/images_uncropped/WBGBIF2026_E0293_F02_uncropped.jpg,true,2,2,4c3366c144601b39961e1054224948eca616c7aae7d36f1619fa4b348ad585a0,4c3366c144601b39961e1054224948eca616c7aae7d36f1619fa4b348ad585a0,CC-BY-4.0,http://creativecommons.org/licenses/by/4.0/legalcode,redistribute_derivative_with_attribution_rights_review_passed
WBGBIF2026_E0293,WBGBIF2026_E0293_F03_uncropped,uncropped,model_inputs/images_uncropped/WBGBIF2026_E0293_F03_uncropped.jpg,true,3,3,0e74dd1dc6b0a3630be95c7ed20220ed695cfe701571361d1fb9ff3d7b544d0e,0e74dd1dc6b0a3630be95c7ed20220ed695cfe701571361d1fb9ff3d7b544d0e,CC-BY-4.0,http://creativecommons.org/licenses/by/4.0/legalcode,redistribute_derivative_with_attribution_rights_review_passed
WBGBIF2026_E0293,WBGBIF2026_E0293_F04_uncropped,uncropped,model_inputs/images_uncropped/WBGBIF2026_E0293_F04_uncropped.jpg,true,4,4,1258132c5e2f16208b87cc5628aaad864e9f7412403b326d643ba86be1bc8f41,1258132c5e2f16208b87cc5628aaad864e9f7412403b326d643ba86be1bc8f41,CC-BY-4.0,http://creativecommons.org/licenses/by/4.0/legalcode,redistribute_derivative_with_attribution_rights_review_passed
WBGBIF2026_E0294,WBGBIF2026_E0294_F00_uncropped,uncropped,model_inputs/images_uncropped/WBGBIF2026_E0294_F00_uncropped.jpg,true,0,0,79e9d095d1443a7a01b568bd25d4fb935b7bf7d4abb6633ccc2baa32aef5e7c2,79e9d095d1443a7a01b568bd25d4fb935b7bf7d4abb6633ccc2baa32aef5e7c2,CC-BY-4.0,http://creativecommons.org/licenses/by/4.0/legalcode,redistribute_derivative_with_attribution_rights_review_passed
WBGBIF2026_E0294,WBGBIF2026_E0294_F01_uncropped,uncropped,model_inputs/images_uncropped/WBGBIF2026_E0294_F01_uncropped.jpg,true,1,1,22f85e4c5f57a237a4bd668b39cd151af910313e7485000a03a0133e7d186a72,22f85e4c5f57a237a4bd668b39cd151af910313e7485000a03a0133e7d186a72,CC-BY-4.0,http://creativecommons.org/licenses/by/4.0/legalcode,redistribute_derivative_with_attribution_rights_review_passed
WBGBIF2026_E0294,WBGBIF2026_E0294_F02_uncropped,uncropped,model_inputs/images_uncropped/WBGBIF2026_E0294_F02_uncropped.jpg,true,2,2,474e63924138021446f679fdf3631c89e3d0bc32052d98a4e9992319c593a625,474e63924138021446f679fdf3631c89e3d0bc32052d98a4e9992319c593a625,CC-BY-4.0,http://creativecommons.org/licenses/by/4.0/legalcode,redistribute_derivative_with_attribution_rights_review_passed
WBGBIF2026_E0294,WBGBIF2026_E0294_F03_uncropped,uncropped,model_inputs/images_uncropped/WBGBIF2026_E0294_F03_uncropped.jpg,true,3,3,2ddf28a9bb67815ba53aeae5d6cbffc9f54d45d5d1f7834658afb694f1c7e558,2ddf28a9bb67815ba53aeae5d6cbffc9f54d45d5d1f7834658afb694f1c7e558,CC-BY-4.0,http://creativecommons.org/licenses/by/4.0/legalcode,redistribute_derivative_with_attribution_rights_review_passed
WBGBIF2026_E0294,WBGBIF2026_E0294_F04_uncropped,uncropped,model_inputs/images_uncropped/WBGBIF2026_E0294_F04_uncropped.jpg,true,4,4,1e32244194b912ee6214c9f0b7ee77b88f3e98c25131fc4e3ca84035ee33247f,1e32244194b912ee6214c9f0b7ee77b88f3e98c25131fc4e3ca84035ee33247f,CC-BY-4.0,http://creativecommons.org/licenses/by/4.0/legalcode,redistribute_derivative_with_attribution_rights_review_passed
WBGBIF2026_E0295,WBGBIF2026_E0295_F00_uncropped,uncropped,model_inputs/images_uncropped/WBGBIF2026_E0295_F00_uncropped.jpg,true,0,0,3a2bf0a111b28f73c83ca33b93788004eb6ae3c5e2c759fe42c27b6602bf5d8a,3a2bf0a111b28f73c83ca33b93788004eb6ae3c5e2c759fe42c27b6602bf5d8a,CC-BY-4.0,http://creativecommons.org/licenses/by/4.0/legalcode,redistribute_derivative_with_attribution_rights_review_passed
WBGBIF2026_E0295,WBGBIF2026_E0295_F01_uncropped,uncropped,model_inputs/images_uncropped/WBGBIF2026_E0295_F01_uncropped.jpg,true,1,1,36fb34021a712a9ca23a061f9c3a3247e47b403b69b8bc2931a0aa8c778aa7b0,36fb34021a712a9ca23a061f9c3a3247e47b403b69b8bc2931a0aa8c778aa7b0,CC-BY-4.0,http://creativecommons.org/licenses/by/4.0/legalcode,redistribute_derivative_with_attribution_rights_review_passed
WBGBIF2026_E0295,WBGBIF2026_E0295_F02_uncropped,uncropped,model_inputs/images_uncropped/WBGBIF2026_E0295_F02_uncropped.jpg,true,2,2,628a9c2e23db25523ebb7d9409661738a8df05b13a1cf9b6c5e38d0f1fd19746,628a9c2e23db25523ebb7d9409661738a8df05b13a1cf9b6c5e38d0f1fd19746,CC-BY-4.0,http://creativecommons.org/licenses/by/4.0/legalcode,redistribute_derivative_with_attribution_rights_review_passed
WBGBIF2026_E0295,WBGBIF2026_E0295_F03_uncropped,uncropped,model_inputs/images_uncropped/WBGBIF2026_E0295_F03_uncropped.jpg,true,3,3,9377bd7758658fa9af8bfa56bbe45cb33708e5ea3a256e34ed82e3bb61705f1d,9377bd7758658fa9af8bfa56bbe45cb33708e5ea3a256e34ed82e3bb61705f1d,CC-BY-4.0,http://creativecommons.org/licenses/by/4.0/legalcode,redistribute_derivative_with_attribution_rights_review_passed
WBGBIF2026_E0295,WBGBIF2026_E0295_F04_uncropped,uncropped,model_inputs/images_uncropped/WBGBIF2026_E0295_F04_uncropped.jpg,true,4,4,e3e7a10b314c43a4f94d4c125a7e1eb05c5a104b30ce9eaa72069b0d72bb46ad,e3e7a10b314c43a4f94d4c125a7e1eb05c5a104b30ce9eaa72069b0d72bb46ad,CC-BY-4.0,http://creativecommons.org/licenses/by/4.0/legalcode,redistribute_derivative_with_attribution_rights_review_passed
WBGBIF2026_E0296,WBGBIF2026_E0296_F00_uncropped,uncropped,model_inputs/images_uncropped/WBGBIF2026_E0296_F00_uncropped.jpg,true,0,0,661b012ed3928ba477e35a1382ab235e7c1c6b0c0c81e24ec9fe55ff3bfb86cb,661b012ed3928ba477e35a1382ab235e7c1c6b0c0c81e24ec9fe55ff3bfb86cb,CC-BY-4.0,http://creativecommons.org/licenses/by/4.0/legalcode,redistribute_derivative_with_attribution_rights_review_passed
WBGBIF2026_E0296,WBGBIF2026_E0296_F01_uncropped,uncropped,model_inputs/images_uncropped/WBGBIF2026_E0296_F01_uncropped.jpg,true,1,1,f4a05e65c08706c7dc651c7a68c0494e482c18d50bb4fafd90f4071baa6b6f6b,f4a05e65c08706c7dc651c7a68c0494e482c18d50bb4fafd90f4071baa6b6f6b,CC-BY-4.0,http://creativecommons.org/licenses/by/4.0/legalcode,redistribute_derivative_with_attribution_rights_review_passed
WBGBIF2026_E0296,WBGBIF2026_E0296_F02_uncropped,uncropped,model_inputs/images_uncropped/WBGBIF2026_E0296_F02_uncropped.jpg,true,2,2,ae10f4306c72f8fedee2686cfb12d8431c9a733ec56f9571727a44bee8696b7e,ae10f4306c72f8fedee2686cfb12d8431c9a733ec56f9571727a44bee8696b7e,CC-BY-4.0,http://creativecommons.org/licenses/by/4.0/legalcode,redistribute_derivative_with_attribution_rights_review_passed
WBGBIF2026_E0297,WBGBIF2026_E0297_F00_uncropped,uncropped,model_inputs/images_uncropped/WBGBIF2026_E0297_F00_uncropped.jpg,true,0,0,4c0639e9cf68bf73c9648ee4e9b57aca8eaf30cd16cf8d4840b842f61f6ca84d,4c0639e9cf68bf73c9648ee4e9b57aca8eaf30cd16cf8d4840b842f61f6ca84d,CC-BY-4.0,http://creativecommons.org/licenses/by/4.0/legalcode,redistribute_derivative_with_attribution_rights_review_passed
WBGBIF2026_E0297,WBGBIF2026_E0297_F01_uncropped,uncropped,model_inputs/images_uncropped/WBGBIF2026_E0297_F01_uncropped.jpg,true,1,1,232efd03c56cddcdb026604f581620c51fcf5714c847666474c5d10561cc6c9e,232efd03c56cddcdb026604f581620c51fcf5714c847666474c5d10561cc6c9e,CC-BY-4.0,http://creativecommons.org/licenses/by/4.0/legalcode,redistribute_derivative_with_attribution_rights_review_passed
WBGBIF2026_E0298,WBGBIF2026_E0298_F00_uncropped,uncropped,model_inputs/images_uncropped/WBGBIF2026_E0298_F00_uncropped.jpg,true,0,0,e5bcf3360b4c2b2dee6afc5dd3ad004316d52ee3969524a7ef04a19c16c4ecab,e5bcf3360b4c2b2dee6afc5dd3ad004316d52ee3969524a7ef04a19c16c4ecab,CC-BY-4.0,http://creativecommons.org/licenses/by/4.0/legalcode,redistribute_derivative_with_attribution_rights_review_passed
WBGBIF2026_E0298,WBGBIF2026_E0298_F01_uncropped,uncropped,model_inputs/images_uncropped/WBGBIF2026_E0298_F01_uncropped.jpg,true,1,1,c82df3e35d5f21d9924e6292cdda9d51b472247836106ecbde32ff4e69cff213,c82df3e35d5f21d9924e6292cdda9d51b472247836106ecbde32ff4e69cff213,CC-BY-4.0,http://creativecommons.org/licenses/by/4.0/legalcode,redistribute_derivative_with_attribution_rights_review_passed
WBGBIF2026_E0298,WBGBIF2026_E0298_F02_uncropped,uncropped,model_inputs/images_uncropped/WBGBIF2026_E0298_F02_uncropped.jpg,true,2,2,a97034c268e653687e92c1433f998665b31d19be52affe832ad9a903121b5443,a97034c268e653687e92c1433f998665b31d19be52affe832ad9a903121b5443,CC-BY-4.0,http://creativecommons.org/licenses/by/4.0/legalcode,redistribute_derivative_with_attribution_rights_review_passed
WBGBIF2026_E0298,WBGBIF2026_E0298_F03_uncropped,uncropped,model_inputs/images_uncropped/WBGBIF2026_E0298_F03_uncropped.jpg,true,3,3,cacce1df8a9c25d92058ed0904a9300c2fc3193e71ac82f1f8650d9e6ab70422,cacce1df8a9c25d92058ed0904a9300c2fc3193e71ac82f1f8650d9e6ab70422,CC-BY-4.0,http://creativecommons.org/licenses/by/4.0/legalcode,redistribute_derivative_with_attribution_rights_review_passed
WBGBIF2026_E0298,WBGBIF2026_E0298_F04_uncropped,uncropped,model_inputs/images_uncropped/WBGBIF2026_E0298_F04_uncropped.jpg,true,4,4,218d3173966278e02e4407b0fbb80a20a7d53e656e8aaa4cd04fe976f3f14efc,218d3173966278e02e4407b0fbb80a20a7d53e656e8aaa4cd04fe976f3f14efc,CC-BY-4.0,http://creativecommons.org/licenses/by/4.0/legalcode,redistribute_derivative_with_attribution_rights_review_passed
WBGBIF2026_E0299,WBGBIF2026_E0299_F00_uncropped,uncropped,model_inputs/images_uncropped/WBGBIF2026_E0299_F00_uncropped.jpg,true,0,0,31851eb6f58dc079f8bdad5a51daf4a677ddf09366c1f9c0f015a7e04ee018e5,31851eb6f58dc079f8bdad5a51daf4a677ddf09366c1f9c0f015a7e04ee018e5,CC-BY-4.0,http://creativecommons.org/licenses/by/4.0/legalcode,redistribute_derivative_with_attribution_rights_review_passed
WBGBIF2026_E0299,WBGBIF2026_E0299_F01_uncropped,uncropped,model_inputs/images_uncropped/WBGBIF2026_E0299_F01_uncropped.jpg,true,1,1,99b8f88e6e3125ad7aad8c8a5dd2c5213e64597914921035db5beeb32601f911,99b8f88e6e3125ad7aad8c8a5dd2c5213e64597914921035db5beeb32601f911,CC-BY-4.0,http://creativecommons.org/licenses/by/4.0/legalcode,redistribute_derivative_with_attribution_rights_review_passed
WBGBIF2026_E0299,WBGBIF2026_E0299_F02_uncropped,uncropped,model_inputs/images_uncropped/WBGBIF2026_E0299_F02_uncropped.jpg,true,2,2,e4de06cd757f373759452aa87ed1ed5e5ddee01a4af490b875183bb670e9a58e,e4de06cd757f373759452aa87ed1ed5e5ddee01a4af490b875183bb670e9a58e,CC-BY-4.0,http://creativecommons.org/licenses/by/4.0/legalcode,redistribute_derivative_with_attribution_rights_review_passed
WBGBIF2026_E0299,WBGBIF2026_E0299_F03_uncropped,uncropped,model_inputs/images_uncropped/WBGBIF2026_E0299_F03_uncropped.jpg,true,3,3,5d7637461c1916fccd983949af7306be2ab0f50c043f8a2fb209528a01ab39c7,5d7637461c1916fccd983949af7306be2ab0f50c043f8a2fb209528a01ab39c7,CC-BY-4.0,http://creativecommons.org/licenses/by/4.0/legalcode,redistribute_derivative_with_attribution_rights_review_passed
WBGBIF2026_E0299,WBGBIF2026_E0299_F04_uncropped,uncropped,model_inputs/images_uncropped/WBGBIF2026_E0299_F04_uncropped.jpg,true,4,4,fefcd64599224babb1ceda150a3cf6d78e8cdf8b7cef37c0d6fd275a7ed4f9c4,fefcd64599224babb1ceda150a3cf6d78e8cdf8b7cef37c0d6fd275a7ed4f9c4,CC-BY-4.0,http://creativecommons.org/licenses/by/4.0/legalcode,redistribute_derivative_with_attribution_rights_review_passed
WBGBIF2026_E0300,WBGBIF2026_E0300_F00_uncropped,uncropped,model_inputs/images_uncropped/WBGBIF2026_E0300_F00_uncropped.jpg,true,0,0,d6c5c65d8e9a6aac17367bea2c63cf9afc1fb9280c12758a35661f4031093196,d6c5c65d8e9a6aac17367bea2c63cf9afc1fb9280c12758a35661f4031093196,CC-BY-4.0,http://creativecommons.org/licenses/by/4.0/legalcode,redistribute_derivative_with_attribution_rights_review_passed
WBGBIF2026_E0300,WBGBIF2026_E0300_F01_uncropped,uncropped,model_inputs/images_uncropped/WBGBIF2026_E0300_F01_uncropped.jpg,true,1,1,75fdf3fc58e85cc9f3fffa4996aced80321be75b580c6de5dc8387e08825612e,75fdf3fc58e85cc9f3fffa4996aced80321be75b580c6de5dc8387e08825612e,CC-BY-4.0,http://creativecommons.org/licenses/by/4.0/legalcode,redistribute_derivative_with_attribution_rights_review_passed
WBGBIF2026_E0300,WBGBIF2026_E0300_F02_uncropped,uncropped,model_inputs/images_uncropped/WBGBIF2026_E0300_F02_uncropped.jpg,true,2,2,ceabc7b35b3329217944896f0934fd7354de6a5909862622188da6946403fe92,ceabc7b35b3329217944896f0934fd7354de6a5909862622188da6946403fe92,CC-BY-4.0,http://creativecommons.org/licenses/by/4.0/legalcode,redistribute_derivative_with_attribution_rights_review_passed
WBGBIF2026_E0300,WBGBIF2026_E0300_F03_uncropped,uncropped,model_inputs/images_uncropped/WBGBIF2026_E0300_F03_uncropped.jpg,true,3,3,f376051505c34634356ecf5a44cb5ac1ad6aa28a7cd1800c10c9a22ea7253dea,f376051505c34634356ecf5a44cb5ac1ad6aa28a7cd1800c10c9a22ea7253dea,CC-BY-4.0,http://creativecommons.org/licenses/by/4.0/legalcode,redistribute_derivative_with_attribution_rights_review_passed
WBGBIF2026_E0300,WBGBIF2026_E0300_F04_uncropped,uncropped,model_inputs/images_uncropped/WBGBIF2026_E0300_F04_uncropped.jpg,true,4,4,ed5e45d906ff9c05dd7cde265b7ac60aa58652f0fe82816ea654a98402491d8d,ed5e45d906ff9c05dd7cde265b7ac60aa58652f0fe82816ea654a98402491d8d,CC-BY-4.0,http://creativecommons.org/licenses/by/4.0/legalcode,redistribute_derivative_with_attribution_rights_review_passed
WBGBIF2026_E0301,WBGBIF2026_E0301_F00_uncropped,uncropped,model_inputs/images_uncropped/WBGBIF2026_E0301_F00_uncropped.jpg,true,0,0,a59fb88247715aa973fd3dc5a7c0b547efb58a52fd7e9c7ebf4b7091e3f549e9,a59fb88247715aa973fd3dc5a7c0b547efb58a52fd7e9c7ebf4b7091e3f549e9,CC-BY-4.0,http://creativecommons.org/licenses/by/4.0/legalcode,redistribute_derivative_with_attribution_rights_review_passed
WBGBIF2026_E0301,WBGBIF2026_E0301_F01_uncropped,uncropped,model_inputs/images_uncropped/WBGBIF2026_E0301_F01_uncropped.jpg,true,1,1,c26697f18b6f4d6ce8169883fe03675bdc2c3499405513f2fff2f9a36758f093,c26697f18b6f4d6ce8169883fe03675bdc2c3499405513f2fff2f9a36758f093,CC-BY-4.0,http://creativecommons.org/licenses/by/4.0/legalcode,redistribute_derivative_with_attribution_rights_review_passed
WBGBIF2026_E0301,WBGBIF2026_E0301_F02_uncropped,uncropped,model_inputs/images_uncropped/WBGBIF2026_E0301_F02_uncropped.jpg,true,2,2,fbdb6af4f289231accb0e79fc96696142836e6e66d2120ac5397b302506bd135,fbdb6af4f289231accb0e79fc96696142836e6e66d2120ac5397b302506bd135,CC-BY-4.0,http://creativecommons.org/licenses/by/4.0/legalcode,redistribute_derivative_with_attribution_rights_review_passed
WBGBIF2026_E0301,WBGBIF2026_E0301_F03_uncropped,uncropped,model_inputs/images_uncropped/WBGBIF2026_E0301_F03_uncropped.jpg,true,3,3,ad992fbd1808f294f5c97650157a2ed58bad10f43badc27346e3fd8d53dbc958,ad992fbd1808f294f5c97650157a2ed58bad10f43badc27346e3fd8d53dbc958,CC-BY-4.0,http://creativecommons.org/licenses/by/4.0/legalcode,redistribute_derivative_with_attribution_rights_review_passed
WBGBIF2026_E0301,WBGBIF2026_E0301_F04_uncropped,uncropped,model_inputs/images_uncropped/WBGBIF2026_E0301_F04_uncropped.jpg,true,4,4,af16b1320625b583137527319dc99298cc4ba6ac4b37e704972e9fc20d44314a,af16b1320625b583137527319dc99298cc4ba6ac4b37e704972e9fc20d44314a,CC-BY-4.0,http://creativecommons.org/licenses/by/4.0/legalcode,redistribute_derivative_with_attribution_rights_review_passed
WBGBIF2026_E0302,WBGBIF2026_E0302_F00_uncropped,uncropped,model_inputs/images_uncropped/WBGBIF2026_E0302_F00_uncropped.jpg,true,0,0,f750cdf76b64b74d5dbc8dd984332631ce5bac2589cd8e16d5dd967452a9ce24,f750cdf76b64b74d5dbc8dd984332631ce5bac2589cd8e16d5dd967452a9ce24,CC-BY-4.0,http://creativecommons.org/licenses/by/4.0/legalcode,redistribute_derivative_with_attribution_rights_review_passed
WBGBIF2026_E0302,WBGBIF2026_E0302_F01_uncropped,uncropped,model_inputs/images_uncropped/WBGBIF2026_E0302_F01_uncropped.jpg,true,1,1,45a6d447669bd7bac504b583dbccaa88a3f9b59a742b3957b282788210070519,45a6d447669bd7bac504b583dbccaa88a3f9b59a742b3957b282788210070519,CC-BY-4.0,http://creativecommons.org/licenses/by/4.0/legalcode,redistribute_derivative_with_attribution_rights_review_passed
WBGBIF2026_E0302,WBGBIF2026_E0302_F02_uncropped,uncropped,model_inputs/images_uncropped/WBGBIF2026_E0302_F02_uncropped.jpg,true,2,2,96fbbc206ff9765c5edcd33df100aa0111d9c04c009512413e6ca53090e4f174,96fbbc206ff9765c5edcd33df100aa0111d9c04c009512413e6ca53090e4f174,CC-BY-4.0,http://creativecommons.org/licenses/by/4.0/legalcode,redistribute_derivative_with_attribution_rights_review_passed
WBGBIF2026_E0302,WBGBIF2026_E0302_F03_uncropped,uncropped,model_inputs/images_uncropped/WBGBIF2026_E0302_F03_uncropped.jpg,true,3,3,f95e09488e0e17f998d787f16c0872186a1e353dbe3ffaa9cd995a2dd43875b6,f95e09488e0e17f998d787f16c0872186a1e353dbe3ffaa9cd995a2dd43875b6,CC-BY-4.0,http://creativecommons.org/licenses/by/4.0/legalcode,redistribute_derivative_with_attribution_rights_review_passed
WBGBIF2026_E0302,WBGBIF2026_E0302_F04_uncropped,uncropped,model_inputs/images_uncropped/WBGBIF2026_E0302_F04_uncropped.jpg,true,4,4,6f9c0d29a69f250791bcfe58a30771efadb52178ba5f09e97b38a01dd99efdc6,6f9c0d29a69f250791bcfe58a30771efadb52178ba5f09e97b38a01dd99efdc6,CC-BY-4.0,http://creativecommons.org/licenses/by/4.0/legalcode,redistribute_derivative_with_attribution_rights_review_passed
WBGBIF2026_E0303,WBGBIF2026_E0303_F00_uncropped,uncropped,model_inputs/images_uncropped/WBGBIF2026_E0303_F00_uncropped.jpg,true,0,0,8fe5193f0662260d92dc4a387c9a0b3aa9eb3e11d404abeec632aaad1e80a826,8fe5193f0662260d92dc4a387c9a0b3aa9eb3e11d404abeec632aaad1e80a826,CC-BY-4.0,http://creativecommons.org/licenses/by/4.0/legalcode,redistribute_derivative_with_attribution_rights_review_passed
WBGBIF2026_E0303,WBGBIF2026_E0303_F01_uncropped,uncropped,model_inputs/images_uncropped/WBGBIF2026_E0303_F01_uncropped.jpg,true,1,1,010a49acd9c2af5a939f922562b7501ac93ae612154c87505b1cb620ec06a386,010a49acd9c2af5a939f922562b7501ac93ae612154c87505b1cb620ec06a386,CC-BY-4.0,http://creativecommons.org/licenses/by/4.0/legalcode,redistribute_derivative_with_attribution_rights_review_passed
WBGBIF2026_E0303,WBGBIF2026_E0303_F02_uncropped,uncropped,model_inputs/images_uncropped/WBGBIF2026_E0303_F02_uncropped.jpg,true,2,2,23ffd85ea50ec2300b404c4206ac95d32c6c055aa7864407560ad9c9416a8312,23ffd85ea50ec2300b404c4206ac95d32c6c055aa7864407560ad9c9416a8312,CC-BY-4.0,http://creativecommons.org/licenses/by/4.0/legalcode,redistribute_derivative_with_attribution_rights_review_passed
WBGBIF2026_E0304,WBGBIF2026_E0304_F00_uncropped,uncropped,model_inputs/images_uncropped/WBGBIF2026_E0304_F00_uncropped.jpg,true,0,0,63767480861da33eca224d0e2714a23bf2fc98af3748433c2f539833ea8ba01c,63767480861da33eca224d0e2714a23bf2fc98af3748433c2f539833ea8ba01c,CC-BY-4.0,http://creativecommons.org/licenses/by/4.0/legalcode,redistribute_derivative_with_attribution_rights_review_passed
WBGBIF2026_E0304,WBGBIF2026_E0304_F01_uncropped,uncropped,model_inputs/images_uncropped/WBGBIF2026_E0304_F01_uncropped.jpg,true,1,1,45cadde4ac03fdb4994078568907262e985de2c95d1d7f3bd22e61e5743ea35c,45cadde4ac03fdb4994078568907262e985de2c95d1d7f3bd22e61e5743ea35c,CC-BY-4.0,http://creativecommons.org/licenses/by/4.0/legalcode,redistribute_derivative_with_attribution_rights_review_passed
WBGBIF2026_E0304,WBGBIF2026_E0304_F02_uncropped,uncropped,model_inputs/images_uncropped/WBGBIF2026_E0304_F02_uncropped.jpg,true,2,2,502b846580a35ae827b249265255e62ea7c3b4c2aff4e89aa2241bd39f4ef0b1,502b846580a35ae827b249265255e62ea7c3b4c2aff4e89aa2241bd39f4ef0b1,CC-BY-4.0,http://creativecommons.org/licenses/by/4.0/legalcode,redistribute_derivative_with_attribution_rights_review_passed
WBGBIF2026_E0304,WBGBIF2026_E0304_F03_uncropped,uncropped,model_inputs/images_uncropped/WBGBIF2026_E0304_F03_uncropped.jpg,true,3,3,f6e5d0e6de8fb182a06d1c5ebf853e28b9cb884e473c07b56b69109afa80eb04,f6e5d0e6de8fb182a06d1c5ebf853e28b9cb884e473c07b56b69109afa80eb04,CC-BY-4.0,http://creativecommons.org/licenses/by/4.0/legalcode,redistribute_derivative_with_attribution_rights_review_passed
WBGBIF2026_E0304,WBGBIF2026_E0304_F04_uncropped,uncropped,model_inputs/images_uncropped/WBGBIF2026_E0304_F04_uncropped.jpg,true,4,4,8474df52d3f0dab0c326ce99481a0451cafdf058a55ff12fa60528a17b989f1f,8474df52d3f0dab0c326ce99481a0451cafdf058a55ff12fa60528a17b989f1f,CC-BY-4.0,http://creativecommons.org/licenses/by/4.0/legalcode,redistribute_derivative_with_attribution_rights_review_passed
WBGBIF2026_E0305,WBGBIF2026_E0305_F00_uncropped,uncropped,model_inputs/images_uncropped/WBGBIF2026_E0305_F00_uncropped.jpg,true,0,0,398921a04f692b373bc6836302b2a7ae146abfb84c6e9401974d0881a309d900,398921a04f692b373bc6836302b2a7ae146abfb84c6e9401974d0881a309d900,CC-BY-4.0,http://creativecommons.org/licenses/by/4.0/legalcode,redistribute_derivative_with_attribution_rights_review_passed
WBGBIF2026_E0305,WBGBIF2026_E0305_F01_uncropped,uncropped,model_inputs/images_uncropped/WBGBIF2026_E0305_F01_uncropped.jpg,true,1,1,a4c318373b325d60da32ab87d03ea3b2f8019950f7425865c23a599a2183d534,a4c318373b325d60da32ab87d03ea3b2f8019950f7425865c23a599a2183d534,CC-BY-4.0,http://creativecommons.org/licenses/by/4.0/legalcode,redistribute_derivative_with_attribution_rights_review_passed
WBGBIF2026_E0305,WBGBIF2026_E0305_F02_uncropped,uncropped,model_inputs/images_uncropped/WBGBIF2026_E0305_F02_uncropped.jpg,true,2,2,a88e3fb5de016a3faf680d6b5a1edb099587af7b5d9e343f32606e9cce175575,a88e3fb5de016a3faf680d6b5a1edb099587af7b5d9e343f32606e9cce175575,CC-BY-4.0,http://creativecommons.org/licenses/by/4.0/legalcode,redistribute_derivative_with_attribution_rights_review_passed
WBGBIF2026_E0305,WBGBIF2026_E0305_F03_uncropped,uncropped,model_inputs/images_uncropped/WBGBIF2026_E0305_F03_uncropped.jpg,true,3,3,61d16a0cde00d873b433514c31af6d05d5f8b40c32fb62402bf38addf85a6648,61d16a0cde00d873b433514c31af6d05d5f8b40c32fb62402bf38addf85a6648,CC-BY-4.0,http://creativecommons.org/licenses/by/4.0/legalcode,redistribute_derivative_with_attribution_rights_review_passed
WBGBIF2026_E0305,WBGBIF2026_E0305_F04_uncropped,uncropped,model_inputs/images_uncropped/WBGBIF2026_E0305_F04_uncropped.jpg,true,4,4,ef57c85a45b5173f3cf4a376d490a8dad8ae99f7774891e28b35e881e1cc4756,ef57c85a45b5173f3cf4a376d490a8dad8ae99f7774891e28b35e881e1cc4756,CC-BY-4.0,http://creativecommons.org/licenses/by/4.0/legalcode,redistribute_derivative_with_attribution_rights_review_passed
WBGBIF2026_E0306,WBGBIF2026_E0306_F00_uncropped,uncropped,model_inputs/images_uncropped/WBGBIF2026_E0306_F00_uncropped.jpg,true,0,0,30c24e5e01ae5e2b52aa6748db3e5357cab3d8d6e85837dee1c8f85b8ddb679d,30c24e5e01ae5e2b52aa6748db3e5357cab3d8d6e85837dee1c8f85b8ddb679d,CC-BY-4.0,http://creativecommons.org/licenses/by/4.0/legalcode,redistribute_derivative_with_attribution_rights_review_passed
WBGBIF2026_E0306,WBGBIF2026_E0306_F01_uncropped,uncropped,model_inputs/images_uncropped/WBGBIF2026_E0306_F01_uncropped.jpg,true,1,1,f55a59df2a44406c2a18fc8a5ddb5a05a995c11b1443cbf91d7b239a082f4d34,f55a59df2a44406c2a18fc8a5ddb5a05a995c11b1443cbf91d7b239a082f4d34,CC-BY-4.0,http://creativecommons.org/licenses/by/4.0/legalcode,redistribute_derivative_with_attribution_rights_review_passed
WBGBIF2026_E0307,WBGBIF2026_E0307_F00_uncropped,uncropped,model_inputs/images_uncropped/WBGBIF2026_E0307_F00_uncropped.jpg,true,0,0,0a46483697e7eb2f891d8f768d08add5570142ba422cea006fcaffd56c87e753,0a46483697e7eb2f891d8f768d08add5570142ba422cea006fcaffd56c87e753,CC0-1.0,http://creativecommons.org/publicdomain/zero/1.0/legalcode,redistribute_derivative_rights_review_passed
WBGBIF2026_E0307,WBGBIF2026_E0307_F01_uncropped,uncropped,model_inputs/images_uncropped/WBGBIF2026_E0307_F01_uncropped.jpg,true,1,1,ead8d12e9ac82806251976c1e96ef043dd837c48f3b61cd1c6179a1b50558e78,ead8d12e9ac82806251976c1e96ef043dd837c48f3b61cd1c6179a1b50558e78,CC0-1.0,http://creativecommons.org/publicdomain/zero/1.0/legalcode,redistribute_derivative_rights_review_passed
WBGBIF2026_E0307,WBGBIF2026_E0307_F02_uncropped,uncropped,model_inputs/images_uncropped/WBGBIF2026_E0307_F02_uncropped.jpg,true,2,2,731854a9eb647c5bd673adf268a0e50123b5f0e783556c4593940da5375293c1,731854a9eb647c5bd673adf268a0e50123b5f0e783556c4593940da5375293c1,CC0-1.0,http://creativecommons.org/publicdomain/zero/1.0/legalcode,redistribute_derivative_rights_review_passed
WBGBIF2026_E0307,WBGBIF2026_E0307_F03_uncropped,uncropped,model_inputs/images_uncropped/WBGBIF2026_E0307_F03_uncropped.jpg,true,3,3,7d639996f971e0cc5fbfbdeb7afd9827628858bf0a3a080df0cc8e7175f15aa0,7d639996f971e0cc5fbfbdeb7afd9827628858bf0a3a080df0cc8e7175f15aa0,CC0-1.0,http://creativecommons.org/publicdomain/zero/1.0/legalcode,redistribute_derivative_rights_review_passed
WBGBIF2026_E0307,WBGBIF2026_E0307_F04_uncropped,uncropped,model_inputs/images_uncropped/WBGBIF2026_E0307_F04_uncropped.jpg,true,4,4,142c6c049200b204b78b49f5ec2b1a88d5b5cfb6f049cd4967c63563c547c24a,142c6c049200b204b78b49f5ec2b1a88d5b5cfb6f049cd4967c63563c547c24a,CC0-1.0,http://creativecommons.org/publicdomain/zero/1.0/legalcode,redistribute_derivative_rights_review_passed
WBGBIF2026_E0308,WBGBIF2026_E0308_F00_uncropped,uncropped,model_inputs/images_uncropped/WBGBIF2026_E0308_F00_uncropped.jpg,true,0,0,7ee2480398c656a8abc0fa29b8999477abe9996a8d2b477dfa5d89e13f0a9d77,7ee2480398c656a8abc0fa29b8999477abe9996a8d2b477dfa5d89e13f0a9d77,CC0-1.0,http://creativecommons.org/publicdomain/zero/1.0/legalcode,redistribute_derivative_rights_review_passed
WBGBIF2026_E0308,WBGBIF2026_E0308_F01_uncropped,uncropped,model_inputs/images_uncropped/WBGBIF2026_E0308_F01_uncropped.jpg,true,1,1,d68c66985bc44525c4a237a86bcdc66c7e4cded82fadf0620ec553304981432c,d68c66985bc44525c4a237a86bcdc66c7e4cded82fadf0620ec553304981432c,CC0-1.0,http://creativecommons.org/publicdomain/zero/1.0/legalcode,redistribute_derivative_rights_review_passed
WBGBIF2026_E0308,WBGBIF2026_E0308_F02_uncropped,uncropped,model_inputs/images_uncropped/WBGBIF2026_E0308_F02_uncropped.jpg,true,2,2,ab1df373f466f6362089da48b3757006d9335c20811de2f2f774738272e3cf25,ab1df373f466f6362089da48b3757006d9335c20811de2f2f774738272e3cf25,CC0-1.0,http://creativecommons.org/publicdomain/zero/1.0/legalcode,redistribute_derivative_rights_review_passed
WBGBIF2026_E0308,WBGBIF2026_E0308_F03_uncropped,uncropped,model_inputs/images_uncropped/WBGBIF2026_E0308_F03_uncropped.jpg,true,3,3,8f8938467c7f72389d462aee242b1f37e738e11a6891dee23309fcbe4dfd07d9,8f8938467c7f72389d462aee242b1f37e738e11a6891dee23309fcbe4dfd07d9,CC0-1.0,http://creativecommons.org/publicdomain/zero/1.0/legalcode,redistribute_derivative_rights_review_passed
WBGBIF2026_E0308,WBGBIF2026_E0308_F04_uncropped,uncropped,model_inputs/images_uncropped/WBGBIF2026_E0308_F04_uncropped.jpg,true,4,4,23ecedbccfc8c85ec5a5530eb29a5a122e5056233a16356a84c68a8fdcb0f372,23ecedbccfc8c85ec5a5530eb29a5a122e5056233a16356a84c68a8fdcb0f372,CC0-1.0,http://creativecommons.org/publicdomain/zero/1.0/legalcode,redistribute_derivative_rights_review_passed
WBGBIF2026_E0309,WBGBIF2026_E0309_F00_uncropped,uncropped,model_inputs/images_uncropped/WBGBIF2026_E0309_F00_uncropped.jpg,true,0,0,12d345749224c4f465b75dc19e9d15bbb2ccf99b539b65c9f3bee4895e819c97,12d345749224c4f465b75dc19e9d15bbb2ccf99b539b65c9f3bee4895e819c97,CC0-1.0,http://creativecommons.org/publicdomain/zero/1.0/legalcode,redistribute_derivative_rights_review_passed
WBGBIF2026_E0309,WBGBIF2026_E0309_F01_uncropped,uncropped,model_inputs/images_uncropped/WBGBIF2026_E0309_F01_uncropped.jpg,true,1,1,ae5f968349d830ca4ea4851f5006fc2daf46ea65ee3e85944bfc4112603ec46b,ae5f968349d830ca4ea4851f5006fc2daf46ea65ee3e85944bfc4112603ec46b,CC0-1.0,http://creativecommons.org/publicdomain/zero/1.0/legalcode,redistribute_derivative_rights_review_passed
WBGBIF2026_E0309,WBGBIF2026_E0309_F02_uncropped,uncropped,model_inputs/images_uncropped/WBGBIF2026_E0309_F02_uncropped.jpg,true,2,2,d291d62778ae13e83d628221bf62d48eadc9f7194701f3a063d63863a8288352,d291d62778ae13e83d628221bf62d48eadc9f7194701f3a063d63863a8288352,CC0-1.0,http://creativecommons.org/publicdomain/zero/1.0/legalcode,redistribute_derivative_rights_review_passed
WBGBIF2026_E0309,WBGBIF2026_E0309_F03_uncropped,uncropped,model_inputs/images_uncropped/WBGBIF2026_E0309_F03_uncropped.jpg,true,3,3,ea650d633bb247d4914046e68e3e2bb531e1473818f4e1313541e7dcc3fc48c7,ea650d633bb247d4914046e68e3e2bb531e1473818f4e1313541e7dcc3fc48c7,CC0-1.0,http://creativecommons.org/publicdomain/zero/1.0/legalcode,redistribute_derivative_rights_review_passed
WBGBIF2026_E0309,WBGBIF2026_E0309_F04_uncropped,uncropped,model_inputs/images_uncropped/WBGBIF2026_E0309_F04_uncropped.jpg,true,4,4,743d574cee4d0986dc70f924535f80e5a96e0741a4bf7d685a4f591c34a5b3eb,743d574cee4d0986dc70f924535f80e5a96e0741a4bf7d685a4f591c34a5b3eb,CC0-1.0,http://creativecommons.org/publicdomain/zero/1.0/legalcode,redistribute_derivative_rights_review_passed
WBGBIF2026_E0310,WBGBIF2026_E0310_F00_uncropped,uncropped,model_inputs/images_uncropped/WBGBIF2026_E0310_F00_uncropped.jpg,true,0,0,bc7ce26787cdbc5ab385a14fb0f3243e28fc53b718fa14470721cc448c9291c6,bc7ce26787cdbc5ab385a14fb0f3243e28fc53b718fa14470721cc448c9291c6,CC0-1.0,http://creativecommons.org/publicdomain/zero/1.0/legalcode,redistribute_derivative_rights_review_passed
WBGBIF2026_E0310,WBGBIF2026_E0310_F01_uncropped,uncropped,model_inputs/images_uncropped/WBGBIF2026_E0310_F01_uncropped.jpg,true,1,1,4d20558c6b09ce16df031207da7c67145021d5814a6d1a41f78ef67f86318619,4d20558c6b09ce16df031207da7c67145021d5814a6d1a41f78ef67f86318619,CC0-1.0,http://creativecommons.org/publicdomain/zero/1.0/legalcode,redistribute_derivative_rights_review_passed
WBGBIF2026_E0310,WBGBIF2026_E0310_F02_uncropped,uncropped,model_inputs/images_uncropped/WBGBIF2026_E0310_F02_uncropped.jpg,true,2,2,5c7ad4da65891973df96fa66911072caa556e1eb260589d4cc407130d5293c14,5c7ad4da65891973df96fa66911072caa556e1eb260589d4cc407130d5293c14,CC0-1.0,http://creativecommons.org/publicdomain/zero/1.0/legalcode,redistribute_derivative_rights_review_passed
WBGBIF2026_E0310,WBGBIF2026_E0310_F03_uncropped,uncropped,model_inputs/images_uncropped/WBGBIF2026_E0310_F03_uncropped.jpg,true,3,3,662e587baad98fc3d42adae33cb0214d6890c62c0c9612d6a0430e6f3e660ca9,662e587baad98fc3d42adae33cb0214d6890c62c0c9612d6a0430e6f3e660ca9,CC0-1.0,http://creativecommons.org/publicdomain/zero/1.0/legalcode,redistribute_derivative_rights_review_passed
WBGBIF2026_E0310,WBGBIF2026_E0310_F04_uncropped,uncropped,model_inputs/images_uncropped/WBGBIF2026_E0310_F04_uncropped.jpg,true,4,4,4edbff55e4c0b6e44fdf7e6b90d733871041f49f9dfa4b1a3e48a2706920a01f,4edbff55e4c0b6e44fdf7e6b90d733871041f49f9dfa4b1a3e48a2706920a01f,CC0-1.0,http://creativecommons.org/publicdomain/zero/1.0/legalcode,redistribute_derivative_rights_review_passed
WBGBIF2026_E0311,WBGBIF2026_E0311_F00_uncropped,uncropped,model_inputs/images_uncropped/WBGBIF2026_E0311_F00_uncropped.jpg,true,0,0,0ac5398fca28842e1f4b78499438e08ffd4f0607c9c01b4206fc47c325747704,0ac5398fca28842e1f4b78499438e08ffd4f0607c9c01b4206fc47c325747704,CC0-1.0,http://creativecommons.org/publicdomain/zero/1.0/legalcode,redistribute_derivative_rights_review_passed
WBGBIF2026_E0311,WBGBIF2026_E0311_F01_uncropped,uncropped,model_inputs/images_uncropped/WBGBIF2026_E0311_F01_uncropped.jpg,true,1,1,3683f4d69bc8015eb483bbc4a025f0095f11a662099eab2fa58f060d7185a304,3683f4d69bc8015eb483bbc4a025f0095f11a662099eab2fa58f060d7185a304,CC0-1.0,http://creativecommons.org/publicdomain/zero/1.0/legalcode,redistribute_derivative_rights_review_passed
WBGBIF2026_E0311,WBGBIF2026_E0311_F02_uncropped,uncropped,model_inputs/images_uncropped/WBGBIF2026_E0311_F02_uncropped.jpg,true,2,2,58792d2203869961ec2ba636c162e9677c3db9190f815e113393e20ab94ff682,58792d2203869961ec2ba636c162e9677c3db9190f815e113393e20ab94ff682,CC0-1.0,http://creativecommons.org/publicdomain/zero/1.0/legalcode,redistribute_derivative_rights_review_passed
WBGBIF2026_E0311,WBGBIF2026_E0311_F03_uncropped,uncropped,model_inputs/images_uncropped/WBGBIF2026_E0311_F03_uncropped.jpg,true,3,3,e8b741643e90808372d0c47ea1d3bc536f26715b8b61194af04b3d86b6276f33,e8b741643e90808372d0c47ea1d3bc536f26715b8b61194af04b3d86b6276f33,CC0-1.0,http://creativecommons.org/publicdomain/zero/1.0/legalcode,redistribute_derivative_rights_review_passed
WBGBIF2026_E0311,WBGBIF2026_E0311_F04_uncropped,uncropped,model_inputs/images_uncropped/WBGBIF2026_E0311_F04_uncropped.jpg,true,4,4,9d7b46a6ac8028dd4ae78e5325502181350e9ffedd226f6090908362ad3bbd61,9d7b46a6ac8028dd4ae78e5325502181350e9ffedd226f6090908362ad3bbd61,CC0-1.0,http://creativecommons.org/publicdomain/zero/1.0/legalcode,redistribute_derivative_rights_review_passed
WBGBIF2026_E0312,WBGBIF2026_E0312_F00_uncropped,uncropped,model_inputs/images_uncropped/WBGBIF2026_E0312_F00_uncropped.jpg,true,0,0,482ae5cb3334b400efac24dbcdecdfc77c5f30e286200a804425c8625b47ccf8,482ae5cb3334b400efac24dbcdecdfc77c5f30e286200a804425c8625b47ccf8,CC0-1.0,http://creativecommons.org/publicdomain/zero/1.0/legalcode,redistribute_derivative_rights_review_passed
WBGBIF2026_E0312,WBGBIF2026_E0312_F01_uncropped,uncropped,model_inputs/images_uncropped/WBGBIF2026_E0312_F01_uncropped.jpg,true,1,1,03b6953ba4ae5ea920e7c2a72525bceb12edfe43b302fa72fe5ff30f528afefc,03b6953ba4ae5ea920e7c2a72525bceb12edfe43b302fa72fe5ff30f528afefc,CC0-1.0,http://creativecommons.org/publicdomain/zero/1.0/legalcode,redistribute_derivative_rights_review_passed
WBGBIF2026_E0312,WBGBIF2026_E0312_F02_uncropped,uncropped,model_inputs/images_uncropped/WBGBIF2026_E0312_F02_uncropped.jpg,true,2,2,fe0dee1b192520f6ccb4483b57ca90f7b9d08362993318a15de0e07cdc7b6147,fe0dee1b192520f6ccb4483b57ca90f7b9d08362993318a15de0e07cdc7b6147,CC0-1.0,http://creativecommons.org/publicdomain/zero/1.0/legalcode,redistribute_derivative_rights_review_passed
WBGBIF2026_E0312,WBGBIF2026_E0312_F03_uncropped,uncropped,model_inputs/images_uncropped/WBGBIF2026_E0312_F03_uncropped.jpg,true,3,3,1f6cff101e7ed2eb61272af1519d4efc537d530eb6ba7e2140e04a5f3c15b783,1f6cff101e7ed2eb61272af1519d4efc537d530eb6ba7e2140e04a5f3c15b783,CC0-1.0,http://creativecommons.org/publicdomain/zero/1.0/legalcode,redistribute_derivative_rights_review_passed
WBGBIF2026_E0312,WBGBIF2026_E0312_F04_uncropped,uncropped,model_inputs/images_uncropped/WBGBIF2026_E0312_F04_uncropped.jpg,true,4,4,16ac43707639c80a0fe06e414d8f55824d75c00097a9ef75463a61fea7f869a5,16ac43707639c80a0fe06e414d8f55824d75c00097a9ef75463a61fea7f869a5,CC0-1.0,http://creativecommons.org/publicdomain/zero/1.0/legalcode,redistribute_derivative_rights_review_passed
WBGBIF2026_E0313,WBGBIF2026_E0313_F00_uncropped,uncropped,model_inputs/images_uncropped/WBGBIF2026_E0313_F00_uncropped.jpg,true,0,0,ccbaed366cd7729682fa738bbc09a2159a28a9a783c4a6c72f7e9f0ec33a4ab8,ccbaed366cd7729682fa738bbc09a2159a28a9a783c4a6c72f7e9f0ec33a4ab8,CC0-1.0,http://creativecommons.org/publicdomain/zero/1.0/legalcode,redistribute_derivative_rights_review_passed
WBGBIF2026_E0313,WBGBIF2026_E0313_F01_uncropped,uncropped,model_inputs/images_uncropped/WBGBIF2026_E0313_F01_uncropped.jpg,true,1,1,9ce219237fc379984e3f5090edc9da468bfd834a55fd2cfe6b44fb908294999b,9ce219237fc379984e3f5090edc9da468bfd834a55fd2cfe6b44fb908294999b,CC0-1.0,http://creativecommons.org/publicdomain/zero/1.0/legalcode,redistribute_derivative_rights_review_passed
WBGBIF2026_E0313,WBGBIF2026_E0313_F02_uncropped,uncropped,model_inputs/images_uncropped/WBGBIF2026_E0313_F02_uncropped.jpg,true,2,2,aabf7d828b60b3ecbed97e0de4f5c5e7d8069741b3395be8bb825eeebf466c40,aabf7d828b60b3ecbed97e0de4f5c5e7d8069741b3395be8bb825eeebf466c40,CC0-1.0,http://creativecommons.org/publicdomain/zero/1.0/legalcode,redistribute_derivative_rights_review_passed
WBGBIF2026_E0313,WBGBIF2026_E0313_F03_uncropped,uncropped,model_inputs/images_uncropped/WBGBIF2026_E0313_F03_uncropped.jpg,true,3,3,21a818cf59edbfc47ab2a1ac015556e646ac100b8749ae1b47637cc9886f18f6,21a818cf59edbfc47ab2a1ac015556e646ac100b8749ae1b47637cc9886f18f6,CC0-1.0,http://creativecommons.org/publicdomain/zero/1.0/legalcode,redistribute_derivative_rights_review_passed
WBGBIF2026_E0313,WBGBIF2026_E0313_F04_uncropped,uncropped,model_inputs/images_uncropped/WBGBIF2026_E0313_F04_uncropped.jpg,true,4,4,de73ddc4f3c73ca63eb67f4ddeb6079e9c8822093b687850acec9fbd45fda681,de73ddc4f3c73ca63eb67f4ddeb6079e9c8822093b687850acec9fbd45fda681,CC0-1.0,http://creativecommons.org/publicdomain/zero/1.0/legalcode,redistribute_derivative_rights_review_passed
WBGBIF2026_E0314,WBGBIF2026_E0314_F00_uncropped,uncropped,model_inputs/images_uncropped/WBGBIF2026_E0314_F00_uncropped.jpg,true,0,0,a774c5786559eb4770df6ff4b27111d4fa6328762db25aad5de1a6352c73c197,a774c5786559eb4770df6ff4b27111d4fa6328762db25aad5de1a6352c73c197,CC0-1.0,http://creativecommons.org/publicdomain/zero/1.0/legalcode,redistribute_derivative_rights_review_passed
WBGBIF2026_E0314,WBGBIF2026_E0314_F01_uncropped,uncropped,model_inputs/images_uncropped/WBGBIF2026_E0314_F01_uncropped.jpg,true,1,1,480c59ba4631c42f5885966e3881728bf4ae8999e5cca3156d0c9d7d61f64a03,480c59ba4631c42f5885966e3881728bf4ae8999e5cca3156d0c9d7d61f64a03,CC0-1.0,http://creativecommons.org/publicdomain/zero/1.0/legalcode,redistribute_derivative_rights_review_passed
WBGBIF2026_E0314,WBGBIF2026_E0314_F02_uncropped,uncropped,model_inputs/images_uncropped/WBGBIF2026_E0314_F02_uncropped.jpg,true,2,2,b83616e6dec59cff1e9859fba1b7ff83b4cc28277452528400f0513f3552619d,b83616e6dec59cff1e9859fba1b7ff83b4cc28277452528400f0513f3552619d,CC0-1.0,http://creativecommons.org/publicdomain/zero/1.0/legalcode,redistribute_derivative_rights_review_passed
WBGBIF2026_E0314,WBGBIF2026_E0314_F03_uncropped,uncropped,model_inputs/images_uncropped/WBGBIF2026_E0314_F03_uncropped.jpg,true,3,3,69a7cbf39ee9b34437e0b67bf9973b824813e6213294308ffc6058651f80860a,69a7cbf39ee9b34437e0b67bf9973b824813e6213294308ffc6058651f80860a,CC0-1.0,http://creativecommons.org/publicdomain/zero/1.0/legalcode,redistribute_derivative_rights_review_passed
WBGBIF2026_E0314,WBGBIF2026_E0314_F04_uncropped,uncropped,model_inputs/images_uncropped/WBGBIF2026_E0314_F04_uncropped.jpg,true,4,4,a6269c4a6cff4a4812e400aafb4cb81f76fb9c0afea1396e49d923358061d834,a6269c4a6cff4a4812e400aafb4cb81f76fb9c0afea1396e49d923358061d834,CC0-1.0,http://creativecommons.org/publicdomain/zero/1.0/legalcode,redistribute_derivative_rights_review_passed
WBGBIF2026_E0315,WBGBIF2026_E0315_F00_uncropped,uncropped,model_inputs/images_uncropped/WBGBIF2026_E0315_F00_uncropped.jpg,true,0,0,00eaf8e28144f7622975b3a951683398d0c111e804f8bbbe1bfbab196561566a,00eaf8e28144f7622975b3a951683398d0c111e804f8bbbe1bfbab196561566a,CC0-1.0,http://creativecommons.org/publicdomain/zero/1.0/legalcode,redistribute_derivative_rights_review_passed
WBGBIF2026_E0315,WBGBIF2026_E0315_F01_uncropped,uncropped,model_inputs/images_uncropped/WBGBIF2026_E0315_F01_uncropped.jpg,true,1,1,8243d746c1ab5008a270bf8c171944182205c4890735f131f31bc10777f045e9,8243d746c1ab5008a270bf8c171944182205c4890735f131f31bc10777f045e9,CC0-1.0,http://creativecommons.org/publicdomain/zero/1.0/legalcode,redistribute_derivative_rights_review_passed
WBGBIF2026_E0315,WBGBIF2026_E0315_F02_uncropped,uncropped,model_inputs/images_uncropped/WBGBIF2026_E0315_F02_uncropped.jpg,true,2,2,1a16b8dc977b2ff5cff7a448c20bf521097b9b5e8640ddccfe41b65c7da3c731,1a16b8dc977b2ff5cff7a448c20bf521097b9b5e8640ddccfe41b65c7da3c731,CC0-1.0,http://creativecommons.org/publicdomain/zero/1.0/legalcode,redistribute_derivative_rights_review_passed
WBGBIF2026_E0315,WBGBIF2026_E0315_F03_uncropped,uncropped,model_inputs/images_uncropped/WBGBIF2026_E0315_F03_uncropped.jpg,true,3,3,7ab27a320e5a9285367875366c0917fd1ff0babc302aa5f19edb785279dd99d8,7ab27a320e5a9285367875366c0917fd1ff0babc302aa5f19edb785279dd99d8,CC0-1.0,http://creativecommons.org/publicdomain/zero/1.0/legalcode,redistribute_derivative_rights_review_passed
WBGBIF2026_E0315,WBGBIF2026_E0315_F04_uncropped,uncropped,model_inputs/images_uncropped/WBGBIF2026_E0315_F04_uncropped.jpg,true,4,4,efce9dd2dc7e28c77f4fe9d0f180c0aeed50106afe2680e7de7541e10f6c837e,efce9dd2dc7e28c77f4fe9d0f180c0aeed50106afe2680e7de7541e10f6c837e,CC0-1.0,http://creativecommons.org/publicdomain/zero/1.0/legalcode,redistribute_derivative_rights_review_passed
WBGBIF2026_E0316,WBGBIF2026_E0316_F00_uncropped,uncropped,model_inputs/images_uncropped/WBGBIF2026_E0316_F00_uncropped.jpg,true,0,0,31cb770ea7c588e8c523db7583144561afc0becde8145b8df19585212e70c3bf,31cb770ea7c588e8c523db7583144561afc0becde8145b8df19585212e70c3bf,CC0-1.0,http://creativecommons.org/publicdomain/zero/1.0/legalcode,redistribute_derivative_rights_review_passed
WBGBIF2026_E0316,WBGBIF2026_E0316_F01_uncropped,uncropped,model_inputs/images_uncropped/WBGBIF2026_E0316_F01_uncropped.jpg,true,1,1,81f0c16bb428be8c1908b02eb1d44600d0aca4f535861d99c9ec4c61f8ea00aa,81f0c16bb428be8c1908b02eb1d44600d0aca4f535861d99c9ec4c61f8ea00aa,CC0-1.0,http://creativecommons.org/publicdomain/zero/1.0/legalcode,redistribute_derivative_rights_review_passed
WBGBIF2026_E0316,WBGBIF2026_E0316_F02_uncropped,uncropped,model_inputs/images_uncropped/WBGBIF2026_E0316_F02_uncropped.jpg,true,2,2,6aaaa379dcd23c22273371e010ecb559dcaccc2d09d876eea572abb8213be62d,6aaaa379dcd23c22273371e010ecb559dcaccc2d09d876eea572abb8213be62d,CC0-1.0,http://creativecommons.org/publicdomain/zero/1.0/legalcode,redistribute_derivative_rights_review_passed
WBGBIF2026_E0316,WBGBIF2026_E0316_F03_uncropped,uncropped,model_inputs/images_uncropped/WBGBIF2026_E0316_F03_uncropped.jpg,true,3,3,f0f1eb2840fd23f9b6e3196915fa204b9fe4cb227515cddc24fe504fb68d98ee,f0f1eb2840fd23f9b6e3196915fa204b9fe4cb227515cddc24fe504fb68d98ee,CC0-1.0,http://creativecommons.org/publicdomain/zero/1.0/legalcode,redistribute_derivative_rights_review_passed
WBGBIF2026_E0316,WBGBIF2026_E0316_F04_uncropped,uncropped,model_inputs/images_uncropped/WBGBIF2026_E0316_F04_uncropped.jpg,true,4,4,b41f64759f79640fa95fa4ad51be4d199332d6f58cf8b2245f4edd93c24cf11a,b41f64759f79640fa95fa4ad51be4d199332d6f58cf8b2245f4edd93c24cf11a,CC0-1.0,http://creativecommons.org/publicdomain/zero/1.0/legalcode,redistribute_derivative_rights_review_passed
WBGBIF2026_E0317,WBGBIF2026_E0317_F00_uncropped,uncropped,model_inputs/images_uncropped/WBGBIF2026_E0317_F00_uncropped.jpg,true,0,0,b4caae9aa892a730619e241bb692fde2be1809d7e3cbef7e874f928d292e2aa4,b4caae9aa892a730619e241bb692fde2be1809d7e3cbef7e874f928d292e2aa4,CC0-1.0,http://creativecommons.org/publicdomain/zero/1.0/legalcode,redistribute_derivative_rights_review_passed
WBGBIF2026_E0317,WBGBIF2026_E0317_F01_uncropped,uncropped,model_inputs/images_uncropped/WBGBIF2026_E0317_F01_uncropped.jpg,true,1,1,3b0636b6f1d0f3ca3ddd0451146ac4e93cc29ba5cb5d3408a5b3cd7ea51d865e,3b0636b6f1d0f3ca3ddd0451146ac4e93cc29ba5cb5d3408a5b3cd7ea51d865e,CC0-1.0,http://creativecommons.org/publicdomain/zero/1.0/legalcode,redistribute_derivative_rights_review_passed
WBGBIF2026_E0317,WBGBIF2026_E0317_F02_uncropped,uncropped,model_inputs/images_uncropped/WBGBIF2026_E0317_F02_uncropped.jpg,true,2,2,9e0475d30c6806f01cfc2ada1940a3dd7133e580457ae9e36348e2dbd9d8c316,9e0475d30c6806f01cfc2ada1940a3dd7133e580457ae9e36348e2dbd9d8c316,CC0-1.0,http://creativecommons.org/publicdomain/zero/1.0/legalcode,redistribute_derivative_rights_review_passed
WBGBIF2026_E0317,WBGBIF2026_E0317_F03_uncropped,uncropped,model_inputs/images_uncropped/WBGBIF2026_E0317_F03_uncropped.jpg,true,3,3,9057781dbac48f53b647b2e2bddc280377618fe77e69f53c23df22817b0ae9ea,9057781dbac48f53b647b2e2bddc280377618fe77e69f53c23df22817b0ae9ea,CC0-1.0,http://creativecommons.org/publicdomain/zero/1.0/legalcode,redistribute_derivative_rights_review_passed
WBGBIF2026_E0317,WBGBIF2026_E0317_F04_uncropped,uncropped,model_inputs/images_uncropped/WBGBIF2026_E0317_F04_uncropped.jpg,true,4,4,68dc5dc93aed2fd562c097b8207023b7057569d424a084bc4c186de6c3fdaf86,68dc5dc93aed2fd562c097b8207023b7057569d424a084bc4c186de6c3fdaf86,CC0-1.0,http://creativecommons.org/publicdomain/zero/1.0/legalcode,redistribute_derivative_rights_review_passed
WBGBIF2026_E0318,WBGBIF2026_E0318_F00_uncropped,uncropped,model_inputs/images_uncropped/WBGBIF2026_E0318_F00_uncropped.jpg,true,0,0,4dee48a650a9d98b33e6103af918238202b79177deb91be6b0528c78f902e0bd,4dee48a650a9d98b33e6103af918238202b79177deb91be6b0528c78f902e0bd,CC0-1.0,http://creativecommons.org/publicdomain/zero/1.0/legalcode,redistribute_derivative_rights_review_passed
WBGBIF2026_E0318,WBGBIF2026_E0318_F01_uncropped,uncropped,model_inputs/images_uncropped/WBGBIF2026_E0318_F01_uncropped.jpg,true,1,2,e55edb1f99f610e6624b8fbbe35deb2bd6b9bf6234d1435d6e07b4be4713d4e9,e55edb1f99f610e6624b8fbbe35deb2bd6b9bf6234d1435d6e07b4be4713d4e9,CC0-1.0,http://creativecommons.org/publicdomain/zero/1.0/legalcode,redistribute_derivative_rights_review_passed
WBGBIF2026_E0318,WBGBIF2026_E0318_F02_uncropped,uncropped,model_inputs/images_uncropped/WBGBIF2026_E0318_F02_uncropped.jpg,true,2,4,726de2b0a3f2ad28aed92ca37d5c1c84bec9c40cb3fdee0d302c15a451ff0e32,726de2b0a3f2ad28aed92ca37d5c1c84bec9c40cb3fdee0d302c15a451ff0e32,CC0-1.0,http://creativecommons.org/publicdomain/zero/1.0/legalcode,redistribute_derivative_rights_review_passed
WBGBIF2026_E0318,WBGBIF2026_E0318_F03_uncropped,uncropped,model_inputs/images_uncropped/WBGBIF2026_E0318_F03_uncropped.jpg,true,3,6,56c49a0e363ee463bf017b5dded1a2a5435f8a0062a0a010c3a9c23be51809ba,56c49a0e363ee463bf017b5dded1a2a5435f8a0062a0a010c3a9c23be51809ba,CC0-1.0,http://creativecommons.org/publicdomain/zero/1.0/legalcode,redistribute_derivative_rights_review_passed
WBGBIF2026_E0318,WBGBIF2026_E0318_F04_uncropped,uncropped,model_inputs/images_uncropped/WBGBIF2026_E0318_F04_uncropped.jpg,true,4,8,b1262e0c52f7ecd34470eb8d3d3d6ae31f53acc4f22a7d1f3e8b4a57e9fb7606,b1262e0c52f7ecd34470eb8d3d3d6ae31f53acc4f22a7d1f3e8b4a57e9fb7606,CC0-1.0,http://creativecommons.org/publicdomain/zero/1.0/legalcode,redistribute_derivative_rights_review_passed
WBGBIF2026_E0319,WBGBIF2026_E0319_F00_uncropped,uncropped,model_inputs/images_uncropped/WBGBIF2026_E0319_F00_uncropped.jpg,true,0,0,b02cc92cfbbda440eae3d380c1d0cbbf18b5c9d270c828401afa51de9e2d3d34,b02cc92cfbbda440eae3d380c1d0cbbf18b5c9d270c828401afa51de9e2d3d34,CC0-1.0,http://creativecommons.org/publicdomain/zero/1.0/legalcode,redistribute_derivative_rights_review_passed
WBGBIF2026_E0319,WBGBIF2026_E0319_F01_uncropped,uncropped,model_inputs/images_uncropped/WBGBIF2026_E0319_F01_uncropped.jpg,true,1,1,abf676b3a74d741c3388d4a0c913f5d9aafef673b373b5b44bc90569fbfc5761,abf676b3a74d741c3388d4a0c913f5d9aafef673b373b5b44bc90569fbfc5761,CC0-1.0,http://creativecommons.org/publicdomain/zero/1.0/legalcode,redistribute_derivative_rights_review_passed
WBGBIF2026_E0320,WBGBIF2026_E0320_F00_uncropped,uncropped,model_inputs/images_uncropped/WBGBIF2026_E0320_F00_uncropped.jpg,true,0,0,8640d031316b8461c0890bdf2893594c56d038e3d5349400367e7e28fc91f677,8640d031316b8461c0890bdf2893594c56d038e3d5349400367e7e28fc91f677,CC0-1.0,http://creativecommons.org/publicdomain/zero/1.0/legalcode,redistribute_derivative_rights_review_passed
WBGBIF2026_E0320,WBGBIF2026_E0320_F01_uncropped,uncropped,model_inputs/images_uncropped/WBGBIF2026_E0320_F01_uncropped.jpg,true,1,1,b470100ffccb1a2a0b006c915c2c920ee00412925d402fc07bd18b66762bc64a,b470100ffccb1a2a0b006c915c2c920ee00412925d402fc07bd18b66762bc64a,CC0-1.0,http://creativecommons.org/publicdomain/zero/1.0/legalcode,redistribute_derivative_rights_review_passed
WBGBIF2026_E0321,WBGBIF2026_E0321_F00_uncropped,uncropped,model_inputs/images_uncropped/WBGBIF2026_E0321_F00_uncropped.jpg,true,0,0,8a87046b8ffe7bb7f5c10b9d03557c18d581ceea7842e282c0ce5ef872b28098,8a87046b8ffe7bb7f5c10b9d03557c18d581ceea7842e282c0ce5ef872b28098,CC0-1.0,http://creativecommons.org/publicdomain/zero/1.0/legalcode,redistribute_derivative_rights_review_passed
WBGBIF2026_E0321,WBGBIF2026_E0321_F01_uncropped,uncropped,model_inputs/images_uncropped/WBGBIF2026_E0321_F01_uncropped.jpg,true,1,1,5bd2242093972f65bfd358463363822977ccc4c4aeeb34d80d699bf3a159ebe9,5bd2242093972f65bfd358463363822977ccc4c4aeeb34d80d699bf3a159ebe9,CC0-1.0,http://creativecommons.org/publicdomain/zero/1.0/legalcode,redistribute_derivative_rights_review_passed
WBGBIF2026_E0325,WBGBIF2026_E0325_F00_uncropped,uncropped,model_inputs/images_uncropped/WBGBIF2026_E0325_F00_uncropped.jpg,true,0,0,a7042cc2a58b69327a95f3d667784cb38d48ae0aaa14ab53353e6cf708c654e9,a7042cc2a58b69327a95f3d667784cb38d48ae0aaa14ab53353e6cf708c654e9,CC0-1.0,http://creativecommons.org/publicdomain/zero/1.0/legalcode,redistribute_derivative_rights_review_passed
WBGBIF2026_E0325,WBGBIF2026_E0325_F01_uncropped,uncropped,model_inputs/images_uncropped/WBGBIF2026_E0325_F01_uncropped.jpg,true,1,1,e079ae071e46dbd56118e9725c44145b9c53d62d96f141f132ec220cc7fdc1f4,e079ae071e46dbd56118e9725c44145b9c53d62d96f141f132ec220cc7fdc1f4,CC0-1.0,http://creativecommons.org/publicdomain/zero/1.0/legalcode,redistribute_derivative_rights_review_passed
WBGBIF2026_E0325,WBGBIF2026_E0325_F02_uncropped,uncropped,model_inputs/images_uncropped/WBGBIF2026_E0325_F02_uncropped.jpg,true,2,2,c6912a6d0cfbb22bf713b039052df24d3de981cb45456574d360bab9d56827b5,c6912a6d0cfbb22bf713b039052df24d3de981cb45456574d360bab9d56827b5,CC0-1.0,http://creativecommons.org/publicdomain/zero/1.0/legalcode,redistribute_derivative_rights_review_passed
WBGBIF2026_E0325,WBGBIF2026_E0325_F03_uncropped,uncropped,model_inputs/images_uncropped/WBGBIF2026_E0325_F03_uncropped.jpg,true,3,3,bca7d154637d4357ecd124cad33802a986295dde19528cbf71e6967b0fbd4c00,bca7d154637d4357ecd124cad33802a986295dde19528cbf71e6967b0fbd4c00,CC0-1.0,http://creativecommons.org/publicdomain/zero/1.0/legalcode,redistribute_derivative_rights_review_passed
WBGBIF2026_E0325,WBGBIF2026_E0325_F04_uncropped,uncropped,model_inputs/images_uncropped/WBGBIF2026_E0325_F04_uncropped.jpg,true,4,4,2d4bd4118b259328a600ae295ecc02f4239ac7fef2459f3aaa40f34c3475900b,2d4bd4118b259328a600ae295ecc02f4239ac7fef2459f3aaa40f34c3475900b,CC0-1.0,http://creativecommons.org/publicdomain/zero/1.0/legalcode,redistribute_derivative_rights_review_passed
WBGBIF2026_E0326,WBGBIF2026_E0326_F00_uncropped,uncropped,model_inputs/images_uncropped/WBGBIF2026_E0326_F00_uncropped.jpg,true,0,0,8ae428a467233b48087d90c2f6d30d20b1bb7f3f4b8ae7b2604c0c1d7b28e909,8ae428a467233b48087d90c2f6d30d20b1bb7f3f4b8ae7b2604c0c1d7b28e909,CC0-1.0,http://creativecommons.org/publicdomain/zero/1.0/legalcode,redistribute_derivative_rights_review_passed
WBGBIF2026_E0326,WBGBIF2026_E0326_F01_uncropped,uncropped,model_inputs/images_uncropped/WBGBIF2026_E0326_F01_uncropped.jpg,true,1,9,a5ed9a02d57fa9c55ce9055b2fde013d4173f168e68ededb54f1c9ffb7a23622,a5ed9a02d57fa9c55ce9055b2fde013d4173f168e68ededb54f1c9ffb7a23622,CC0-1.0,http://creativecommons.org/publicdomain/zero/1.0/legalcode,redistribute_derivative_rights_review_passed
WBGBIF2026_E0326,WBGBIF2026_E0326_F02_uncropped,uncropped,model_inputs/images_uncropped/WBGBIF2026_E0326_F02_uncropped.jpg,true,2,18,cee4612b72cdf02be6197a400e573bb362037866244a07e4827ddb659ae6c7e7,cee4612b72cdf02be6197a400e573bb362037866244a07e4827ddb659ae6c7e7,CC0-1.0,http://creativecommons.org/publicdomain/zero/1.0/legalcode,redistribute_derivative_rights_review_passed
WBGBIF2026_E0326,WBGBIF2026_E0326_F03_uncropped,uncropped,model_inputs/images_uncropped/WBGBIF2026_E0326_F03_uncropped.jpg,true,3,26,794c7dcbdd544a446034eca3296b8d1c1f76e1a5d0859dceb694a73bc8bf106e,794c7dcbdd544a446034eca3296b8d1c1f76e1a5d0859dceb694a73bc8bf106e,CC0-1.0,http://creativecommons.org/publicdomain/zero/1.0/legalcode,redistribute_derivative_rights_review_passed
WBGBIF2026_E0326,WBGBIF2026_E0326_F04_uncropped,uncropped,model_inputs/images_uncropped/WBGBIF2026_E0326_F04_uncropped.jpg,true,4,35,a99b1f5804ee9a9dea05b251c98c97609c53ad44a8b394be1cf186014eba27ee,a99b1f5804ee9a9dea05b251c98c97609c53ad44a8b394be1cf186014eba27ee,CC0-1.0,http://creativecommons.org/publicdomain/zero/1.0/legalcode,redistribute_derivative_rights_review_passed
WBGBIF2026_E0327,WBGBIF2026_E0327_F00_uncropped,uncropped,model_inputs/images_uncropped/WBGBIF2026_E0327_F00_uncropped.jpg,true,0,0,6909006da1ff95132ec8b5ac93ca346dbaf0d2642b58b10bcdde2b499d7e0eda,6909006da1ff95132ec8b5ac93ca346dbaf0d2642b58b10bcdde2b499d7e0eda,CC0-1.0,http://creativecommons.org/publicdomain/zero/1.0/legalcode,redistribute_derivative_rights_review_passed
WBGBIF2026_E0327,WBGBIF2026_E0327_F01_uncropped,uncropped,model_inputs/images_uncropped/WBGBIF2026_E0327_F01_uncropped.jpg,true,1,1,a643894d3b5e4ffea5554946be59e0b890b1d9c06152dda1e19aee1292cef0e5,a643894d3b5e4ffea5554946be59e0b890b1d9c06152dda1e19aee1292cef0e5,CC0-1.0,http://creativecommons.org/publicdomain/zero/1.0/legalcode,redistribute_derivative_rights_review_passed
WBGBIF2026_E0328,WBGBIF2026_E0328_F00_uncropped,uncropped,model_inputs/images_uncropped/WBGBIF2026_E0328_F00_uncropped.jpg,true,0,0,7f4a63d28c768271f1164f8441bdd8fb135198f2576ad9626baeefb62bad0adc,7f4a63d28c768271f1164f8441bdd8fb135198f2576ad9626baeefb62bad0adc,CC0-1.0,http://creativecommons.org/publicdomain/zero/1.0/legalcode,redistribute_derivative_rights_review_passed
WBGBIF2026_E0328,WBGBIF2026_E0328_F01_uncropped,uncropped,model_inputs/images_uncropped/WBGBIF2026_E0328_F01_uncropped.jpg,true,1,1,a1e046948d445ca070bfd64e97fe152c306efe709707afd13ae516f0d3236870,a1e046948d445ca070bfd64e97fe152c306efe709707afd13ae516f0d3236870,CC0-1.0,http://creativecommons.org/publicdomain/zero/1.0/legalcode,redistribute_derivative_rights_review_passed
WBGBIF2026_E0328,WBGBIF2026_E0328_F02_uncropped,uncropped,model_inputs/images_uncropped/WBGBIF2026_E0328_F02_uncropped.jpg,true,2,2,af5fefb315c9d31e2a18c40e459a2452cf3282709a65d12ef1c63e0c88aaa88e,af5fefb315c9d31e2a18c40e459a2452cf3282709a65d12ef1c63e0c88aaa88e,CC0-1.0,http://creativecommons.org/publicdomain/zero/1.0/legalcode,redistribute_derivative_rights_review_passed
WBGBIF2026_E0328,WBGBIF2026_E0328_F03_uncropped,uncropped,model_inputs/images_uncropped/WBGBIF2026_E0328_F03_uncropped.jpg,true,3,3,e549ffb3c7099766dafa50262d9ca273c598fd5f39884eec862b6744a7f76032,e549ffb3c7099766dafa50262d9ca273c598fd5f39884eec862b6744a7f76032,CC0-1.0,http://creativecommons.org/publicdomain/zero/1.0/legalcode,redistribute_derivative_rights_review_passed
WBGBIF2026_E0328,WBGBIF2026_E0328_F04_uncropped,uncropped,model_inputs/images_uncropped/WBGBIF2026_E0328_F04_uncropped.jpg,true,4,4,1b20261e8d378e621bb17ab94be7844904263b498efb5704eaae185e9470c855,1b20261e8d378e621bb17ab94be7844904263b498efb5704eaae185e9470c855,CC0-1.0,http://creativecommons.org/publicdomain/zero/1.0/legalcode,redistribute_derivative_rights_review_passed
WBGBIF2026_E0329,WBGBIF2026_E0329_F00_uncropped,uncropped,model_inputs/images_uncropped/WBGBIF2026_E0329_F00_uncropped.jpg,true,0,0,a58262462e80e686aac5b4df46a95f785b5462e064662429d0cb55aba2c57a89,a58262462e80e686aac5b4df46a95f785b5462e064662429d0cb55aba2c57a89,CC0-1.0,http://creativecommons.org/publicdomain/zero/1.0/legalcode,redistribute_derivative_rights_review_passed
WBGBIF2026_E0329,WBGBIF2026_E0329_F01_uncropped,uncropped,model_inputs/images_uncropped/WBGBIF2026_E0329_F01_uncropped.jpg,true,1,1,0ecea25c70107a39fb951e91611e87a969257c829bc418d0c50491c44afa392e,0ecea25c70107a39fb951e91611e87a969257c829bc418d0c50491c44afa392e,CC0-1.0,http://creativecommons.org/publicdomain/zero/1.0/legalcode,redistribute_derivative_rights_review_passed
WBGBIF2026_E0329,WBGBIF2026_E0329_F02_uncropped,uncropped,model_inputs/images_uncropped/WBGBIF2026_E0329_F02_uncropped.jpg,true,2,2,f2d31c5c49f64b9ed3454f047af7fe782fdfd4184e2718b521ee61597057f720,f2d31c5c49f64b9ed3454f047af7fe782fdfd4184e2718b521ee61597057f720,CC0-1.0,http://creativecommons.org/publicdomain/zero/1.0/legalcode,redistribute_derivative_rights_review_passed
WBGBIF2026_E0329,WBGBIF2026_E0329_F03_uncropped,uncropped,model_inputs/images_uncropped/WBGBIF2026_E0329_F03_uncropped.jpg,true,3,3,df040f152d8b1470a4125e96f0c01a028b5408690a104cf6398555e69137eeeb,df040f152d8b1470a4125e96f0c01a028b5408690a104cf6398555e69137eeeb,CC0-1.0,http://creativecommons.org/publicdomain/zero/1.0/legalcode,redistribute_derivative_rights_review_passed
WBGBIF2026_E0329,WBGBIF2026_E0329_F04_uncropped,uncropped,model_inputs/images_uncropped/WBGBIF2026_E0329_F04_uncropped.jpg,true,4,4,56222840cf54d44a7bcb0d72b3dc7480490ed2196d2d332b78ad9522b965790c,56222840cf54d44a7bcb0d72b3dc7480490ed2196d2d332b78ad9522b965790c,CC0-1.0,http://creativecommons.org/publicdomain/zero/1.0/legalcode,redistribute_derivative_rights_review_passed
WBGBIF2026_E0330,WBGBIF2026_E0330_F00_uncropped,uncropped,model_inputs/images_uncropped/WBGBIF2026_E0330_F00_uncropped.jpg,true,0,0,b37bfd2d43616e98ee4800d10263aa6f75bafc0923c38d95cced6a3c65710a4d,b37bfd2d43616e98ee4800d10263aa6f75bafc0923c38d95cced6a3c65710a4d,CC0-1.0,http://creativecommons.org/publicdomain/zero/1.0/legalcode,redistribute_derivative_rights_review_passed
WBGBIF2026_E0330,WBGBIF2026_E0330_F01_uncropped,uncropped,model_inputs/images_uncropped/WBGBIF2026_E0330_F01_uncropped.jpg,true,1,1,6cae7a7b9724293fc426b51f5b3495896e728a55eed483c1af84b6780bcfcd5d,6cae7a7b9724293fc426b51f5b3495896e728a55eed483c1af84b6780bcfcd5d,CC0-1.0,http://creativecommons.org/publicdomain/zero/1.0/legalcode,redistribute_derivative_rights_review_passed
